tree
version=v4
num_class=3
num_tree_per_iteration=3
label_index=0
max_feature_idx=114
objective=multiclass num_class:3
feature_names=Column_0 Column_1 Column_2 Column_3 Column_4 Column_5 Column_6 Column_7 Column_8 Column_9 Column_10 Column_11 Column_12 Column_13 Column_14 Column_15 Column_16 Column_17 Column_18 Column_19 Column_20 Column_21 Column_22 Column_23 Column_24 Column_25 Column_26 Column_27 Column_28 Column_29 Column_30 Column_31 Column_32 Column_33 Column_34 Column_35 Column_36 Column_37 Column_38 Column_39 Column_40 Column_41 Column_42 Column_43 Column_44 Column_45 Column_46 Column_47 Column_48 Column_49 Column_50 Column_51 Column_52 Column_53 Column_54 Column_55 Column_56 Column_57 Column_58 Column_59 Column_60 Column_61 Column_62 Column_63 Column_64 Column_65 Column_66 Column_67 Column_68 Column_69 Column_70 Column_71 Column_72 Column_73 Column_74 Column_75 Column_76 Column_77 Column_78 Column_79 Column_80 Column_81 Column_82 Column_83 Column_84 Column_85 Column_86 Column_87 Column_88 Column_89 Column_90 Column_91 Column_92 Column_93 Column_94 Column_95 Column_96 Column_97 Column_98 Column_99 Column_100 Column_101 Column_102 Column_103 Column_104 Column_105 Column_106 Column_107 Column_108 Column_109 Column_110 Column_111 Column_112 Column_113 Column_114
feature_infos=[0:3] [0:3] [-3:3] [0:4] [0:5] [-4:3.7999999999999998] [0:9] [0:5.5] [-4:8] [0:1] [0:1] [-1:1] [0:1] [0:1] [-1:1] [0:1] [0:1] [-1:1] [0:1] [0:1] [-1:1] [0:1] [0:1] [-1:1] [0:3] [0:3] [-3:3] none none none none none none [-8:9] [-9:9] [-11:9.5] [-6:8] [-7:8] [0:7] [0:8] [0:6] [0:7] [0:3] [0:2] [0:5] [0:5] [1339.9858508771565:1742.5996463298043] [1336.7236601572981:1739.2939915498062] [-331.039382791668:327.66249672382878] [0.12947418798403976:0.86831901413554313] [0.015873015873015872:1] [0.015873015873015872:1] [0:1] [0:1] [-7:4] [-4:5] [0:1] [0:1] [0:1] [0:1] [0:1] [0:1] [0:1] [0:1] [-2:2.6565217391304348] [-2:3.5] [-1.9166666666666667:7.4182389937106921] [-2:3.9353932584269664] [-1.5:1.6875] [-1.5:1.7142857142857142] [0:122] [0:123] [0:100] [0:100] [-16:67] [-13:70] [0:1] [0:1] [-0.96666666666666667:0.96825396825396814] [-1:1] [-8:5] [-1:1] [-1:1] [0:1] [0:1] [0:1] [0:9] [0:8] [0:1] [0:1] [0:1] [0:4.5] [0.69314718055994529:7.2078598714324755] [0:4] [0:9] [0:5] [0:9] [0:4] [0:11] [0:1] [0:1] [0:5] [0:5.5] [0:5] [0:7] [0:5] [0:8] [0:1] [0:1] [-4:3.1428571428571428] [-4:8] [-9:5.4375] [-49.333333333333336:39.454545454545453] [-3:3] [-1:1]
tree_sizes=3320 3327 3328 3436 3429 3455 3447 3470 3458 3443 3475 3464 3454 3477 3455 3459 3459 3455 3456 3466 3451 3452 3463 3472 3469 3450 3467 3452 3356 3464 3456 3463 3478 3468 3442 3447 3458 3472 3470 3463 3459 3456 3476 3455 3468 3452 3454 3481 3449 3466 3460 3464 3472 3456 3460 3473 3480 3472 3466 3474 3472 3457 3470 3467 3458 3463 3473 3471 3481 3476 3127 3484 3475 3469 3465 3473 3456 3480 3482 3473 3491 3475 3470 3467 3464 3458 3483 3469 2918 3487 3472 2914 3487 3458 3446 3478 3475 3471 3474 3473 3453 3498 3470 3467 3494 3460 3353 3460 3487 3468 3476 3468 3456 3480 3466 2813 3471 3480 2284 3345 3477 3033 3484 3483 3460 3474 3476 2498 3456 3464 3129 3476 3467 3451 3477 3468 3454 3478 3461 2913 3487 3480 3450 3480 3488 2391 3453 3461 3451 3455 3442 2605 3465 3469 2709 3464 3470 3347 3488 3452 3353 3466 3470 2393 3479 3460 3469 3475 3470 3361 3472 3487 2377 3474 3459 2054 3495 3475 2485 3465 3463 2390 3458 3464 3460 3467 3472 3457 3477 3467 3476 3468 3339 2709 3486 3463 2603 3451 3487 1961 3474 3453 2267 3492 3137 2836 3474 3488 3475 3458 3464 2693 3473 3250 2483 3478 3487 1970 3043 3484 2599 3475 3483 2606 3473 3486 2387 3472 3243 2286 3468 3479 2275 3472 3143 1958 3440 3468 2386 3465 2830 1854 3495 3491 1541 3470

Tree=0
num_leaves=31
num_cat=0
split_feature=80 80 80 48 54 79 80 50 97 78 52 90 99 16 7 112 91 1 22 79 71 79 1 47 79 33 37 21 76 54
split_gain=375.518 78.1295 51.0414 26.5381 16.7162 13.4182 13.1777 12.1212 11.4664 10.6584 9.16887 9.05954 7.93191 8.55698 7.928 7.87621 7.86548 7.5008 7.40953 7.08111 6.90321 6.49266 10.1806 9.35281 6.47423 6.08782 5.78574 5.33644 5.24087 10.5678
threshold=0.3239937584829195 -0.56630036630036618 1.2509992386752953 45.25723599986032 -0.092348927875243639 -0.38688172043010749 1.8153409090909094 0.2834821428571429 0.95833333333333337 -0.30523513753327408 0.28351063829787243 0.34010494140695863 0.45227272727272733 0.78174603174603186 0.34848484848484856 1.3432551968155688 3.0949683544303803 1.3923076923076925 0.26969696969696971 0.10456438736549813 8.5000000000000018 0.11111111111111113 1.1380952380952383 1459.6259331904068 0.25012448427941397 2.7321428571428577 -1.0000000180025095e-35 0.32051282051282054 0.48666429587482224 0.35067567567567576
decision_type=2 2 2 2 2 2 2 2 2 2 2 2 2 2 2 2 2 2 2 2 2 2 2 2 2 2 2 2 2 2
left_child=1 5 7 12 11 14 16 8 28 18 27 -3 13 -4 -1 19 17 -5 26 -11 25 23 -23 -12 -14 -7 -6 -9 29 -2
right_child=2 4 3 6 9 20 -8 10 -10 15 21 -13 24 -15 -16 -17 -18 -19 -20 -21 -22 22 -24 -25 -26 -27 -28 -29 -30 -31
leaf_value=-1.0921005886872468 -1.103879515244111 -1.1050175629662387 -1.0635866375604748 -1.0629650510512758 -1.0875776261566128 -1.10537016371242 -1.0572004099435834 -1.048899591080799 -1.0806390753933943 -1.0992462296179928 -1.1067678704909214 -1.0870991264951526 -1.0828658751022908 -1.102263357385439 -1.1215505969425295 -1.0633747122446673 -1.0821516988195341 -1.0897200644565426 -1.0989397075717846 -1.082858433577937 -1.112104907199585 -1.0849457607704573 -1.1010117965319051 -1.0909454333463631 -1.1097930992964213 -1.0775867286295793 -1.0544672111268485 -1.0854734294812494 -1.1143714178578414 -1.0589856695808599
leaf_weight=8.6319023072719556 15.473433643579485 573.41644304990768 15.578953623771669 66.183744162321091 8.2290729880332965 66.831908792257309 80.385958701372147 7.0602969825267774 260.43819665908813 436.95805862545967 53.588731944561005 26.571788311004639 13.286702841520308 7.6893581151962271 175.33353552222252 5.8662637174129477 48.938106626272202 10.99768680334091 11.380110979080198 25.093023508787155 579.5907273888588 159.30167165398598 45.675338685512543 90.246031761169434 20.335678219795227 7.9413662254810324 11.233882367610933 7.3058356046676636 12.646320104598997 6.7897606194019309
leaf_count=27 45 1650 56 237 26 193 295 27 850 1305 152 84 43 22 477 21 157 34 34 81 1632 509 132 280 56 27 42 24 34 25
internal_value=-1.09861 -1.10611 -1.08285 -1.07169 -1.10085 -1.11301 -1.06669 -1.08732 -1.0828 -1.09679 -1.09099 -1.10422 -1.08983 -1.07637 -1.12017 -1.09792 -1.07274 -1.06678 -1.07971 -1.09836 -1.111 -1.09195 -1.08853 -1.09684 -1.09915 -1.10242 -1.06847 -1.0675 -1.09895 -1.09019
internal_weight=2859 1937.08 921.922 263.396 1098.75 838.329 206.505 658.526 295.348 498.76 363.178 599.988 56.8907 23.2683 183.965 467.917 126.12 77.1814 30.8431 462.051 654.364 348.812 204.977 143.835 33.6224 74.7733 19.463 14.3661 34.9095 22.2632
internal_count=8577 5599 2978 900 3243 2356 723 2078 954 1509 1124 1734 177 78 504 1407 428 271 102 1386 1852 1073 641 432 99 220 68 51 104 70
is_linear=0
shrinkage=1


Tree=1
num_leaves=31
num_cat=0
split_feature=111 48 55 90 113 88 96 67 48 90 111 48 106 110 6 83 53 6 113 106 73 92 78 6 102 53 90 15 18 16
split_gain=32.0534 19.4601 13.4162 12.4607 11.7022 11.1645 10.0486 7.68302 7.16331 6.77501 10.2371 6.89098 6.66138 6.61737 8.14893 6.72009 6.4833 6.46367 6.68398 6.27723 6.01267 11.716 6.68372 5.95798 5.67393 10.1585 5.96272 5.32477 4.53939 4.16146
threshold=-0.59379629629629604 147.00991569821954 -0.19336510263929615 0.28801140684410648 0.47435897435897451 0.44002820874471088 0.72077922077922085 0.29837587709404362 -99.277608879736917 0.30526976990214233 -0.50925170068027181 -95.317053924325919 2.7029411764705888 0.11257309941520478 1.591666666666667 0.77500000000000013 0.60894552723638196 1.591666666666667 0.58214285714285718 2.6201923076923079 43.500000000000007 6.273819513894054 0.55777777777777793 1.6794871794871797 0.94868421052631591 0.37008101851851855 0.27783028775467344 0.12916666666666668 0.48333333333333339 0.39230769230769241
decision_type=2 2 2 2 2 2 2 2 2 2 2 2 2 2 2 2 2 2 2 2 2 2 2 2 2 2 2 2 2 2
left_child=3 2 4 5 6 16 7 -2 -8 10 -4 -12 19 14 -6 -15 -1 -14 23 27 22 -22 -11 -19 -7 -26 -27 -5 -29 -3
right_child=1 29 9 12 13 24 8 -9 -10 20 11 -13 17 15 -16 -17 -18 18 -20 -21 21 -23 -24 -25 25 26 -28 28 -30 -31
leaf_value=-1.0916061321599857 -1.0717452860047498 -1.1261586142049902 -1.0721579709800706 -1.0900576086045282 -1.0996204737509794 -1.1200461999537175 -1.1229879233753466 -1.1002184561144868 -1.0926162380624189 -1.1013967988571067 -1.1033098232975667 -1.0960518646843311 -1.1194878244214665 -1.1177644698447937 -1.0837320715445384 -1.0878536397736602 -1.057065733422653 -1.09565571570688 -1.0851743698102883 -1.0833622680607724 -1.0757622625933156 -1.0990492428377681 -1.1134957116637221 -1.1140652627182808 -1.115586606449632 -1.068868985063085 -1.1030015051882609 -1.1034771741362666 -1.1258380630357454 -1.1089184752838748
leaf_weight=11.825108438730242 35.677657723426819 16.213126391172409 14.798191070556639 12.381993710994719 211.31566518545151 13.932355076074598 7.0731343030929557 11.208625108003615 587.9538060426712 504.30039286613464 143.07538005709648 664.65343850851059 82.838471353054047 29.338205456733704 33.683336973190308 8.7843408882617933 8.3404417634010297 19.313649863004684 10.074189901351927 13.187392830848692 22.582007080316544 139.94924220442772 44.73852276802063 87.510855615139008 15.270582199096678 11.319993883371355 7.7666456103324881 18.992700636386871 14.33977699279785 56.560660034418106
leaf_count=37 98 59 38 38 678 41 22 35 1728 1526 403 1974 284 96 100 25 20 53 30 38 59 409 130 250 54 29 24 58 46 195
internal_value=-1.09861 -1.09747 -1.09702 -1.10745 -1.09416 -1.09607 -1.09192 -1.07855 -1.09298 -1.09874 -1.09688 -1.09734 -1.11046 -1.09925 -1.09744 -1.11087 -1.07732 -1.11308 -1.10853 -1.1016 -1.10088 -1.09581 -1.10238 -1.11074 -1.1039 -1.09735 -1.08276 -1.10686 -1.1131 -1.11276
internal_weight=2859 2531.91 2459.13 327.094 925.035 68.4551 641.913 46.8863 595.027 1534.1 822.527 807.729 258.639 283.122 244.999 38.1225 20.1656 199.737 116.899 58.9019 711.57 162.531 549.039 106.825 48.2896 34.3572 19.0866 45.7145 33.3325 72.7738
internal_count=8577 7575 7321 1002 2782 205 1883 133 1750 4539 2415 2377 797 899 778 121 57 617 333 180 2124 468 1656 303 148 107 53 142 104 254
is_linear=0
shrinkage=1


Tree=2
num_leaves=31
num_cat=0
split_feature=80 79 79 73 105 49 78 80 19 90 112 102 84 96 104 110 65 6 34 80 35 79 105 96 109 106 110 110 93 72
split_gain=371.787 110.209 38.7509 22.7635 15.46 13.5647 12.7589 12.3741 12.07 10.3181 9.30937 16.5235 10.967 10.128 9.29752 8.59893 10.8961 8.56193 10.0564 8.30708 8.19327 7.91904 7.84613 7.07134 7.0528 7.05064 6.96664 7.12297 6.67169 6.52274
threshold=-0.61380455407969636 0.077853192559074927 -0.38688172043010749 6.5000000000000009 1.2928571428571431 0.5718236326365812 0.22839046199701943 -1.1531942633637546 0.48333333333333339 0.28038961859055322 -0.060695187165775481 1.1791443850267382 0.63333333333333341 0.63068181818181823 1.0871212121212122 0.050000000000000024 0.85755723564854835 2.379807692307693 0.60357142857142876 1.058481532147743 0.053571428571428638 -0.2998178506375227 0.73863636363636376 2.1055555555555561 -0.75277777777777755 1.7596153846153848 0.20227272727272741 0.16715686274509814 1.9309523809523812 49.500000000000007
decision_type=2 2 2 2 2 2 2 2 2 2 2 2 2 2 2 2 2 2 2 2 2 2 2 2 2 2 2 2 2 2
left_child=2 8 4 -4 24 -3 -6 14 10 -8 13 -12 -13 20 21 16 29 18 -9 25 -2 -5 -15 -16 -1 -7 27 -17 -28 -10
right_child=1 5 3 7 6 19 9 17 15 -11 11 12 -14 22 23 26 -18 -19 -20 -21 -22 -23 -24 -25 -26 -27 28 -29 -30 -31
leaf_value=-1.1050063318544938 -1.0917190648925481 -1.1081623090412782 -1.0986681733554302 -1.0783519079132453 -1.1031053619687465 -1.0887278056357881 -1.0792996092790328 -1.0925712101885685 -1.1050031642090157 -1.0596066272082629 -1.1162793788020502 -1.0997846048670985 -1.0834487868129525 -1.0713984052933139 -1.0895556608701187 -1.0968441738074748 -1.0706677335604291 -1.058217515320262 -1.0819760660212487 -1.1198242491516772 -1.0502490269232596 -1.0626243690634734 -1.0947338234592487 -1.0658169979782712 -1.074051958524199 -1.1134940788474241 -1.099887977426375 -1.0792732850830382 -1.1177014794203139 -1.1208465908634586
leaf_weight=13.91576397418976 8.0135420858860034 306.80975830554962 91.053206115961075 61.437095731496811 7.7271931767463675 10.70700481534004 29.976609647274017 144.91988033056259 297.75739344954491 119.01011317968369 45.280596226453781 180.04289084672928 46.55013769865036 13.779656976461409 56.351914346218109 80.655091762542725 7.9367736279964438 9.799579977989195 181.72929489612579 269.13449293375015 9.22228956222534 54.26135641336441 220.10542938113213 14.124246090650557 12.643604397773741 306.37087321281433 185.2652775645256 27.96324160695076 21.075111448764801 25.380470752716064
leaf_count=38 21 954 263 171 22 33 80 412 885 328 141 536 136 41 160 236 23 28 516 924 26 150 643 41 34 966 542 81 68 78
internal_value=-1.09861 -1.10534 -1.08121 -1.08483 -1.06911 -1.11327 -1.06552 -1.08241 -1.09928 -1.06357 -1.09589 -1.09973 -1.09643 -1.09172 -1.07621 -1.10202 -1.10539 -1.08585 -1.08668 -1.11595 -1.06953 -1.07098 -1.09336 -1.0848 -1.09027 -1.11266 -1.09847 -1.09232 -1.10171 -1.10625
internal_weight=2859 2062.05 796.95 613.677 183.273 893.022 156.714 522.623 1169.03 148.987 522.995 271.874 226.593 251.121 186.175 646.033 331.075 336.449 326.649 586.212 17.2358 115.698 233.885 70.4762 26.5594 317.078 314.959 108.618 206.34 323.138
internal_count=8577 6334 2243 1741 502 2877 430 1478 3457 408 1544 813 672 731 522 1913 986 956 928 1923 47 321 684 201 72 999 927 317 610 963
is_linear=0
shrinkage=1


Tree=3
num_leaves=31
num_cat=0
split_feature=79 48 48 109 68 64 79 112 94 97 71 92 74 79 15 91 95 8 97 93 71 90 8 48 13 95 55 64 97 74
split_gain=332.726 84.1066 35.3782 21.2 15.179 13.0073 10.7713 10.5325 9.95992 10.277 9.91819 10.6765 12.2674 9.51216 8.32591 8.15218 7.99991 8.87313 7.93818 8.44178 7.50771 6.89982 6.83056 6.24546 9.35655 6.96857 5.623 7.66481 6.47513 5.4785
threshold=0.11111111111111113 -28.661921005916835 122.25143364856616 -0.66515151515151494 -0.082807819209866781 0.25310392433102052 0.34960317460317464 1.301768278161467 0.89181286549707617 1.1909090909090911 17.500000000000004 3.4811217321331038 18.500000000000004 -0.24999999999999994 0.19090909090909094 2.7824068352185716 3.3166666666666669 0.066666666666666721 1.0871212121212122 1.9455882352941178 5.5000000000000009 0.29305524274031336 -0.63484848484848477 33.153942177802953 0.30384615384615393 1.720779220779221 -0.85480093676814972 -0.32302872479125627 0.90454545454545465 23.500000000000004
decision_type=2 2 2 2 2 2 2 2 2 2 2 2 2 2 2 2 2 2 2 2 2 2 2 2 2 2 2 2 2 2
left_child=1 3 5 -1 14 22 8 16 29 -10 11 -7 -13 -5 -3 -9 17 -6 -12 -20 -15 -11 23 24 -2 -25 28 -28 -16 -4
right_child=2 4 6 13 7 10 -8 15 9 21 18 12 -14 20 26 -17 -18 -19 19 -21 -22 -23 -24 25 -26 -27 27 -29 -30 -31
leaf_value=-0.017762653923736056 -0.0077818748459404612 0.023873600976002836 0.00030185461944413168 -0.015945538495297663 0.0052749817962209119 -0.0036214687386583741 0.035391287819106915 0.050230125093593661 0.058664949002141697 0.042599801061848644 -0.0087507798603749434 0.028493350968516101 -0.011656488662440944 0.021172745181540283 -0.0043669653988633265 0.0044041733861689405 0.03180116653533957 -0.0029745338414269612 0.022615840757550024 0.0065340860215951325 -0.0075032853389579079 0.019140532732224966 0.0052910390312204706 0.02509408844201114 0.031047681780263642 0.0035222812683990143 -0.010273461028853917 -0.0023503343482219291 0.015567105854723307 0.02835500962508836
leaf_weight=389.94979794323444 20.194756418466572 9.6188181489706022 24.27817702293396 136.60010761022568 316.21787238121033 11.899881944060324 90.146879702806473 7.5499557256698591 8.3459561765193921 13.89321857690811 14.778221324086187 116.3791695535183 7.2772870361804953 8.3532213568687421 33.400589406490326 6.5030719637870789 8.3613100647926313 186.58299839496613 58.777373939752579 58.731274753808975 503.78876723349094 60.074934124946594 189.25194783508778 53.722931563854218 7.720275253057479 17.991079211235046 178.91650345921516 284.82205347716808 26.1456069201231 8.4444918036460859
leaf_count=1086 56 33 71 384 974 35 319 29 33 51 41 400 20 28 97 20 29 549 195 179 1457 196 574 182 27 54 504 840 85 29
internal_value=-7.29255e-07 -0.00617024 0.0169781 -0.0122345 -0.000217281 0.0130535 0.0276265 0.00340207 0.0215418 0.0271075 0.0178158 0.0235187 0.0261305 -0.00891167 -0.00378442 0.0290241 0.00269767 0.00221369 0.011972 0.0145781 -0.00703557 0.0235468 0.00863809 0.014996 0.00295696 0.0196823 -0.00429282 -0.00540718 0.00438571 0.00754132
internal_weight=2858.72 2096.81 761.908 1038.69 1058.12 556.724 205.184 525.215 115.037 82.3141 267.843 135.556 123.656 648.742 532.904 14.053 511.162 502.801 132.287 117.509 512.142 73.9682 288.881 99.629 27.915 71.714 523.285 463.739 59.5462 32.7227
internal_count=8577 6115 2462 2955 3160 1763 699 1601 380 280 870 455 420 1869 1559 49 1552 1523 415 374 1485 247 893 319 83 236 1526 1344 182 100
is_linear=0
shrinkage=0.03


Tree=4
num_leaves=31
num_cat=0
split_feature=111 48 47 89 101 51 5 5 105 97 111 105 77 9 11 94 86 75 92 112 16 79 97 43 94 83 109 46 111 34
split_gain=30.2474 18.6288 19.0105 11.5091 12.3858 8.80754 7.59295 7.7607 7.4439 7.29855 8.61444 7.24596 7.91873 7.41805 6.70685 6.38275 5.58555 5.62571 5.25973 4.92792 4.90438 4.71442 7.3516 7.7838 6.6089 4.6814 4.32249 4.98696 3.70358 3.58481
threshold=-0.59379629629629604 129.298745067434 1462.0313396283952 0.29682287911559729 1.4868421052631582 0.52277432712215333 0.83974358974358998 -1.5916666666666663 2.5227272727272729 1.9128787878787883 -0.4120833333333333 0.73863636363636376 0.22599846390168973 0.74166666666666681 -1.0000000180025095e-35 0.51470588235294124 4.5833333333333348 16.500000000000004 5.1269313471631675 -0.66720430107526896 0.39230769230769241 0.3337191358024692 1.9128787878787883 1.0000000180025095e-35 1.297058823529412 0.29166666666666669 1.84936974789916 1595.4384772084093 -0.22964497041420112 0.92261904761904778
decision_type=2 2 2 2 2 2 2 2 2 2 2 2 2 2 2 2 2 2 2 2 2 2 2 2 2 2 2 2 2 2
left_child=3 2 5 11 -5 14 7 19 -9 10 -7 12 13 18 25 -13 17 -17 -1 -4 -3 22 23 -22 -23 -2 27 -8 -11 -16
right_child=1 20 6 4 -6 9 26 8 -10 28 -12 15 -14 -15 29 16 -18 -19 -20 -21 21 24 -24 -25 -26 -27 -28 -29 -30 -31
leaf_value=-0.005444518850162389 0.020062571090745763 -0.021559371609356514 -0.021247308004164956 -0.016710741754272566 0.038665304407181002 -0.018209935901632536 -0.010559480196864224 0.00087656175635098975 0.012943314999227611 0.04101992468480932 0.0062169256502004342 0.01447274379532121 -0.020038637485317645 -0.018945152561685521 -0.0076201318941208048 -0.013232160725098042 -0.027826585402874016 9.0201965266149277e-05 0.023140916856967349 0.0034097086932096585 -0.015995449337364947 -0.023590102492523583 0.023620289602379264 0.013308323799544192 0.0048978638713818821 0.051553136656577278 0.017114347118895264 0.0033469452793461795 0.010779163762505321 0.022932946272011989
leaf_weight=8.1167036443948763 8.7209472507238441 28.805930003523827 22.833414807915688 5.9967224746942511 9.2308053672313672 13.457520976662634 104.51741443574429 1764.3054253011942 47.24309216439724 7.8306051790714264 377.03348882496357 8.0596952438354474 12.140886470675467 7.3048072457313529 7.0896716713905317 201.1591217815876 20.086556404829025 33.241118192672729 20.237010434269905 10.719856232404707 25.678349450230598 25.414570271968842 8.9093331396579725 11.956737473607062 10.29913082718849 8.2850726693868619 6.7596618980169287 29.833092525601387 6.8186513036489469 6.7437848150730133
leaf_count=25 24 102 66 22 22 47 347 5215 130 20 1116 24 46 26 22 622 64 92 59 30 90 94 26 37 34 20 20 96 20 19
internal_value=1.5472e-06 0.0011078 0.00165868 -0.00860614 0.0168578 0.00733143 0.000413498 0.000926457 0.00119125 0.006155 0.0053751 -0.00985556 0.00088775 0.00801269 0.0227863 -0.0118115 -0.0126439 -0.0113429 0.0149579 -0.0133697 -0.0109063 -0.00717571 -0.000884565 -0.00668559 -0.0153747 0.0354043 -0.00629375 -0.0074715 0.026944 0.00727444
internal_weight=2858.83 2533.26 2422.19 325.573 15.2275 435.98 1986.21 1845.1 1811.55 405.14 390.491 310.346 47.7994 35.6585 30.8395 262.546 254.487 234.4 28.3537 33.5533 111.064 82.2581 46.5444 37.6351 35.7137 17.006 141.11 134.351 14.6493 13.8335
internal_count=8577 7575 7192 1002 44 1288 5904 5441 5345 1203 1163 958 156 110 85 802 778 714 84 96 383 281 153 127 128 44 463 443 40 41
is_linear=0
shrinkage=0.03


Tree=5
num_leaves=31
num_cat=0
split_feature=80 79 79 87 105 48 78 19 80 46 90 46 80 64 46 47 85 9 70 80 2 64 86 46 33 106 88 101 0 93
split_gain=348.109 104.871 35.5146 19.4524 14.346 13.0629 11.9207 11.5387 10.7845 13.2158 9.34102 9.14816 8.72929 9.04932 10.6192 8.65438 10.5711 9.17473 9.59451 8.00784 7.9646 8.18979 7.90485 7.99734 7.85189 8.23868 7.78791 6.81856 9.50033 6.69811
threshold=-0.61380455407969636 0.077853192559074927 -0.38688172043010749 0.36666666666666675 1.2928571428571431 50.255762742350733 0.22839046199701943 0.48333333333333339 -1.0304856811145509 1503.0899222867192 0.28038961859055322 1421.3706810725459 -0.16652968036529678 0.077151229763100862 1484.3541936987067 1534.3658511090077 0.22500000000000003 0.080128205128205135 3.5000000000000004 1.058481532147743 -0.73333333333333328 -0.094014714789857554 2.7083333333333335 1428.9197347847792 0.43988095238095243 2.2899159663865549 0.44598233290762029 0.84807692307692317 2.4494949494949503 1.5477272727272731
decision_type=2 2 2 2 2 2 2 2 2 2 2 2 2 2 2 2 2 2 2 2 2 2 2 2 2 2 2 2 2 2
left_child=2 7 4 15 -1 -3 -6 12 20 26 -8 -9 13 14 -2 17 -17 18 -4 27 21 -5 -13 -24 25 -14 -10 29 -29 -7
right_child=1 5 3 8 6 19 10 11 9 -11 -12 22 24 -15 -16 16 -18 -19 -20 -21 -22 -23 23 -25 -26 -27 -28 28 -30 -31
leaf_value=0.0079008171951634835 0.0046025314857134981 -0.0093048962133817515 0.0068874046345763348 0.014823242987723327 -0.0046411540982393799 0.0038979002554820428 0.018597672783934673 0.013751300216271984 0.024584724049545158 -0.0011087619207943091 0.037235502435383087 -0.0062536155760344637 -0.0039412920656646637 -0.0068429143680206264 0.020286684890550164 0.016251991844565286 -0.0077093070932979331 -0.00073633858895127968 0.040016230109000191 -0.020799331066609732 0.034776616405484156 0.035778667634994564 -0.029976113363195313 0.0024930507096664733 -0.0045632309112947191 0.010644750101751307 0.0088576497083366762 -0.017155614994504711 0.0035624710367255187 -0.023572467572188591
leaf_weight=26.728089481592178 104.19197931885719 305.30485706031322 29.335191875696182 72.124478101730347 7.7476570904254904 33.125492364168167 30.244832783937454 27.033946096897125 73.131629347801208 41.804981559514999 121.1259645819664 437.96710102260113 58.03338797390461 32.56993380188942 61.953592702746391 132.10145297646523 18.947515666484833 124.0543310046196 10.751349717378615 266.20372435450554 47.456516295671463 21.876114875078201 7.1076756268739691 173.04193975031376 179.48361921310425 87.248985603451729 46.265355825424194 249.57802698016167 21.647425517439842 10.527253940701483
leaf_count=72 299 954 85 199 22 100 80 77 209 120 328 1304 175 98 175 369 50 357 29 924 131 58 20 512 544 253 134 799 67 33
internal_value=-8.18057e-07 -0.00654765 0.0167392 0.0132805 0.0282377 -0.0143293 0.0316538 -0.000645443 0.0187127 0.0134078 0.0335115 -0.00333067 0.00266389 0.00761645 0.010451 0.00806424 0.0132463 0.0032955 0.0157727 -0.0169691 0.024758 0.0197001 -0.00407777 0.001212 -0.000366443 0.00481832 0.0184906 -0.013731 -0.015502 -0.00272683
internal_weight=2858.71 2055.02 803.695 617.849 185.847 886.387 159.118 1168.63 302.659 161.202 151.371 645.151 523.481 198.716 166.146 315.19 151.049 164.141 40.0865 581.082 141.457 94.0006 618.117 180.15 324.766 145.282 119.397 314.878 271.225 43.6527
internal_count=8577 6334 2243 1741 502 2877 430 3457 851 463 408 1913 1544 572 474 890 419 471 114 1923 388 257 1836 532 972 428 343 999 866 133
is_linear=0
shrinkage=0.03


Tree=6
num_leaves=31
num_cat=0
split_feature=80 80 80 48 54 79 80 50 67 78 64 14 3 90 5 7 3 35 90 20 79 75 80 88 73 8 49 87 48 10
split_gain=332.222 70.9529 43.4377 22.7327 15.3363 12.6439 11.4754 10.5727 12.4536 9.92371 9.68833 9.62716 8.72319 8.53352 7.84681 7.59148 7.53534 7.45181 6.9722 6.79665 7.95162 6.58183 6.02594 6.01745 5.97063 5.96317 5.88163 5.84044 5.39194 5.35477
threshold=0.3239937584829195 -0.56630036630036618 1.2509992386752953 45.25723599986032 -0.092348927875243639 -0.38688172043010749 1.8153409090909094 0.2834821428571429 0.31303434417245163 -0.30523513753327408 -0.10165011037527592 -0.1087121212121212 1.1291666666666669 0.34010494140695863 0.66190476190476211 0.34848484848484856 2.0333333333333337 1.8244047619047621 0.32516020604752216 1.0000000180025095e-35 0.049449154011510961 -7.4999999999999991 1.2043236649498512 0.45366324512665984 18.500000000000004 -1.0000000180025095e-35 0.46095971735902325 2.5833333333333335 -28.661921005916835 0.25833333333333336
decision_type=2 2 2 2 2 2 2 2 2 2 2 2 2 2 2 2 2 2 2 2 2 2 2 2 2 2 2 2 2 2
left_child=1 5 7 11 13 15 17 18 10 19 14 -4 -12 21 -9 -1 26 23 22 20 -6 -3 24 -5 -2 -18 -11 29 -7 -20
right_child=2 4 3 6 9 28 -8 8 -10 16 12 -13 -14 -15 -16 -17 25 -19 27 -21 -22 -23 -24 -25 -26 -27 -28 -29 -30 -31
leaf_value=0.006693372311254454 0.019364011554775511 0.022008044370009708 0.027632305778620251 0.029588810353067253 0.050713715144921928 -0.01302632447557146 0.038061428529701083 -0.0098429176144979192 0.014025655155489954 -0.0061086866574928686 0.030603577619836866 0.00036951362264551894 0.0048230384042969371 0.011207211171770063 0.021097472746603431 -0.022178794599876896 0.028376019239317991 0.0012404536363434374 0.038920002462998933 -0.0017899630016605297 0.012879743861664888 -0.0065187591921682291 -0.0089712238387202516 0.01293271762182481 0.0092572426646925759 0.0049096687620971977 0.0016805751241731051 0.04756569764999645 -0.0056273576718123943 0.015843562864464044
leaf_weight=8.6073717921972257 88.116890892386436 7.3744833171367636 16.258682876825333 92.416603446006775 8.3292345404624992 540.25356052815914 83.008915156126022 64.386822074651718 143.3196497708559 123.02402324974537 12.928421676158903 41.190913438796997 136.82447992265224 26.684083625674248 8.3316621333360654 171.55882698297501 14.235184252262114 11.991294026374815 11.023597061634062 10.29618179798126 12.506673470139502 563.28111244738102 11.47675037384033 24.749105215072632 130.53878435492516 30.905068129301071 300.00286416709423 7.7772758603095999 106.04239797592163 50.547118604183197
leaf_count=27 288 25 56 316 32 1542 295 179 457 357 45 121 415 84 28 477 49 35 40 30 40 1625 31 77 404 95 906 29 310 162
internal_value=-2.12401e-06 -0.00713367 0.0146678 0.0248256 -0.00213119 -0.0137715 0.0293585 0.0105511 0.00712904 0.00174924 0.00268614 0.0080851 0.00704872 -0.00537473 -0.00629795 -0.0207994 0.000658597 0.0237652 0.0147308 0.0181504 0.028004 -0.00615011 0.012218 0.0260705 0.0133302 0.0123099 -0.000584686 0.0230694 -0.0118123 0.0199752
internal_weight=2857.99 1923.1 934.887 269.616 1096.64 826.462 212.166 665.271 365.791 499.299 222.471 57.4496 149.753 597.34 72.7185 180.166 468.167 129.157 299.48 31.1321 20.8359 570.656 230.132 117.166 218.656 45.1403 423.027 69.348 646.296 61.5707
internal_count=8577 5599 2978 900 3243 2356 723 2078 1124 1509 667 177 460 1734 207 504 1407 428 954 102 72 1650 723 393 692 144 1263 231 1852 202
is_linear=0
shrinkage=0.03


Tree=7
num_leaves=31
num_cat=0
split_feature=48 80 89 9 55 97 47 8 51 9 20 47 105 79 103 55 104 76 36 89 44 54 2 36 88 96 71 72 2 8
split_gain=23.9779 21.9353 16.523 13.6115 15.8918 9.84132 9.80834 9.49587 9.54774 8.57454 9.70273 9.29643 8.13626 7.62342 8.78289 7.50848 8.6276 8.00409 6.39212 6.19573 4.91732 4.64336 8.80635 5.05212 7.11339 7.17441 4.4122 2.98671 4.66726 2.18889
threshold=147.00991569821954 -1.1710239036325991 0.29623782563940143 0.51666666666666672 1.5563492063492066 0.84523809523809534 1461.383080896285 -0.63484848484848477 0.52277432712215333 0.20714285714285716 0.033150183150183178 1527.8572608869158 2.5227272727272729 0.36690821256038653 2.3693181818181821 1.6985214569058782 0.63068181818181823 0.26894374282433992 1.5000000000000002 0.24842269723748112 1.0000000180025095e-35 0.82904734073641151 1.3166666666666671 2.5000000000000004 0.42804083181018732 0.63068181818181823 51.500000000000007 3.5000000000000004 -1.470833333333333 -1.2225274725274724
decision_type=2 2 2 2 2 2 2 2 2 2 2 2 2 2 2 2 2 2 2 2 2 2 2 2 2 2 2 2 2 2
left_child=1 2 15 6 13 -4 7 19 -9 11 -11 -8 -6 14 -5 16 17 -1 -18 -3 -15 22 26 24 -23 -26 -2 -17 -29 -25
right_child=21 3 5 4 12 -7 9 8 -10 10 -12 -13 -14 20 -16 27 18 -19 -20 -21 -22 23 -24 29 25 -27 -28 28 -30 -31
leaf_value=0.012763541194721315 -0.016899349789577075 0.0082110499975981445 -0.00088823291251300491 -0.00065547925776477105 0.0044239490521330149 0.041832773448499477 0.00052581975961394614 0.026181389542886551 0.0075161817773610829 0.0046973211823406321 -0.0020453164736921174 -0.010173374739907174 0.040766492035898341 0.00045936850334815681 -0.014842684671347748 -0.025791000800355273 -0.0096436637317075646 -0.0098816997003483061 0.0071615550258550924 -0.010058518382645537 -0.017466258999962379 0.014816779957159581 0.016398868507613216 -0.0087847093967809396 0.0090272076513578589 -0.023288920449035726 0.011767524485292615 0.0041799323809472684 -0.017596262371031908 -0.026392686379460559
leaf_weight=39.183291107416153 30.918148785829544 26.990604549646378 9.5055113732814807 322.85591447353363 11.553873687982561 9.9152494668960554 301.83821216225624 26.733528017997742 318.73422159254551 809.37284544110298 251.84465362131596 96.443444028496742 10.658881217241285 18.377998977899551 44.710916295647621 21.113857701420784 210.80709090828896 21.898257717490196 22.549329027533531 43.84435698390007 54.963353216648102 8.9307447969913465 12.904284343123434 7.6545747965574256 8.2021378725767118 25.114372834563255 5.7272082269191733 11.746347531676291 36.025346338748932 37.397094890475273
leaf_count=104 111 83 26 1020 33 24 889 71 932 2372 758 283 26 59 148 64 598 63 62 145 197 27 39 28 26 95 17 32 102 143
internal_value=4.31705e-06 0.000620428 -0.00603735 0.00170991 -0.00289596 0.0209229 0.00284707 0.00690891 0.00896056 0.00168848 0.00309718 -0.00206498 0.0218631 -0.00414331 -0.00238121 -0.00747846 -0.00539244 0.00464503 -0.00801977 -0.00309717 -0.0129744 -0.012249 -0.00491398 -0.0164123 -0.00895962 -0.0153331 -0.0124191 -0.0163947 -0.0122418 -0.023401
internal_weight=2858.52 2721.67 382.744 2338.92 463.121 19.4208 1875.8 416.303 345.468 1459.5 1061.22 398.282 22.2128 440.908 367.567 363.324 294.438 61.0815 233.356 70.835 73.3414 136.849 49.5496 87.2989 42.2473 33.3165 36.6454 68.8856 47.7717 45.0517
internal_count=8577 8091 1075 7016 1483 50 5533 1231 1003 4302 3130 1172 59 1424 1168 1025 827 167 660 228 256 486 167 319 148 121 128 198 134 171
is_linear=0
shrinkage=0.03


Tree=8
num_leaves=31
num_cat=0
split_feature=80 79 79 73 105 49 78 80 12 90 112 112 88 52 97 109 50 71 26 102 66 109 106 66 16 110 16 78 112 18
split_gain=327.06 99.6509 32.7979 20.2863 13.345 12.5793 11.1427 10.9609 9.82436 8.58893 9.18782 8.22059 9.05247 8.14036 7.90402 7.84407 7.34251 7.19917 9.45707 7.45058 7.02504 6.67288 6.62539 6.32678 6.31977 6.1925 6.12959 6.0083 5.98932 5.35146
threshold=-0.61380455407969636 0.077853192559074927 -0.38688172043010749 6.5000000000000009 1.2928571428571431 0.5718236326365812 0.22839046199701943 -1.1531942633637546 0.45804195804195807 0.28801140684410648 -1.1874847374847373 0.36430236430236429 0.41809127216052994 0.50784422296050213 0.84523809523809534 0.95000000000000007 0.33854166666666669 13.500000000000002 1.1666666666666672 1.9459064327485383 -0.10205328508983467 -0.75277777777777755 2.1464285714285718 -0.17612571929915097 0.51666666666666672 -0.95477941176470571 0.25833333333333336 0.27888888888888902 0.54881017381017372 0.48333333333333339
decision_type=2 2 2 2 2 2 2 2 2 2 2 2 2 2 2 2 2 2 2 2 2 2 2 2 2 2 2 2 2 2
left_child=2 11 4 24 21 -3 -6 13 14 10 -8 12 16 26 -9 22 -2 18 -14 -19 -10 -1 28 -18 27 -13 -5 29 -7 -4
right_child=1 5 3 7 6 15 9 8 20 -11 -12 25 17 -15 -16 -17 23 19 -20 -21 -22 -23 -24 -25 -26 -27 -28 -29 -30 -31
leaf_value=-0.0067772530482126773 -0.00944102745352942 -0.009069850039256892 -0.0007373835070242366 0.014053704018779147 -0.0047034166324403824 0.010196366426590763 0.012494122770575636 0.0029870747714138388 0.0037456297412812888 0.036408294464105297 0.046364354597238269 0.019416130744452993 -0.0042317753025655899 0.038524326126741198 0.013389152731095373 -0.022897570497232199 0.031233498543176849 0.0010966116966944477 -0.02986899471735294 -0.015571610394680843 0.034992276745401424 0.023153645406733581 -0.015869270324341635 0.0076989174806816729 0.018753521757148429 -0.0089189455393211738 0.02575474628373248 0.0066566702776818662 -0.012723036928678953 -0.021097154310473851
leaf_weight=14.013439625501634 20.844949811697006 303.84273521602154 24.62955504655838 102.29593083262444 7.7560409456491461 17.282813593745232 31.211833417415619 95.532584369182587 8.6695585846900922 112.86374628543854 9.3725695610046369 7.3228937685489646 164.91890926659107 20.867883294820786 210.83342713117599 136.45065958797932 11.257409065961836 673.29329442977905 14.05308924615383 25.032727971673012 25.589734941720963 12.851720511913298 396.95603847503662 118.4618889093399 13.444576337933539 133.31915602087975 66.47646227478981 31.260518327355385 25.258845075964928 21.995322793722153
leaf_count=38 63 954 72 278 22 54 82 267 24 301 25 22 489 56 593 486 33 1979 48 72 72 34 1302 345 39 406 188 90 81 62
internal_value=-2.19381e-06 -0.00638282 0.0161396 0.0128183 0.0271166 -0.0140087 0.030379 0.0150675 0.0118493 0.0321522 0.0203161 -0.000641123 0.000289658 0.0208481 0.0101455 -0.0166142 0.00708561 -0.00087668 -0.00624484 0.00049911 0.0270851 0.00754105 -0.0146634 0.00974132 -0.000240622 -0.00744361 0.0186625 -0.00351939 -0.00341189 -0.0103421
internal_weight=2857.96 2048.3 809.665 621.596 188.069 879.791 161.204 530.266 340.625 153.448 40.5844 1168.5 1027.86 189.64 306.366 575.948 150.564 877.298 178.972 698.326 34.2593 26.8652 439.498 129.719 91.33 140.642 168.772 77.8854 42.5417 46.6249
internal_count=8577 6334 2243 1741 502 2877 430 1478 956 408 107 3457 3029 522 860 1923 441 2588 537 2051 96 72 1437 378 263 428 466 224 135 134
is_linear=0
shrinkage=0.03


Tree=9
num_leaves=31
num_cat=0
split_feature=80 80 80 48 54 79 80 50 67 97 78 111 64 14 3 90 5 3 97 77 75 46 71 46 22 49 78 104 49 108
split_gain=311.83 67.5733 39.9817 20.8921 14.6274 12.1613 10.4881 9.82141 11.8106 10.2081 9.37245 15.3649 9.23911 9.0519 8.21191 8.17165 7.50308 7.16167 6.93062 11.1187 6.29546 6.16316 6.12322 6.12226 5.8625 5.63877 5.56921 6.66871 5.22074 5.06766
threshold=0.3239937584829195 -0.56630036630036618 1.2509992386752953 45.25723599986032 -0.092348927875243639 -0.38688172043010749 1.8153409090909094 0.2834821428571429 0.31303434417245163 0.95833333333333337 -0.30523513753327408 0.050000000000000044 -0.10165011037527592 -0.1087121212121212 1.1291666666666669 0.34010494140695863 0.66190476190476211 2.0333333333333337 1.788888888888889 0.13921188630490958 -7.4999999999999991 1511.8829298351422 8.5000000000000018 1617.7732918819663 0.26969696969696971 0.46095971735902325 0.37797619047619058 0.29285714285714287 0.48799272628976109 0.42261904761904767
decision_type=2 2 2 2 2 2 2 2 2 2 2 2 2 2 2 2 2 2 2 2 2 2 2 2 2 2 2 2 2 2
left_child=1 5 7 13 15 26 18 9 12 -2 11 24 16 -4 -14 20 -9 25 23 -20 -3 -15 -7 -5 -6 -12 27 -1 -10 -17
right_child=2 4 3 6 10 22 -8 8 28 -11 17 -13 14 21 -16 29 -18 -19 19 -21 -22 -23 -24 -25 -26 -27 -28 -29 -30 -31
leaf_value=0.017203570885990567 -0.00096457661350525309 0.021428888488441055 0.026620150339368955 0.025302492410696775 0.016623268047221064 -0.0034371996751290336 0.036379093072255592 -0.0097069667788055956 0.033961837010232795 0.016212201476822591 -0.0059838963690799028 0.050236208787230029 0.029529566208906843 -0.0073965553513425887 0.0046479100913585829 -0.010988294532374345 0.02044958975728486 0.011979350783858887 -0.01720198210596293 0.020467538341039915 -0.0063734922491432327 0.017785495940272015 -0.012597095561244963 0.049095158307349354 -0.014897208692932406 0.0016486980360496471 -0.022497645588195277 -0.017288625374664034 0.011987109564544301 0.018710971083879247
leaf_weight=7.1945503801107433 35.26409175992012 7.4269504100084296 16.436123132705688 56.626764237880707 13.342303842306142 74.268282011151314 84.28275004029274 64.213615626096725 10.494423300027846 266.20483765006065 122.73368430137634 9.1777354478836042 13.075806587934492 28.65063750743866 137.18041862547398 7.001129865646365 8.3962823748588544 45.340838432312012 8.1110548079013807 54.015168458223343 561.70786899328232 12.59120538830757 568.06762939691544 11.75381878018379 8.8218782842159253 300.15303409099579 153.94718198478222 16.883180558681488 133.64214341342449 19.778716772794724
leaf_count=24 104 25 56 188 43 220 295 179 37 850 357 35 45 80 415 19 28 144 21 175 1625 41 1632 44 24 906 432 48 420 65
internal_value=-4.11079e-06 -0.00695023 0.0141389 0.0238251 -0.00207463 -0.013461 0.0281299 0.0101908 0.00689504 0.014203 0.00171151 0.0175939 0.00256704 0.00779426 0.0068132 -0.00524864 -0.0062198 0.000648381 0.0228025 0.0155495 -0.00601068 0.000291568 -0.011538 0.0293922 0.00407736 -0.000566497 -0.0203992 -0.00698218 0.0135871 0.0109466
internal_weight=2856.78 1915.84 940.939 272.468 1095.48 820.361 214.79 668.472 367.003 301.469 499.569 31.3419 222.866 57.678 150.256 595.915 72.6099 468.228 130.507 62.1262 569.135 41.2418 642.336 68.3806 22.1642 422.887 178.025 24.0777 144.137 26.7798
internal_count=8577 5599 2978 900 3243 2356 723 2078 1124 954 1509 102 667 177 460 1734 207 1407 428 196 1650 121 1852 232 67 1263 504 72 457 84
is_linear=0
shrinkage=0.03


Tree=10
num_leaves=31
num_cat=0
split_feature=111 48 55 89 101 2 80 91 1 45 18 111 37 93 19 111 53 6 103 73 51 88 54 46 101 83 46 73 88 78
split_gain=27.0946 16.9774 11.7277 10.6792 11.3201 10.3661 7.47055 7.41858 7.41722 7.02858 6.86986 6.75361 7.86371 6.45163 6.41348 5.84484 7.04455 5.94832 5.49823 5.16996 7.62935 5.06021 5.08186 4.52983 4.88688 4.44748 3.84699 2.8201 2.35969 2.92862
threshold=-0.59379629629629604 147.00991569821954 -0.19336510263929615 0.29682287911559729 1.4868421052631582 0.47435897435897451 -0.61380455407969636 2.7636989157631366 0.65476190476190488 2.5000000000000004 0.51666666666666672 -0.50925170068027181 -1.0000000180025095e-35 1.0954545454545457 0.48333333333333339 0.050000000000000044 0.37791327913279138 1.5166666666666668 0.73863636363636376 59.500000000000007 0.59687500000000016 0.49939467312348673 -0.67479435957696821 1392.7588652339675 0.72077922077922085 0.29166666666666669 1588.9535207776346 58.500000000000007 0.45366324512665984 -0.34122983870967738
decision_type=2 2 2 2 2 2 2 2 2 2 2 2 2 2 2 2 2 2 2 2 2 2 2 2 2 2 2 2 2 2
left_child=3 2 5 7 -5 6 13 8 18 11 -8 12 -4 -2 -13 17 -17 -7 -1 20 -10 23 -23 -9 -25 27 -3 -11 29 -28
right_child=1 26 9 4 -6 15 10 21 19 25 -12 14 -14 -15 -16 16 -18 -19 -20 -21 -22 22 -24 24 -26 -27 28 -29 -30 -31
leaf_value=-0.0015811965728455663 -0.00022536903662771641 0.0029964142079859329 -0.010811961734691377 -0.016219467514030087 0.036719825878756419 -0.00072512820889383887 0.0098076408534460025 0.0054201236296462178 0.0047813472401847064 -0.0097827986513294371 0.0031781047087959635 -0.0023131141588883636 0.023436678517505027 -0.029993319412902092 0.0016899970109096512 -0.016550015174132033 0.0058061866425904544 0.012096708731180803 0.035633800492585473 -0.021791899141932906 -0.01621828962856681 -0.012145447077586467 0.020789542860917345 0.0022134768145072193 -0.016475882967403776 0.0101563746966806 -0.022527548083969211 -0.026916786060173604 -0.0016781675196503227 -0.0054092213390478433
leaf_weight=7.0154062211513502 48.02063100039959 10.95353728532791 8.273492559790613 5.9258137345314017 9.4047735035419446 186.26588371396065 359.63753052055836 10.251227915287016 44.936204925179482 23.771533519029617 231.05937188863754 647.076177328825 22.287613645195961 7.5880171209573737 812.45365336537361 38.579226300120354 18.89969190955162 39.463012248277664 7.2814374715089798 15.270740255713461 23.826749905943871 9.1007745116949099 7.8564676940441123 13.610720887780188 168.18835143744946 6.9280256778001776 40.443701535463333 13.586930826306341 8.5082602202892286 11.567121982574461
leaf_count=22 137 36 24 22 22 596 1035 27 128 67 688 1916 58 23 2413 128 58 117 20 44 86 26 23 42 540 20 152 41 27 39
internal_value=8.2241e-06 0.00105027 0.00146839 -0.00817964 0.0162569 0.00412761 0.00622479 -0.00939858 -0.00260325 -0.000142551 0.0072144 0.000207489 0.0141649 -0.00428732 -8.47648e-05 -0.000658335 -0.00919905 0.00151645 0.0173725 -0.00600178 -0.00249514 -0.0125955 0.00311368 -0.0139826 -0.0150767 -0.0119202 -0.0133635 -0.0160143 -0.0163245 -0.0187205
internal_weight=2858.03 2535.36 2463.89 322.669 15.3306 929.513 646.306 307.338 98.3305 1534.38 590.697 1490.09 30.5611 55.6086 1459.53 283.208 57.4789 225.729 14.2968 84.0337 68.763 209.008 16.9572 192.05 181.799 44.2865 71.4726 37.3585 60.5191 52.0108
internal_count=8577 7575 7321 1002 44 2782 1883 958 300 4539 1723 4411 82 160 4329 899 186 713 42 258 214 658 49 609 582 128 254 108 218 191
is_linear=0
shrinkage=0.03


Tree=11
num_leaves=31
num_cat=0
split_feature=80 79 79 73 105 48 19 78 80 12 74 34 78 68 110 67 103 66 109 102 98 55 48 106 80 35 68 20 110 71
split_gain=306.343 95.0278 30.2409 19.0803 12.409 12.1357 10.928 10.4639 10.1522 9.21504 8.63096 8.55631 8.16342 8.03904 7.96074 11.5506 7.71009 7.67757 7.64382 7.15357 6.95502 6.90867 6.48983 6.44427 6.36377 6.24314 6.22873 7.13005 6.15591 6.01493
threshold=-0.61380455407969636 0.077853192559074927 -0.38688172043010749 6.5000000000000009 1.2928571428571431 50.255762742350733 0.48333333333333339 0.22839046199701943 -1.1531942633637546 0.45804195804195807 11.500000000000002 0.60357142857142876 0.11111111111111109 0.14933740429611134 0.050000000000000024 0.16179851719184282 1.9545454545454548 0.13541631346388086 0.95000000000000007 0.8973684210526317 2.5419580419580421 1.0000000180025095e-35 -14.01465835503461 2.1464285714285718 -1.8265664160401001 -1.540674603174603 1.6074929971988798 -0.16249999999999995 0.20227272727272741 68.500000000000014
decision_type=2 2 2 2 2 2 2 2 2 2 2 2 2 2 2 2 2 2 2 2 2 2 2 2 2 2 2 2 2 2
left_child=2 6 4 -4 24 26 10 -6 13 11 12 -10 29 -5 16 28 21 -17 23 -12 -11 -8 -18 -7 -1 -21 27 -3 -16 -2
right_child=1 5 3 8 7 18 14 -9 9 20 19 -13 -14 -15 15 17 22 -19 -20 25 -22 -23 -24 -25 -26 -27 -28 -29 -30 -31
leaf_value=0.020372133535109471 0.0027712578781003035 -0.022130224633520094 -0.00031078886070676947 0.017865384992104046 -0.0048354636954540823 -0.0032297652715175267 -0.0060884478208645208 0.030829580876690549 0.0041759519297413358 0.013152627560473683 0.015382754231285028 0.014242824129609108 0.011435642129903964 0.037317146516041462 0.0042218355328754575 0.040807015852482441 0.014804109659416894 0.0084083179036954971 -0.022516532633639234 0.017249622507699427 0.040062410413819569 -0.017552873098955837 -0.0047637425150097472 -0.015539850114209367 -0.008898908367821411 -0.0060345204719445865 0.019907605400876428 -0.0077692089744957494 -0.0054661866300358642 -0.025275680349749967
leaf_weight=14.825666040182115 202.45625364780426 35.336516171693802 91.429121255874634 169.8205392062664 7.7740494459867469 42.394706785678864 203.35930918157101 155.41685655713081 136.53276205062866 17.962777882814407 18.026751726865768 171.3538835644722 127.89795605838299 21.548119515180588 88.195570707321167 7.8721890151500693 24.926667258143425 40.190773770213127 134.812793597579 11.094624340534208 16.662496417760849 61.649308145046234 39.311287805438042 393.67950570583344 12.17354993522167 157.36561815440655 6.6343782991170874 260.42651124298573 178.49380411207676 7.1239546239376059
leaf_count=40 597 116 263 465 22 135 606 408 382 50 51 478 372 57 260 22 71 113 486 33 46 190 119 1302 32 469 20 818 532 22
internal_value=-4.11697e-06 -0.00621356 0.0155385 0.0123525 0.0260137 -0.0136993 -0.000616482 0.0291306 0.0145211 0.0114288 0.00260064 0.00977866 0.00546285 0.0200557 -0.00323397 0.000177422 -0.00649518 0.0137149 -0.0162732 -0.00257898 0.0261022 -0.00875543 0.0028293 -0.0143431 0.00717425 -0.00450105 -0.00884015 -0.009485 -0.00226231 0.0018179
internal_weight=2856.75 2041.25 815.5 625.31 190.19 873.284 1167.96 163.191 533.881 342.512 523.965 307.887 337.478 191.369 643.999 314.752 329.247 48.063 570.887 186.487 34.6253 265.009 64.238 436.074 26.9992 168.46 302.397 295.763 266.689 209.58
internal_count=8577 6334 2243 1741 502 2877 3457 430 1478 956 1544 860 991 522 1913 927 986 135 1923 553 96 796 190 1437 72 502 954 934 792 619
is_linear=0
shrinkage=0.03


Tree=12
num_leaves=31
num_cat=0
split_feature=80 80 80 13 54 79 47 98 6 78 111 62 67 64 5 96 102 3 71 75 33 64 22 8 73 53 72 67 55 33
split_gain=293.197 64.2505 36.909 18.7012 13.845 11.7133 10.6004 10.5621 9.35146 8.90483 14.4033 7.34279 8.77601 10.8493 10.1609 9.6631 7.25779 6.84269 5.82838 5.69185 5.68912 5.66888 5.60157 5.57867 5.52129 6.54302 5.98897 7.27161 5.85242 5.40408
threshold=0.3239937584829195 -0.56630036630036618 1.2509992386752953 1.0000000180025095e-35 -0.092348927875243639 -0.38688172043010749 1566.5589230062717 2.3038461538461541 1.7303030303030307 -0.30523513753327408 0.050000000000000044 1.0000000180025095e-35 0.31303434417245163 -0.10165011037527592 0.73333333333333328 0.89444444444444449 0.34166666666666673 2.0333333333333337 8.5000000000000018 -7.4999999999999991 2.7321428571428577 0.069209477250714371 0.26969696969696971 -1.0000000180025095e-35 18.500000000000004 0.541917670682731 38.500000000000007 0.038307646595466267 -0.50352112676056326 2.683333333333334
decision_type=2 2 2 2 2 2 2 2 2 2 2 2 2 2 2 2 2 2 2 2 2 2 2 2 2 2 2 2 2 2
left_child=1 5 11 -4 19 16 7 21 -9 10 22 12 13 14 -2 -15 -1 -11 20 -3 -7 -5 -6 -19 25 28 27 -26 -13 -21
right_child=2 4 3 6 9 18 -8 8 -10 17 -12 24 -14 15 -16 -17 -18 23 -20 29 -22 -23 -24 -25 26 -27 -28 -29 -30 -31
leaf_value=0.0069015286016748147 -0.0094137913487188276 0.020889626205964875 0.0025053280622879689 0.027229432490504968 0.01613223924491641 -0.006248860040785096 -0.0081962103539041011 0.030538285209900876 0.0045152946881961212 -0.0005776168263494461 0.048376155265321949 0.0027226924804404111 0.013084187441609796 0.019839064297128988 0.02791157693506939 0.0038682542224583822 -0.021392487589079009 0.027070410094088795 -0.012307981737112728 -0.0058743504931439245 0.02055486274689839 -0.0078085610699162762 -0.014685190800958861 0.0045058808089809754 0.0074879136220927303 0.004176253661306333 0.013498472235022069 -0.021966049500495081 0.025157168386168566 0.014268406796425111
leaf_weight=8.5777515321969968 66.790159925818443 7.4753741025924674 35.263410851359367 6.5392905175685909 13.421735972166067 66.178865656256676 7.9328702688217154 200.60560700297356 13.248994320631025 422.94935750961304 9.3232565522193891 12.036780238151549 149.31997922062874 45.541618168354034 7.2793912887573233 135.66868487000465 167.29553188383579 14.440763950347899 564.21375571191311 574.75755915045738 7.9869651347398749 11.402224600315092 8.7814374268054944 31.093293741345406 29.382337778806686 22.477259635925293 112.59808321297169 10.149550795555113 80.150844097137451 12.242772832512854
leaf_count=27 187 25 104 22 43 193 22 682 39 1263 35 35 471 149 25 408 477 49 1632 1669 27 31 24 95 89 67 355 25 267 40
internal_value=-6.57669e-06 -0.00677597 0.0136464 0.0229036 -0.00202851 -0.0131573 0.0259042 0.0270712 0.0289261 0.00165058 0.0170837 0.00985478 0.00730713 0.00392798 -0.00574554 0.00788202 -0.0200125 0.000612012 -0.0112687 -0.00512298 -0.00336235 0.00496202 0.00394383 0.011662 0.0137183 0.0186893 0.00997153 -7.41965e-05 0.0222279 -0.00545424
internal_weight=2855.13 1908.74 946.387 274.992 1094.49 814.253 239.729 231.796 213.855 500.01 31.5264 671.395 404.6 255.28 74.0696 181.21 175.873 468.483 638.38 594.476 74.1658 17.9415 22.2032 45.5341 266.795 114.665 152.13 39.5319 92.1876 587
internal_count=8577 5599 2978 900 3243 2356 796 774 721 1509 102 2078 1240 769 212 557 504 1407 1852 1734 220 53 67 144 838 369 469 114 302 1709
is_linear=0
shrinkage=0.03


Tree=13
num_leaves=31
num_cat=0
split_feature=93 79 110 96 109 55 79 105 79 21 68 94 80 35 101 110 71 98 76 26 75 84 106 41 108 108 88 70 93 76
split_gain=21.0147 22.2107 10.196 9.62895 9.59803 9.31343 8.14418 14.9016 10.0521 7.89628 8.43465 9.20759 7.69817 7.47194 7.02205 6.81577 6.73038 7.7422 8.24787 7.32249 6.98485 6.58808 5.56287 4.74364 5.0354 4.87284 6.79775 3.607 3.23998 4.562
threshold=1.7029411764705884 -0.23950997652582157 -0.5964285714285712 1.8944444444444446 -1.5916666666666663 1.5563492063492066 -0.15007507507507509 2.8944444444444448 0.35743321718931481 0.37980769230769235 -0.566472868217054 1.3245614035087721 -1.1995670995670993 -2.0303571428571421 2.0250000000000004 -0.45000000000000007 20.500000000000004 2.4188596491228074 0.38119783996072659 -1.1666666666666663 -1.0000000180025095e-35 0.70833333333333337 3.1715686274509807 1.0000000180025095e-35 0.42261904761904767 0.47213622291021679 0.44190742404311983 25.500000000000004 1.8062500000000001 0.40089285714285722
decision_type=2 2 2 2 2 2 2 2 2 2 2 2 2 2 2 2 2 2 2 2 2 2 2 2 2 2 2 2 2 2
left_child=1 4 3 23 27 9 28 8 14 10 13 -12 -11 -3 -8 -14 19 21 -19 -6 -21 -18 -10 24 -2 -25 -27 -1 -4 -30
right_child=2 5 6 -5 16 -7 7 -9 22 12 11 -13 15 -15 -16 -17 17 18 -20 20 -22 -23 -24 25 -26 26 -28 -29 29 -31
leaf_value=-0.020750205584081523 0.0022683447462609261 0.021602597681642369 -0.024663326188089217 0.027101513331925082 0.02500200657959982 0.035251461931895517 0.001691159770228581 0.039452911881226176 -0.016793008608955697 -0.013713869159444879 -0.00056964097272631611 0.0045686641258317531 -0.00092802093847922065 -0.013343928764487936 -0.011323168042962491 0.0083756458144262375 0.0095023528697830619 -0.010689472282323951 0.015666821878739707 -0.017547773462952051 0.0039953498791868809 -0.0070935665130259619 0.015687347059952339 -0.016581781310644587 -0.019013247032407348 0.020089422806466112 -0.011227151583378968 -0.0017279418444174539 0.0012826930902200412 -0.017405673058981594
leaf_weight=41.775208070874214 11.2409560829401 6.1536878645420066 15.454058215022085 5.5518834143877021 12.292357653379439 7.9342136085033408 291.3387860506773 7.986775040626525 50.48025318980217 17.308326616883278 631.17627082765102 624.33758296072483 86.915281221270561 52.348712667822838 42.79409646987915 383.82963921129704 46.390623033046722 173.73134270310402 11.386372968554495 16.219073534011841 82.15802937746048 40.167769104242325 5.2381367534399024 18.328274741768837 91.092080608010292 11.980624184012415 13.014983430504797 11.425110489130018 21.695819795131683 25.659444540739059
leaf_count=124 36 17 46 15 32 20 911 20 184 51 1936 1821 268 159 137 1089 124 495 30 50 228 113 16 67 333 36 46 32 64 77
internal_value=1.31974e-05 0.00135615 -0.00491552 -0.0116749 -0.0047261 0.00281974 -0.00269674 -0.00111177 -0.00194281 0.00267694 0.00146668 0.00198552 0.00593541 -0.00966801 2.43487e-05 0.00665788 -0.00306489 -0.00560528 -0.00906833 0.00317138 0.000443614 0.00180095 -0.0137395 -0.0131529 -0.0166755 -0.00483227 0.00378317 -0.0166651 -0.012736 -0.0088436
internal_weight=2857.41 2245.55 611.856 151.209 435.546 1810 460.647 397.838 389.851 1802.07 1314.02 1255.51 488.053 58.5024 334.133 470.745 382.346 271.676 185.118 110.669 98.3771 86.5584 55.7184 145.657 102.333 43.3239 24.9956 53.2003 62.8093 47.3553
internal_count=8577 6589 1988 533 1228 5361 1455 1268 1248 5341 3933 3757 1408 176 1048 1357 1072 762 525 310 278 237 200 518 369 149 82 156 187 141
is_linear=0
shrinkage=0.03


Tree=14
num_leaves=31
num_cat=0
split_feature=48 48 48 65 65 64 9 36 98 110 78 65 98 8 93 104 46 17 106 101 43 97 26 21 52 90 17 17 110 106
split_gain=247.633 64.9152 42.7335 20.5688 15.8954 11.6067 11.3293 11.288 11.196 10.6604 10.5996 10.0277 8.86819 8.33533 8.27679 8.80889 8.20401 7.74072 7.58714 6.86256 6.69602 7.47818 6.45252 6.3751 6.32405 6.2332 5.97466 6.01327 5.75107 9.9313
threshold=-10.980612734163968 -95.317053924325919 52.446357932930034 0.79274265665595423 0.53971277471657497 0.049995837495837366 0.21825396825396828 -1.4999999999999998 3.9750000000000005 0.90384615384615397 0.38115415657788548 -0.57585838491010899 2.1846590909090913 -0.33333333333333337 0.79285714285714304 0.90454545454545465 1421.3706810725459 -0.090097402597402593 4.0250000000000012 1.6899038461538465 1.0000000180025095e-35 1.3875000000000002 1.1666666666666672 0.51666666666666672 0.35050103153551432 0.23877476216657506 0.11666666666666668 0.39743589743589752 0.14285714285714288 2.4721362229102173
decision_type=2 2 2 2 2 2 2 2 2 2 2 2 2 2 2 2 2 2 2 2 2 2 2 2 2 2 2 2 2 2
left_child=1 4 17 7 6 13 26 8 12 18 20 -9 -3 -4 -8 -16 -13 28 24 -7 21 -5 -21 25 -6 -19 -1 -28 -2 -30
right_child=2 3 5 10 9 19 14 11 -10 -11 -12 16 -14 -15 15 -17 -18 23 -20 22 -22 -23 -24 -25 -26 -27 27 -29 29 -31
leaf_value=0.036863122835441554 -0.0097218307143544808 0.026814663464101652 -0.01409757273129137 0.002280343372969043 0.030050459953276334 -0.018134145596205919 0.037535288062083859 -0.021695837370274789 0.04266985606363282 0.039601647744044989 0.032382041007146048 0.017435999508739995 0.005947409270383109 -0.00019510005967248633 0.013231934922066183 -0.0035028627359459858 0.001403587334779898 0.013817231857304681 0.046663631233695602 0.0013449743492550568 -0.0080153056645959585 0.033155834662231917 -0.023921387852593935 0.011152181564027284 0.016300176557755168 -0.003438698699942466 0.010712002762769667 0.026096959748679694 -0.0091745936394833864 0.014229463923204356
leaf_weight=17.396085232496262 272.88776776194572 20.618439525365829 80.384715870022774 13.912965059280397 41.980507999658585 403.91432011127472 7.6991315782070151 16.2341468334198 8.9211571812629682 38.085384085774422 33.79877433180809 30.210476607084274 165.09708938002586 75.051626831293106 60.444263651967049 53.246939465403557 584.49214382469654 19.533834025263786 10.428081363439558 32.275666192173958 13.079730719327925 14.333697408437727 12.66684354841709 31.023454606533051 106.40157686173916 530.27991795539856 50.371526181697845 41.869769617915154 41.612142875790596 26.845174685120583
leaf_count=47 856 57 261 38 110 1395 22 49 24 98 91 83 472 231 166 151 1685 58 28 107 35 39 43 88 284 1605 140 110 124 80
internal_value=-6.63137e-06 0.00946358 -0.00824936 0.00489284 0.0190841 -0.0144501 0.0137464 0.00352526 0.00984111 0.0253472 0.0199215 0.0015769 0.00826413 -0.00738484 0.00743277 0.00539424 0.00219152 -0.00418609 0.0219288 -0.0168968 0.00973068 0.017948 -0.00577624 -0.00207905 0.0201904 -0.00282563 0.0207368 0.0176955 -0.00777146 3.18364e-06
internal_weight=2855.1 1328.62 1526.48 900.699 427.923 604.293 231.028 825.573 194.637 196.896 75.1252 630.937 185.716 155.436 121.39 113.691 614.703 922.182 158.81 448.857 41.3264 28.2467 44.9425 580.837 148.382 549.814 109.637 92.2413 341.345 68.4573
internal_count=8577 3729 4848 2573 1156 2037 636 2370 553 520 203 1817 529 492 339 317 1768 2811 422 1545 112 77 150 1751 394 1663 297 250 1060 204
is_linear=0
shrinkage=0.03


Tree=15
num_leaves=31
num_cat=0
split_feature=80 80 48 97 96 3 79 2 80 34 78 7 8 65 21 80 35 90 92 106 78 8 51 79 94 36 19 92 97 86
split_gain=275.506 61.387 34.3297 13.109 15.0549 11.8249 11.3154 11.1617 11.0518 9.95496 8.65519 7.0164 6.55972 6.50173 8.51252 6.48743 6.39271 5.99246 5.98326 6.30302 7.70638 6.62524 5.97599 5.88265 5.55741 5.72592 5.54346 5.39454 5.14597 5.10292
threshold=0.3239937584829195 -0.56630036630036618 119.44022561316582 1.3693181818181819 1.6306818181818186 2.0333333333333337 -0.38688172043010749 0.47435897435897451 2.0059523809523814 -0.14285714285714285 -0.2788888888888888 0.34848484848484856 -1.0000000180025095e-35 -0.092129691774541431 0.24038461538461542 0.51925925925925942 1.5773809523809528 0.34010494140695863 7.0365880542184067 2.2899159663865549 -0.52086956521739114 -0.22222222222222218 0.90238095238095251 -0.060606060606060573 0.94868421052631591 -1.0000000180025095e-35 0.51666666666666672 3.795426061844291 1.2111111111111115 0.41666666666666669
decision_type=2 2 2 2 2 2 2 2 2 2 2 2 2 2 2 2 2 2 2 2 2 2 2 2 2 2 2 2 2 2
left_child=1 6 3 18 7 10 11 22 9 -4 16 -1 -7 17 -15 -9 23 -12 19 21 -21 -2 -5 -3 25 -11 -10 -8 -26 -14
right_child=2 5 8 4 -6 12 27 15 26 24 13 -13 29 14 -16 -17 -18 -19 -20 20 -22 -23 -24 -25 28 -27 -28 -29 -30 -31
leaf_value=0.0067744260636796944 -0.0088679077061217769 0.02949526751365374 0.006320221651518701 0.007681583200883739 -0.0027594145930432499 0.028286922628636128 0.0044385417645653874 0.039833226404257481 0.048849542716733779 -0.0051595708803030028 -0.0068441355844454438 -0.021028413887575412 0.01779418154744716 -0.00556045745114374 0.0023195325415303961 0.019422183458852275 0.035261364688136204 0.0086387547116827026 -0.013080972613441584 0.020508799100788112 0.0068221614253850104 0.0082257643348098552 0.031741013571090548 0.0014418855732643127 0.047144429097962931 0.020637603115395527 0.02743335880550804 -0.011509495014600442 0.025556914739459497 -0.0048924609712565816
leaf_weight=8.5941019803285581 41.629129976034164 7.4802155792713156 37.179651707410812 117.7382570952177 41.854019597172737 15.589667856693266 19.700567826628685 15.275088042020796 19.503225058317184 9.4302165210247022 434.52303804457188 165.22084930539131 15.844475895166395 218.01091510057449 284.24999615550041 169.85320726037025 6.513261914253234 23.726455241441727 14.106685623526571 44.010395541787148 233.28442741930485 40.029110193252563 10.087475299835203 66.842116072773933 11.382975995540617 43.29654398560524 24.595873296260834 614.89150378108025 78.295122683048248 20.427422747015953
leaf_count=27 117 26 111 360 120 53 61 55 72 26 1255 477 52 635 865 547 23 74 38 143 710 123 35 201 42 139 81 1791 259 59
internal_value=-9.41173e-06 -0.00660385 0.0131692 0.0100103 0.0141386 -0.00196872 -0.0128719 0.0163985 0.0234481 0.0201437 -0.00266502 -0.0196537 0.0120124 -0.00345845 -0.00110085 0.0211063 0.00676281 -0.00604249 0.00608396 0.00683714 0.00899441 -0.000488539 0.00958025 0.00426533 0.0237527 0.0160238 0.0369049 -0.0110144 0.0282971 0.00501763
internal_weight=2853.17 1901.61 951.551 727.868 354.808 1093.21 808.407 312.954 223.684 179.585 1041.35 173.815 51.8616 960.51 502.261 185.128 80.8356 458.249 373.06 358.953 277.295 81.6582 127.826 74.3223 142.405 52.7268 44.0991 634.592 89.6781 36.2719
internal_count=8577 5599 2978 2248 1117 3243 2356 997 730 577 3079 504 164 2829 1500 602 250 1329 1131 1093 853 240 395 227 466 165 153 1852 301 111
is_linear=0
shrinkage=0.03


Tree=16
num_leaves=31
num_cat=0
split_feature=111 48 47 89 96 88 104 97 78 11 20 5 78 54 88 105 96 77 9 86 101 92 16 88 88 52 78 11 47 55
split_gain=24.0206 15.6886 16.2414 10.2162 14.3623 9.19642 14.4219 8.79363 9.339 7.92363 7.54406 6.79164 7.99303 11.9403 11.4657 6.71684 7.88705 7.45999 6.89898 5.39545 5.15989 5.04133 4.92344 4.39715 3.97555 6.31176 5.64378 3.51461 4.64403 3.19556
threshold=-0.59379629629629604 129.298745067434 1462.0313396283952 0.29682287911559729 1.2928571428571431 0.43320955163006042 1.0954545454545457 1.8944444444444446 -0.34738243123336282 0.028571428571428557 1.0000000180025095e-35 0.83974358974358998 0.33854166666666674 -0.50294117647058811 0.44696579596167657 0.73863636363636376 0.23611111111111113 0.22599846390168973 0.74166666666666681 4.5833333333333348 2.9045454545454548 5.1269313471631675 0.39230769230769241 0.45366324512665984 0.44154534981147892 0.7955767350928642 0.12372448979591837 0.26520146520146526 1450.3263291237727 -0.6643192488262909
decision_type=2 2 2 2 2 2 2 2 2 2 2 2 2 2 2 2 2 2 2 2 2 2 2 2 2 2 2 2 2 2
left_child=3 2 5 15 -5 6 -2 9 -9 -7 -8 12 13 -4 -14 17 -17 18 21 20 -18 -1 -3 27 25 -13 -26 28 -24 -29
right_child=1 22 11 4 -6 7 10 8 -10 -11 -12 24 14 -15 -16 16 19 -19 -20 -21 -22 -23 23 -25 26 -27 -28 29 -30 -31
leaf_value=-0.0050996802101540353 0.030416013461635541 -0.020909735036033127 0.0092554238387740021 -0.017553756451764182 0.041164883893383242 0.013605990191994427 0.00023297841593165295 0.050629804028197931 0.0058919945318354813 0.0037923244109773443 -0.01939152524841679 -0.01533474902978745 -0.0068211809648341141 0.00090181909680658932 0.0026553747159097228 0.017748767014644628 -0.0091227285052605956 -0.019158833705401401 -0.018046121234256356 -0.026903602396880229 -0.025029143761022089 0.022950887498808536 -0.011229939293089906 0.01171611272679912 0.00043824154325164974 0.017401344455277773 -0.029770301113590938 0.0013370534019972447 0.021815554951647463 -0.016382760540146282
leaf_weight=8.05817759037018 12.449941769242285 28.263997152447701 176.52567119896412 6.5296009182929984 8.8036356568336469 135.36909046769142 89.656838297843933 9.3076091557741183 7.6518812179565421 163.456915974617 21.94517208635807 52.320184707641602 256.72286964952946 1206.5987731665373 208.00687336921692 8.3948767334222776 208.71700721979141 11.848567992448805 7.1276149302721015 19.647371366620064 20.124003231525421 20.275263234972954 8.5555992871522886 10.529415324330328 76.134186431765556 5.8983561992645255 6.0051646381616584 11.619355857372282 6.9258724153041831 43.265755176544189
leaf_count=25 32 102 495 24 20 376 271 22 22 495 70 182 749 3611 586 25 651 46 26 65 61 59 30 33 243 17 21 40 20 158
internal_value=1.86442e-05 0.000994877 0.00149507 -0.00773317 0.0161598 0.00671169 -0.000209466 0.00943058 0.0304447 0.00823794 -0.00362594 0.000341034 0.000824273 0.00196797 -0.0025796 -0.00893752 -0.0108506 0.00145025 0.00833634 -0.0118168 -0.0105215 0.0149732 -0.0101309 -0.00636496 -0.00602095 -0.0120181 -0.00177029 -0.00907055 0.00355347 -0.0126314
internal_weight=2856.74 2537.21 2428.05 319.526 15.3332 439.837 124.052 315.785 16.9595 298.826 111.602 1988.21 1847.85 1383.12 464.73 304.193 256.883 47.3096 35.4611 248.488 228.841 28.3334 109.16 80.896 140.358 58.2185 82.1394 70.3666 15.4815 54.8851
internal_count=8577 7575 7192 1002 44 1288 373 915 44 871 341 5904 5441 4106 1335 958 802 156 110 777 712 84 383 281 463 199 264 248 50 198
is_linear=0
shrinkage=0.03


Tree=17
num_leaves=31
num_cat=0
split_feature=80 79 79 73 48 48 106 75 19 103 9 97 34 74 96 34 109 9 73 5 70 112 104 98 94 106 16 64 112 73
split_gain=270.738 86.6326 25.6863 17.2529 11.265 10.8124 10.8971 12.0219 10.3255 9.15459 8.9979 10.2475 9.81353 8.25943 11.5485 8.90943 7.40597 7.35678 8.01613 6.75297 8.63268 6.42852 7.92987 6.73167 6.49021 6.28934 5.92504 5.81404 5.7474 5.65064
threshold=-0.61380455407969636 0.077853192559074927 -0.38688172043010749 6.5000000000000009 50.255762742350733 -133.20992085159864 3.4868421052631584 2.5000000000000004 0.48333333333333339 2.3166666666666669 0.13809523809523813 0.95833333333333337 0.50000000000000022 11.500000000000002 1.4772727272727275 1.4226190476190479 0.95000000000000007 0.70714285714285718 11.500000000000002 -0.72916666666666652 43.500000000000007 0.31823442760942777 0.63068181818181823 2.3514705882352946 0.65833333333333344 2.1464285714285718 0.51666666666666672 -0.24859500109608143 0.54881017381017372 11.500000000000002
decision_type=2 2 2 2 2 2 2 2 2 2 2 2 2 2 2 2 2 2 2 2 2 2 2 2 2 2 2 2 2 2
left_child=2 8 5 26 -3 -1 7 29 13 10 11 -5 -12 17 -15 -16 25 18 -2 -11 -21 22 27 -24 -23 28 -4 -10 -6 -7
right_child=1 4 3 9 16 6 -8 -9 21 19 12 -13 -14 14 15 -17 -18 -19 -20 20 -22 24 23 -25 -26 -27 -28 -29 -30 -31
leaf_value=0.031771250003683041 -0.00094406149663747491 -0.0084298376447727499 -0.0036719465232077013 0.010897272518440269 0.010653414862975556 0.036067957852755794 0.030337593918947844 2.1460820357453637e-05 0.009036542807657845 0.014432366039579293 0.0011958201082662059 0.029448501055454105 0.01275160807702734 -0.0056890354088016569 0.0048785090252275757 0.042782772099001866 -0.021853863995872812 -0.019949256578122996 0.009229932176872015 0.034258306208336461 0.009601978221446086 0.020093915688411713 -0.0063222261287225329 0.0015140836581964566 -0.012320488339391046 -0.014918898592456393 0.017780534530326058 -0.016994903150171773 -0.011929175045594601 0.0070433976428972865
leaf_weight=88.341990053653717 100.47231459617615 299.75623095035553 78.079340636730194 66.42739126086235 17.164626583456993 17.334582626819614 38.2144575715065 40.673699080944061 9.2749518752098066 86.060630351305008 107.66151215136051 44.921662569046021 171.49941006302834 157.99463781714439 20.65635953843594 7.6472292244434348 131.79769760370255 10.045735910534857 227.55779506266117 45.548940896987915 17.764269441366196 5.9271248728036872 136.60886427760124 355.16015021502972 89.600129395723343 387.28795243799686 13.606450423598288 46.115678489208221 24.794890075922012 9.262537479400633
leaf_count=223 299 954 224 185 54 46 102 107 26 230 298 126 469 469 63 21 486 33 659 122 48 19 406 1045 278 1302 39 139 81 24
internal_value=-9.25544e-06 -0.00590498 0.0144756 0.0115437 -0.013125 0.0240286 0.0175443 0.0102769 -0.00057964 0.0135871 0.011171 0.0183814 0.00829499 0.00254435 -0.00252764 0.0151197 -0.0156335 0.00533929 0.00611374 0.0199035 0.0273403 -0.00312853 -0.00187486 -0.00066277 -0.0103093 -0.0137236 -0.000488333 -0.012636 -0.00269118 0.0259601
internal_weight=2853.26 2027.86 825.397 631.57 860.801 193.827 105.485 67.2708 1167.06 539.884 390.51 111.349 279.161 524.374 186.298 28.3036 561.045 338.076 328.03 149.374 63.3132 642.687 547.16 491.769 95.5273 429.247 91.6858 55.3906 41.9595 26.5971
internal_count=8577 6334 2243 1741 2877 502 279 177 3457 1478 1078 311 767 1544 553 84 1923 991 958 400 170 1913 1616 1451 297 1437 263 165 135 70
is_linear=0
shrinkage=0.03


Tree=18
num_leaves=31
num_cat=0
split_feature=80 80 80 48 54 48 69 98 78 50 67 97 64 14 5 90 78 65 112 79 20 113 34 98 96 75 106 108 7 53
split_gain=259.049 58.4016 32.3009 17.297 12.6878 10.9576 9.49561 8.64312 8.16715 8.11543 10.3555 9.08899 8.98532 8.10545 7.95711 7.58324 7.41823 6.96118 6.88274 6.6602 6.25032 7.21941 5.92789 7.11867 5.86785 5.82261 4.94299 4.81999 4.59881 7.14438
threshold=0.3239937584829195 -0.56630036630036618 1.2509992386752953 45.25723599986032 -0.092348927875243639 -109.45244645371564 0.18528606122218463 2.3038461538461541 -0.30523513753327408 0.267948717948718 0.31303434417245163 0.95833333333333337 -0.10165011037527592 -0.1087121212121212 0.73333333333333328 0.34010494140695863 -0.56385869565217372 -0.056142050717038143 1.3432551968155688 -0.38688172043010749 1.0000000180025095e-35 0.1333333333333335 1.6833333333333336 3.1464285714285718 0.80909090909090919 -7.4999999999999991 3.1464285714285718 0.42261904761904767 0.34848484848484856 0.74739328771586855
decision_type=2 2 2 2 2 2 2 2 2 2 2 2 2 2 2 2 2 2 2 2 2 2 2 2 2 2 2 2 2 2
left_child=1 5 9 13 15 19 7 -5 20 11 12 -2 14 -4 -11 25 -14 -9 24 -1 21 -6 26 -24 -10 -3 -13 -17 -7 -30
right_child=2 4 3 6 8 28 -8 17 18 10 -12 22 16 -15 -16 27 -18 -19 -20 -21 -22 -23 23 -25 -26 -27 -28 -29 29 -31
leaf_value=-0.023942202608190594 -0.0021866790211340107 0.020623106374015127 0.024367862792786989 0.003937484241880001 0.044645055139817709 0.0075627932432251067 -0.0066925470971842399 0.030088518686789453 -0.0041108335748732223 -0.0094086879733718248 0.012551355270973846 0.01540623740321248 0.033978453922732667 -0.0003128848976885977 0.024544611106314982 -0.010790461466644819 0.0048920722154710003 0.012905569076569853 0.032427007228527538 -0.014178263052447728 -0.0027151582202192309 0.0096253130845997473 0.040894452365032738 0.011470879555277825 0.0028411107962174218 -0.0059896295953993321 0.0043331234899396135 0.018193051786125097 -0.0086920740379770739 -0.018135269450608699
leaf_weight=90.643524706363678 31.652918517589569 7.4986668527126303 16.814257085323334 14.420437395572661 9.7461050748825127 13.213865503668783 8.1206945180892927 174.01570919156075 177.03475804626942 66.727320313453674 148.99382385611534 182.15555837750435 8.308259040117262 41.61689156293869 6.8497125506401053 6.973154783248904 157.3492519557476 24.166001707315445 6.0347401201724997 205.2420512586832 10.440788984298704 11.608639806509016 16.168523967266086 13.646169602870939 285.48007602989674 557.47766044735909 45.306352972984314 19.903973251581192 405.58748076856136 87.69628469645977
leaf_count=263 92 25 56 42 36 42 22 585 518 187 466 572 29 121 23 19 473 74 21 598 30 36 58 42 868 1625 136 65 1200 253
internal_value=-1.24831e-05 -0.00643736 0.012716 0.0213033 -0.00192278 -0.0125826 0.0251455 0.0263616 0.00159392 0.00917603 0.00634278 0.012983 0.00247612 0.00678929 -0.00624778 -0.00489575 0.00635085 0.0279933 0.000595473 -0.0171694 0.0163074 0.025608 0.0148493 0.0274273 0.000180146 -0.00563641 0.0132007 0.0106734 -0.00990302 -0.0103709
internal_weight=2850.89 1894.58 956.312 279.154 1092.2 802.383 220.723 212.602 500.345 677.158 388.228 288.93 239.235 58.4311 73.577 591.853 165.658 198.182 468.55 295.886 31.7955 21.3547 257.277 29.8147 462.515 564.976 227.462 26.8771 506.498 493.284
internal_count=8577 5599 2978 900 3243 2356 723 701 1509 2078 1178 900 712 177 210 1734 502 659 1407 861 102 72 808 100 1386 1650 708 84 1495 1453
is_linear=0
shrinkage=0.03


Tree=19
num_leaves=31
num_cat=0
split_feature=48 79 9 79 106 74 106 66 73 66 110 47 94 19 1 103 19 89 67 44 51 106 104 75 23 89 88 74 13 48
split_gain=19.9105 17.4176 13.7971 8.09122 8.0589 7.09486 6.95256 8.95221 7.67937 7.70537 7.2546 6.67111 10.158 8.80535 6.51365 7.14018 5.38497 7.35064 4.74934 4.70886 4.41858 4.16997 4.14767 4.05731 4.16909 3.99943 3.38686 3.01408 3.91238 3.52198
threshold=147.00991569821954 -0.23950997652582157 0.51666666666666672 0.36690821256038653 3.8062500000000004 42.500000000000007 3.6583333333333337 0.10521605316895467 2.5000000000000004 0.32282624054478454 1.7071428571428575 1461.383080896285 1.2817460317460319 0.48333333333333339 2.577380952380953 2.3693181818181821 0.51666666666666672 0.29004541790369837 0.056689940073469065 1.0000000180025095e-35 0.12372448979591838 2.4721362229102173 0.80909090909090919 24.500000000000004 -0.39393939393939387 0.25746861929916232 0.46599939945951363 4.5000000000000009 0.32051282051282054 207.84023003111841
decision_type=2 2 2 2 2 2 2 2 2 2 2 2 2 2 2 2 2 2 2 2 2 2 2 2 2 2 2 2 2 2
left_child=1 4 5 14 6 11 8 -8 9 -1 -10 12 -3 -13 15 -4 17 -2 25 26 -16 -21 -7 24 -18 -6 -5 29 -29 -26
right_child=16 2 3 19 18 22 7 -9 10 -11 -12 13 -14 -15 20 -17 23 -19 -20 21 -22 -23 -24 -25 27 -27 -28 28 -30 -31
leaf_value=-0.011436155277186961 -0.020723567102072359 -0.0011491871537256542 -0.00030447411029918602 -0.0088316345390040286 -0.025284024154510556 0.0058874807739668755 0.034073334231741907 -0.0059375305773239394 -0.0045224102851343841 0.023351594909807243 -0.029122834812557143 -0.00075982085021932086 0.0093055471707476703 0.0041393715061475815 0.034645594927358948 -0.011917205316795777 0.0099459055060171463 0.016622948967984719 -0.00039990638956575715 -0.0059370141455445903 0.0028217020109088256 -0.023160205720156989 -0.022437739539678668 0.018501173618549409 -0.029003541554692903 0.00023597285008444713 0.018027171917036424 0.0013537571391418427 -0.019498388062731242 -0.0007633484615618886
leaf_weight=8.6194530129432696 57.799828469753265 115.85055050253868 320.955182954669 11.529706701636316 32.758414179086685 6.6334021538496044 9.9892997741699237 10.143410772085188 357.60505226254463 17.09636877477169 11.124359101057051 574.25916612148285 300.84833487868309 776.7892042696476 7.3502909392118445 55.96070060133934 10.126529410481451 5.1671848744153968 13.569305971264837 20.354698702692986 8.4300832003355008 33.431165680289268 15.581350058317183 5.7746038734912863 13.418929025530817 6.6485971808433524 6.6696807444095603 23.375773921608925 12.390543505549429 5.6472984850406638
leaf_count=27 218 359 1015 40 98 20 25 29 1012 45 35 1694 862 2281 19 181 33 16 38 69 24 128 52 18 53 19 19 80 48 20
internal_value=2.51075e-05 0.000580242 0.00167302 -0.00293294 -0.00468937 0.00286875 -0.00328144 0.0139148 -0.00415915 0.0116914 -0.00526459 0.00308048 0.00639892 0.00205698 -0.00123804 -0.00202862 -0.0112776 -0.0176588 -0.0157074 -0.012179 0.0176449 -0.0166423 -0.0139797 -0.0055971 -0.00773934 -0.0209784 0.00101154 -0.0110055 -0.00587006 -0.020639
internal_weight=2855.9 2722.2 2254.64 464.682 467.554 1789.96 414.578 20.1327 394.445 25.7158 368.729 1767.75 416.699 1351.05 392.696 376.916 133.701 62.967 52.9763 71.9853 15.7804 53.7859 22.2148 70.7337 64.9591 39.407 18.1994 54.8325 35.7663 19.0662
internal_count=8577 8091 6763 1495 1328 5268 1173 54 1119 72 1047 5196 1221 3975 1239 1196 486 234 155 256 43 197 72 252 234 117 59 201 128 73
is_linear=0
shrinkage=0.03


Tree=20
num_leaves=31
num_cat=0
split_feature=80 79 79 65 48 25 19 106 90 48 74 106 101 74 96 78 98 9 33 86 109 94 65 97 14 103 73 111 80 106
split_gain=253.86 82.5258 23.8439 15.3304 10.8767 10.2282 9.87211 9.16879 9.14001 9.13438 8.23242 10.4403 8.22245 8.21626 12.238 7.65373 7.65111 7.4865 7.3433 8.16802 7.21469 6.10151 8.28926 8.84466 7.45983 11.7194 6.71046 6.0775 7.49355 6.06605
threshold=-0.61380455407969636 0.077853192559074927 -0.2349105812220566 0.79274265665595423 50.255762742350733 0.50000000000000011 0.48333333333333339 3.1380952380952385 0.25784648026066537 -38.202166408215355 6.5000000000000009 2.7029411764705888 0.78174603174603186 11.500000000000002 1.4772727272727275 0.27888888888888902 3.6583333333333337 0.70714285714285718 2.223214285714286 4.1250000000000009 0.95000000000000007 1.2426470588235297 0.43394537177510911 1.2613636363636365 0.20856227106227107 1.8257575757575759 3.5000000000000004 -0.59379629629629604 -1.3980846774193545 2.1464285714285718
decision_type=2 2 2 2 2 2 2 2 2 2 2 2 2 2 2 2 2 2 2 2 2 2 2 2 2 2 2 2 2 2
left_child=2 6 3 9 -3 7 12 10 -5 27 11 -4 -2 17 -15 -11 18 -14 19 -7 29 22 -8 -24 26 -26 -23 28 -1 -6
right_child=1 4 5 8 20 16 21 -9 -10 15 -12 -13 13 14 -16 -17 -18 -19 -20 -21 -22 24 23 -25 25 -27 -28 -29 -30 -31
leaf_value=0.01948495902123739 -0.019207414848757008 -0.0082133245856879436 0.0013850063292494184 -0.010092998626083507 -0.00258118345030114 0.0092434604848100448 -0.010026249798055142 -0.013012492796338551 0.02744037170410717 -0.017694714237306404 -0.012953614037735362 0.030893685982953389 0.0067921780733275596 -0.0052138064997015706 0.016559269885903408 0.0099296994048382291 0.036686784664266225 -0.019625407946911168 -0.0099312089601827028 0.026833397592173118 -0.021497203488585418 -0.0099257229900270322 0.02791732048017264 -0.005216002853184693 -0.020950271287028734 0.019551118832484074 0.0016673017060610694 0.01374374054853157 0.044386971316795941 -0.014607239861812348
leaf_weight=69.743260115385056 15.261975690722464 298.3530095666647 27.875491857528687 6.0762689709663382 41.864149555563927 194.69561797380447 169.09439314901829 33.924721732735634 149.66975605487823 12.862384483218191 14.795746535062788 17.606602847576141 316.93125739693642 155.31378687918186 27.320380300283432 30.269822686910629 10.073362946510313 9.9579695016145688 15.558171421289442 27.061501294374466 130.09127399325371 51.595363512635231 11.351207852363588 20.073494732379913 33.558816283941269 7.9539610892534247 348.19557763636112 206.92850635945797 12.885105490684508 383.99878016114235
leaf_count=182 45 954 80 16 135 535 521 98 387 37 42 47 924 461 81 81 28 33 45 72 486 157 34 58 99 24 1020 558 35 1302
internal_value=-1.26683e-05 -0.00574982 0.0139559 0.0182081 -0.0128341 0.00787578 -0.000561981 -0.000536748 0.025976 0.0145716 0.00648467 0.0128081 0.00248999 0.0031399 -0.00195676 0.00169187 0.0110792 0.00598742 0.0099922 0.01139 -0.0153139 -0.00305742 -0.00739676 0.00675239 -0.00108572 -0.0131901 0.000171154 0.0164902 0.0233682 -0.013425
internal_weight=2850.94 2020.92 830.026 488.435 854.307 341.591 1166.61 94.2026 155.746 332.689 60.2778 45.4821 524.785 509.523 182.634 43.1322 247.389 326.889 237.315 221.757 555.954 641.823 200.519 31.4247 441.304 41.5128 399.791 289.557 82.6284 425.863
internal_count=8577 6334 2243 1296 2877 947 3457 267 403 893 169 127 1544 1499 542 118 680 957 652 607 1923 1913 613 92 1300 123 1177 775 217 1437
is_linear=0
shrinkage=0.03


Tree=21
num_leaves=31
num_cat=0
split_feature=80 80 80 48 54 79 69 6 78 14 50 67 97 64 90 80 65 78 7 3 22 46 34 98 71 33 49 66 23 108
split_gain=243.453 55.5549 29.9469 16.0343 12.0592 10.6939 8.9631 8.11347 7.74385 7.67192 7.52876 9.89454 8.59677 8.59445 7.25537 7.09167 7.0363 7.00777 6.59167 6.03747 5.974 5.68228 5.59244 6.68568 5.36418 5.36102 5.3066 5.07141 4.79308 4.63148
threshold=0.3239937584829195 -0.56630036630036618 1.2509992386752953 45.25723599986032 -0.092348927875243639 -0.38688172043010749 0.18528606122218463 1.7303030303030307 -0.30523513753327408 -0.1087121212121212 0.267948717948718 0.31303434417245163 0.95833333333333337 -0.10165011037527592 0.34010494140695863 1.8153409090909094 -0.68224843870739271 -0.56385869565217372 0.34848484848484856 2.0333333333333337 0.26969696969696971 1511.8829298351422 1.6833333333333336 3.1464285714285718 8.5000000000000018 2.7321428571428577 0.46095971735902325 -0.72373929127725845 -0.069047619047619038 0.42261904761904767
decision_type=2 2 2 2 2 2 2 2 2 2 2 2 2 2 2 2 2 2 2 2 2 2 2 2 2 2 2 2 2 2
left_child=1 5 10 9 14 18 7 15 20 -4 12 13 -2 16 -3 -5 -12 -15 -1 26 -6 -11 27 -24 25 -7 -10 -14 -23 -16
right_child=2 4 3 6 8 24 -8 -9 19 21 11 -13 22 17 29 -17 -18 -19 -20 -21 -22 28 23 -25 -26 -27 -28 -29 -30 -31
leaf_value=0.0065875213650612241 -0.0022257729736214343 -0.0055077780605197217 0.023573777372680453 0.022021685596917584 0.025603304374255779 -0.005707657059110886 -0.0067352559945241027 0.00091934359331761984 -0.0058154330511482567 -0.0077582943231881123 0.013560108592494822 0.012197024209887511 0.033644252984336993 0.032845602967187734 -0.010666652015867983 0.033403671705221898 -0.010546362338691325 0.0047212064801512889 -0.020344284759760304 0.010899039724479215 -0.0013894544708452493 0.034272129754622425 0.039436958329801715 0.011041224831372761 -0.011500100637218102 0.020290314114029508 0.0015967350878493265 0.011778838622428111 -0.0024230688331706939 0.017751500244166177
leaf_weight=8.6165116131305677 31.671131670475006 563.53086352348328 16.942158818244934 118.37363857030869 20.395770192146305 65.467726454138756 8.1253235638141614 11.560088753700255 122.33349144458771 28.833913326263428 13.307953014969824 149.63515973091125 9.982535779476164 8.3982070386409742 6.9555303156375912 84.389748692512512 60.158843502402306 157.71696396172047 161.12930528819561 45.974970608949661 11.562702775001524 6.5223597288131714 16.370106071233753 13.714192777872084 553.1535305082798 8.012213781476019 300.37557756900787 218.6863314807415 6.2960509061813337 20.010417848825455
leaf_count=27 92 1650 56 381 68 193 22 33 357 80 43 466 35 29 19 287 167 473 477 144 34 23 58 42 1632 27 906 673 18 65
internal_value=-1.60433e-05 -0.00627336 0.0122781 0.0205149 -0.00187636 -0.0122978 0.0241926 0.0253651 0.00154884 0.00655297 0.00887204 0.00614455 0.0125273 0.00236436 -0.00478035 0.0267588 -0.00617966 0.00614308 -0.0189772 0.000574547 0.0158372 -0.00037027 0.0143331 0.0264925 -0.0104885 -0.00287285 -0.000548372 0.0127334 0.0162485 0.0104214
internal_weight=2848.2 1887.52 960.685 281.043 1091.14 796.379 222.449 214.323 500.643 58.5945 679.641 389.217 290.424 239.582 590.497 202.763 73.4668 166.115 169.746 468.684 31.9585 41.6523 258.753 30.0843 626.633 73.4799 422.709 228.669 12.8184 26.9659
internal_count=8577 5599 2978 900 3243 2356 723 701 1509 177 2078 1178 900 712 1734 668 210 502 504 1407 102 121 808 100 1852 220 1263 708 41 84
is_linear=0
shrinkage=0.03


Tree=22
num_leaves=31
num_cat=0
split_feature=111 97 89 88 55 78 94 110 55 103 52 12 54 12 107 106 66 8 97 69 25 5 80 0 102 47 101 111 49 91
split_gain=21.4415 10.6987 9.767 9.32651 10.7397 8.91331 10.2728 12.6428 14.3853 9.43281 9.30228 11.0843 8.77733 8.40534 8.18183 7.91932 7.85609 9.22332 8.90059 6.82256 9.78907 6.59654 6.43173 7.85492 6.3703 7.28903 6.32857 6.26005 5.9891 8.22287
threshold=-0.39944598337950116 1.6515151515151518 0.28619286510590863 0.44860962407803956 -0.3311403508771929 0.33854166666666674 1.2817460317460319 -0.049999999999999871 -0.79830508474576256 2.2111111111111117 0.39243909078535461 0.21825396825396828 -0.88730158730158715 0.12916666666666668 0.59166666666666679 3.8944444444444448 -0.52144739467266576 -0.47499999999999998 2.0454545454545459 -0.67890823881405327 1.8333333333333337 0.31269841269841275 1.0005102040816329 1.1380952380952383 1.4472222222222224 1618.6278000655784 1.2182539682539686 -1.6307715181660896 0.69978138025495584 2.6088118585763431
decision_type=2 2 2 2 2 2 2 2 2 2 2 2 2 2 2 2 2 2 2 2 2 2 2 2 2 2 2 2 2 2
left_child=2 5 27 16 22 6 24 8 -8 10 11 -7 -4 -12 26 -9 17 -3 -19 -14 -21 -16 23 -5 25 -2 -6 -1 -29 -30
right_child=1 3 12 4 14 9 7 15 -10 -11 13 -13 19 -15 21 -17 -18 18 -20 20 -22 -23 -24 -25 -26 -27 -28 28 29 -31
leaf_value=-0.016435554479053413 0.0032723884569852511 -0.010053525182159656 0.034589981420096963 0.00697102052128929 0.013428552098870476 0.0055490689998453453 -0.0004320805616289114 0.0022676675060458525 0.013931269927003498 -0.012109381325261511 -0.016084293919809572 -0.0080651962179104641 0.02874817887523037 0.011298389172042024 0.031907911305895098 0.033182112755488033 -0.0095081196207182986 0.030071481425061299 -0.0059561207656383475 -0.016574182805624355 0.015534278237261685 -0.0059753769901166104 0.00066777569895919804 0.047522006460577741 -0.0042150182966981574 -0.011866774464520538 -0.0079805727017287203 -0.0040227548767914484 0.011666190434033207 -0.018307939716622361
leaf_weight=57.58430278301239 405.9740291684866 22.658507496118546 8.4408701658248884 7.4249142706394258 14.649639591574667 84.930756270885468 86.503673434257507 626.50874403119087 228.58764331042767 67.948399841785431 11.457090079784392 146.94156673550606 6.7664208561182013 84.486844658851624 10.897951871156694 7.5475889742374411 198.77351658046246 15.945623576641085 10.068253904581068 21.975614100694656 13.983347758650778 6.6678732931613913 10.358616575598715 10.21210268139839 204.10086308419704 30.793600022792816 81.888095170259476 304.42844897508621 9.633463114500044 56.826007172465324
leaf_count=190 1222 78 20 22 44 241 271 1815 639 196 35 434 19 234 29 20 642 44 33 75 36 21 33 25 644 92 261 912 31 219
internal_value=3.22341e-05 0.00120051 -0.00575343 -0.0033453 0.00278027 0.00209225 0.003095 0.00507645 0.00998802 -0.00193639 0.000172231 -0.00307853 0.00663494 0.0080285 -0.00130498 0.00263566 -0.00686299 0.00393946 0.0161276 0.00111212 -0.00408818 0.0175277 0.0194307 0.0304507 0.0001604 0.00220503 -0.00473173 -0.0072328 -0.00580397 -0.0139631
internal_weight=2854.96 2375.33 479.638 389.545 142.099 1985.78 1590.02 949.148 315.091 395.765 327.816 231.872 51.1663 95.9439 114.104 634.056 247.446 48.6724 26.0139 42.7254 35.959 17.5658 27.9956 17.637 640.868 436.768 96.5377 428.472 370.888 66.4595
internal_count=8577 7075 1502 1232 435 5843 4703 2745 910 1140 944 675 150 269 355 1835 797 155 77 130 111 50 80 47 1958 1314 305 1352 1162 250
is_linear=0
shrinkage=0.03


Tree=23
num_leaves=31
num_cat=0
split_feature=80 79 79 87 80 78 14 104 110 33 80 46 67 104 92 89 110 93 78 36 88 12 43 92 65 88 46 74 17 88
split_gain=238.145 78.6875 22.2878 15.6553 10.5484 10.499 10.3975 11.4585 8.20619 8.09455 7.80548 12.1243 8.01314 9.20638 7.52247 7.44201 7.02602 7.9311 7.30931 7.01154 6.81138 6.67901 10.0151 6.5747 6.45337 6.42873 13.3769 7.01682 6.34575 5.53402
threshold=-0.61380455407969636 0.077853192559074927 -0.38688172043010749 0.36666666666666675 1.1835406377659903 0.22839046199701943 -0.068686868686868699 1.0871212121212122 1.1055555555555558 -0.42261904761904751 -1.0304856811145509 1503.0899222867192 -0.036145828813232243 0.95833333333333337 6.110357461133523 0.30125019534302239 0.050000000000000024 2.0250000000000004 -0.43405797101449267 -1.0000000180025095e-35 0.44598233290762029 0.20714285714285716 1.0000000180025095e-35 5.8536372009884516 0.3599812658905393 0.44910842032748666 1530.0604719428341 11.500000000000002 -0.19999999999999998 0.43981873234985275
decision_type=2 2 2 2 2 2 2 2 2 2 2 2 2 2 2 2 2 2 2 2 2 2 2 2 2 2 2 2 2 2
left_child=2 16 5 6 -3 -1 7 8 -4 23 12 20 13 -5 -11 24 18 25 -2 -9 -12 28 -23 -8 29 27 -27 -18 -20 -7
right_child=1 4 3 10 -6 15 9 19 -10 14 11 -13 -14 -15 -16 -17 17 -19 21 -21 -22 22 -24 -25 -26 26 -28 -29 -30 -31
leaf_value=-0.009204663670967228 -0.029075527679509095 -0.010276085899984785 0.00054882664674694753 0.025750760447204469 -0.017469935283080534 0.034927105784066229 -0.016212205070962098 -0.0050644719155605537 0.02720607816365303 0.016367219510179509 0.021410709032935456 -0.0026992419475988022 0.045701198700696812 0.010170952457030683 0.0038955578945639208 -0.0026608244994506024 0.0083148867041034791 -0.013904507171879266 -0.02080954373755093 -0.030900716673167385 0.0069184484616930542 -0.0085490255429597553 0.0022903741811413744 0.011802790997171866 0.027696052429056338 -0.0049234857736907851 0.017339137298246984 -0.00074900985717093202 0.0024684228666039783 0.0048420435517855052
leaf_weight=9.0870189964771253 9.370631664991377 579.51679255068302 44.992745652794838 74.205811887979507 268.41129167377949 7.3252040594816235 18.037143841385845 27.975836575031281 13.515340372920035 124.94458016753197 75.728570878505707 42.860388398170471 10.561047345399855 63.215507447719574 66.796079590916634 9.0930564403533918 221.75361381471157 27.275061950087547 11.036062240600584 14.278628885746 47.493437230587006 236.48677752912045 113.55203500390053 12.954152613878248 149.11463803052902 166.07916867733002 28.452383458614349 117.65279984474182 234.4265543371439 22.118179768323898
leaf_count=25 35 1901 123 194 976 20 50 79 36 347 209 120 27 167 181 22 640 88 34 38 134 706 341 36 379 490 82 347 694 56
internal_value=-1.62667e-05 -0.0055994 0.0134615 0.0107377 -0.0125533 0.0222885 0.00610572 -0.00189068 0.00670664 0.00972324 0.0155088 0.0110445 0.0205191 0.0185839 0.0120225 0.0238135 -0.000542811 0.00187476 -0.00278588 -0.0137951 0.015825 -0.0023722 -0.00503274 -0.00450213 0.0251617 0.00268081 -0.00166733 0.00517295 0.00142184 0.0123269
internal_weight=2848.31 2014.01 834.297 637.559 847.928 196.738 323.495 100.763 58.5081 222.732 314.065 166.082 147.982 137.421 191.741 187.651 1166.09 561.213 604.872 42.2545 123.222 595.501 350.039 30.9913 178.558 533.938 194.532 339.406 245.463 29.4434
internal_count=8577 6334 2243 1741 2877 502 890 276 159 614 851 463 388 361 528 477 3457 1647 1810 117 343 1775 1047 86 455 1559 572 987 728 76
is_linear=0
shrinkage=0.03


Tree=24
num_leaves=31
num_cat=0
split_feature=79 49 54 109 78 109 76 54 104 49 79 10 91 42 3 78 97 34 22 7 0 70 17 90 71 72 103 71 13 55
split_gain=213.339 53.3246 28.155 16.9589 14.2858 11.9851 11.0481 10.2441 8.2765 7.37784 7.14271 6.91489 6.77838 7.69869 6.88346 6.73004 6.39869 6.21254 7.00453 7.22582 6.17307 5.91713 5.90654 6.00438 5.8532 5.85024 5.66455 5.51822 5.41034 5.35491
threshold=0.08333333333333337 0.45852885168354635 0.5240998838559815 -0.69999999999999973 -0.38832199546485252 0.95000000000000007 0.69752141982864146 -0.06635220125786162 2.3693181818181821 0.66542240461969271 -0.24999999999999994 0.45804195804195807 2.4893970362800206 1.0000000180025095e-35 0.82575757575757591 -0.38832199546485252 1.8090909090909093 -0.6583333333333331 0.13809523809523813 0.82575757575757591 2.577380952380953 94.500000000000014 0.26923076923076933 0.33168723276268519 5.5000000000000009 5.5000000000000009 1.9045454545454548 20.500000000000004 1.0000000180025095e-35 0.17883795309168446
decision_type=2 2 2 2 2 2 2 2 2 2 2 2 2 2 2 2 2 2 2 2 2 2 2 2 2 2 2 2 2 2
left_child=1 3 9 -1 6 7 8 22 11 12 -5 -4 13 -2 -14 29 -11 27 20 -20 -19 -17 23 -3 -12 -26 -16 -6 -8 -9
right_child=2 5 4 10 17 -7 28 15 -10 16 24 -13 14 -15 26 21 -18 18 19 -21 -22 -23 -24 -25 25 -27 -28 -29 -30 -31
leaf_value=-0.015719981960717271 0.023001528225986431 -0.0042264642367713214 0.017739380000419792 -0.013682679048813177 0.015629351668864713 0.021079234255996445 0.0081309248548495847 0.036107875703925769 0.048045721997390517 0.024758239839251295 0.019296138861379864 -0.0080430205801734558 0.029893097299881797 -0.0022074939054401899 0.0041882975581457212 0.0010709411564552571 -0.0039488573371542534 0.008774420748776145 -0.0098946449472180429 0.018944781883516646 -0.018660579832789476 0.027477418909044697 -0.013335016928472155 0.0058490872273192131 -0.016050320832135052 -0.0052130891444852325 -0.011499149146633745 -0.013268557911200643 0.033648169376409381 0.0032832118687969223
leaf_weight=359.18109932541847 36.424597322940826 385.90755562484264 146.23724740743637 134.82142509520054 9.5207200348377246 22.510069832205772 8.3215278387069684 9.3324285447597521 7.6510561108589163 32.656445026397705 8.1629617065191251 10.002648144960402 8.9061516970396024 15.560912683606146 322.34029239416122 392.53105434775352 8.8904754519462568 49.952587649226189 8.3372969925403577 125.80006375908852 8.6611362695693952 7.7887157052755347 54.055720299482346 61.749764055013657 49.922470822930336 439.582549482584 22.138675391674042 15.844363361597059 73.795712411403656 8.590109854936598
leaf_count=1062 120 1142 459 400 30 74 25 33 28 107 27 27 31 44 959 1179 25 152 23 402 23 27 154 191 140 1313 60 42 252 26
internal_value=-1.97976e-05 -0.00565782 0.0119497 -0.010514 0.0171249 -0.000548153 0.0220808 -0.00107735 0.0175806 0.00657525 -0.00755753 0.0160888 0.00534125 0.0154557 0.00385334 0.00238993 0.0186153 0.0115352 0.0133719 0.0171523 0.00472045 0.00158471 -0.00396776 -0.00283664 -0.00589819 -0.00631833 0.00318011 -0.0024218 0.0310623 0.0203753
internal_weight=2845.18 1934.14 911.042 991.671 464.124 942.465 246.008 919.955 163.891 446.918 632.489 156.24 405.371 51.9855 353.385 418.242 41.5469 218.116 192.751 134.137 58.6137 400.32 501.713 447.657 497.668 489.505 344.479 25.3651 82.1172 17.9225
internal_count=8577 5768 2809 2942 1463 2826 791 2752 514 1346 1880 486 1214 164 1050 1265 132 672 600 425 175 1206 1487 1333 1480 1453 1019 72 277 59
is_linear=0
shrinkage=0.03


Tree=25
num_leaves=31
num_cat=0
split_feature=48 80 55 54 90 47 88 88 46 46 19 109 7 98 90 14 47 109 73 69 74 64 33 13 46 71 104 54 75 8
split_gain=18.0106 15.6584 10.7924 12.623 10.6507 9.22306 9.96767 8.77833 8.33432 9.99527 7.7266 7.34099 8.65089 6.86167 6.59024 6.45895 6.09075 5.7212 7.77018 6.25706 4.10407 3.73373 3.53529 4.16661 6.21813 5.66091 2.83411 1.93105 1.24663 1.00889
threshold=147.00991569821954 -1.1710239036325991 1.5563492063492066 0.73024948024948033 0.28038961859055322 1461.383080896285 0.43320955163006042 0.43753787878787881 1662.3250862993925 1682.5048272473898 0.48333333333333339 -0.74166666666666647 0.83974358974358987 2.3416666666666672 0.27623717865297487 0.24862637362637366 1612.7002755925146 -1.447222222222222 1.5000000000000002 0.27392852574823462 15.500000000000002 -0.64906020832596278 0.28869047619047628 0.39230769230769241 1588.9535207776346 31.500000000000004 1.3484848484848486 1.5032467532467535 15.500000000000002 -0.40256410256410263
decision_type=2 2 2 2 2 2 2 2 2 2 2 2 2 2 2 2 2 2 2 2 2 2 2 2 2 2 2 2 2 2
left_child=1 4 3 5 7 6 -3 -1 15 -10 -7 -4 -13 -2 16 -5 -9 20 21 -20 26 -19 28 24 -24 -26 -6 -25 29 -15
right_child=13 2 11 8 17 10 -8 14 9 -11 -12 12 -14 22 -16 -17 -18 18 19 -21 -22 -23 23 27 25 -27 -28 -29 -30 -31
leaf_value=0.0255328496134874 0.011148231785844029 -0.0011467347802778002 0.043276299219688605 -0.0076227231160922561 -0.020306544209519717 -0.0014110324278670823 0.008689553535315123 -0.00016603046013818966 0.030498408646331489 -0.0097896605212027463 0.0028039835267495055 -0.01180683743592387 0.029802793439679759 -0.028496150188245039 0.018899139731061981 0.012731163438044193 -0.029280178991558395 0.0275374407627361 -0.018319757722497564 -0.0046215890644777744 0.0072350071082059432 -0.00058134210678026724 0.014175491270292797 -0.028571331638428676 -0.01953516675445047 -0.0011932867529317367 -0.0018123837752594086 -0.0078825778290154899 -0.010111844364923701 -0.013434349422979192
leaf_weight=15.488962903618811 11.702710479497908 130.3740139901638 8.5995767414569872 234.0034979134798 51.986831963062286 686.50744305551052 321.03621853888035 30.788574025034904 12.52854833006859 9.9388511925935727 910.57000969350338 8.7481857389211672 9.2537008970975858 18.044363573193557 12.308535084128378 14.926738709211348 8.1866078674793226 8.9662647247314471 35.689748659729958 188.63280120491982 6.6125445961952201 8.0799481272697431 10.935414925217627 13.502887830138208 30.419452056288719 30.157694041728973 8.7063650190830213 5.8064000308513632 6.3060921132564536 5.1433673799037924
leaf_count=39 36 396 20 791 160 2033 931 87 34 33 2684 26 24 74 33 44 24 23 109 534 18 24 35 54 118 105 24 22 23 19
internal_value=3.97118e-05 0.000564568 0.00147473 0.00125687 -0.00512384 0.00206235 0.00584869 0.00574009 -0.00482284 0.0126763 0.000992149 0.0204746 0.0095822 -0.0107817 -0.000237823 -0.00640223 -0.00628136 -0.00747393 -0.00531718 -0.00680097 -0.0152084 0.0142091 -0.0129147 -0.00998423 -0.00664528 -0.0104039 -0.0176536 -0.0223501 -0.0219388 -0.0251552
internal_weight=2853.95 2721.93 2346.49 2319.89 375.447 2048.49 451.41 66.7727 271.398 22.4674 1597.08 26.6015 18.0019 132.018 51.2837 248.93 38.9752 308.675 241.369 224.323 67.3057 17.0462 120.316 90.8218 71.5126 60.5771 60.6932 19.3093 29.4938 23.1877
internal_count=8577 8091 7016 6946 1075 6044 1327 183 902 67 4717 70 50 486 144 835 111 892 690 643 202 47 450 334 258 223 184 76 116 93
is_linear=0
shrinkage=0.03


Tree=26
num_leaves=31
num_cat=0
split_feature=80 80 80 73 48 71 90 26 100 68 34 111 34 46 68 21 80 103 103 77 97 48 12 43 68 104 49 101 21 47
split_gain=223.413 70.925 18.4793 14.1669 11.4743 10.8896 9.08228 9.04513 8.10331 7.52183 7.35185 7.81089 6.63828 6.46715 7.5202 6.39062 6.1452 5.944 5.47426 8.42608 6.62152 5.26722 8.12508 8.91312 7.91038 7.22886 7.04959 4.86719 6.32128 5.22959
threshold=-0.61380455407969636 0.37257348232042342 -1.2212883589220007 1.5000000000000002 74.907595916883352 86.500000000000014 0.25657898502200632 -1.8333333333333333 0.58114035087719318 1.6074929971988798 2.5089285714285716 -0.59379629629629604 0.61309523809523814 1417.7368245899399 -0.44587342744449582 0.5634920634920636 1.058481532147743 2.0416666666666674 2.4365079365079372 0.5596610169491526 0.72077922077922085 31.522963200508915 0.20714285714285716 1.0000000180025095e-35 0.15578138587496485 0.88194444444444453 0.43332092327679095 1.5358974358974362 0.32051282051282054 1474.6109807986666
decision_type=2 2 2 2 2 2 2 2 2 2 2 2 2 2 2 2 2 2 2 2 2 2 2 2 2 2 2 2 2 2
left_child=2 13 3 15 9 6 -5 18 16 27 11 -9 -13 14 -2 -1 -6 -8 19 20 -4 22 26 -24 25 -23 -15 29 -29 -3
right_child=1 4 7 5 8 -7 17 10 -10 -11 -12 12 -14 21 -16 -17 -18 -19 -20 -21 -22 24 23 -25 -26 -27 -28 28 -30 -31
leaf_value=-0.0080743052052041978 0.0022941857829443285 -0.0072239359957570904 -0.0012910226395637678 -0.005755304746778175 -0.012247008863964284 0.035772712486127838 0.013625695135591072 0.029472622460228057 0.014435533647458965 0.02171544882636817 -0.014185449297705412 0.0030257971181053877 0.011048400579879637 0.011047094127680958 0.029643011991339833 0.020110431843940881 -0.019978170384582428 0.022321808316922553 0.043844990005732096 -0.0080315583824808259 0.030292395233454558 0.019416127390769936 -0.0052478784921305864 0.002957265684474613 -0.016244793113368929 -0.0044309052702886393 0.00099087967926987197 -0.0055071570184591877 0.023397132252953246 -0.01459400731947102
leaf_weight=25.727429792284966 29.217909306287766 170.0165788680315 7.634424000978469 13.928076565265654 163.45689035952091 34.115098804235458 113.9309509396553 14.828170090913771 7.7149301171302787 7.1052563786506644 13.771821677684782 175.46046333014965 197.09829699993134 77.105506241321564 13.108668744564055 10.075925976037977 213.25072519481182 186.60800682008266 7.7596529424190512 9.8046809136867505 27.47249361872673 12.750758722424505 382.05330200493336 173.15313667058945 48.729932844638824 111.32898300886154 336.72056648135185 77.323952868580818 7.4672376811504355 176.71131353080273
leaf_count=72 84 556 20 36 546 87 301 39 28 22 39 485 533 219 36 28 800 480 21 26 76 37 1131 506 162 337 997 261 22 590
internal_value=-2.00349e-05 -0.00545232 0.0129883 0.0178283 -0.0122165 0.0196741 0.0179277 0.00888884 -0.0160002 -0.00890043 0.00735418 0.00811993 0.00727007 -0.000750891 0.0107642 -0.000142442 -0.0166235 0.0190252 0.0205772 0.0165571 0.0234242 -0.00117774 -0.000317294 -0.00268893 -0.00600271 -0.00198032 0.00286459 -0.00940454 -0.00296167 -0.0109801
internal_weight=2845.43 2007.22 838.215 384.385 823.047 348.582 314.467 453.83 384.423 438.624 401.159 387.387 372.559 1184.17 42.3266 35.8034 376.708 300.539 52.6713 44.9116 35.1069 1141.84 969.033 555.206 172.81 124.08 413.826 431.519 84.7912 346.728
internal_count=8577 6334 2243 1004 2825 904 817 1239 1374 1451 1096 1057 1018 3509 120 100 1346 781 143 122 96 3389 2853 1637 536 374 1216 1429 283 1146
is_linear=0
shrinkage=0.03


Tree=27
num_leaves=31
num_cat=0
split_feature=80 80 80 13 46 79 47 98 98 1 102 16 96 102 7 65 103 112 46 67 54 111 66 21 79 111 71 33 0 75
split_gain=215.675 50.4728 25.8567 14.6791 11.0901 10.21 8.51555 8.60709 7.82915 8.40961 7.49915 7.93948 6.40899 6.38508 6.35383 6.18865 6.17991 6.01807 5.96095 11.7947 7.05112 7.03897 5.74416 11.8821 5.35249 5.16967 5.06989 5.17562 5.02169 6.00579
threshold=0.3239937584829195 -0.56630036630036618 1.2509992386752953 1.0000000180025095e-35 1509.4445756156063 -0.38688172043010749 1566.5589230062717 2.3038461538461541 3.3038461538461541 2.1909090909090914 0.80625000000000013 0.24038461538461542 1.0954545454545457 0.91987179487179505 0.34848484848484856 -0.056142050717038143 1.6306818181818186 -0.053694046788676002 1527.5408050463736 0.31303434417245163 0.18624359479700436 0.28013840830449838 -0.18734872883423612 1.0000000180025095e-35 0.34960317460317464 -0.31374999999999981 8.5000000000000018 2.7321428571428577 2.577380952380953 17.500000000000004
decision_type=2 2 2 2 2 2 2 2 2 2 2 2 2 2 2 2 2 2 2 2 2 2 2 2 2 2 2 2 2 2
left_child=1 5 18 22 10 14 7 25 13 17 11 -3 -12 -6 -1 -9 -15 -10 19 -2 21 -21 23 -4 28 -5 27 -7 -20 -30
right_child=2 4 3 6 8 26 -8 15 9 -11 12 -13 -14 16 -16 -17 -18 -19 24 20 -22 -23 -24 -25 -26 -27 -28 -29 29 -31
leaf_value=0.0067480165515760538 0.00044854598974767955 0.036073760331573286 -0.0071236576278534925 -0.0091894468775972384 -0.0078642067148362547 -0.0053748265115479768 -0.0087733666372092588 0.026325029673018484 0.043502336344107058 -0.0061002390513188514 -0.00025966164258157666 -0.00010175151621225809 -0.0061853715521028628 0.0082631350354224597 -0.019743704649727203 0.011813405968010499 -0.0018110051581154848 0.014412534978398719 0.011038039002215226 0.0078216646655336793 0.033225871814646243 0.035241715440429082 -0.013554898352513891 0.038462271774148724 0.027474957241172607 0.023815839649868997 -0.01098535927405709 0.020162481351606754 -0.01931417847253903 0.013816556993093468
leaf_weight=8.593101814389227 186.42161546647549 8.5140335112810153 12.980405658483507 11.613016724586489 56.687298148870468 65.020455837249756 8.0024151206016523 191.23868089914322 9.4237270504236239 11.955583542585371 243.6983508169651 15.222594410181044 503.98175823688507 114.21718612313271 157.35225987434387 30.693849205970764 105.35470668971539 19.95170658826828 326.11307716369629 112.8528223335743 12.858839988708494 9.1057392358779889 14.358467549085615 8.526226878166197 16.81951966881752 6.7557525634765616 545.87387724220753 8.0240177959203702 10.997889399528505 8.9170043766498548
leaf_count=27 549 31 36 31 162 193 22 628 35 34 732 46 1473 356 477 93 311 63 998 342 45 32 38 30 56 22 1632 27 28 28
internal_value=-2.37463e-05 -0.00596427 0.011473 0.0190794 -0.00178441 -0.0117639 0.0216708 0.0226846 0.00293388 0.0151116 -0.00372692 0.012874 -0.00425395 0.00111198 -0.0183719 0.024318 0.00342937 0.0237446 0.0083133 0.00533703 0.0120967 0.00986892 0.00113878 0.0109487 0.0109483 0.00294939 -0.00999213 -0.00256952 0.0101449 -0.00447971
internal_weight=2842.13 1873.87 968.255 284.169 1089.01 784.864 248.304 240.301 317.59 41.331 771.417 23.7366 747.68 276.259 165.945 221.933 219.572 29.3754 684.087 321.239 134.817 121.959 35.8651 21.5066 362.847 18.3688 618.918 73.0445 346.028 19.9149
internal_count=8577 5599 2978 900 3243 2356 796 774 961 132 2282 77 2205 829 504 721 667 98 2078 968 419 374 104 66 1110 53 1852 220 1054 56
is_linear=0
shrinkage=0.03


Tree=28
num_leaves=30
num_cat=0
split_feature=49 103 46 52 8 20 112 98 26 106 74 47 96 50 10 103 68 103 71 96 71 55 102 37 105 67 5 106 66
split_gain=17.093 13.3275 9.11362 9.15177 9.77481 8.51368 7.36785 6.61519 6.59455 5.83732 5.80363 5.75584 10.8724 5.34369 5.61158 4.80092 4.57681 3.52164 4.62574 9.30323 6.64966 4.15865 6.63168 2.9478 1.70081 1.59152 0.233291 0.00190152 0.00070163
threshold=0.69978138025495584 1.9545454545454548 1662.3250862993925 0.72481884057971024 0.43809523809523815 0.061111111111111123 -3.0013586956521734 2.3416666666666672 -1.1666666666666663 3.4472222222222229 -2.4999999999999996 1482.1887543800915 1.6515151515151518 0.85092592592592597 0.26969696969696971 1.7638888888888891 -0.30592227678283562 1.5227272727272729 32.500000000000007 0.63068181818181823 46.500000000000007 -0.62382075471698106 1.7182539682539686 3.5000000000000004 2.9045454545454548 -0.033637097212996674 1.3208333333333335 2.7947368421052636 -0.47532327320161916
decision_type=2 2 2 2 2 2 2 2 2 2 2 2 2 2 2 2 2 2 2 2 2 2 2 2 2 2 2 2 2
left_child=1 2 3 5 15 8 23 -2 -1 -7 13 12 -12 14 -8 -5 -13 18 21 -20 -21 22 -9 24 27 -23 28 -3 -19
right_child=7 6 -4 4 -6 9 10 17 -10 -11 11 16 -14 -15 -16 -17 -18 26 19 20 -22 25 -24 -25 -26 -27 -28 -29 -30
leaf_value=-0.0019638784658545299 0.01096213536065002 -0.02895779485593283 0.027377920564099777 -0.015629327556953385 0.026624906770168235 -0.0010073402899144865 -0.017730134507903044 0.010721878805200645 0.0038813011814183532 -0.019771633588295697 0.019863933763597432 -0.008334055097345883 -0.020453665869135537 -0.01841525411935863 0.011566635678976971 0.0088638448983222717 -0.0022903328258049712 -0.028211281355001096 0.029888795560782121 0.0027411299567958185 -0.025562925473592131 -0.011995679590215665 -0.016899009711320408 -0.0033695739400179097 -0.012298916091388407 -0.028268225647655524 -0.020671033844102276 -0.028268584019353105 -0.02870129317169845
leaf_weight=200.54118269681931 11.734516277909277 6.2377248257398632 12.460864648222922 55.945839121937752 6.3204381018877021 416.94922876358032 6.5539532452821723 11.00684469938278 1298.5069109946489 15.474547356367109 22.995434060692791 154.90451622009277 8.1544690728187543 7.3608022630214682 57.581581369042397 8.2666251808404905 414.5993936508894 5.3151930421590796 6.6804759651422492 17.732486963272098 12.908588394522665 7.2784854322671917 27.048641800880432 10.838080570101736 9.5222117751836759 21.063861608505249 5.1697706282138816 8.5289945453405362 5.2055117189884177
leaf_count=590 36 21 35 205 17 1251 23 37 3840 51 64 448 24 21 160 26 1227 22 19 61 51 27 106 31 30 86 20 27 21
internal_value=4.75418e-05 0.00055727 0.00180117 0.00164198 -0.00897228 0.00202959 -0.00298561 -0.0105313 0.00309934 -0.00167883 -0.00228564 -0.0032474 0.00930953 0.00579431 0.00857282 -0.0124761 -0.00393422 -0.0126434 -0.0106396 -0.00218916 -0.00918291 -0.0153895 -0.00891018 -0.0163796 -0.0221848 -0.0240893 -0.0258895 -0.0285597 -0.0284537
internal_weight=2852.89 2721.74 2014.47 2002 70.5329 1931.47 707.277 131.144 1499.05 432.424 672.15 600.654 31.1499 71.4963 64.1355 64.2125 569.504 119.41 103.719 37.3216 30.6411 66.3978 38.0555 35.127 24.2889 28.3423 15.6905 14.7667 10.5207
internal_count=8577 8091 6015 5980 248 5732 2076 486 4430 1302 1967 1763 88 204 183 231 1675 450 387 131 112 256 143 109 78 113 63 48 43
is_linear=0
shrinkage=0.03


Tree=29
num_leaves=31
num_cat=0
split_feature=80 80 49 49 80 92 78 105 99 53 86 9 19 80 64 46 46 54 111 68 51 69 104 87 111 80 97 23 71 83
split_gain=210.1 67.4564 17.3425 11.0777 10.3086 8.04065 7.93125 7.99661 7.89459 7.77497 7.77107 9.40801 7.67806 9.08676 8.67362 11.1527 7.57113 7.47309 7.35729 7.14832 6.78926 6.52903 6.25296 6.04144 7.85995 6.0172 5.47907 5.36473 5.65747 5.12193
threshold=-0.61380455407969636 0.37257348232042342 0.36616861490946906 0.60616084479903609 -1.7847490347490345 6.4528369766649591 0.55277777777777792 1.4494949494949496 0.42481203007518803 0.55923090942227083 1.9000000000000001 0.21825396825396828 0.48333333333333339 -0.16652968036529678 0.077151229763100862 1484.3541936987067 1421.3706810725459 -0.66441441441441429 0.022500000000000023 1.6074929971988798 0.17425810904071776 -0.46917536196307569 1.2361111111111114 1.5500000000000003 0.052499999999999984 1.058481532147743 1.1742424242424245 0.5634920634920636 3.5000000000000004 0.22500000000000003
decision_type=2 2 2 2 2 2 2 2 2 2 2 2 2 2 2 2 2 2 2 2 2 2 2 2 2 2 2 2 2 2
left_child=2 12 4 19 20 6 27 9 -5 -8 11 -6 13 14 15 -2 17 -14 29 -3 -1 -15 -23 -18 -25 -10 -13 28 -4 -7
right_child=1 3 5 8 10 18 7 -9 25 -11 -12 26 16 21 -16 -17 23 -19 -20 -21 -22 22 -24 24 -26 -27 -28 -29 -30 -31
leaf_value=0.02819034989816889 0.0036260522577616287 -0.0091793432473091172 -0.0035720921904586634 0.01432425604884365 0.0164121575901129 -0.013204503266737899 0.020854176699065783 0.025815491399433597 -0.011965905505545195 -0.0079179554283714624 0.016888935517269131 0.0016540024451904562 -0.0022775177289180814 -0.017868608333260448 -0.0072505100120703724 0.019350048502060173 -0.005055482758698571 0.029515659868750835 0.017837943696721845 0.021024439470784063 0.0063343390020492874 -0.0035101738766476916 0.0051546554609477159 -0.0027734539829155289 0.014010132072370658 -0.019653417255754427 -0.025183908739526025 0.028545964291925345 0.0086291161440483176 0.01331238471186858
leaf_weight=90.991269409656525 107.85646083950996 429.1938654333353 39.51552602648735 7.7287828475236884 34.209346324205399 34.60780194401741 17.455909907817841 49.865917354822159 162.21900542080402 16.388661801815033 223.98756867647171 24.348660677671432 14.135820031166078 19.790463924407959 32.945979833602905 65.101544678211212 501.14822162687778 12.571335360407828 12.687056392431257 7.1700032204389563 14.883933037519453 190.61418190598488 123.53457029163837 79.31817053258419 36.747018754482269 210.60373550653458 9.5241954028606397 10.770393908023832 254.38741241395473 8.0880242288112623
leaf_count=226 306 1429 114 28 89 92 46 133 546 43 592 64 40 56 99 181 1502 35 34 22 37 574 369 239 108 800 26 30 694 23
internal_value=-2.39732e-05 -0.00531434 0.0125508 -0.0119455 0.0170982 0.00847296 0.00999788 0.0181767 -0.0156864 0.00692176 0.0141911 0.00531513 -0.000738194 0.00190055 0.00685725 0.00954458 -0.00295043 0.0126879 -0.00222085 -0.00868306 0.0251178 -0.00115572 -0.000102852 -0.00362711 0.00254034 -0.0163085 -0.00589214 0.00775072 0.00698865 -0.00818131
internal_weight=2842.39 2000.68 841.712 816.915 397.945 443.767 388.384 83.7105 380.552 33.8446 292.07 68.0822 1183.76 539.843 205.904 172.958 643.921 26.7072 55.3829 436.364 105.875 333.939 314.149 617.213 116.065 372.823 33.8729 304.673 293.903 42.6958
internal_count=8577 6334 2243 2825 1034 1209 1060 222 1374 89 771 179 3509 1585 586 487 1924 75 149 1451 263 999 943 1849 347 1346 90 838 808 115
is_linear=0
shrinkage=0.03


Tree=30
num_leaves=31
num_cat=0
split_feature=48 48 2 109 54 64 97 6 55 5 95 2 65 73 14 75 68 98 76 6 21 54 67 17 67 70 5 51 110 47
split_gain=166.775 57.0844 32.174 15.9496 14.2316 11.9769 9.90138 9.14894 8.34688 8.23057 8.3551 7.61418 7.52927 7.18199 7.05257 7.16142 6.68045 6.51373 6.40627 6.28576 6.23366 6.35942 6.14692 5.97916 5.95805 7.3738 9.11082 6.39156 5.765 5.59531
threshold=34.403079269796429 -28.661921005916835 0.87083333333333357 -0.66515151515151494 -0.092348927875243639 0.30375473899095956 2.7136363636363643 1.7416666666666669 -0.79830508474576256 0.20256410256410276 1.2613636363636365 -1.4967948717948714 -0.095582628069021278 4.5000000000000009 -0.11785714285714284 22.500000000000004 -0.14431339430707477 2.3245614035087727 0.7062745098039217 0.86190476190476206 0.087121212121212141 -0.78679653679653672 -0.62513440860215042 -0.13333333333333333 0.37497514416384975 25.500000000000004 -0.41309523809523796 0.9648148148148149 -0.20277777777777781 1486.7993878957411
decision_type=2 2 2 2 2 2 2 2 2 2 2 2 2 2 2 2 2 2 2 2 2 2 2 2 2 2 2 2 2 2
left_child=1 3 5 -1 8 24 7 12 20 10 16 -5 18 -7 17 -16 -6 -11 -4 23 -3 -22 -13 -15 27 -26 -27 29 -21 -2
right_child=2 4 6 11 9 13 -8 -9 -10 14 -12 22 -14 19 15 -17 -18 -19 -20 28 21 -23 -24 -25 25 26 -28 -29 -30 -31
leaf_value=-0.014920043184810721 -0.0015980907054092956 0.030598085745934332 0.018202604986963074 -0.022486908922330861 0.029772549989392705 0.036333605620631274 0.038358865016185913 -0.016152624849827161 -0.0050638769067144554 -0.0075823303058331773 -0.0030597144798774527 -0.016992202057647735 0.0096463326489579938 -0.017542403963562738 0.0024099065811215075 0.02798498473859775 0.0049310887014536991 0.020279638663629893 0.030862063999584244 0.018735054657661069 -0.0059633307669194171 0.011946041185458875 -0.0054736049235719194 0.016734898326075821 0.0021343660728553857 -0.013627863520524315 0.025094626099546411 0.026505649644891098 0.00722605397061017 0.0084459728695976746
leaf_weight=363.09212191402912 214.81463076174259 8.0468434840440732 157.3063477575779 27.445013493299484 10.834616437554358 11.072194173932074 21.687575340270996 7.1618141233921042 406.70399311184883 8.6850230246782285 187.09434141218662 45.049933254718781 69.208546310663223 12.163070976734163 115.93919701874256 10.769190847873686 96.705308258533478 57.875017181038857 46.643972724676132 84.767132490873337 36.69447173178196 34.736330881714821 560.16745266318321 7.3463274836540213 46.848762273788452 6.4259879887104026 36.703710615634918 8.9388822615146619 72.822826266288757 65.027460351586342
leaf_count=1094 624 28 497 78 38 39 76 18 1202 25 548 131 208 31 344 37 297 189 157 270 107 109 1686 23 137 17 121 30 217 199
internal_value=-2.76135e-05 -0.00485709 0.0109206 -0.0099082 0.000306391 0.00670725 0.0188298 0.0173189 -0.00332621 0.00392617 0.000770383 -0.00703185 0.0181965 0.0128936 0.00873712 0.00458358 0.00743386 0.0166441 0.0210979 0.0114281 0.00556582 0.00274588 -0.006331 -0.00463517 0.00363382 0.0103745 0.0193253 0.00153354 0.0134167 0.000735868
internal_weight=2838.78 1969.84 868.939 995.755 974.084 566.931 302.008 280.321 486.182 487.903 294.634 632.662 273.159 188.172 193.268 126.708 107.54 66.56 203.95 177.099 79.4776 71.4308 605.217 19.5094 378.759 89.9785 43.1297 288.781 157.59 279.842
internal_count=8577 5913 2664 2989 2924 1708 956 880 1446 1478 883 1895 862 580 595 381 335 214 654 541 244 216 1817 54 1128 275 138 853 487 823
is_linear=0
shrinkage=0.03


Tree=31
num_leaves=31
num_cat=0
split_feature=111 48 47 90 1 88 90 94 88 97 93 78 105 105 106 6 2 102 106 94 102 65 77 51 76 77 89 89 96 105
split_gain=17.9662 12.897 13.4604 10.3144 9.32363 8.86692 8.49026 8.12875 6.63574 6.43684 6.19244 8.22402 8.07221 6.00961 5.9117 6.06098 5.71771 5.86545 5.70008 5.83178 5.52582 9.57145 5.33152 4.87878 4.45216 4.22518 4.21579 4.11898 5.12272 4.18299
threshold=-0.59379629629629604 129.298745067434 1462.7716553537714 0.28801140684410648 1.591666666666667 0.44002820874471088 0.32979349923564649 1.2817460317460319 0.39028324154209287 1.3166666666666669 1.7434210526315792 0.33854166666666674 2.7638888888888893 0.68333333333333346 2.7029411764705888 1.591666666666667 0.58214285714285718 1.5669642857142858 2.6201923076923079 1.0250000000000001 0.94868421052631591 -0.092129691774541431 0.29449472096530926 0.53229166666666672 0.29321839080459772 0.2983765383608275 0.17954941498630822 0.26175778393512655 0.72077922077922085 1.5505050505050508
decision_type=2 2 2 2 2 2 2 2 2 2 2 2 2 2 2 2 2 2 2 2 2 2 2 2 2 2 2 2 2 2
left_child=3 2 4 5 6 9 7 -2 25 -1 11 -10 -12 -8 18 26 17 -17 19 22 -7 -22 -5 -6 -23 -4 -16 29 -29 -3
right_child=1 27 8 14 23 20 13 -9 10 -11 12 -13 -14 -15 15 16 -18 -19 -20 -21 21 24 -24 -25 -26 -27 -28 28 -30 -31
leaf_value=0.032910514686944545 -0.00019710887776426815 -0.0010335762121811594 -0.0022951029041419313 -0.0057002268680484318 0.045094521322455769 -0.019863460911861003 -0.030398751560014599 0.0095486008943888902 0.0027712312439409238 -0.0022348726463841603 -0.0039314994306655065 -0.0020858998097351852 0.016842840920580568 -0.0018082833924969637 0.0028048654025508968 -0.0070736340005641786 0.014019151380015518 -0.028993769868676186 0.016382102840925908 -0.018594809022752432 -0.013804162730001398 0.0055591694671218135 0.024858796028462225 0.013370740087419182 0.03637119624236726 -0.018262313526159955 -0.020887193289190312 -0.0013137390518951665 -0.024352059417847492 -0.019782591600417839
leaf_weight=13.000226110219957 107.74112080037594 53.737471356987953 32.879676565527916 17.156496107578281 7.797829985618594 13.292412385344504 7.6261232495307913 270.19232700765133 1116.553424462676 7.3370163887739173 348.81326898932457 436.34577934443951 17.687324553728104 49.99261574447155 7.4841277152299872 88.619382217526436 9.971558675169943 12.541236966848372 12.956921160221098 19.313506945967674 15.885072469711302 10.108439922332765 7.3350385576486579 9.9049229025840742 7.2460190951824179 27.298802450299263 69.815112426877022 12.799807146191595 27.029982298612595 13.375180199742315
leaf_count=31 328 184 101 61 18 41 26 764 3274 26 1107 1257 49 154 26 260 30 43 38 59 59 28 22 27 20 87 258 44 105 50
internal_value=5.59621e-05 0.000890623 0.00133884 -0.00673707 0.0060023 0.00370685 0.00513485 0.0067703 0.000271067 0.0202312 0.000578618 0.00140644 -0.00292893 -0.00559237 -0.00958534 -0.012142 -0.00765472 -0.00979115 -0.00109801 -0.00626838 -0.00351527 0.00302233 0.00345198 0.0273446 0.0184241 -0.00953832 -0.0185933 -0.00930584 -0.0169484 -0.00477015
internal_weight=2851.84 2539.78 2432.83 312.063 453.255 66.8692 435.552 377.933 1979.58 20.3372 1919.4 1552.9 366.501 57.6187 245.193 188.431 111.132 101.161 56.762 43.805 46.5319 33.2395 24.4915 17.7028 17.3545 60.1785 77.2992 106.942 39.8298 67.1127
internal_count=8577 7575 7192 1002 1317 205 1272 1092 5875 57 5687 4531 1156 180 797 617 333 303 180 142 148 107 83 45 48 188 284 383 149 234
is_linear=0
shrinkage=0.03


Tree=32
num_leaves=31
num_cat=0
split_feature=80 79 79 71 48 46 19 74 105 78 78 80 101 109 99 90 112 109 87 104 73 106 46 98 14 18 68 20 62 112
split_gain=197.555 74.783 14.4232 15.1413 9.871 9.50088 10.1483 9.5785 9.49251 9.40352 8.13242 7.53316 6.83097 6.78981 6.43828 6.43481 8.15889 6.35495 6.20397 7.49447 6.16272 5.9518 5.94761 5.88472 5.77211 7.44875 5.54815 6.22979 5.75641 5.50884
threshold=-0.71746492501209469 0.077853192559074927 -0.38688172043010749 14.500000000000002 50.255762742350733 1417.7368245899399 0.48333333333333339 -1.0000000180025095e-35 1.2928571428571431 -0.18898809523809521 0.22839046199701943 -0.16652968036529678 1.4721362229102171 0.95000000000000007 0.45804195804195807 0.28801140684410648 -1.1874847374847373 -0.75277777777777755 2.1000000000000005 0.95833333333333337 15.500000000000002 2.1464285714285718 1677.5850453213395 2.2565789473684217 -0.15505050505050502 0.44949494949494956 1.6074929971988798 -0.16249999999999995 1.0000000180025095e-35 0.54881017381017372
decision_type=2 2 2 2 2 2 2 2 2 2 2 2 2 2 2 2 2 2 2 2 2 2 2 2 2 2 2 2 2 2
left_child=2 5 8 24 26 14 7 20 17 -5 -10 -9 23 21 -2 16 -12 -1 19 -11 -7 29 -23 -8 25 -4 27 -3 -29 -6
right_child=1 4 3 9 13 6 12 11 10 18 15 -13 -14 -15 -16 -17 -18 -19 -20 -21 -22 22 -24 -25 -26 -27 -28 28 -30 -31
leaf_value=-0.0096922582888059553 -0.0035403250945588295 -0.019956705143057089 0.0081777549615884432 0.042287962846106739 0.011670579596648795 0.00022945894440988576 -0.011346190511455032 0.0052920662299030417 -0.006733341616378551 0.016011164269253818 0.0070859529585242673 -0.0023988997628510492 0.0013529418982172322 -0.020317178962862545 0.019449129055674582 0.02777359831008832 0.038012465712857359 0.018883513052862115 0.032445396535380006 0.0079865371834800664 0.01859015699560913 -0.014243558420312295 0.0060436972562943145 -0.0033348059593779978 0.0052831848357453434 -0.020960648818763607 0.01978500974592624 -0.0035622028176871641 -0.013755082415849591 -0.010684003362324961
leaf_weight=14.661591947078707 15.774254649877546 34.235901817679405 12.726024791598318 9.7236480414867383 16.898586019873619 24.816290855407715 107.9006432145834 194.96373151242733 8.0129658877849561 200.18540126085281 33.070379197597504 278.1357809305191 206.35892169177532 124.01785695552826 35.950471699237823 120.65450057387352 9.9985389113426191 13.410921320319174 13.538408309221266 219.70239880681038 48.817842721939087 358.41022717952728 13.495568722486494 350.7951192855835 68.698659896850586 20.802565932273865 6.6429622471332541 184.30547922849655 68.36122764647007 24.028933450579643
leaf_count=38 43 117 34 26 54 72 329 550 22 528 82 839 613 486 103 301 25 34 35 591 138 1252 50 1043 193 58 20 585 235 81
internal_value=-2.86029e-05 -0.00474954 0.0132368 0.0107106 -0.011743 -0.000153364 -0.000690827 0.00233709 0.0201322 0.0131114 0.022776 0.000770538 -0.00318004 -0.0141616 0.0124381 0.0242202 0.0142656 0.00395908 0.0124568 0.0118124 0.0124022 -0.0123124 -0.0135074 -0.00521935 0.000303077 -0.00990095 -0.00731966 -0.00794724 -0.00631998 -0.00145401
internal_weight=2839.1 2093.91 745.186 545.377 830.397 1263.51 1211.79 546.734 199.809 443.15 171.736 473.1 665.055 536.851 51.7247 163.723 43.0689 28.0725 433.426 419.888 73.6341 412.833 371.906 458.696 102.227 33.5286 293.546 286.903 252.667 40.9275
internal_count=8577 6610 1967 1465 2880 3730 3584 1599 502 1180 430 1389 1985 1923 146 408 107 72 1154 1119 210 1437 1302 1372 285 92 957 937 820 135
is_linear=0
shrinkage=0.03


Tree=33
num_leaves=31
num_cat=0
split_feature=80 80 80 13 46 67 49 55 66 6 53 65 98 92 49 16 75 11 110 34 112 95 66 69 101 80 59 13 10 96
split_gain=191.667 39.704 27.7883 13.3597 9.02319 10.0521 8.25452 11.2258 10.1804 8.06351 9.24935 7.773 10.3895 6.89965 6.82873 6.34549 6.34245 5.95438 5.76881 5.5255 5.48148 8.55811 5.38756 9.52479 5.04808 4.85072 4.83257 5.88219 4.58631 4.56629
threshold=0.21272727272727279 -0.84808721765243489 1.2509992386752953 1.0000000180025095e-35 1530.7746931955887 0.31303434417245163 0.45852885168354635 -0.06091527520098948 0.44185328569176757 1.7303030303030307 0.23294573643410857 -0.056142050717038143 2.3038461538461541 4.9163179057820896 0.34749717607499447 0.48333333333333339 22.500000000000004 -0.10000000000000005 -0.60208333333333319 0.43095238095238103 0.37241581415174757 1.3875000000000002 -0.18734872883423612 -0.17427844511177845 2.2426470588235299 -1.6121334310850437 1.0000000180025095e-35 0.20714285714285716 0.20714285714285716 1.1547619047619049
decision_type=2 2 2 2 2 2 2 2 2 2 2 2 2 2 2 2 2 2 2 2 2 2 2 2 2 2 2 2 2 2
left_child=1 14 4 22 5 18 17 20 16 11 -11 12 -5 -6 25 -13 -9 26 -2 -20 -8 -22 23 -4 28 -1 -3 -28 -15 -19
right_child=2 6 3 9 13 -7 7 8 -10 10 -12 15 -14 24 -16 -17 -18 29 19 -21 21 -23 -24 -25 -26 -27 27 -29 -30 -31
leaf_value=-0.021641049467569819 -0.013578271023181959 -0.0038756436585339481 0.027456598395582312 0.0012169112678834747 0.029391969860956966 0.010078448784178715 -0.0057989980634115491 0.00021898775285266118 0.038911464584244042 -0.023432465120790693 0.023884603058199911 0.0031310348214751483 0.026079890523852733 0.015163422484369304 -0.0098300361421878226 0.033793332198115415 0.011287960315950375 -0.0035978973211837299 0.0065611992964888345 -0.0023334175496645799 0.038447666207025735 -0.004910378655917552 -0.013548508358766136 -0.012720257274627066 0.034497441084705524 -0.01313216278401488 -0.0048332593865954201 0.035907210667066217 0.0070968119691737054 -0.012493040935764985
leaf_weight=100.05715177953243 23.856246739625931 234.09348167479038 12.330703109502791 16.506257832050323 16.27544042468071 154.50516319274902 324.97366504371166 292.59269773960114 6.8504067063331595 7.8905594646930677 7.0312199592590332 30.611856669187546 180.91334509849548 82.187442779541016 303.37378306686878 7.5780502259731284 55.412430197000504 77.419398337602615 118.82301087677479 133.45719493925571 6.5848776251077679 10.844865724444388 14.350078880786894 9.3280715048313159 7.0910911560058585 151.74543461203575 6.525532200932501 6.239094078540802 278.00517353415489 157.81774465739727
leaf_count=307 65 712 41 47 55 474 954 880 25 19 23 88 593 256 925 26 175 232 362 388 24 31 38 25 25 462 20 23 831 451
internal_value=-3.21997e-05 -0.00624589 0.00975923 0.0177942 0.00693151 0.00395098 -0.00313173 -0.00104477 0.00269441 0.02025 -0.00113642 0.0216045 0.0240011 0.0102779 -0.0128613 0.00921538 0.00198149 -0.00615012 0.000522508 0.00185591 -0.00491993 0.0114701 0.000707646 0.0101531 0.00943091 -0.0165133 -0.00289549 0.0150799 0.00893742 -0.00956554
internal_weight=2835.27 1734.53 1100.74 286.54 814.201 430.642 1179.35 697.259 354.856 250.531 14.9218 235.61 197.42 383.559 555.176 38.1899 348.005 482.095 276.136 252.28 342.403 17.4297 36.0089 21.6588 367.284 251.803 246.858 12.7646 360.193 235.237
internal_count=8577 5221 3356 900 2456 1289 3527 2089 1080 796 42 754 640 1167 1694 114 1055 1438 815 750 1009 55 104 66 1112 769 755 43 1087 683
is_linear=0
shrinkage=0.03


Tree=34
num_leaves=31
num_cat=0
split_feature=111 48 47 8 90 35 51 88 46 69 110 105 97 88 89 106 106 94 53 106 69 89 17 15 106 7 53 72 16 64
split_gain=16.8608 12.3275 10.1387 9.92986 9.87405 9.09777 8.8678 8.43902 6.38044 8.28997 7.48421 7.0993 6.02664 5.90426 14.2528 5.72421 5.43554 5.66475 6.06591 5.28549 4.73981 4.70037 4.49598 5.60115 5.77008 4.14361 8.16773 5.22396 4.05997 3.92125
threshold=-0.59379629629629604 147.00991569821954 1463.3959591145688 -0.59999999999999998 0.28801140684410648 -2.8363095238095233 0.52277432712215333 0.44002820874471088 1423.6330271025038 -0.28204938791075435 -0.71944444444444422 2.6515151515151518 1.3166666666666669 0.44301940547223573 0.26424280335666323 2.7029411764705888 2.6201923076923079 1.0250000000000001 0.39651043448511808 2.3944444444444448 0.34757890500508243 0.22773770589728659 -0.74801587301587291 0.26969696969696971 3.8284313725490202 0.96666666666666679 0.37008101851851855 5.5000000000000009 0.39230769230769241 -0.20639914437465065
decision_type=2 2 2 2 2 2 2 2 2 2 2 2 2 2 2 2 2 2 2 2 2 2 2 2 2 2 2 2 2 2
left_child=4 2 3 13 7 -5 -7 12 9 -4 20 -12 -1 19 -15 16 17 18 -6 -2 -10 -11 -17 -24 -25 29 -27 -28 -3 -9
right_child=1 28 8 5 15 6 -8 25 10 21 11 -13 -14 14 -16 22 -18 -19 -20 -21 -22 -23 23 24 -26 26 27 -29 -30 -31
leaf_value=0.031903591653153623 0.0089117799854541643 -0.025500869305578669 0.024424130799955646 0.042596465591243124 -0.005035115013370302 0.021567516298143821 0.005312015675362736 -0.028769847380138446 -0.0054385062748403962 0.013747768964488429 0.00069497803258693289 0.012567113151833858 -0.0020800262990043734 0.01392781822202005 -0.019906551672889711 0.015379954843190709 0.016032442869438997 -0.018288237047625409 0.02964129334949658 -0.015286452453859956 -0.026201101097108517 -0.013201547969387726 -0.021068036295911995 -0.0064380291616310328 -0.022975719673918239 -0.01417736325004635 0.03468278403039287 0.0013600438574520824 -0.0078239780635591949 0.001722204755045953
leaf_weight=13.12272357940674 10.164149120450018 14.971302673220633 6.516767591238021 6.4866435527801505 18.435411289334301 33.156251654028893 339.1571592092514 9.0614031702280027 61.628583639860153 6.3753880560398093 1788.4680668264627 46.510414198040962 7.3142880648374549 37.645552545785904 15.954246923327444 5.2954733967781058 13.016070395708082 19.130957767367363 6.023604840040206 40.47002600133419 11.788401693105696 67.44260311126709 51.233117967844009 107.39697895944118 23.0658328384161 13.789285078644754 7.9292882531881359 9.0857107490301114 53.414991989731789 6.5318168550729743
leaf_count=31 30 59 16 16 66 88 976 28 200 17 5305 128 26 110 56 17 38 59 17 138 38 203 203 325 72 52 19 29 195 20
internal_value=6.41782e-05 0.000870758 0.00121838 0.00511699 -0.00653577 0.00737332 0.00675964 0.00367883 0.000271469 -0.00801064 0.000620108 0.000995896 0.0197411 -0.00308283 0.00385685 -0.0093383 -0.000979914 -0.00605984 0.00350476 -0.010429 -0.00877231 -0.010874 -0.0118685 -0.0126627 -0.00936189 -0.0033962 0.00298241 0.016889 -0.0116938 -0.0159971
internal_weight=2850.58 2540.15 2471.76 483.034 310.432 378.8 372.313 66.8345 1988.73 80.3348 1908.4 1834.98 20.437 104.234 53.5998 243.597 56.606 43.59 24.459 50.6342 73.417 73.818 186.991 181.696 130.463 46.3975 30.8043 17.015 68.3863 15.5932
internal_count=8577 7575 7321 1414 1002 1080 1064 205 5907 236 5671 5433 57 334 166 797 180 142 83 168 238 220 617 600 397 148 100 48 254 48
is_linear=0
shrinkage=0.03


Tree=35
num_leaves=31
num_cat=0
split_feature=80 80 49 80 48 46 91 86 48 7 35 68 26 46 7 51 88 96 88 24 102 113 113 109 65 48 44 12 95 14
split_gain=185.801 67.2562 12.6771 12.0422 10.4411 9.29948 7.11882 7.49572 7.87379 6.7996 9.51941 6.65536 6.58254 8.36729 6.16318 7.05347 6.48781 7.04102 6.15049 5.95899 5.9078 9.50611 7.65307 5.71915 5.62525 6.82271 5.53654 5.39289 5.15205 12.0422
threshold=-0.71746492501209469 0.37257348232042342 0.44748209871193717 -1.8856209150326795 82.754806232010665 1417.7368245899399 2.5185812931575646 3.7750000000000004 -130.19118905446302 0.78174603174603186 0.035714285714285761 1.6074929971988798 -1.8333333333333333 1503.8807332223498 1.7416666666666669 0.37797619047619052 0.43607255961251873 0.72077922077922085 0.46162508662508667 1.5000000000000002 1.7875939849624063 -0.16111111111111101 -0.36363636363636354 -0.94999999999999973 -0.30530753968253965 -49.259367530983234 1.5000000000000002 0.19090909090909094 1.1547619047619049 0.23461538461538464
decision_type=2 2 2 2 2 2 2 2 2 2 2 2 2 2 2 2 2 2 2 2 2 2 2 2 2 2 2 2 2 2
left_child=2 5 3 9 11 24 7 8 -5 10 -1 28 13 -8 15 16 -4 -18 -17 -11 23 22 -22 -7 25 -2 -25 -14 29 -3
right_child=1 4 14 6 -6 20 12 -9 -10 19 -12 -13 27 -15 -16 18 17 -19 -20 -21 21 -23 -24 26 -26 -27 -28 -29 -30 -31
leaf_value=-0.0090166598610983938 -0.015775323516679093 0.0035558826682855378 0.025029310479138468 0.024063626278026311 -0.015480013704945965 0.015512736957646914 0.02612404276775479 0.024890278705781563 -0.011340339509198914 0.029971167107027713 0.025085091255050537 0.019933306569386716 0.0054250724604977931 -0.0024623240180903015 0.019860949824669585 -0.012765243066192226 -0.020617575468054577 0.010165287991501917 0.0080444891916900008 0.010528276967156811 -0.0075088844334723478 -0.014087881035648146 0.015111455721789582 3.6389630115176643e-05 0.021411881563642998 0.016547983133438748 -0.0094722909532666405 0.013981270260208407 -0.010472321243382585 -0.024787150221620046
leaf_weight=13.040839374065401 11.033402442932131 66.137272000312805 16.466195195913315 6.9447688758373216 334.3525837212801 20.519386023283005 61.867935657501221 9.6593546569347364 30.407862931489948 81.115022450685501 16.933202862739563 7.270798295736312 86.327472567558289 10.828161239624022 19.208646342158318 38.173554047942162 9.033028692007063 25.753798082470894 19.217779561877251 17.194419652223587 30.52431258559227 72.893809914588928 24.080422028899193 1025.3829596936703 27.463076367974281 12.576044932007788 58.2416140884161 285.7526975274086 380.17234271764755 16.94881646335125
leaf_count=35 31 221 45 19 1239 56 159 26 84 201 42 22 222 26 55 106 25 71 51 43 87 222 67 3028 76 36 182 757 1287 56
internal_value=-3.23222e-05 -0.0046289 0.0127976 0.0145711 -0.0114266 -0.000363448 0.0124358 0.00133381 -0.00475788 0.0227568 0.0102484 -0.00854632 0.0136093 0.0218661 0.00419621 0.00142663 0.0095154 0.00217196 -0.005797 0.0265706 -0.000883608 -0.00699798 0.00246658 -0.000177564 0.0121805 0.00144233 -0.000474674 0.0119961 -0.0089933 -0.00222584
internal_weight=2835.52 2087.6 747.925 620.072 804.882 1282.72 491.788 47.012 37.3526 128.283 29.974 470.529 444.776 72.6961 127.853 108.644 51.253 34.7868 57.3913 98.3094 1231.64 127.499 54.6047 1104.14 51.0725 23.6094 1083.62 372.08 463.258 83.0861
internal_count=8577 6610 1967 1614 2825 3785 1293 129 103 321 77 1586 1164 185 353 298 141 96 157 244 3642 376 154 3266 143 67 3210 979 1564 277
is_linear=0
shrinkage=0.03


Tree=36
num_leaves=31
num_cat=0
split_feature=80 80 80 13 48 65 50 1 51 101 47 98 74 83 90 21 71 8 104 101 45 65 64 80 104 66 21 13 93 48
split_gain=180.313 37.8138 26.0351 12.6429 8.35279 9.94728 8.28685 8.99618 7.90963 7.8797 7.55575 7.40694 7.29138 8.40024 6.60156 6.11773 6.7386 6.04337 6.02596 5.93921 5.99126 5.36962 5.23162 5.20594 5.20301 5.15016 10.9041 5.13392 10.1423 5.0495
threshold=0.21272727272727279 -0.84808721765243489 1.2509992386752953 1.0000000180025095e-35 -28.661921005916835 -0.14874568905205496 0.2752525252525253 1.1380952380952383 0.22335600907029482 1.2899159663865549 1566.5589230062717 2.3038461538461541 24.500000000000004 0.36666666666666675 0.32516020604752216 0.25833333333333336 31.500000000000004 0.12660256410256412 1.788888888888889 1.297058823529412 1.0000000180025095e-35 -0.056142050717038143 0.069209477250714371 -0.045228403437358657 1.9545454545454548 -0.18734872883423612 1.0000000180025095e-35 0.20714285714285716 1.9455882352941178 -19.327870716550702
decision_type=2 2 2 2 2 2 2 2 2 2 2 2 2 2 2 2 2 2 2 2 2 2 2 2 2 2 2 2 2 2
left_child=1 8 6 25 -3 15 14 12 29 -9 11 22 18 -14 24 16 -6 -11 -8 -16 -21 -13 -5 -17 -2 26 -4 -7 -29 -1
right_child=2 4 3 10 5 27 7 9 -10 17 -12 21 13 -15 19 23 -18 -19 -20 20 -22 -23 -24 -25 -26 -27 -28 28 -30 -31
leaf_value=-0.016189417268428676 0.0089273562906668665 -0.00608725095596811 -0.0075516108478929072 0.0232471196643559 0.0079167726440166203 -0.0014252853277539744 0.0029429841624076052 -0.006584777881303845 -0.0082900581645180653 0.015011705009431296 -0.0090461619393166284 0.023880271810532747 0.038467442269291455 0.0016855946363986938 0.031593892650299292 -0.013409195794921773 -0.010095280419886121 -0.0088407476770925673 0.011975592538170357 0.022611496022669764 0.0027696691293238864 0.010434729175521677 -0.009871595163190465 -0.0034320650862080253 -0.012714280539514311 -0.01339692640511657 0.035833714728393591 0.0036682163230528056 0.033528237097641404 0.0080524985077778041
leaf_weight=315.22337420284748 245.56942637264729 482.20415523648262 13.049062490463259 6.7778414487838772 51.885812923312187 210.56769694387913 215.61586967110634 102.49836573004723 227.22334012389183 33.699811384081841 8.0325202047824842 193.89372459053993 13.482009872794153 9.5440352857112867 21.210293412208557 94.276202693581581 29.220920085906982 13.345900803804396 96.099194601178169 27.976800829172134 26.83159202337265 31.006745874881744 11.707744836807249 93.99821712076664 10.42242920398712 14.305495381355284 8.6828844249248487 204.49080258607864 10.777208700776098 7.9276453554630271
leaf_count=971 741 1442 36 22 163 627 640 288 697 107 22 628 48 28 72 265 84 37 298 91 78 93 31 279 28 38 30 629 38 26
internal_value=-3.67866e-05 -0.00608758 0.00943504 0.0171994 -0.00305325 -0.000948859 0.00670086 0.0041981 -0.012579 -0.00191933 0.0195813 0.0205261 0.00693104 0.0232218 0.0103515 -0.00546067 0.00142744 0.00824525 0.00572766 0.0181143 0.0128979 0.0220266 0.00227156 -0.008428 0.00804624 0.000581309 0.00978277 0.00190528 0.00516313 -0.0155947
internal_weight=2831.55 1727.8 1103.75 287.456 1177.42 695.217 816.296 484.285 550.374 149.544 251.419 243.386 334.741 23.026 332.011 269.381 81.1067 47.0457 311.715 76.0187 54.8084 224.9 18.4856 188.274 255.992 36.0374 21.7319 425.836 215.268 323.151
internal_count=8577 5221 3356 900 3527 2085 2456 1446 1694 432 796 774 1014 76 1010 791 247 144 938 241 169 721 53 544 769 104 66 1294 667 997
is_linear=0
shrinkage=0.03


Tree=37
num_leaves=31
num_cat=0
split_feature=111 48 47 90 90 91 93 14 88 93 78 79 88 97 105 109 2 105 102 4 105 9 109 88 17 102 91 107 97 55
split_gain=15.7894 11.7497 12.2667 9.53904 8.74269 9.10847 10.9748 8.64375 7.76157 6.60782 7.02057 14.1461 9.98041 6.05681 5.84153 7.2749 6.00422 5.77522 5.62504 7.26843 5.11188 8.26258 5.06832 4.82347 4.79404 6.59297 4.55749 6.13015 4.92806 5.36551
threshold=-0.59379629629629604 129.298745067434 1462.0313396283952 0.28869471577804912 0.32979349923564649 2.5529263237740296 1.4868421052631582 -0.032051282051282041 0.44002820874471088 1.7434210526315792 0.33854166666666674 -0.044444444444444418 0.44808046135716334 1.3166666666666669 2.7638888888888893 0.2805555555555555 -0.30622710622710619 0.68333333333333346 0.94868421052631591 1.1380952380952383 0.73863636363636376 0.54195804195804198 0.94716905901116444 0.45655218609182807 -0.66190476190476188 1.5941176470588239 3.1083405788100862 0.46410256410256417 2.2111111111111117 -0.45368782161234983
decision_type=2 2 2 2 2 2 2 2 2 2 2 2 2 2 2 2 2 2 2 2 2 2 2 2 2 2 2 2 2 2
left_child=3 2 4 8 5 7 -7 -2 13 10 11 -4 -12 -1 15 -11 -16 -6 -10 -20 21 22 -5 -19 -22 -26 27 -3 29 -28
right_child=1 26 9 20 17 6 -8 -9 18 14 12 -13 -14 -15 16 -17 -18 23 19 -21 24 -23 -24 -25 25 -27 28 -29 -30 -31
leaf_value=0.031105796474276588 -0.018087689230224555 0.014848059784487624 0.0063066994184646534 -0.00048107036606824955 -0.030142645597265271 0.0066989124306610481 0.020680447117147879 0.0057291336005900959 -0.019578137647191827 -0.010070755238516787 -0.0058516571367230536 -0.00041199698534966647 0.0033075301073305697 -0.0026369402605728454 -0.0050443135643729311 -0.0010778390916125944 0.027599253246718743 -0.0049923016789851686 -0.013783996927518647 0.014536062133805578 0.012218442749240527 -0.010913310384993 0.034902821670209853 0.022205377565595347 -0.0084922144397578843 -0.02077845570747967 -0.0096936669933919573 -0.016198698645788351 -0.017303510388750026 0.018399357527638001
leaf_weight=13.218518212437631 22.513963937759399 6.2902646213769904 476.09295593202114 6.7496949285268766 7.1962983906269065 266.11448842287064 62.36985456943512 35.088814422488213 13.410304099321364 123.79296265542507 262.00287432968616 691.96070681512356 181.06976389884949 7.5065142214298239 9.5292944610118884 233.9815486818552 10.839465096592901 45.315216660499573 13.479092657566069 20.65469428896904 7.7358674854040137 20.369791314005852 7.9163242727518082 6.7417567372322074 143.58427527546883 54.126348689198494 10.329927101731299 63.553600057959557 10.738537296652792 15.008612766861917
leaf_count=31 72 20 1335 22 25 758 171 103 42 389 770 2094 510 27 28 750 28 141 51 59 26 77 20 18 437 210 38 240 41 44
internal_value=7.26379e-05 0.000851173 0.00127672 -0.00633346 0.00577733 0.00742402 0.00935361 -0.00357964 0.00356342 0.000269165 0.00110682 0.00232651 -0.00210859 0.0188843 -0.00329978 -0.00418946 0.0123273 -0.00495229 -0.00311514 0.00335275 -0.00914303 0.00144861 0.0186182 -0.00147 -0.0109493 -0.0118558 -0.00893013 -0.0134026 -0.000271653 0.00694649
internal_weight=2849.28 2540.53 2434.61 308.751 445.34 386.087 328.484 57.6028 68.2691 1989.27 1611.13 1168.05 443.073 20.725 378.143 357.775 20.3688 59.2533 47.5441 34.1338 240.482 35.0358 14.666 52.057 205.446 197.711 105.921 69.8439 36.0771 25.3385
internal_count=8577 7575 7192 1002 1288 1104 929 175 210 5904 4709 3429 1280 58 1195 1139 56 184 152 110 792 119 42 159 673 647 383 260 123 82
is_linear=0
shrinkage=0.03


Tree=38
num_leaves=31
num_cat=0
split_feature=80 80 49 80 48 20 74 111 91 98 91 48 111 47 89 38 101 33 98 48 96 80 12 67 80 6 66 8 47 92
split_gain=174.677 63.9575 11.9006 11.2599 10.1204 7.63603 6.90487 10.6451 7.49585 7.11035 6.77146 6.80218 6.77945 6.62179 11.3545 6.37972 8.2448 7.07376 7.34484 7.0803 6.34736 6.22157 6.00758 7.38599 5.99426 5.94765 8.24902 6.19535 5.41153 5.25691
threshold=-0.71746492501209469 0.37257348232042342 0.44748209871193717 -1.8856209150326795 82.754806232010665 0.061111111111111123 11.500000000000002 -0.024965373961218829 2.474865269075063 2.0741758241758248 2.5185812931575646 -130.19118905446302 -0.1349740484429065 1618.6278000655784 0.26460760030347669 1.0000000180025095e-35 1.5477272727272731 0.40000000000000013 2.1026315789473689 9.9920780818749808 1.4772727272727275 -0.26876172607879917 0.19090909090909094 -0.7938954388935654 0.21272727272727279 0.87083333333333346 -0.16544755731793667 0.059981684981684998 1498.259256117645 5.5154408213148463
decision_type=2 2 2 2 2 2 2 2 2 2 2 2 2 2 2 2 2 2 2 2 2 2 2 2 2 2 2 2 2 2
left_child=2 6 3 -1 15 25 7 8 -2 -10 11 -5 -13 20 -15 16 -3 19 -19 -17 -8 -22 23 -12 -9 -4 -27 -28 -24 -26
right_child=1 4 5 10 -6 -7 13 24 9 -11 22 12 -14 14 -16 17 -18 18 -20 -21 21 -23 28 -25 29 26 27 -29 -30 -31
leaf_value=0.021985793224420715 -0.015114114634337147 -0.013566469265667023 -0.022736656512405674 0.023429263490441544 -0.015187882791810152 0.030009864864667567 -0.0060596396304696742 0.00040049232073005397 0.032585928422060484 0.0071521661166528486 0.038054674864962786 -0.014789732913071629 0.011501054310574512 -0.013690500810871729 0.027814509735451985 0.02097639289343069 -0.00096578605015126232 0.015808690130748704 -0.011807968652132388 -0.0016041512671933955 -0.0073722762926431481 0.011086440004069211 0.029197767135724868 0.0048869222939355583 -0.016692662886757206 0.024968806496703844 0.021758222411457275 -0.0021208183644663855 0.014087769617694156 -0.0014730154326487654
leaf_weight=128.77454853057861 12.893835961818693 233.91396521031857 8.1616662144660932 9.8086521923542005 330.95787839591503 9.4408798962831479 338.07658320665359 556.49977128207684 10.442747086286543 187.79239942133427 6.4349704086780539 22.888349741697308 14.369052827358248 9.7469009757041949 15.156649544835089 15.706461220979689 58.402498826384544 9.5998972803354246 89.216209024190903 61.171479910612106 26.876512080430984 42.296150386333466 22.86500546336174 99.082194805145264 36.849979922175407 14.409175574779509 11.049944818019865 84.987554103136063 318.19521009922028 45.824659705162048
leaf_count=321 36 799 25 27 1239 25 1017 1626 30 541 16 63 39 27 44 50 195 33 306 203 77 127 60 254 115 39 31 233 834 145
internal_value=-3.63018e-05 -0.0045102 0.0123721 0.0140856 -0.0111728 0.00404309 -0.000359416 0.0012099 0.00705034 0.00849198 0.0120247 0.00120163 -0.00465017 -0.00344719 0.01157 -0.00833348 -0.011049 -0.00381552 -0.00912503 0.00300914 -0.00436551 0.00391445 0.0131654 0.00690966 -0.000719289 0.00197621 0.00380241 0.000626672 0.0151008 -0.00825676
internal_weight=2831.89 2081.42 750.467 622.418 798.968 128.049 1282.46 850.303 211.129 198.235 493.643 47.0661 37.2574 432.153 24.9036 468.011 292.316 175.694 98.8161 76.8779 407.249 69.1727 446.577 105.517 639.174 118.608 110.447 96.0375 341.06 82.6746
internal_count=8577 6610 1967 1614 2825 353 3785 2493 607 571 1293 129 102 1292 71 1586 994 592 339 253 1221 204 1164 270 1886 328 303 264 894 260
is_linear=0
shrinkage=0.03


Tree=39
num_leaves=31
num_cat=0
split_feature=79 48 54 79 78 54 76 78 104 71 96 21 67 71 0 66 64 10 20 113 7 89 110 47 4 13 95 88 20 70
split_gain=157.387 39.4819 24.0905 13.7691 10.9968 9.4156 9.29298 8.98543 7.33205 7.1989 7.13154 8.18638 7.68666 9.32046 7.04629 7.92691 7.73187 6.36646 6.33348 6.08416 6.07604 5.82163 8.52345 6.73823 6.26319 5.63717 6.50062 5.42895 5.70245 5.12548
threshold=0.069208989454768985 -28.661921005916835 0.5240998838559815 -0.38688172043010749 -0.38832199546485252 -0.092348927875243639 0.69752141982864146 -0.34738243123336282 2.3693181818181821 6.5000000000000009 1.6125000000000003 0.39230769230769241 0.35387997882394545 8.5000000000000018 1.0801282051282053 -0.076008629258154756 -0.066077739827739887 0.45804195804195807 1.0000000180025095e-35 0.78093434343434365 0.82575757575757591 0.21173820879703234 0.44494949494949498 1490.3039384685537 1.1742424242424245 0.20714285714285716 1.2361111111111114 0.44753592390204416 0.061111111111111123 13.500000000000002
decision_type=2 2 2 2 2 2 2 2 2 2 2 2 2 2 2 2 2 2 2 2 2 2 2 2 2 2 2 2 2 2
left_child=1 3 10 -1 6 21 8 18 17 -5 12 -12 14 29 15 -2 -16 -4 -7 -15 -6 22 24 -24 -3 -9 -27 -23 -29 -14
right_child=2 5 4 9 20 7 -8 25 -10 -11 11 -13 13 19 16 -17 -18 -19 -20 -21 -22 27 23 -25 -26 26 -28 28 -30 -31
leaf_value=-0.018113457791141478 -0.0095004803058094198 0.0010703374843475228 0.01481457252603734 0.0088036437541703684 -0.0061050027171399446 0.033799573171031778 0.026879482375860141 -0.0015811638965357287 0.042998312415083409 -0.0084263640400648876 -0.0065287814466324159 0.023882947681545402 0.011963792071420048 0.015681614227093181 -0.0052007332394946888 0.023702058801737178 0.0057947700243503398 -0.0097183728126840306 -0.0024993075690615072 0.037755083660263436 0.011158113833334376 -0.0022580423871982219 0.021702625471576895 -0.015368980936669052 0.028902533316854287 0.016595786564134914 0.0026120254689319679 -0.012224676679564095 0.0038584295471922 -0.0045764201801114339
leaf_weight=140.66372154653072 8.3866648524999601 13.037309587001802 149.43034729361534 22.436436906456947 20.094472438097 13.680111080408098 83.795210927724838 211.96557657420635 7.8229852914810172 799.72982673346996 71.730632066726685 8.9614513665437681 37.691916286945343 54.860102623701096 87.02196341753006 28.338990405201912 169.98733258247375 10.16787341237068 6.3269001245498648 14.133689075708388 211.31010310351849 268.54752531647682 5.6813932657241848 19.760953441262245 16.469271048903465 38.442217782139778 134.9464814811945 117.8190646469593 23.858947247266769 30.510114133358002
leaf_count=449 23 39 459 73 56 48 277 627 28 2422 201 30 116 172 249 94 505 27 18 49 644 811 19 56 58 127 407 334 75 84
internal_value=-4.17894e-05 -0.00525394 0.00956932 -0.00944009 0.0143774 -0.000623985 0.0187236 0.00271826 0.0146416 -0.00795617 0.00503381 -0.00315133 0.00656648 0.0124291 0.00382819 0.0161199 0.00207175 0.0132516 0.0223206 0.0202035 0.00965904 -0.00353648 0.00563348 -0.00709072 0.016605 0.00170054 0.00571238 -0.00476478 -0.00951624 0.00456454
internal_weight=2827.61 1833.37 994.244 962.83 482.621 870.536 251.216 405.361 167.421 822.166 511.623 80.6921 430.931 137.196 293.735 36.7257 257.009 159.598 20.007 68.9938 231.405 465.174 54.9489 25.4423 29.5066 385.354 173.389 410.226 141.678 68.202
internal_count=8577 5563 3014 2944 1491 2619 791 1227 514 2495 1523 231 1292 421 871 117 754 486 66 221 700 1392 172 75 97 1161 534 1220 409 200
is_linear=0
shrinkage=0.03


Tree=40
num_leaves=31
num_cat=0
split_feature=93 109 48 48 46 113 109 46 101 83 51 48 19 8 77 17 66 46 1 91 43 98 72 50 54 70 103 77 5 19
split_gain=14.2352 13.939 8.60269 8.13435 7.38448 7.02812 12.2879 6.86194 6.70424 6.39818 14.4735 7.9742 7.23017 5.79783 6.09649 6.13446 5.5126 6.1599 5.82492 5.21613 4.84364 4.7545 4.71596 7.52675 4.66818 3.58462 3.22244 3.93763 6.55413 3.54483
threshold=1.7029411764705884 -1.5916666666666663 -85.923055335116928 147.00991569821954 1662.3250862993925 -1.0000000180025095e-35 -0.46153846153846151 1677.5850453213395 1.8480769230769234 0.70833333333333337 0.34738243123336293 76.643936450774632 0.64583333333333337 0.12660256410256412 0.34228550829127619 0.42517482517482524 0.66007430918388865 1481.3800590907865 1.1909090909090911 2.6023411829134724 1.0000000180025095e-35 3.4472222222222229 49.500000000000007 0.37797619047619052 1.0866881374127753 34.500000000000007 1.4772727272727275 0.3073115003808074 1.1726190476190479 0.51666666666666672
decision_type=2 2 2 2 2 2 2 2 2 2 2 2 2 2 2 2 2 2 2 2 2 2 2 2 2 2 2 2 2 2
left_child=1 25 13 4 9 16 -7 -6 -8 12 -11 -12 21 22 -15 -16 18 -18 -4 -5 -9 -2 23 -3 -14 -1 27 29 -29 -21
right_child=3 2 5 19 7 6 8 20 -10 10 11 -13 24 14 15 -17 17 -19 -20 26 -22 -23 -24 -25 -26 -27 -28 28 -30 -31
leaf_value=-0.016644244895498667 -0.0089380712352579474 0.036528619088931985 0.010436011077174871 0.0093616611024244997 0.029872382231545432 -0.0096984641432985592 0.0014294788837828387 -0.018468524000487135 0.020789210183260187 -0.020171143734739674 0.025933934105391101 0.0034075287526965799 0.017528472173181153 -0.023709147695860102 -0.0052613159004396004 0.005606925745913616 -0.0085591497534837618 0.012209421197451546 0.0038837050907916614 -0.023189564965149009 0.017084419678284547 -0.0020446819114773003 -0.018473477645900148 0.004052716826594048 -0.0096539050717685988 0.006857855903053032 -0.025498050828360267 0.012677133964926783 -0.027593143097672169 -0.0074491771954249466
leaf_weight=48.023785203695297 212.5106977969408 7.1626153588294974 152.44044087827206 9.3006577342748624 11.893656998872759 92.675048112869263 843.97736816108227 7.1073128879070264 16.411859199404716 17.03790183365345 21.295561626553535 42.109661594033241 20.016164481639866 13.726069688796995 256.82208688557148 57.140828207135201 53.59672600030899 16.907507508993149 613.67259921133518 26.353316560387611 6.6997526437044144 156.26607505977154 6.9740902483463278 62.187889322638512 7.9423328340053549 6.6495262682437888 18.211315631866455 12.473609179258348 5.1346851438283911 25.1805260181427
leaf_count=152 703 18 417 31 31 282 2556 25 47 59 59 138 58 43 743 156 158 47 1756 109 19 491 21 174 27 19 77 40 22 99
internal_value=8.14075e-05 0.00117666 0.00154957 -0.004026 -0.00249401 0.00244217 0.000680785 0.0131705 0.00179876 -0.0033377 0.00437693 0.0109733 -0.00490194 -0.00240446 -0.0041389 -0.00328331 0.00444873 -0.00357867 0.00518748 -0.0119967 -0.00121678 -0.00601706 0.00504208 0.00740687 0.00980662 -0.0137859 -0.0142708 -0.0113136 0.000934078 -0.0154985
internal_weight=2847.9 2248.37 2193.7 599.533 502.879 1789.68 953.064 25.7007 860.389 477.178 80.4431 63.4052 396.735 404.014 327.689 313.963 836.617 70.5042 766.113 96.6541 13.8071 368.777 76.3246 69.3505 27.9585 54.6733 87.3535 69.1421 17.6083 51.5338
internal_count=8577 6589 6418 1988 1610 5263 2885 75 2603 1535 256 197 1279 1155 942 899 2378 205 2173 378 44 1194 213 192 85 171 347 270 62 208
is_linear=0
shrinkage=0.03


Tree=41
num_leaves=31
num_cat=0
split_feature=80 79 79 87 14 104 80 78 19 105 4 101 54 74 96 46 66 86 46 35 73 36 111 88 103 104 65 46 103 80
split_gain=164.439 59.7785 15.8786 12.8113 9.04769 10.8123 8.89246 8.68086 8.17467 8.16138 8.15303 7.71879 7.50796 7.39728 11.2451 7.11507 8.51285 6.99958 7.87257 6.85493 7.24647 6.72722 6.12848 6.85341 5.71993 5.71543 6.89869 5.69928 4.9388 5.5245
threshold=-0.61380455407969636 0.077853192559074927 -0.38688172043010749 0.36666666666666675 -0.068686868686868699 1.0871212121212122 1.1835406377659903 0.22839046199701943 0.48333333333333339 1.2928571428571431 1.3452380952380956 0.78174603174603186 -0.92153846153846153 11.500000000000002 1.4772727272727275 1421.3706810725459 0.12058036643110183 2.7083333333333335 1428.9197347847792 -1.6374999999999997 41.500000000000007 -1.0000000180025095e-35 -0.8915624999999997 0.44808046135716334 1.8257575757575759 0.63068181818181823 0.3599812658905393 1585.6176778316019 2.3484848484848491 -1.8265664160401001
decision_type=2 2 2 2 2 2 2 2 2 2 2 2 2 2 2 2 2 2 2 2 2 2 2 2 2 2 2 2 2 2
left_child=2 8 7 4 5 10 -3 -1 11 28 -4 -2 -5 27 -15 16 -10 24 -19 -6 -21 -7 -14 -24 -17 -11 -27 -13 29 -9
right_child=1 6 3 12 19 21 -8 9 15 25 -12 13 22 14 -16 17 -18 18 -20 20 -22 -23 23 -25 -26 26 -28 -29 -30 -31
leaf_value=-0.010123285453126536 -0.018805190256260058 -0.0089334010866551176 0.017101369302900259 0.024809177484808976 -0.0047505062419498428 -0.0059350400340534059 -0.015718002441912189 0.029452160888263745 0.043109397323355211 0.01435824594141962 -0.0051606799369047617 0.0064463339582602544 0.033660384181363572 -0.0050319160327826455 0.015760207059789172 -0.0071756258360590013 0.0032017175863093975 -0.029577109300761587 0.0028683318825845788 0.012985923280174845 -0.0012833717423623632 -0.031153828494880412 0.013218252732751607 0.0024626617372021597 0.0015087227383382732 0.0043374331903959194 0.028754607785004355 -0.014024933459286138 -0.014120146129754787 -0.003404634968931067
leaf_weight=9.2151156812906247 15.095835223793982 559.89752550423145 28.129064708948135 41.773520231246948 33.137346550822258 28.310512155294418 252.17513364553452 9.3437270224094409 6.2092711478471783 55.673428356647491 31.25903445482254 315.55014124512672 10.501006275415419 154.66908772289753 27.585590809583664 345.89419186115265 21.357341066002846 7.0048897266387931 171.86544501781464 153.718380600214 40.461548507213593 14.342834427952765 196.52546891570091 73.170589834451675 85.040696829557419 11.65190279483795 98.02456870675087 12.733688309788702 8.7452107667922956 9.0823183059692401
leaf_count=25 45 1901 75 108 93 79 976 24 17 138 84 917 28 461 81 1047 60 20 512 414 107 38 516 199 257 29 241 40 22 23
internal_value=-4.01947e-05 -0.00479434 0.0109669 0.00868908 0.0045291 -0.00289226 -0.0110402 0.0183213 -0.000433118 0.0196828 0.0053837 0.0023365 0.0129445 0.00296163 -0.00188487 -0.0027172 0.0121908 -0.00339112 0.00159771 0.00786051 0.0100126 -0.0144152 0.0111757 0.0103002 -0.00546186 0.0221867 0.0261606 0.00565228 0.00444541 0.0132568
internal_weight=2828.14 1975.08 853.066 651.329 329.359 102.041 812.073 201.736 1163.01 192.521 59.3881 525.634 321.971 510.539 182.255 637.372 27.5666 609.805 178.87 227.317 194.18 42.6533 280.197 269.696 430.935 165.35 109.676 328.284 27.1713 18.426
internal_count=8577 6334 2243 1741 890 276 2877 502 3457 477 159 1544 851 1499 542 1913 77 1836 532 614 521 117 743 715 1304 408 270 957 69 47
is_linear=0
shrinkage=0.03


Tree=42
num_leaves=31
num_cat=0
split_feature=80 80 80 13 51 78 47 68 98 101 61 35 9 65 101 49 35 79 12 65 89 64 49 66 21 17 24 68 80 0
split_gain=160.025 34.8595 22.9309 11.6684 7.56879 7.03035 7.02564 7.00602 6.94927 6.53543 7.07506 6.50662 6.4842 6.30562 10.5868 8.56452 5.91995 5.67941 5.21579 5.09143 5.0337 5.02259 4.80916 4.80059 10.3069 4.4586 4.39747 7.70789 4.1677 4.61459
threshold=0.21272727272727279 -0.84808721765243489 1.2509992386752953 1.0000000180025095e-35 0.22335600907029482 -0.26598639455782308 1566.5589230062717 0.2182568400949432 2.3038461538461541 2.3416666666666672 1.0000000180025095e-35 -0.56964285714285701 1.0000000180025095e-35 -0.14874568905205496 1.2426470588235297 0.45279793932945867 1.0922619047619051 0.038751189990480057 0.46410256410256417 -0.056142050717038143 0.26493224473680504 0.069209477250714371 0.4722136158125218 -0.18734872883423612 1.0000000180025095e-35 -0.077855477855477848 1.1666666666666667 -0.042547551492223661 -1.0304856811145509 1.591666666666667
decision_type=2 2 2 2 2 2 2 2 2 2 2 2 2 2 2 2 2 2 2 2 2 2 2 2 2 2 2 2 2 2
left_child=1 4 7 23 22 11 8 12 21 10 17 25 -2 -7 -15 -16 20 -9 -18 -10 -14 -5 28 24 -4 -3 -13 -28 -1 -30
right_child=2 5 3 6 -6 13 -8 9 19 -11 -12 26 16 14 15 -17 18 -19 -20 -21 -22 -23 -24 -25 -26 -27 27 -29 29 -31
leaf_value=-0.0171756926708676 0.030527338200636349 -0.0010798698545639882 -0.0078555858904351648 0.022102732446056123 -0.0078724969050507961 -0.0067477396653331167 -0.0091961867001027278 0.029428188471153201 0.022540599800942852 0.037889694505783847 -0.009255775887796483 -0.012435496743367691 -0.00095698501169494529 0.0056027265282117119 -0.0074561048775163806 -0.0003120844973648486 0.012268981574886106 0.0088949205160174308 -0.012423213847685091 0.009486172350484233 0.0073041385715387234 -0.010233602034276435 0.0079906709167185015 -0.013366637093734247 0.034172042877117892 0.024828954217961108 0.028579851102554385 -0.0067008213622496236 -0.012526825793857091 0.0096836886816601565
leaf_weight=259.9592392295599 7.9298938661813727 8.4506870359182376 13.09733295440674 6.8379787504673031 224.74897187948227 356.97190092504025 8.0484544932842237 12.559768229722975 194.91680949926376 7.0184612721204749 18.825722932815552 18.031143590807915 242.64959968626499 137.97630096971989 279.96183982491493 327.94069427251816 82.039554819464684 349.06006622314453 8.496521979570387 31.191291689872742 91.381807908415794 11.754056066274641 7.9354739487171164 14.282768517732618 8.7670563757419568 20.428871527314186 9.2397751212120074 14.044469237327574 38.305223152041435 10.790588200092314
leaf_count=818 27 25 36 22 697 1052 22 43 628 25 51 51 706 433 836 988 256 1048 23 93 277 31 26 38 30 70 32 40 117 36
internal_value=-4.65259e-05 -0.00578959 0.0088348 0.0161029 -0.0120838 -0.00288279 0.0183829 0.00627404 0.0192901 0.00920383 0.00867463 0.00632293 0.00364932 -0.00346872 -0.00189941 -0.00360217 0.0031473 0.00960808 0.0099517 0.0207398 0.00130303 0.0016594 -0.0150696 0.000160135 0.00899641 0.0172476 -0.00131342 0.00729944 -0.0156617 -0.00764526
internal_weight=2823.64 1714.79 1108.86 288.896 541.739 1173.05 252.749 819.961 244.7 387.464 380.446 70.1949 432.497 1102.85 745.879 607.903 424.567 361.62 90.5361 226.108 334.031 18.592 316.991 36.1472 21.8644 28.8796 41.3154 23.2842 309.055 49.0958
internal_count=8577 5221 3356 900 1694 3527 796 2456 774 1167 1142 218 1289 3309 2257 1824 1262 1091 279 721 983 53 997 104 66 95 123 72 971 153
is_linear=0
shrinkage=0.03


Tree=43
num_leaves=31
num_cat=0
split_feature=111 48 47 90 90 92 88 1 88 5 105 97 105 106 102 65 95 106 94 53 16 102 88 98 33 17 15 106 88 106
split_gain=14.0534 10.7781 11.4189 9.12611 8.28337 8.16932 7.41738 7.36433 6.33271 5.77071 8.37108 5.66301 5.61484 5.53686 5.43917 9.03593 5.14873 5.13201 5.55352 5.57805 4.90751 4.79583 4.62617 4.15135 5.31401 4.12066 5.23748 5.53145 3.99896 3.80453
threshold=-0.59379629629629604 129.298745067434 1462.0313396283952 0.28869471577804912 0.32979349923564649 4.5695295849856103 0.44002820874471088 1.591666666666667 0.39028324154209287 -1.5916666666666663 2.6515151515151518 1.3166666666666669 0.68333333333333346 2.7029411764705888 0.94868421052631591 -0.092129691774541431 1.6833333333333336 2.6201923076923079 1.0250000000000001 0.39651043448511808 0.39230769230769241 1.4868421052631582 0.45655218609182807 2.7669683257918556 0.52559523809523812 -0.74801587301587291 0.26969696969696971 3.8284313725490202 0.45366324512665984 2.5811403508771935
decision_type=2 2 2 2 2 2 2 2 2 2 2 2 2 2 2 2 2 2 2 2 2 2 2 2 2 2 2 2 2 2
left_child=3 2 4 6 5 -2 11 -7 23 21 -11 -1 -6 17 -8 29 -17 18 19 -5 -3 -10 -14 24 -4 -15 -27 -28 -22 -16
right_child=1 20 8 13 12 7 14 -9 9 10 -12 -13 22 25 15 16 -18 -19 -20 -21 28 -23 -24 -25 -26 26 27 -29 -30 -31
leaf_value=0.030391540525556603 0.040058476071112285 -0.019613929253385454 -0.01094669596237513 -0.004334536352736105 -0.029864811183953788 0.0057690130368422306 -0.019184132247674682 0.02798918837800941 -0.021039628337942158 0.00047290748086540587 0.014545131684459416 -0.0022807412194420442 -0.0049346480288750246 0.014686910765370539 0.0014036145107121632 0.0052721878656828772 0.038009899195117762 0.016009127380575135 -0.017737187741691793 0.0288863807231413 -0.0074376687975204895 0.0037843824461125494 0.021631974606981332 -0.021216401441751753 0.012714547962479505 -0.020351470897311166 -0.0059516911454690754 -0.022365207003908486 0.012558284727150641 -0.028114351033592392
leaf_weight=13.29786989092827 6.6758655011653891 27.002422377467155 29.505223497748375 18.133153140544895 7.1269894391298285 366.74730503559113 13.225045204162596 13.933993518352507 19.979556828737262 1859.7049591094255 38.839629009366035 7.4490961283445349 45.263908043503761 5.3328834772109976 7.9494641572236997 11.273783922195436 7.0132643580436698 13.001747116446493 18.791525587439537 6.0720859616994849 67.56789356470108 10.785267829895018 6.783220946788787 18.392484769225121 12.023816183209417 49.552277684211731 104.57485969364643 22.44520178437233 10.384755030274389 7.7717465460300446
leaf_count=31 16 102 93 66 25 1053 42 35 61 5519 106 27 141 17 28 31 19 38 59 17 248 30 18 60 35 202 321 72 33 32
internal_value=8.98306e-05 0.000821219 0.00122682 -0.00598519 0.00556226 0.00715927 0.00370863 0.00658233 0.000253625 0.000551933 0.000760791 0.0186607 -0.00489189 -0.00875517 -0.00285899 0.00348949 0.0178274 -0.000506449 -0.00550058 0.00399921 -0.00859183 -0.012337 -0.00147226 -0.00935106 -0.00409611 -0.0112945 -0.0120792 -0.00885206 -0.00477383 -0.0131885
internal_weight=2846.6 2540.72 2435.76 305.884 446.531 387.357 67.9803 380.681 1989.23 1929.31 1898.54 20.747 59.1741 237.904 47.2333 34.0083 18.287 55.9985 42.9968 24.2052 104.955 30.7648 52.0471 59.9215 41.529 181.905 176.572 127.02 77.9526 15.7212
internal_count=8577 7575 7192 1002 1288 1104 210 1088 5904 5716 5625 58 184 792 152 110 50 180 142 83 383 91 159 188 128 612 595 393 281 60
is_linear=0
shrinkage=0.03


Tree=44
num_leaves=31
num_cat=0
split_feature=80 79 79 71 80 19 46 105 101 74 105 96 104 65 86 107 104 113 96 61 83 66 21 14 65 24 109 18 1 97
split_gain=155.107 61.8855 11.5633 12.8381 8.64814 8.34285 10.7472 8.10724 7.88298 8.16223 10.7626 8.6737 7.165 7.81688 6.85358 7.95132 6.55021 8.1129 8.09819 7.75749 7.304 6.32082 6.30123 6.22312 7.10879 5.8884 5.85742 5.4643 5.41064 4.94158
threshold=-0.71746492501209469 0.077853192559074927 -0.38688172043010749 14.500000000000002 1.1835406377659903 0.48333333333333339 1421.3706810725459 1.2928571428571431 0.78174603174603186 -1.0000000180025095e-35 0.76388888888888895 1.4772727272727275 0.63068181818181823 0.3599812658905393 2.7083333333333335 0.51315789473684215 0.95833333333333337 -0.32637362637362627 2.1742424242424243 1.0000000180025095e-35 0.63333333333333341 0.12058036643110183 0.6515151515151516 -0.12440476190476189 -0.1951841599425089 1.0000000180025095e-35 -0.75277777777777755 0.44949494949494956 2.4833333333333338 0.59166666666666679
decision_type=2 2 2 2 2 2 2 2 2 2 2 2 2 2 2 2 2 2 2 2 2 2 2 2 2 2 2 2 2 2
left_child=2 5 7 22 -3 8 21 26 -2 10 -10 -11 -9 -14 25 -16 17 29 20 -19 -18 -7 23 27 -25 -8 -1 -4 -15 -5
right_child=1 4 3 16 -6 6 14 12 9 11 -12 -13 13 28 15 -17 18 19 -20 -21 -22 -23 -24 24 -26 -27 -28 -29 -30 -31
leaf_value=-0.010236521323956011 -0.018750077788967697 -0.0087011695978225206 0.0039072845882830113 0.033476567914037463 -0.015421723412650705 0.041648954351599668 -0.00057522256592482904 0.01170192633305737 0.047243877602106812 -0.00054611622384083511 0.0086246791693894223 0.0089205658491872467 0.0020423447243864408 0.033263435653024066 -0.0027098667401009098 0.010217357965844711 0.0047978249237180699 0.013282781797279321 0.024069186747286957 -0.018626503316871001 0.029385949961556249 0.0080366629177073892 0.023932506173535956 0.024468672383094234 -0.0016972840794186935 -0.0076587758508006526 0.017059602044774295 -0.020787996581344975 0.019311622269645359 0.01610984204856011
leaf_weight=14.74627970159054 15.249038159847258 557.72396218776703 12.263488218188284 16.149450033903122 249.38313019275665 6.2898223251104382 162.84702479839325 59.338167190551758 7.1843912899494162 369.54508017003536 67.644317895174026 113.97109664976597 12.388425707817076 58.300746083259583 129.99787789583206 63.857671543955803 198.35646244883537 17.024595350027084 25.437241524457932 11.481137543916704 11.503667086362837 25.243956834077835 8.8895583450794202 11.697047531604765 46.466239109635353 300.53794936835766 13.601284548640249 23.548529356718063 43.819530159235001 169.67373323440552
leaf_count=38 46 1904 32 43 976 17 492 148 19 1091 192 325 31 142 381 191 523 44 69 30 31 70 25 31 131 906 34 66 109 440
internal_value=-4.4027e-05 -0.00428968 0.0115983 0.00935181 -0.0107777 -0.000141499 -0.00236711 0.0177367 0.00253102 0.00311224 0.0123326 0.0016853 0.0201625 0.0245467 -0.00318794 0.00154847 0.0115392 0.0153331 0.0080833 0.000430809 0.00614564 0.0147411 -0.000209164 -0.00249284 0.00356487 -0.00516941 0.00286028 -0.0123313 0.0272768 0.0176191
internal_weight=2824.16 2069.48 754.686 552.491 807.107 1262.37 688.774 202.194 573.594 558.345 74.8287 483.516 173.847 114.509 657.241 193.856 449.626 214.329 235.297 28.5057 209.86 31.5338 102.865 93.9753 58.1633 463.385 28.3476 35.812 102.12 185.823
internal_count=8577 6610 1967 1465 2880 3730 2057 502 1673 1627 211 1416 430 282 1970 572 1180 557 623 74 554 87 285 260 162 1398 72 98 251 483
is_linear=0
shrinkage=0.03


Tree=45
num_leaves=31
num_cat=0
split_feature=79 48 79 48 112 91 44 65 90 78 90 47 97 98 55 6 5 70 65 98 65 54 78 101 98 111 91 10 15 87
split_gain=139.417 43.7232 13.1207 13.1192 10.4868 8.38697 7.65286 7.26354 6.94857 7.59523 6.86398 7.59926 8.22053 7.55246 6.78065 6.4166 6.85305 6.95579 6.66499 6.32487 6.04733 6.02105 7.68697 5.89338 5.79937 5.1396 5.01826 5.00406 5.85672 4.90771
threshold=0.11111111111111113 -28.661921005916835 -0.38688172043010749 122.25143364856616 1.1960550414497784 2.6060826286116989 1.0000000180025095e-35 -0.26886525083953822 0.36269123033828921 -0.042572463768115958 0.32439867350835866 1580.2936292037259 1.3693181818181819 2.9045454545454548 1.5827114427860698 1.7596153846153848 1.0690476190476195 3.5000000000000004 -0.50844386110343553 2.3416666666666672 0.45020340161427802 0.58411949685534603 0.085144927536231887 1.5477272727272731 3.7416666666666671 -1.9999999999999996 2.5594291694094218 0.70714285714285718 0.21825396825396828 2.7083333333333335
decision_type=2 2 2 2 2 2 2 2 2 2 2 2 2 2 2 2 2 2 2 2 2 2 2 2 2 2 2 2 2 2
left_child=1 2 25 10 6 -6 27 19 9 -8 11 12 23 -14 21 16 20 -18 -17 -5 -12 26 -23 -2 -9 -1 -4 28 -3 -21
right_child=3 4 14 7 5 -7 8 24 -10 -11 15 -13 13 -15 -16 18 17 -19 -20 29 -22 22 -24 -25 -26 -27 -28 -29 -30 -31
leaf_value=-0.00072527366356455901 0.0040644459309111397 0.0051988751749316737 -0.0025021899799994762 0.0013686311169155501 0.04690612225362905 0.0067333620344080317 0.0054326057523227623 0.008529109069110908 0.024992513146006479 -0.0021189772995096386 0.010352490232861637 -0.019077045575180314 0.018982371152179628 0.0065998168647027032 -0.02141971021228023 -0.014349987828869967 0.0028344145900457813 0.035975303507411995 0.017738701468891276 0.020762465266719154 0.038836329843182978 0.032070873040011924 -0.0071895937652123538 -0.015517152126587001 0.030804777742500018 -0.0195437134323906 -0.008575539231183673 -0.01560832330102088 -0.0036661834018332363 0.036534868661482194
leaf_weight=14.622985601425169 205.64370591938496 79.303256377577782 152.77043019235134 12.209881514310835 7.3427193164825466 12.884158760309218 239.72989839315414 95.460818320512772 11.765748068690298 239.74674028158188 106.01072852313519 10.575268283486364 71.259475916624069 117.31282290816307 30.338328272104263 14.156870126724245 7.4989941120147732 23.756893455982208 9.8990181535482389 81.754847496747971 7.1614087224006644 8.0132042914629 10.203567162156103 14.830412834882734 11.821251094341276 122.34760858118534 616.82717521488667 26.746209159493446 434.82238435745239 22.680979400873184
leaf_count=52 604 242 473 35 27 39 733 284 40 716 322 27 226 347 91 38 22 82 31 261 25 29 31 39 40 397 1882 76 1287 79
internal_value=-5.09319e-05 -0.00429376 -0.00894107 0.010438 -7.578e-05 0.0213168 -0.000495021 0.0166176 0.0022156 0.00165668 0.008085 0.00603132 0.00668046 0.0112791 -0.00750238 0.0131998 0.0155892 0.0280241 -0.00114547 0.0217993 0.0121549 -0.00696643 0.0100803 0.00274727 0.0109836 -0.0175347 -0.00736994 -0.00295692 -0.00229876 0.0241879
internal_weight=2819.5 2007.46 955.123 812.033 1052.34 20.2269 1032.11 223.928 491.242 479.477 588.106 419.622 409.046 188.572 818.153 168.484 144.428 31.2559 24.0559 116.646 113.172 787.814 18.2168 220.474 107.282 136.971 769.598 540.872 514.126 104.436
internal_count=8577 6115 2955 2462 3160 66 3094 699 1489 1449 1763 1243 1216 573 2506 520 451 104 69 375 347 2415 60 643 324 449 2355 1605 1529 340
is_linear=0
shrinkage=0.03


Tree=46
num_leaves=31
num_cat=0
split_feature=111 48 90 47 8 35 51 88 37 88 102 88 5 105 106 97 112 102 65 87 74 67 23 67 106 77 16 48 88 106
split_gain=13.1865 10.349 8.77758 8.57813 8.92556 8.38365 8.24761 7.08487 6.42878 8.82136 6.44605 6.10088 5.50645 8.00068 5.34983 5.3135 5.28909 5.27885 8.66002 4.93322 7.37924 4.56115 4.05913 4.18518 5.56657 4.0482 3.96744 3.94689 3.85263 3.71261
threshold=-0.59379629629629604 147.00991569821954 0.28869471577804912 1463.3959591145688 -0.59999999999999998 -2.8363095238095233 0.52277432712215333 0.44002820874471088 -2.4999999999999996 0.44344182205213512 1.4868421052631582 0.39028324154209287 -1.5916666666666663 2.6515151515151518 2.7029411764705888 1.3166666666666669 -0.66720430107526896 0.94868421052631591 -0.092129691774541431 1.6333333333333335 5.5000000000000009 0.40431336456938877 0.50833333333333341 1.2456752345981232 3.8284313725490202 0.2983765383608275 0.39230769230769241 -83.406291069113408 0.42311013684070681 2.5811403508771935
decision_type=2 2 2 2 2 2 2 2 2 2 2 2 2 2 2 2 2 2 2 2 2 2 2 2 2 2 2 2 2 2
left_child=2 3 7 4 8 -6 -7 15 9 -2 -10 25 16 -14 19 -1 -13 -9 29 21 -21 28 23 24 -16 -5 -3 -20 -4 -19
right_child=1 26 14 11 5 6 -8 17 10 -11 -12 12 13 -15 22 -17 -18 18 27 20 -22 -23 -24 -25 -26 -27 -28 -29 -30 -31
leaf_value=0.029568075872815562 -0.0088149224900507649 -0.024776875281502124 -0.028382968391550009 -0.002110803090844196 0.040294223870639648 0.020423629474026355 0.0048340382096351813 -0.018918185170806002 0.0084574916945849964 0.024852260188216173 -0.012371469530287473 -0.020903348451805023 0.00046079980615080249 0.014188531356242293 -0.01062273411573572 -0.0020819538585140863 0.0055793711581206568 0.0014306081534892314 0.0012497525188512883 0.035750186472542161 -0.0089431843797192143 0.017189888177222081 0.011284669442251387 0.008982626086176523 -0.025804030231091821 -0.017806271009590337 -0.0070097620298402467 0.029388194107127223 -0.0045060993985779054 -0.027847344557680783
leaf_weight=13.388935923576357 13.11990235745907 14.433504998683928 7.7755304723978034 32.76104673743248 6.6170596778392783 33.544740915298462 341.22683562338352 13.09819211065769 17.318782940506935 15.026414036750792 58.680018946528435 20.398325160145763 1859.2955226898193 39.011251494288445 139.54975758492947 7.4193321317434302 10.171898812055586 7.9421091824769956 7.7886324524879482 7.3168682456016523 6.0939235240221024 6.7469001412391654 7.0415550321340552 8.1901721805334073 25.748459950089455 26.960594311356544 52.293916016817093 10.58159990608692 27.923918724060059 7.6551186442375183
leaf_count=31 43 59 26 101 16 88 976 42 51 42 198 62 5522 106 477 27 29 28 22 21 23 19 20 26 89 87 195 28 91 32
internal_value=9.87894e-05 0.000805543 -0.00580326 0.00111997 0.00469492 0.00682044 0.00622942 0.00370598 -0.00308891 0.0091589 -0.00762492 0.000247116 0.000539503 0.000742912 -0.00853365 0.018283 -0.0120915 -0.0027387 0.00350027 -0.000420032 0.0154413 -0.00543138 -0.0110441 -0.0119503 -0.0129875 -0.00919633 -0.0108529 0.017458 -0.00970661 -0.012939
internal_weight=2845.12 2540.86 304.261 2474.13 485.534 381.389 374.772 67.8739 104.145 28.1463 75.9988 1988.6 1928.88 1898.31 236.387 20.8083 30.5702 47.0657 33.9675 55.8571 13.4108 42.4463 180.53 173.488 165.298 59.7216 66.7274 18.3702 35.6994 15.5972
internal_count=8577 7575 1002 7321 1414 1080 1064 210 334 85 249 5907 5719 5628 792 58 91 152 110 180 44 136 612 592 566 188 254 50 117 60
is_linear=0
shrinkage=0.03


Tree=47
num_leaves=31
num_cat=0
split_feature=80 80 65 11 48 48 74 90 22 34 91 24 68 112 110 5 67 90 55 66 5 112 75 68 72 22 95 11 112 0
split_gain=145.994 50.5837 12.4009 9.73195 9.43518 7.84616 7.96704 7.23598 6.83357 6.45618 7.27344 8.00876 6.38066 5.9529 5.63615 8.24118 7.84032 9.76329 6.16364 5.54805 5.63011 5.52255 8.18986 5.94816 6.07641 5.04165 6.7044 4.93406 4.83648 4.47875
threshold=-0.61380455407969636 0.37257348232042342 0.79274265665595423 -0.084523809523809515 82.754806232010665 -95.317053924325919 13.500000000000002 0.25784648026066537 1.0000000180025095e-35 2.5089285714285716 2.9538016896398402 1.1666666666666667 1.6074929971988798 -0.35729949874686717 0.099999999999999936 -0.79696969696969688 0.16179851719184282 0.29026031079440962 -0.52834224598930468 -0.13813082488497339 -0.20719696969696969 -0.52816240132416592 8.5000000000000018 -0.59158268402227143 29.500000000000004 0.07417582417582419 1.1547619047619049 0.32500000000000012 -1.3355353252412072 1.2182539682539686
decision_type=2 2 2 2 2 2 2 2 2 2 2 2 2 2 2 2 2 2 2 2 2 2 2 2 2 2 2 2 2 2
left_child=2 14 5 7 12 6 19 -4 -5 10 13 -12 25 -7 21 -16 18 -18 -17 -1 -21 22 -2 -23 -25 -3 -27 -6 -8 -9
right_child=1 4 3 8 27 9 28 29 -10 -11 11 -13 -14 -15 15 16 17 -19 -20 20 -22 23 -24 24 -26 26 -28 -29 -30 -31
leaf_value=-0.0031604374913937381 0.037375366887163981 0.00021228005963317789 -0.010421240211645621 -0.025954992047096222 -0.010368853179919318 0.0049449261712637615 0.014735347438359516 0.023886501751659711 0.011470029103537659 -0.012595910245019156 0.015564657311192985 -0.0013808500428886118 0.020214215707436169 -0.0087448411329813722 0.022474085745355889 -0.015436588701233996 0.029056639280540121 0.0031519358643563402 0.00045144443353518232 0.018545569863197685 0.0052235410155753803 -0.016610531244778608 -0.0031415301390836313 -2.3814145492921309e-05 -0.0061623016977115476 -0.0011907510581356561 -0.011223005640969893 -0.017826254870280913 -0.0015196696711452925 0.014088175169353852
leaf_weight=14.221552908420561 7.6865510344505337 56.553917273879051 7.2989164739847174 7.5712605118751553 147.10528853535652 175.38648347556591 24.123254388570786 107.53227916359901 10.453813970088957 17.17659267783165 106.26209686696529 32.864811986684799 7.2428217679262152 34.154849484562874 16.660457521677017 23.21087409555912 18.796331971883774 43.16406561434269 412.89723311364651 164.60501992702484 34.542178571224213 27.365842118859291 10.796860784292219 388.20604734122753 231.78869257867336 73.605925291776657 323.19863142073154 174.65035645663738 51.952752709388733 68.878062695264816
leaf_count=37 21 190 19 22 539 472 62 267 27 46 286 90 22 94 49 69 52 125 1211 417 91 80 30 1162 710 247 1127 700 139 174
internal_value=-4.87474e-05 -0.00455911 0.0102818 0.0167858 -0.010475 0.00827952 0.0119701 0.0188497 -0.00424999 0.00535963 0.00624418 0.0115618 -0.00772141 0.00271352 -0.000638714 0.00171885 0.00102458 0.0110104 -0.00039416 0.0149421 0.0162349 -0.00246122 0.0137079 -0.00292288 -0.00231872 -0.00816771 -0.00936206 -0.0144168 0.0036347 0.0200608
internal_weight=2819.95 1962.93 857.024 201.734 782.357 655.29 289.445 183.709 18.0251 365.845 348.668 139.127 460.601 209.541 1180.57 514.729 498.069 61.9604 436.108 213.369 199.147 665.844 18.4834 647.361 619.995 453.358 396.805 321.756 76.076 176.41
internal_count=8577 6334 2243 509 2825 1734 746 460 49 988 942 376 1586 566 3509 1506 1457 177 1280 545 508 2003 51 1952 1872 1564 1374 1239 201 441
is_linear=0
shrinkage=0.03


Tree=48
num_leaves=31
num_cat=0
split_feature=78 54 48 109 55 48 52 2 71 2 110 71 48 102 109 75 94 106 74 35 44 50 74 23 103 25 35 90 94 13
split_gain=129 34.7395 24.3291 13.1195 11.0776 8.84164 7.94184 7.76035 7.21032 6.99935 6.45528 6.83845 6.44045 6.39449 5.95103 5.65648 9.26123 5.61909 5.42368 5.78684 5.34245 5.13823 5.13592 4.96938 4.87283 5.13913 4.60215 4.5597 7.02734 4.54834
threshold=-0.042572463768115958 0.5240998838559815 -28.661921005916835 -0.59861111111111098 -0.11050061050061048 119.44022561316582 0.69064872325741899 0.33333333333333326 88.500000000000014 -1.4967948717948714 0.33452380952380972 2.5000000000000004 -5.6539874434838557 1.355042016806723 0.14285714285714288 -3.4999999999999996 1.4472222222222224 1.6794871794871797 6.5000000000000009 -0.16666666666666669 1.0000000180025095e-35 0.040408163265306128 6.5000000000000009 -0.15634920634920632 1.788888888888889 1.8333333333333337 4.529761904761906 0.32516020604752216 1.341666666666667 0.13809523809523813
decision_type=2 2 2 2 2 2 2 2 2 2 2 2 2 2 2 2 2 2 2 2 2 2 2 2 2 2 2 2 2 2
left_child=1 5 3 24 6 10 27 8 26 -5 15 -12 -10 14 22 16 -1 -11 19 -7 -17 -6 -9 -19 25 -2 -4 29 -29 -3
right_child=2 4 7 9 21 18 -8 13 12 17 11 -13 -14 -15 -16 20 -18 23 -20 -21 -22 -23 -24 -25 -26 -27 -28 28 -30 -31
leaf_value=0.0071937873900127557 0.00028564616916240589 -0.0043063398715435597 -0.0035531770276803951 -0.022377173057475563 0.02704167171167951 0.020310085143087738 0.022439512523234673 0.034399240396549784 -0.0030311634644551492 0.019973562271004892 0.022863377746146461 -0.0068695975801803394 0.037339581306302654 0.020334486738906078 -0.0090625977816010776 -5.6473848541127655e-05 0.046010433121106982 -0.014405879183380977 0.025051434093682837 -0.01371479720117943 0.00536163984114794 0.0070831158347683951 0.00076274364573012158 -0.0045511238203200773 -0.014911737670335845 -0.015975500251004807 0.021903080544825211 0.011281247671040643 0.042042877410431806 0.012070235579081939
leaf_weight=26.388566553592682 43.104424998164177 18.266332417726517 503.66523504257202 22.456228271126747 12.257367640733717 9.1228972077369708 129.4551559984684 6.8703064918518093 6.7044901847839355 7.8270957916975012 7.5022476911544791 96.645685538649559 7.5746116340160352 24.801567167043686 22.853032141923904 325.22448587417603 6.9991654157638541 51.891140177845955 25.437154799699783 8.8754514157772046 329.96931743621826 219.4950387775898 10.078856647014616 409.2885863929987 325.30283197760582 29.437095448374748 6.4738249629735938 17.806606560945514 10.699807792901991 92.84197261929512
leaf_count=80 140 50 1502 66 41 29 420 24 20 27 25 284 27 81 63 956 26 149 83 23 996 654 30 1267 1028 91 22 54 38 281
internal_value=-5.48521e-05 0.00669779 -0.00616188 -0.009294 0.0129463 0.00295526 0.017087 -0.00143299 -0.0026416 -0.00601557 0.00223316 -0.0047278 0.0183842 0.00837784 0.000927413 0.003286 0.015331 -0.00523217 0.0161342 0.00353154 0.0026722 0.00813872 0.0143972 -0.00565996 -0.0133439 -0.00631307 -0.00323013 0.012124 0.0228275 0.00937791
internal_weight=2815.32 1336.99 1478.33 889.307 500.822 836.165 269.07 589.022 524.418 491.463 792.729 104.148 14.2791 64.6038 39.8022 688.582 33.3877 469.007 43.4355 17.9983 655.194 231.752 16.9492 461.18 397.844 72.5415 510.139 139.615 28.5064 111.108
internal_count=8577 4040 4537 2768 1538 2502 843 1769 1571 1509 2367 309 47 198 117 2058 106 1443 135 52 1952 695 54 1416 1259 231 1524 423 92 331
is_linear=0
shrinkage=0.03


Tree=49
num_leaves=31
num_cat=0
split_feature=93 109 78 17 14 35 35 71 90 14 87 76 89 92 48 22 46 46 109 54 88 108 23 71 72 25 48 106 25 20
split_gain=12.7805 12.2068 7.32212 7.93079 9.81981 8.39153 9.42154 7.51393 7.42896 7.44192 9.05492 7.4576 7.23703 7.12928 7.08496 7.02317 6.87495 6.52279 6.40488 7.53634 8.87223 7.25339 5.99715 5.91489 4.80645 4.65145 6.55765 4.22895 5.11471 5.87204
threshold=1.7029411764705884 -1.5916666666666663 0.33854166666666674 0.026709401709401694 0.24862637362637366 -2.3017857142857134 -1.0863095238095235 59.500000000000007 0.30820584816172519 0.078937728937728949 0.36666666666666675 0.35175010175010185 0.26120608107264892 5.9309171654189532 147.00991569821954 0.40833333333333338 1662.3250862993925 1672.3274725947351 0.2805555555555555 0.5240998838559815 0.44781464231179607 0.40833333333333338 -0.066666666666666666 15.500000000000002 72.500000000000014 2.1666666666666674 -208.44067633214033 2.9750000000000005 0.83333333333333337 0.033150183150183178
decision_type=2 2 2 2 2 2 2 2 2 2 2 2 2 2 2 2 2 2 2 2 2 2 2 2 2 2 2 2 2 2
left_child=1 25 3 5 15 13 -7 -6 9 10 -4 -11 22 -3 16 -5 18 -18 21 20 -20 -2 -10 -21 -19 -1 -27 28 -16 -30
right_child=14 2 8 4 7 6 -8 -9 12 11 -12 -13 -14 -15 27 -17 17 24 19 23 -22 -23 -24 -25 -26 26 -28 -29 29 -31
leaf_value=-0.01851392743911591 0.010044360244712334 0.022436130701311136 0.010734228563252996 0.0032867719074750005 0.031341030461150603 -0.0072079366468886545 0.0014082771214062573 0.0020094817357594642 -0.019045028064818462 -0.006398752654658146 -0.0020195317445393167 0.020354137549544658 -0.029012829613537464 0.00068677869887085797 -0.016208360918821409 0.015343053728260605 0.032592479570969946 0.017277686645030148 -0.0018858135951695608 -0.0092388031956897598 0.014142990313423722 -0.01095547394255348 -0.0027212060315432241 0.00099350365540629842 -0.015183528227019754 -0.021221833642999562 0.019060063468950564 -0.021298274132446265 0.0068093052625508577 -0.022328534182604508
leaf_weight=38.590494632720947 16.764587238430977 29.182249873876572 110.57710127532482 535.14389027655125 21.90392504632473 132.29237112402916 835.95711772143841 12.259785637259482 22.66929404437542 118.29332453012466 91.608514174818993 10.185225799679754 11.3813189715147 25.344759568572044 31.130528226494789 47.33220511674881 9.4197753667831439 8.3285799473524111 74.465375930070877 109.3985163718462 53.343129530549049 126.51860637962818 190.234709456563 94.993850260972977 8.0956359952688199 6.5080873519182196 8.2454251796007139 27.261393025517464 28.197989493608475 7.9880187064409247
leaf_count=127 48 80 305 1517 56 407 2511 35 70 346 267 28 36 75 126 131 24 24 231 395 150 401 554 310 27 21 23 118 101 33
internal_value=0.00010755 0.00114312 0.00148782 0.00249607 0.00518332 0.000875897 0.00023104 0.0208153 -0.00149072 0.00136796 0.00495561 -0.0042779 -0.00570528 0.0123268 -0.00379853 0.00426647 -0.00237773 0.0126912 -0.00319677 -0.000910085 0.00480409 -0.00849843 -0.00445931 -0.00448321 0.00127728 -0.0130365 0.00129086 -0.0113298 -0.00729281 0.000377162
internal_weight=2843.62 2247.71 2194.37 1639.42 616.64 1022.78 968.249 34.1637 554.949 330.664 202.186 128.479 224.285 54.527 595.906 582.476 501.328 25.844 475.484 332.201 127.809 143.283 212.904 204.392 16.4242 53.344 14.7535 94.5779 67.3165 36.186
internal_count=8577 6589 6418 4812 1739 3073 2918 91 1606 946 572 374 660 155 1988 1648 1610 75 1535 1086 381 449 624 705 51 171 44 378 260 134
is_linear=0
shrinkage=0.03


Tree=50
num_leaves=31
num_cat=0
split_feature=79 79 51 65 92 48 43 50 12 96 46 8 55 8 26 94 76 90 46 46 79 75 51 101 26 106 34 93 54 99
split_gain=131.753 52.0348 22.5164 14.8898 9.5885 8.98469 7.90498 9.40386 9.1897 7.78179 11.162 9.56035 7.53795 7.92482 7.468 7.83636 7.45983 7.28025 6.62569 6.18699 5.81517 9.80527 5.80059 5.40641 6.17845 5.44911 4.92514 4.85562 4.78517 5.08766
threshold=-0.13966108966108962 0.077853192559074927 0.84687500000000016 0.79274265665595423 5.3205649864913136 50.255762742350733 1.0000000180025095e-35 0.92962962962962969 0.20714285714285716 1.4365079365079367 1474.9537048946843 0.37797619047619052 -0.52834224598930468 0.25000000000000011 -1.8333333333333333 2.0250000000000004 0.34391801075268824 0.25784648026066537 1597.5729844443747 1420.0323291263483 -0.42614125753660631 2.5000000000000004 0.96225071225071235 1.6899038461538465 1.1666666666666672 3.6961538461538468 -0.85357142857142843 1.3245614035087721 1.4499799919967991 0.40588235294117653
decision_type=2 2 2 2 2 2 2 2 2 2 2 2 2 2 2 2 2 2 2 2 2 2 2 2 2 2 2 2 2 2
left_child=2 6 3 4 20 -3 8 18 9 10 -2 -11 13 -9 16 -16 -6 -5 22 -10 21 -1 -8 28 25 -25 -21 -22 29 -7
right_child=1 5 -4 17 14 23 7 12 19 11 -12 -13 -14 -15 15 -17 -18 -19 -20 26 27 -23 -24 24 -26 -27 -28 -29 -30 -31
leaf_value=0.028216793342578265 -0.013974675307874112 -0.0060142683020891329 -0.020120271459952349 -0.010988949789759624 0.021154992142041557 0.0085880358602310261 0.0034955421767378743 -0.014598690327253049 0.01070083701824168 0.013822511825248103 0.0018079031782439758 -0.0041712254378625776 0.034385874442299423 0.026707935283147063 0.006871391678456862 0.01878201900314198 -0.0054059999294105406 0.019095655752300478 -0.017872244444316534 0.0068101670297341125 0.0024734495328870292 -0.00073802753733198006 -0.024613805469150547 0.011530270528216591 -0.021287276377850814 -0.021413569993540438 -0.006490063122631758 -0.010889038342670115 -0.022005619937410771 -0.01298312196098156
leaf_weight=18.358518034219742 50.880980312824249 287.76065199077129 22.165975749492645 7.538621023297309 82.753622934222221 10.084259718656538 295.81331798434258 8.7389227151870781 21.931813031435013 80.187492564320564 194.48618225753307 39.747938796877861 15.103177621960638 8.0131529271602613 331.12667877972126 58.49778139591217 10.753236562013624 182.36594635248184 14.528700888156889 26.761269316077232 89.0029506534338 24.671320900321007 6.7580782771110526 23.449309915304188 10.920721322298048 5.5974050164222708 393.65526795387268 33.75707545876503 53.324431017041206 406.94904305040836
leaf_count=46 145 963 64 20 217 38 876 26 59 232 581 116 43 22 881 155 27 455 44 79 243 62 21 82 41 22 1177 100 235 1505
internal_value=-5.37724e-05 -0.00436073 0.00972422 0.0105129 0.00835063 -0.0102532 -0.000294784 0.00347838 -0.00192502 0.00159638 -0.00146488 0.00785919 0.0190165 0.00515983 0.0104869 0.00865964 0.0181005 0.0179014 0.00191746 -0.00483309 0.00212542 0.0116154 0.00286771 -0.0126434 -0.00205057 0.00518188 -0.00564345 -0.00120102 -0.0135435 -0.0124615
internal_weight=2815.68 1954.69 860.992 838.826 648.921 798.086 1156.61 348.955 807.651 365.303 245.367 119.935 31.8553 16.7521 483.131 389.624 93.5069 189.905 317.1 442.348 165.79 43.0298 302.571 510.325 39.9674 29.0467 420.417 122.76 470.358 417.033
internal_count=8577 6307 2270 2206 1731 2886 3421 1032 2389 1074 726 348 91 48 1280 1036 244 475 941 1315 451 108 897 1923 145 104 1256 343 1778 1543
is_linear=0
shrinkage=0.03


Tree=51
num_leaves=31
num_cat=0
split_feature=79 79 78 52 47 47 89 14 96 103 26 109 70 92 47 90 92 71 26 15 106 69 112 98 67 44 89 91 50 112
split_gain=123.522 35.0394 13.461 13.1551 10.4758 8.61168 8.32698 7.50756 7.39633 6.95675 6.77147 6.36333 6.53629 6.19664 6.03448 6.00419 5.84786 5.65028 5.49133 5.4165 5.26227 4.90474 7.66773 4.88767 4.81657 4.71557 5.89175 4.67816 6.96297 4.41253
threshold=0.11111111111111113 -0.22244396065150782 -0.042572463768115958 0.70886752136752151 1585.5037956246049 1489.9958590364731 0.20695704779189356 0.11777389277389279 1.6125000000000003 1.8660714285714288 1.8333333333333337 -0.66515151515151494 52.500000000000007 7.0365880542184067 1580.2936292037259 0.3409898875698763 3.3497501700808394 40.500000000000007 1.1666666666666672 0.32051282051282054 3.297058823529412 0.18528606122218463 1.2154761904761908 2.1519230769230773 -0.26708881834268522 1.0000000180025095e-35 0.24663245116082153 2.5389043917347691 0.9472222222222223 -0.97432476943346502
decision_type=2 2 2 2 2 2 2 2 2 2 2 2 2 2 2 2 2 2 2 2 2 2 2 2 2 2 2 2 2 2
left_child=1 14 5 8 16 25 7 15 9 13 29 24 -13 23 18 -4 -5 -12 27 -10 -9 -18 -23 -2 -8 -3 -27 28 -1 -7
right_child=3 2 6 4 -6 10 11 20 19 -11 17 12 -14 -15 -16 -17 21 -19 -20 -21 -22 22 -24 -25 -26 26 -28 -29 -30 -31
leaf_value=0.023030036032069288 0.0026917073207200462 -0.0049375330916355204 -0.0065530155970434205 -0.0049157342336676822 -0.011371345441759209 -0.016220851891488974 -0.021110456379167156 0.0095807040209498224 -0.014468273536428386 -0.0029134601426425884 0.013077982561081588 -0.0052251445134094687 0.0018154451188728126 -0.01165493618634819 -0.015332581480038548 0.010658681595716632 0.021147831495681075 0.047452019660694504 0.01855605247054053 0.0040508519943422928 0.044242679310008769 0.022870933538253469 -0.0027234515813173519 0.011411408581118483 -0.0075475162816796204 -0.0065728201901004112 0.0065427580734646086 -0.010515993312371978 -0.0091950773861899631 0.0053306710001637279
leaf_weight=9.73061902821064 67.413141891360283 165.06140799820423 44.224629729986191 9.900265157222746 11.88086488842964 8.917563855648039 33.335621654987335 10.361563339829447 21.496462881565094 43.272391527891159 17.704296082258228 647.53513763844967 145.30387370288372 11.998110860586165 200.58076779544353 31.046640276908875 156.96875989437103 5.6860276758670798 6.6524459719657889 41.9582180082798 6.3624464869499198 20.357247143983841 21.832963854074478 408.05341517925262 80.403091236948967 44.625897824764252 99.680645048618317 215.32615338265896 15.887458100914955 207.52316193282604
leaf_count=36 196 479 131 28 32 25 96 33 57 121 56 1945 446 32 652 99 506 21 23 123 24 66 61 1240 247 127 309 683 50 633
internal_value=-5.94185e-05 -0.00407821 -0.00193928 0.00978108 0.0160311 0.00183323 -0.0040141 0.00458583 0.00745712 0.00861446 0.00609987 -0.00488678 -0.00393481 0.00963779 -0.011465 0.000546179 0.0175884 0.0214341 -0.00833176 -0.00222285 0.0227674 0.0187071 0.00962612 0.0101751 -0.0115227 -0.00147439 0.00248685 -0.00907413 0.00304512 0.00444273
internal_weight=2811.08 1995.95 1547.77 815.132 220.94 549.199 998.573 91.9953 594.192 530.737 239.831 906.578 792.839 487.465 448.177 75.2713 209.059 23.3903 247.597 63.4547 16.724 199.159 42.1902 475.467 113.739 309.368 144.307 240.944 25.6181 216.441
internal_count=8577 6115 4671 2462 693 1650 3021 287 1769 1589 735 2734 2391 1468 1444 230 661 77 792 180 57 633 127 1436 343 915 436 769 86 658
is_linear=0
shrinkage=0.03


Tree=52
num_leaves=31
num_cat=0
split_feature=111 48 90 101 20 101 48 94 111 51 105 3 98 77 33 89 96 79 102 53 105 0 109 17 102 101 108 72 90 54
split_gain=11.5616 9.43486 8.30876 6.68388 10.0608 8.75451 8.27461 7.31901 7.87186 6.88563 6.17451 7.56871 7.5185 6.47996 7.52096 5.94452 7.48905 5.5906 4.91102 7.05602 4.70922 7.53985 4.84476 4.51903 6.43675 3.94863 3.31405 3.78616 5.09558 5.35885
threshold=-0.59379629629629604 147.00991569821954 0.28869471577804912 1.5131578947368423 0.061111111111111123 1.3038461538461541 83.890183661870324 1.3245614035087721 0.067700617283950673 0.09232954545454547 2.6125000000000003 1.0333333333333334 2.6961538461538468 0.16542288557213933 -0.85357142857142843 0.28877980660131769 1.2928571428571431 -0.065801629293692751 0.97500000000000009 0.37008101851851855 0.73863636363636376 1.9045454545454548 0.94716905901116444 -0.66190476190476188 1.5941176470588239 2.9045454545454548 0.54772727272727284 58.500000000000007 0.32468653971244649 0.82904734073641151
decision_type=2 2 2 2 2 2 2 2 2 2 2 2 2 2 2 2 2 2 2 2 2 2 2 2 2 2 2 2 2 2
left_child=2 3 15 4 7 17 -7 9 -9 -2 13 -12 -13 -5 -15 18 -17 -6 -1 -20 21 22 -4 -22 25 -25 27 28 29 -3
right_child=1 26 20 10 5 6 -8 8 -10 -11 11 12 -14 14 -16 16 -18 -19 19 -21 23 -23 -24 24 -26 -27 -28 -29 -30 -31
leaf_value=-0.016816005123446689 0.025699880859415915 0.014434535841857499 -0.00040813994949522655 -0.029612408433602369 -0.0133005860613314 0.0030020015776066264 0.035110928332727318 0.0072243908460534164 3.8266703415146771e-05 0.00046948509137549301 -0.018844846254391919 0.035585985437920749 0.0065403135791082872 0.01074623296788082 -0.0023316369201090985 -0.0035699301185314878 0.032389407213170796 -0.0027428017234254567 -0.011346371959415631 0.01699358042443061 0.012720407426706945 -0.010006663230712714 0.034132462947376006 -0.0054807517180428759 -0.01981314303089201 -0.020428546103119692 0.010762382603003088 -0.020536159831815441 -0.027605123564474095 -0.013744361307038584
leaf_weight=14.311545789241789 9.9012064933776838 12.861096307635313 6.7264742255210868 7.5017572343349448 56.972565904259682 83.967218354344368 7.9032235890626898 539.06986124813557 184.02707162499428 580.11534863710403 7.4160322695970526 10.810386717319487 31.080824717879295 41.959152340888977 697.07707053422928 9.1347294896841067 12.1397168636322 217.32951505482197 14.297160863876345 17.690196380019188 7.6475295275449744 19.731379419565201 8.0030821561813337 121.25009696185589 51.934436202049255 18.306394070386887 6.0332587957382193 28.288027435541153 7.1956634670495978 11.509372308850287
leaf_count=47 25 41 22 25 174 245 20 1523 541 1772 23 27 87 115 2075 32 27 669 55 49 26 76 21 375 210 62 21 116 29 47
internal_value=0.000115952 0.000774681 -0.0054418 0.00107294 0.00214615 -0.00225113 0.0057642 0.00337237 0.00539553 0.000892882 -0.00119163 0.0090904 0.0140358 -0.00187073 -0.00158913 0.00382286 0.0169493 -0.00493565 -0.00220878 0.00432667 -0.00812179 0.00211759 0.018359 -0.00989372 -0.0107969 -0.00744154 -0.0104296 -0.0125657 -0.00542297 0.00112657
internal_weight=2842.19 2541.02 301.173 2475.13 1679.29 366.173 91.8704 1313.11 723.097 590.017 795.845 49.3072 41.8912 746.538 739.036 67.5733 21.2744 274.302 46.2989 31.9874 233.599 34.4609 14.7296 199.138 191.491 139.556 65.8874 59.8542 31.5661 24.3705
internal_count=8577 7575 1002 7321 4969 1108 265 3861 2064 1797 2352 137 114 2215 2190 210 59 843 151 104 792 119 43 673 647 437 254 233 117 88
is_linear=0
shrinkage=0.03


Tree=53
num_leaves=31
num_cat=0
split_feature=79 79 51 65 92 48 43 50 12 26 48 88 90 8 48 7 46 46 109 35 46 84 106 46 104 104 112 89 48 0
split_gain=124.068 49.5409 21.462 13.9842 9.06792 8.70118 7.57948 8.9519 8.84744 7.06983 7.03656 7.15765 6.91041 6.87121 6.81553 6.77263 6.91208 6.67174 6.21616 5.95112 5.94272 6.08169 5.93747 5.99211 5.52158 5.773 5.36444 5.35415 4.96747 4.79442
threshold=-0.13966108966108962 0.077853192559074927 0.84687500000000016 0.79274265665595423 5.3205649864913136 50.255762742350733 1.0000000180025095e-35 0.92962962962962969 0.20714285714285716 -1.8333333333333333 -76.143484277226989 0.44681763439290539 0.25784648026066537 -1.0000000180025095e-35 -22.718422461457518 1.3205128205128207 1587.260815093382 1461.9463168947675 0.95000000000000007 0.65773809523809545 1420.0323291263483 0.45000000000000007 2.1464285714285718 1677.5850453213395 1.591666666666667 1.3875000000000002 0.54881017381017372 0.27809819825809462 38.608383680046025 1.2182539682539686
decision_type=2 2 2 2 2 2 2 2 2 2 2 2 2 2 2 2 2 2 2 2 2 2 2 2 2 2 2 2 2 2
left_child=2 6 3 4 24 -3 8 15 10 17 11 -2 -5 -11 -9 16 -8 -6 22 -12 21 -10 26 -24 25 -1 -7 -17 -22 -14
right_child=1 5 -4 12 9 18 7 14 20 13 19 -13 29 -15 -16 27 -18 -19 -20 -21 28 -23 23 -25 -26 -27 -28 -29 -30 -31
leaf_value=0.002213131331977643 0.036475842819608986 -0.005851920724927376 -0.019828522688884822 -0.01084364949359257 0.026346151970996441 0.013555253225566015 -0.0008801164020239943 0.037792225855225091 0.022259966204022565 -0.0011653081959858552 0.0029201134384613746 -0.0029450912510964708 0.022575080639368299 0.010042140348257093 0.0085817545349769955 0.0035414051284540066 -0.022492067115858674 0.010276920141567203 -0.018557997035589423 -0.0061057755842139766 -0.006550875099305715 -0.010622149085364822 -0.012595965384885407 0.0082119004734891657 -0.012478390268327455 0.023084748630951186 -0.0089219393772857081 0.018479994926718521 0.0050279472055980764 0.012709037889598651
leaf_weight=132.07644203305244 10.120486289262773 286.64300791919231 22.01004496216774 7.5234576463699332 42.500657185912132 16.404087215662003 115.01278178393841 10.893894612789152 14.099119886755945 57.782827734947205 260.35261586308479 7.0211925506591788 107.16471883654594 332.7663147598505 21.138108357787132 162.28419229388237 15.063090622425078 51.348123595118523 114.05111248791218 87.955443695187569 383.05495652556419 7.898113250732421 339.62798061966896 12.92987449467182 20.658873692154884 13.110997855663298 22.891490325331688 24.907085359096527 36.526107355952263 75.603403836488724
leaf_count=353 26 963 64 20 108 54 335 29 37 155 764 20 265 881 62 488 46 136 486 264 1143 22 1252 50 61 37 81 72 113 190
internal_value=-5.78102e-05 -0.00425044 0.00941521 0.010181 0.00808767 -0.0100279 -0.000290546 0.00340132 -0.00188847 0.0101606 0.00156437 0.0203291 0.017334 0.00838397 0.0185161 0.0018753 -0.00338283 0.0175541 -0.012394 0.000640878 -0.00474603 0.0104536 -0.0106 -0.0118328 0.00203307 0.00409792 0.00046125 0.00552909 -0.0055429 0.0184939
internal_weight=2811.42 1948.87 862.546 840.536 650.244 792.548 1156.33 349.299 807.028 484.398 365.45 17.1417 190.292 390.549 32.032 317.267 130.076 93.8488 505.905 348.308 441.578 21.9972 391.853 352.558 165.846 145.187 39.2956 187.191 419.581 182.768
internal_count=8577 6307 2270 2206 1731 2886 3421 1032 2389 1280 1074 46 475 1036 91 941 381 244 1923 1028 1315 59 1437 1302 451 390 135 560 1256 455
is_linear=0
shrinkage=0.03


Tree=54
num_leaves=31
num_cat=0
split_feature=80 80 68 67 80 51 47 91 72 90 109 35 55 51 51 16 93 37 22 110 96 88 6 94 55 14 8 94 75 80
split_gain=127.57 27.2157 19.5789 11.0484 10.5971 7.47077 8.8455 7.34467 7.29747 7.08855 8.89961 8.61918 7.69179 6.96216 6.86975 6.17977 5.81761 5.1863 5.13852 5.72539 5.67188 5.39831 5.03518 9.68334 5.31118 4.9795 4.58446 4.38741 4.35226 3.95467
threshold=0.16171568627450983 -0.84808721765243489 0.2182568400949432 0.3454898607885562 2.0059523809523814 0.95742753623188415 1493.6762828687622 2.5575300182359308 3.5000000000000004 0.33607914450114001 0.85357142857142876 1.741071428571429 -0.24217986314760506 0.84063492063492073 0.22335600907029482 0.82575757575757591 1.1464285714285716 -1.0000000180025095e-35 0.51666666666666672 0.44494949494949498 1.2928571428571431 0.47899813113425782 1.7928571428571431 2.0606617647058827 -1.5941176470588234 -0.019139194139194123 0.52500000000000013 1.2817460317460319 6.5000000000000009 -1.0304856811145509
decision_type=2 2 2 2 2 2 2 2 2 2 2 2 2 2 2 2 2 2 2 2 2 2 2 2 2 2 2 2 2 2
left_child=1 14 3 5 18 6 7 -2 -6 10 12 17 27 -14 29 22 -8 -11 19 21 -21 -4 24 -24 -5 -7 -19 -3 -27 -1
right_child=2 9 4 15 8 25 16 -9 -10 11 -12 -13 13 -15 -16 -17 -18 26 -20 20 -22 -23 23 -25 -26 28 -28 -29 -30 -31
leaf_value=-0.015587997252340209 0.0082074130925118491 0.0032766179247730926 0.010405005224362104 0.035499051117512358 -0.0023338636690480928 -0.00048821368189764673 0.029508002827171004 -0.0059805089403898622 0.024878582492747957 -0.010918685879890869 0.028258132437793841 0.027410426329478346 -0.0028853833109769825 0.013721792127138647 -0.0070929820876532833 -0.0081002635806699304 0.0047259101347258883 0.0095946663550016131 0.021203582166058031 0.011069953991079065 -0.020520169284456866 -0.00018826017286427372 -0.0074372488519589318 0.030681554399957307 0.01163092865676512 0.040536057942993517 -0.011655884271454047 -0.010009757289839775 0.0071844078162315696 -0.0064603860463795871
leaf_weight=253.38052135705948 38.77354684472084 25.045527890324593 474.87564837932587 8.9712958931922895 10.20823299884796 10.067684054374697 10.482593730092047 214.51307980716228 67.609419226646423 22.718977123498917 7.8371426761150351 13.197691470384596 738.52211184799671 23.440400034189224 220.02844515442848 17.543876379728317 45.659576520323753 51.408411473035812 31.958369225263596 9.1321030557155627 11.629254370927809 47.638596579432487 28.471355766057968 7.5984431952238074 129.6465549916029 8.6397478729486448 11.111546531319616 209.27809517085552 5.9442799091339102 51.3842913210392
leaf_count=833 119 78 1435 31 29 29 36 609 224 64 27 45 2237 75 697 48 140 165 102 28 29 137 79 26 398 31 32 611 19 164
internal_value=-6.44702e-05 -0.00550923 0.00744852 0.00314282 0.0109186 -0.000154308 -0.00142056 -0.0038086 0.0213088 -0.00283263 -0.00358579 0.00485007 -0.00383628 -0.00237449 -0.0111326 0.00887292 0.0093531 0.00135701 0.00951301 0.0088253 -0.00662492 0.0094392 0.0105775 0.000592836 0.0131757 0.0157398 0.00581785 -0.00858965 0.0269423 -0.0140491
internal_weight=2806.72 1627.35 1179.36 526.312 653.052 334.081 309.429 253.287 77.8177 1102.56 1004.12 98.4366 996.286 761.963 524.793 192.232 56.1422 85.2389 575.234 543.276 20.7614 522.514 174.688 36.0698 138.618 24.6517 62.52 234.324 14.584 304.765
internal_count=8577 5028 3549 1565 1984 983 904 728 253 3334 3028 306 3001 2312 1694 582 176 261 1731 1629 57 1572 534 105 429 79 197 689 50 997
is_linear=0
shrinkage=0.03


Tree=55
num_leaves=31
num_cat=0
split_feature=93 109 74 110 79 96 1 74 25 35 14 103 88 11 112 110 93 25 86 66 53 109 106 87 93 66 47 88 108 88
split_gain=11.6618 11.2536 7.34053 6.52056 7.53855 7.34952 7.23914 6.21125 11.5148 11.4953 7.26893 7.35508 7.07984 5.60652 6.70433 6.05622 4.52157 4.5152 4.64433 4.07287 3.89005 5.57679 4.08002 5.00447 3.66602 5.01748 4.11555 3.2772 3.10389 2.81548
threshold=1.7029411764705884 -1.5916666666666663 42.500000000000007 -0.5964285714285712 -0.13668361643045182 1.8944444444444446 2.5916666666666672 6.5000000000000009 0.83333333333333337 -2.422619047619047 -0.30238095238095231 2.1180555555555558 0.43509548206800192 0.33750000000000008 -0.098376068376068312 -0.54772727272727251 1.4868421052631582 2.1666666666666674 2.4500000000000006 -0.15739183408714849 0.1691919191919192 1.5527777777777783 2.7029411764705888 1.9000000000000001 1.8062500000000001 -0.032892239586148835 1583.6151982603635 0.44311773278839156 0.42261904761904767 0.43367727120654526
decision_type=2 2 2 2 2 2 2 2 2 2 2 2 2 2 2 2 2 2 2 2 2 2 2 2 2 2 2 2 2 2
left_child=1 17 7 5 24 20 13 8 12 -10 16 -12 -3 14 -6 -15 -9 29 -19 -4 21 -2 23 -22 -5 27 -27 -26 -24 -1
right_child=3 2 19 4 6 -7 -8 10 9 -11 11 -13 -14 15 -16 -17 -18 18 -20 -21 22 -23 28 -25 25 26 -28 -29 -30 -31
leaf_value=-0.0045468169662901551 0.018629058502854092 -0.001650444553738268 0.0043574932222268043 -0.023842715308462145 -0.0085216806439809452 0.024115730370968737 0.023968455376311235 -0.018007908171101945 0.01203447206367683 -0.0040515782682891757 0.0047154748999176732 -0.0025559410754668285 0.0057343333909759533 0.020702422340459204 0.0033735155603639394 -0.0094045499401657802 0.0077561622372281282 0.017515838961809794 -0.016324484486611016 -0.022978715569821114 -0.013250515898448089 -0.016782409234152366 0.00070400127782709542 0.012778314195825482 -0.0057963176786916927 -0.0062745888595478732 0.018811576300369486 -0.029153720234099619 -0.017422171843324709 -0.023020319892252044
leaf_weight=10.137186542153357 9.1362939625978488 175.39159461855888 6.8935401588678387 15.768266230821608 52.391967117786407 5.7031365036964408 10.792628124356268 22.663418322801594 43.187482118606567 538.67346678674221 887.12935920059681 145.7679647654295 349.99316698312759 6.4601185023784629 229.18745331466198 86.932468771934509 8.4039084017276746 7.7299054563045484 6.9155013263225555 17.007598981261253 15.868506297469141 7.1232171654701224 9.4801934063434583 11.441216528415678 10.224049076437952 20.353991031646732 8.2801163643598539 11.472823038697241 82.425830841064453 27.752050697803497
leaf_count=33 29 530 20 49 165 15 28 72 119 1588 2579 422 1003 21 720 319 27 22 22 58 62 28 34 39 31 63 23 36 326 94
internal_value=0.000124597 0.00111195 0.00144034 -0.00361749 -0.00185915 -0.00924531 -0.000255177 0.00162236 4.94599e-05 -0.00285762 0.00325925 0.00368929 0.00326904 -0.000952393 0.00116024 -0.007322 -0.0110386 -0.0126098 0.00153658 -0.0150944 -0.0106497 0.00311546 -0.0125271 -0.00234592 -0.0112202 -0.00726567 0.00097957 -0.0181472 -0.0155524 -0.0180778
internal_weight=2840.69 2247.65 2195.11 593.042 451.864 141.178 385.765 2171.21 1107.25 581.861 1063.96 1032.9 525.385 374.972 281.579 93.3926 31.0673 52.5346 14.6454 23.9011 135.475 16.2595 119.216 27.3097 66.0992 50.331 28.6341 21.6969 91.906 37.8892
internal_count=8577 6589 6418 1988 1455 533 1253 6340 3240 1707 3100 3001 1533 1225 885 340 99 171 44 78 518 57 461 101 202 153 86 67 360 127
is_linear=0
shrinkage=0.03


Tree=56
num_leaves=31
num_cat=0
split_feature=80 79 79 71 78 48 19 46 78 92 101 74 96 73 90 66 65 14 80 101 94 2 104 36 12 68 20 15 101 26
split_gain=122.719 50.6711 9.23248 10.8347 8.86873 7.99224 7.66207 9.75523 7.56983 7.51307 7.48343 7.79051 7.92646 7.87547 6.41839 5.96118 5.84871 6.82426 5.79498 5.66165 8.07391 6.31273 5.20836 5.01457 7.61238 5.3366 6.59992 4.72188 4.65255 6.06451
threshold=-0.71746492501209469 0.077853192559074927 -0.38688172043010749 14.500000000000002 -0.18898809523809521 50.255762742350733 0.48333333333333339 1421.3706810725459 0.22839046199701943 6.8150914436671455 0.78174603174603186 -1.0000000180025095e-35 1.4772727272727275 15.500000000000002 0.28038961859055322 0.12058036643110183 -0.21910741513040141 -0.12440476190476189 1.6312927584235328 1.4721362229102171 1.2426470588235297 1.0000000180025095e-35 0.95833333333333337 -1.4999999999999998 0.17424242424242428 1.6074929971988798 -0.16249999999999995 0.72077922077922085 1.6961538461538463 1.1666666666666672
decision_type=2 2 2 2 2 2 2 2 2 2 2 2 2 2 2 2 2 2 2 2 2 2 2 2 2 2 2 2 2 2
left_child=2 6 8 16 -5 23 10 15 -1 22 -2 13 -13 -12 27 -8 17 -4 28 20 -9 -21 -6 24 -3 26 -25 -10 -7 -30
right_child=1 5 3 4 9 18 7 19 14 -11 11 12 -14 -15 -16 -17 -18 -19 -20 21 -22 -23 -24 25 -26 -27 -28 -29 29 -31
leaf_value=-0.010753832633574177 -0.018436682306150028 0.030329431205620393 -0.0032088672289368792 0.038124192975781852 0.014001281372023571 -0.0116581922411593 0.039844632381855906 -0.011364103201888963 0.013111903915418678 -0.0090282330305033135 -0.0013974248867917756 -0.00057548506218730233 0.0084554305766831005 0.019012201996955601 0.019739200349540364 0.0074178888942368392 -0.0048534627442349829 0.026665138021336153 -0.019343234804697275 -0.0023029234569517617 -0.002445151691217195 0.009306847358620909 0.00734285813378701 -0.020459749018753148 -0.0075124084790638736 0.019595117773961314 -0.0058162689629566722 -0.0093090796053677451 0.0075490031661488875 -0.020333799218380244
leaf_weight=9.2881979793310148 15.111947149038313 8.4242967516183871 14.178678154945375 10.029016047716139 196.22650527954102 382.67865812778473 6.3831157982349422 127.46131613850594 27.457600206136703 18.67410996556282 26.031019821763039 369.46957905590534 114.60094952583313 49.131165474653244 154.19801291823387 25.428676962852478 75.636390075087547 13.372695356607435 83.863899484276772 146.58622674643993 322.41033855080605 59.164383932948112 229.26082673668861 31.57932935655117 11.072646632790564 6.6550583541393271 225.54401437938213 12.214304387569426 25.19549734890461 9.7322407960891706
leaf_count=25 46 28 39 26 504 1416 17 404 67 49 74 1091 325 137 380 70 211 35 381 432 955 179 601 113 36 20 760 30 89 37
internal_value=-6.16273e-05 -0.0038855 0.010228 0.00823246 0.0102261 -0.00987127 -0.000162732 -0.00229958 0.0157029 0.00959619 0.00239486 0.00295779 0.00156253 0.0119437 0.0169705 0.0139244 -0.000542808 0.0112912 -0.0121467 -0.00308679 -0.00497214 0.00103551 0.0104136 -0.00584308 0.00883841 -0.00692825 -0.00761475 0.00620886 -0.0107015 -0.000220242
internal_weight=2807.06 2046.52 760.536 557.378 454.19 784.746 1261.78 687.434 203.158 444.161 574.345 559.233 484.071 75.1622 193.87 31.8118 103.188 27.5514 501.47 655.622 449.872 205.751 425.487 283.275 19.4969 263.778 257.123 39.6719 417.606 34.9277
internal_count=8577 6610 1967 1465 1180 2880 3730 2057 502 1154 1673 1627 1416 211 477 87 285 74 1923 1970 1359 611 1105 957 64 893 873 97 1542 126
is_linear=0
shrinkage=0.03


Tree=57
num_leaves=31
num_cat=0
split_feature=80 80 80 13 50 71 51 1 23 47 98 109 55 48 105 11 105 51 68 64 65 72 96 4 13 48 66 69 80 5
split_gain=120.336 25.9265 18.3505 9.80242 6.94845 7.60265 6.66595 6.13214 7.00085 5.99127 6.0002 5.88549 6.20081 7.35393 5.42837 5.2293 5.36646 4.87226 4.8483 4.79501 4.68858 4.6862 4.63989 4.46846 4.79685 4.38382 4.21653 8.63758 3.89159 6.43235
threshold=0.16171568627450983 -0.84808721765243489 1.2509992386752953 1.0000000180025095e-35 0.2752525252525253 1.0000000180025095e-35 0.22335600907029482 1.1380952380952383 -0.40416666666666662 1566.5589230062717 2.3038461538461541 0.85357142857142876 -0.22157622739018085 -28.661921005916835 1.4772727272727275 -0.13260073260073255 1.2613636363636365 0.82971014492753636 -0.34568802236059798 0.069209477250714371 -0.056142050717038143 16.500000000000004 0.43650793650793657 1.7416666666666669 0.43650793650793657 -19.327870716550702 -0.18734872883423612 -0.17427844511177845 -1.0520014232342996 -0.20719696969696969
decision_type=2 2 2 2 2 2 2 2 2 2 2 2 2 2 2 2 2 2 2 2 2 2 2 2 2 2 2 2 2 2
left_child=1 6 4 26 21 -6 25 8 -7 10 19 12 15 17 -9 16 -3 -14 -15 -5 -12 23 -23 24 -2 28 27 -4 -1 -30
right_child=2 11 3 9 5 7 -8 14 -10 -11 20 -13 13 18 -16 -17 -18 -19 -20 -21 -22 22 -24 -25 -26 -27 -28 -29 29 -31
leaf_value=-0.015977286313661198 0.029256536373530408 0.0035395963632129904 0.023664549585512697 0.020224446299267007 0.027337457093542621 -0.01570110593144397 -0.0069064604102003161 -0.0042954642990366831 0.0055519654560015888 -0.0095699175595684496 0.019759376325698047 0.017577006166508504 -0.0050961067727047981 0.014654059682184403 0.011293750340891539 -0.0095161222130898861 -0.014495854712670899 0.019568238482222784 0.0003287927641462375 -0.011193737888435173 0.0072857768015596406 -0.0092484166442899588 0.0078170264134291758 0.0041130802102434328 0.001261349334345073 0.0082820634224835127 -0.013521329564624556 -0.014260440249702808 -0.010928147318420241 0.020925238931488038
leaf_weight=241.75589261949062 25.926015585660934 64.956720948219299 12.607818305492399 6.9246549010276821 11.256263226270674 14.545733749866484 218.91957388818264 149.99156279861927 340.14411513507366 8.0800852477550489 195.72527581453323 12.652848139405249 382.18059501051903 22.472327768802643 23.214522063732147 196.85896174609661 19.248161911964417 7.3468858152627936 395.157136708498 11.859287381172178 31.483093470335007 15.093141496181486 286.9292526692152 16.328105986118317 6.9946247041225424 7.89117208123207 14.265784770250319 9.4604610204696673 45.416685491800308 6.5253620147705069
leaf_count=804 87 205 41 22 38 39 697 428 1020 22 628 41 1167 74 72 575 55 25 1192 31 93 40 857 48 20 26 38 25 143 24
internal_value=-6.88033e-05 -0.00537421 0.00721598 0.0137646 0.0050802 0.00294109 -0.0108912 0.00242089 0.00468038 0.0158489 0.0166838 -0.00276568 -0.00300221 -0.00166589 -0.00220607 -0.00683984 -0.000583078 -0.00463091 0.00109962 0.0003885 0.018031 0.00836343 0.00696421 0.0169443 0.0233084 -0.0137837 -0.000810379 0.00740647 -0.0143766 -0.00692648
internal_weight=2802.21 1621.38 1180.83 290.406 890.423 539.152 520.509 527.896 354.69 254.072 245.992 1100.87 1088.22 807.157 173.206 281.064 84.2049 389.527 417.629 18.7839 227.208 351.271 302.022 49.2487 32.9206 301.589 36.3341 22.0683 293.698 51.942
internal_count=8577 5028 3549 900 2649 1597 1694 1559 1059 796 774 3334 3293 2458 500 835 260 1192 1266 53 721 1052 897 155 107 997 104 66 971 167
is_linear=0
shrinkage=0.03


Tree=58
num_leaves=31
num_cat=0
split_feature=48 111 47 88 102 98 80 51 96 46 65 92 80 90 105 98 89 19 103 71 92 111 69 14 86 67 79 21 105 51
split_gain=10.3921 9.61211 8.08134 8.84341 9.97399 7.6191 9.57527 9.12871 6.47735 6.18279 15.7221 6.4498 5.91215 5.83246 6.55255 5.33458 4.67667 4.51063 3.48619 4.35404 8.30878 4.71024 3.70313 3.90436 2.32792 1.84284 1.49424 0.64377 0.238119 0.00390987
threshold=147.00991569821954 -1.6307715181660896 1463.3959591145688 0.43320955163006042 1.6899038461538465 3.3660287081339715 -0.18118686868686867 0.67006802721088443 2.7638888888888893 1423.6330271025038 -0.44252033200503321 5.7573219937320976 -0.30930735930735925 0.30702989869038799 0.90454545454545465 2.3416666666666672 0.28347335489313841 0.64583333333333337 1.5227272727272729 32.500000000000007 6.3604381731226871 -0.66583333333333317 -0.59173710379965028 0.020634920634920621 2.6333333333333337 0.21079327760362246 0.58675424192665593 0.48333333333333339 1.3166666666666669 0.24244897959183676
decision_type=2 2 2 2 2 2 2 2 2 2 2 2 2 2 2 2 2 2 2 2 2 2 2 2 2 2 2 2 2 2
left_child=1 8 3 4 12 7 -7 -5 25 10 -4 -12 -3 14 -11 -2 -6 -15 19 22 -21 -22 23 -17 -24 27 -27 29 -20 -1
right_child=15 2 9 5 16 6 -8 -9 -10 13 11 -13 -14 17 -16 18 -18 -19 28 20 21 -23 24 -25 -26 26 -28 -29 -30 -31
leaf_value=-0.026694729788441719 0.010859004107366134 0.027909709607730319 0.03954916006865495 0.012342056660131318 -0.01505500233819991 -0.014220637204930353 0.02347581791278713 0.00142419014592544 0.0055109792682232345 -0.0017753249391717955 0.0028842650847275323 -0.01409435048977631 0.0024616387846048264 -0.0019187642810046751 0.0032690446736486009 0.0062566676578937426 0.0014200387453845527 0.0073679293928337582 -0.027096254575068712 0.023080089580416307 0.012233512343038348 -0.016959660428292868 -0.01244486311399587 -0.021453048426615016 -0.026989413462299057 0.0023293342556520453 -0.020224331064412213 -0.016182023889369363 -0.01902761211608758 -0.027681561636344713
leaf_weight=12.614900633692747 11.722257599234579 9.4239514768123609 6.182149112224578 102.27035872638226 50.092776998877525 7.1288048774003974 40.618888258934021 211.39266857504845 12.763747468590735 327.76186606287956 27.201753050088882 77.527294889092445 64.118713915348053 881.01888081431389 791.25914081931114 13.904063254594805 22.459628731012344 49.728355377912521 9.2325800955295545 10.056630179286001 6.7930794060230246 18.577342286705974 24.068950593471527 6.8218065649271002 16.828685015439987 5.2789614051580411 5.2963024377822876 6.9167377501726142 5.1158317476510993 5.0639364272356024
leaf_count=43 36 23 15 278 167 20 109 634 39 994 77 237 187 2671 2297 52 67 148 41 33 23 75 98 30 76 20 22 23 22 20
internal_value=0.000133328 0.000519753 0.000758959 0.00416563 -0.00206302 0.00668346 0.0178477 0.00498398 -0.0127952 -4.12074e-05 -0.00694016 -0.00968442 0.00572262 0.000332089 0.00179155 -0.0083914 -0.00995492 -0.00142259 -0.0104171 -0.00837647 4.1135e-06 -0.00914302 -0.0131944 -0.00286383 -0.0184297 -0.0194386 -0.00896599 -0.0239415 -0.0242194 -0.0269774
internal_weight=2839.24 2716.12 2668.19 507.506 146.095 361.411 47.7477 313.663 47.9346 2160.68 110.911 104.729 73.5427 2049.77 1119.02 123.121 72.5524 930.747 111.399 97.0506 35.4271 25.3704 61.6235 20.7259 40.8976 35.1708 10.5753 24.5956 14.3484 17.6788
internal_count=8577 8091 7924 1485 444 1041 129 912 167 6439 329 314 210 6110 3291 486 234 2819 450 387 131 98 256 82 174 128 42 86 63 63
is_linear=0
shrinkage=0.03


Tree=59
num_leaves=31
num_cat=0
split_feature=79 79 57 65 48 46 72 64 40 46 43 16 84 72 88 55 103 112 48 105 109 87 47 110 55 55 72 54 106 46
split_gain=110.169 44.7525 16.7722 12.8054 8.13607 7.53369 9.16026 10.9383 7.8023 7.40793 7.17779 8.42624 8.23576 7.16866 6.75073 6.70643 6.47436 7.87431 7.86318 6.03463 6.00375 5.91519 9.33469 8.24669 8.23267 8.15843 7.11243 5.8898 5.8264 5.81311
threshold=-0.13966108966108962 0.077853192559074927 1.0000000180025095e-35 0.51604789819545005 50.255762742350733 1421.3706810725459 33.500000000000007 -0.040659892967849769 1.0000000180025095e-35 1467.1791619040293 1.0000000180025095e-35 0.37980769230769235 0.63333333333333341 31.500000000000004 0.43672235417965971 1.760952380952381 1.1055555555555558 0.245667186027276 -14.01465835503461 0.80909090909090919 0.95000000000000007 1.2916666666666667 1426.2419027651324 0.10000000000000005 -0.026671408250355615 -0.3311403508771929 23.500000000000004 -0.25472370766488406 2.1464285714285718 1677.5850453213395
decision_type=2 2 2 2 2 2 2 2 2 2 2 2 2 2 2 2 2 2 2 2 2 2 2 2 2 2 2 2 2 2
left_child=2 10 3 5 -3 8 19 -8 14 -5 21 12 13 -12 -1 -11 18 -18 -13 -7 28 22 -2 24 -23 -24 -25 -14 -6 -30
right_child=1 4 -4 9 20 6 7 -9 -10 15 11 16 27 -15 -16 -17 17 -19 -20 -21 -22 23 25 26 -26 -27 -28 -29 29 -31
leaf_value=0.024371333050128736 0.021248758688730333 -0.0055395200687972761 -0.01939772405275254 0.020304996274022824 0.00087100880024419106 0.014547090777806424 0.026666854637690026 -0.0035122339754188243 0.034227686993904487 0.008147436639436418 9.9529066930067081e-05 -0.020825965222987186 0.03253655116830715 -0.014881793604386026 0.0035810856663017936 0.020059447268955821 0.014034702926034997 -0.0077911840940871474 0.0055595457402884494 0.0018308228361394686 -0.018048884383179444 0.0032204320765998212 -0.010686438691337188 -0.002497875031341515 -0.012633656351299372 -0.0020893286160195944 0.014359646541763619 0.0042343037477380035 -0.012129640206068276 0.0084147207092949011
leaf_weight=20.726799935102463 13.454289108514784 284.41627769172192 18.532149970531464 109.83810779452324 38.935210138559341 37.381643056869507 33.35177281498909 15.991409853100775 15.106164067983626 184.32746121287346 75.533947125077248 13.612032845616339 8.2642867565155012 46.407713338732719 43.677197962999344 55.297578752040863 115.435895845294 17.077764868736267 40.141533628106117 330.89003923535347 111.04596635699272 76.5578942745924 128.39013530313969 34.022535011172295 47.935461103916168 439.13273943960667 66.657815933227539 33.212271228432655 334.22994028031826 12.872961357235907
leaf_count=53 40 963 55 272 135 103 90 43 38 474 220 39 24 142 115 138 336 57 119 889 486 227 381 98 145 1306 192 95 1252 50
internal_value=-6.62809e-05 -0.00404111 0.00883488 0.0094529 -0.00958623 0.0063594 0.00474795 0.0168862 0.0148233 0.0138535 -0.000291861 0.00329767 -0.00167417 -0.00560196 0.0102719 0.0108963 0.00765963 0.0112219 -0.00112207 0.0031216 -0.0119016 -0.0018489 -0.00344874 0.0022789 -0.00288409 -0.00403424 0.00866305 0.00987358 -0.0101333 -0.0113677
internal_weight=2802.46 1937.34 865.12 846.588 781.5 497.125 417.615 49.3432 79.5102 349.463 1155.84 349.685 163.418 121.942 64.404 239.625 186.267 132.514 53.7536 368.272 497.084 806.151 580.977 225.174 124.493 567.523 100.68 41.4766 386.038 347.103
internal_count=8577 6307 2270 2215 2886 1331 1125 133 206 884 3421 1032 481 362 168 612 551 393 158 992 1923 2389 1727 662 372 1687 290 119 1437 1302
is_linear=0
shrinkage=0.03


Tree=60
num_leaves=31
num_cat=0
split_feature=80 80 80 13 54 79 6 53 65 98 7 16 50 97 1 101 74 83 8 78 33 83 87 101 70 101 80 17 88 97
split_gain=113.565 26.6787 15.7674 9.33249 8.22468 7.7049 6.67405 8.00516 5.91567 7.73769 5.81627 5.51832 5.44317 8.72477 7.89413 7.31174 6.53751 7.68483 5.44968 5.28258 5.0485 4.94465 4.85001 4.71092 7.82138 5.70513 4.63527 4.62253 4.43669 4.27784
threshold=0.21272727272727279 -0.56630036630036618 1.2509992386752953 1.0000000180025095e-35 -0.36088342440801452 -0.38688172043010749 1.7303030303030307 0.23294573643410857 -0.056142050717038143 2.3038461538461541 0.34848484848484856 0.48333333333333339 0.2752525252525253 0.95833333333333337 1.1380952380952383 1.2899159663865549 24.500000000000004 0.36666666666666675 0.12660256410256412 -0.30217391304347813 -0.76726190476190459 0.29166666666666669 1.4500000000000002 1.4472222222222224 17.500000000000004 2.3416666666666672 0.41701680672268915 -0.087301587301587269 0.44623966685312949 1.6515151515151518
decision_type=2 2 2 2 2 2 2 2 2 2 2 2 2 2 2 2 2 2 2 2 2 2 2 2 2 2 2 2 2 2
left_child=1 5 12 -4 20 10 8 -8 9 -5 -1 -10 13 -2 16 -16 26 -18 -17 27 28 22 -22 24 -15 -25 -14 -6 -3 -21
right_child=2 4 3 6 19 -7 7 -9 11 -11 -12 -13 14 23 15 18 17 -19 -20 29 21 -23 -24 25 -26 -27 -28 -29 -30 -31
leaf_value=0.0089383621568151286 -0.0055102497399903546 0.021522193446362043 -0.00088055900564329795 -0.0008023996512533301 -0.005526608885984623 -0.0077786988657937064 -0.024547549166028873 0.019030808981807926 0.00025381030714056497 0.020474708136012491 -0.016946442276129722 0.028556444958687519 -0.00081095037986519611 0.034492074665438112 -0.0070053278472925638 0.013556237349458851 0.035363058776117055 0.00049808034811158364 -0.0090375563179720519 -0.0015926469549243374 -0.0062996018021467936 -0.014280053375049064 0.011108375910418182 0.003623840006073104 0.011089470990073005 0.032707802452460639 0.0070450014412982258 0.017754440555872612 -0.0058473044768615002 0.005327317897767741
leaf_weight=8.2816115617752057 37.432276844978333 10.663106977939607 36.302312642335892 16.792348325252533 10.799115583300589 582.5904953032732 8.0008605122566205 7.2148167490959159 31.105164408683777 183.2267692387104 137.96213619410992 7.7435503005981436 98.074364140629768 13.914684742689131 103.03686164319515 34.223602503538132 13.819307997822763 9.6721027791500074 13.358305752277372 552.06308284401894 161.94611291587353 67.670366853475571 15.810439884662626 112.28447282314301 168.42022961378098 6.4170770645141593 217.51085205376148 26.538228124380112 10.658892363309858 94.105798155069351
leaf_count=27 105 37 104 47 31 1852 19 23 88 593 477 26 288 48 288 107 48 28 37 1659 483 194 51 328 507 22 650 86 31 293
internal_value=-7.29117e-05 -0.00500622 0.00733263 0.0133478 -0.00169445 -0.00932412 0.0153806 -0.003884 0.0166078 0.0186884 -0.0154806 0.00589525 0.0052235 0.00814895 0.00320148 -0.00251357 0.00574012 0.0210081 0.00721318 4.91273e-05 -0.00616211 -0.00737859 -0.00475126 0.0098474 0.0128754 0.00519614 0.00460361 0.0110208 0.00784015 -0.000584847
internal_weight=2797.64 1679.09 1118.55 290.386 950.255 728.834 254.084 15.2157 238.868 200.019 146.244 38.8487 828.164 338.469 489.695 150.619 339.077 23.4914 47.5819 683.506 266.749 245.427 177.757 301.036 182.335 118.702 315.585 37.3373 21.322 646.169
internal_count=8577 5221 3356 900 2865 2356 796 42 754 640 504 114 2456 1010 1446 432 1014 76 144 2069 796 728 534 905 555 350 938 117 68 1952
is_linear=0
shrinkage=0.03


Tree=61
num_leaves=31
num_cat=0
split_feature=93 109 74 66 47 95 108 90 71 49 66 8 109 14 46 92 21 4 83 108 109 21 84 51 70 66 1 72 74 49
split_gain=10.7336 10.4283 7.10672 6.08626 9.5628 6.06087 9.83002 7.287 6.00877 7.29211 5.90729 6.15347 8.12835 5.74327 5.71345 6.68033 5.84765 4.96275 4.75726 6.01747 5.83043 4.58224 5.72339 6.41881 4.40901 3.94683 3.61655 3.56954 3.01873 2.9561
threshold=1.7029411764705884 -1.5916666666666663 42.500000000000007 -0.066442041367802837 1445.9580797552314 1.9545454545454548 0.47213622291021679 0.33168723276268519 32.500000000000007 0.69978138025495584 -0.72373929127725845 -0.62361111111111089 0.050000000000000162 -0.07559523809523809 1417.7368245899399 5.7573219937320976 0.37980769230769235 1.966666666666667 0.63333333333333341 0.34166666666666673 0.5563492063492067 0.22649572649572652 0.90000000000000013 0.22048611111111113 37.500000000000007 -0.15739183408714849 1.1909090909090911 36.500000000000007 -2.4999999999999996 0.50381507191417463
decision_type=2 2 2 2 2 2 2 2 2 2 2 2 2 2 2 2 2 2 2 2 2 2 2 2 2 2 2 2 2 2
left_child=1 24 5 8 27 14 13 -8 9 18 -10 17 -13 -7 15 -3 -16 -12 19 -2 -20 22 23 -6 -1 -4 -23 -5 -11 -28
right_child=3 2 25 4 21 6 7 -9 10 28 11 12 -14 -15 16 -17 -18 -19 20 -21 -22 26 -24 -25 -26 -27 29 -29 -30 -31
leaf_value=-0.015306606188290746 0.0081429458510051279 0.0074095429542464343 0.0041951588331178586 0.031203049957298959 -0.017527573704312488 0.01010527241984774 0.015365885827906024 -0.0075152429375838327 0.019025013702637272 0.0016632102079344178 -0.018046421082235194 -0.012160917017426937 0.0053400000076388454 -0.0085045228564590378 0.00043746147801387842 -0.0090706034162243432 0.0041190735613282001 0.012392726258904972 -0.015241244598611767 -0.01035952742540225 0.0099726052016484192 0.0042291815873440556 0.019912112973579966 0.002526637580898159 0.012573756828047799 -0.0227205922371281 -0.0087642388960834754 0.0041899028663016777 -0.021894144645191092 -0.030053992568467129
leaf_weight=46.061310887336731 17.81747855246067 29.003610864281654 6.9096331000328091 12.076488316059114 17.177385091781616 22.566510647535324 96.132150709629059 14.403588548302649 12.206160783767698 5.5578208267688742 31.259845241904259 32.684214368462563 88.71821728348732 44.077093154191971 1322.3982667922974 93.503023594617844 549.67994856834412 5.6995106637477866 11.343417808413504 141.08716160058975 30.306378230452538 10.301632851362227 13.622611120343207 87.713815584778786 5.7411788403987876 16.885080173611641 15.33684089779854 6.928286761045455 41.093849763274193 9.5091104507446271
leaf_count=155 56 82 20 31 55 64 268 45 36 23 119 104 285 141 3901 275 1564 17 39 497 100 32 38 270 16 58 47 21 185 33
internal_value=0.000141809 0.00108751 0.00140141 -0.00345777 0.00128001 0.00158007 0.0068975 0.0123843 -0.0054159 -0.00840446 -0.00108454 -0.00263454 0.000628367 -0.00220297 0.00110772 -0.00516891 0.00151846 -0.0133524 -0.00591941 -0.0082849 0.00310556 -0.00120288 0.00161836 -0.000757517 -0.0122167 -0.0149047 -0.0107158 0.0213553 -0.0190877 -0.0169123
internal_weight=2837.8 2247.36 2195.56 590.44 172.666 2171.76 177.179 110.536 417.774 247.206 170.568 158.362 121.402 66.6436 1994.58 122.507 1872.08 36.9594 200.554 158.905 41.6498 153.661 118.514 104.891 51.8025 23.7947 35.1476 19.0048 46.6517 24.846
internal_count=8577 6589 6418 1988 527 6340 518 313 1461 900 561 525 389 205 5822 357 5465 136 692 553 139 475 363 325 171 78 112 52 208 80
is_linear=0
shrinkage=0.03


Tree=62
num_leaves=31
num_cat=0
split_feature=80 79 79 87 80 78 54 105 109 85 47 101 88 54 2 66 55 51 102 109 110 88 103 46 65 96 104 89 69 104
split_gain=109.19 42.1076 10.6715 10.2382 7.42229 7.03152 6.79554 6.67038 7.23116 5.78893 6.21844 7.02998 5.74715 8.64484 6.27456 7.49733 5.88569 7.91944 5.75808 5.74241 5.46908 5.23244 13.0723 5.75903 5.22135 5.17878 5.25972 4.72377 4.93842 4.47383
threshold=-0.61380455407969636 0.077853192559074927 -0.38688172043010749 0.36666666666666675 1.1835406377659903 0.22839046199701943 -0.92153846153846153 1.2928571428571431 -0.70294117647058807 0.22500000000000003 1534.3658511090077 1.4142156862745101 0.41809127216052994 0.11884584342211461 0.066666666666666555 0.035338726238457914 1.2866927592954993 0.06458333333333334 1.7434210526315792 1.0000000180025095e-35 0.028030303030303075 0.44808046135716334 2.1909090909090914 1515.0738583969862 0.58832735772786404 2.7638888888888893 0.63068181818181823 0.23221768733988565 -0.18113750179976826 0.88194444444444453
decision_type=2 2 2 2 2 2 2 2 2 2 2 2 2 2 2 2 2 2 2 2 2 2 2 2 2 2 2 2 2 2
left_child=2 12 5 9 29 -1 27 8 -7 10 11 -4 13 14 15 -2 17 -14 -16 -12 -19 23 -23 -8 -15 26 -9 -5 -29 -3
right_child=1 4 3 6 -6 7 21 25 -10 -11 19 -13 16 24 18 -17 -18 20 -20 -21 -22 22 -24 -25 -26 -27 -28 28 -30 -31
leaf_value=-0.010707124175203701 0.013012968625218762 -0.0013928798060939718 0.0066892825316997228 0.001480334760663826 -0.013912715924802357 -0.01088288381888672 0.014129423707541109 0.012296150389197317 0.020169558386035451 -0.010118224587455007 0.007386313641711658 -0.0057344939229358677 0.022167942714516487 -0.011085557080763333 0.026934882795063949 -0.0043407783237568104 -0.021465625509832435 -0.0035955972637287791 0.00059771298634101345 0.031459489714852684 0.00092159862213412637 -0.0093247681473202712 0.01526796846949921 0.001859670386895614 0.017211506679154678 0.0024445466479509253 0.024132487888669493 0.010889549669119489 0.034928191201093743 -0.0087379616465356209
leaf_weight=9.2770781368017179 45.350418046116829 89.508251205086708 81.398140281438828 8.2291530668735486 234.39861667156219 15.818435043096544 163.19134974479675 51.510368764400482 11.77217000722885 26.826612830162048 132.76451393961906 82.574650168418884 13.067516922950743 37.663473084568977 25.591269850730896 44.28582900762558 12.85099536180496 483.99834580719471 10.551401659846304 9.5602278709411603 480.90441669523716 40.728680014610291 37.238645747303963 43.634198099374771 6.9519591331481925 16.694754302501678 98.21074903011322 11.630399584770201 22.710681229829788 449.0755248516798
leaf_count=25 131 313 224 20 976 40 422 125 29 68 344 229 38 118 72 128 42 1464 31 25 1412 112 97 112 21 42 241 30 58 1588
internal_value=-7.0925e-05 -0.00403133 0.00879741 0.00694749 -0.00945662 0.014808 0.0107153 0.0160281 0.00236636 0.00324484 0.00441522 0.000432824 -0.000419897 0.00466944 0.00869393 0.00443915 -0.00129512 -0.00103007 0.0192461 0.00900336 -0.00134424 0.00904418 0.00242118 0.0115409 -0.00667632 0.0182931 0.0200603 0.021895 0.026787 -0.00751727
internal_weight=2797.97 1934.2 863.771 660.487 772.982 203.284 327.363 194.006 27.5906 333.124 306.298 163.973 1161.22 170.394 125.779 89.6362 990.821 977.97 36.1427 142.325 964.903 284.793 77.9673 206.826 44.6154 166.416 149.721 42.5702 34.3411 538.584
internal_count=8577 6334 2243 1741 2877 502 851 477 69 890 822 453 3457 501 362 259 2956 2914 103 369 2876 743 209 534 139 408 366 108 88 1901
is_linear=0
shrinkage=0.03


Tree=63
num_leaves=31
num_cat=0
split_feature=80 80 46 80 67 90 35 55 80 47 70 112 71 5 12 68 92 101 91 4 111 99 110 66 57 37 103 17 72 96
split_gain=107.064 23.5986 16.5883 15.045 8.89186 6.63432 8.08951 6.98249 6.62679 5.6072 5.55799 6.16304 10.1648 5.53531 6.99388 8.75613 6.22176 5.27604 6.90428 6.99643 5.20093 5.75039 5.17006 5.14524 5.133 4.93874 4.65972 4.60048 4.5662 4.52826
threshold=0.16171568627450983 -0.84808721765243489 1519.4272452704552 2.0059523809523814 0.32757652279742339 0.33607914450114001 1.741071428571429 -0.24217986314760506 -0.19034299034299032 1575.8658429574714 53.500000000000007 -1.4911033411033408 84.500000000000014 0.81861471861471879 0.25833333333333336 0.72387940504806458 6.273819513894054 1.1464285714285716 2.5560058561800698 1.2403846153846156 0.060000000000000074 0.54195804195804198 -0.55902777777777757 -0.31397267356437331 1.0000000180025095e-35 -1.0000000180025095e-35 1.3875000000000002 -0.16011904761904758 7.5000000000000009 0.23611111111111113
decision_type=2 2 2 2 2 2 2 2 2 2 2 2 2 2 2 2 2 2 2 2 2 2 2 2 2 2 2 2 2 2
left_child=1 9 4 13 22 7 25 -3 24 -1 -11 -12 -13 14 16 -16 -4 20 -19 -20 21 -6 23 26 -9 -7 -2 -10 -27 -24
right_child=2 5 3 -5 17 6 -8 8 27 10 11 12 -14 -15 15 -17 -18 18 19 -21 -22 -23 29 -25 -26 28 -28 -29 -30 -31
leaf_value=-0.0076748242860956752 0.012690589539987272 -0.007910408027529188 0.0070090252839879047 0.023212607329211443 0.0044987560317848018 -0.010633475200510525 0.026543279084685116 -0.0047782676643739266 0.012464969816923558 -0.015640934616503094 -0.023472953831674016 0.043485507851311944 -0.0066117584096157169 0.012598892563854628 0.0085945954008123833 0.030784291661438382 -0.0028216105114858658 -0.010700776281440188 0.037877084562923984 0.012418875562977105 0.024564704571566225 -0.01710299348901034 0.023348181095006078 -0.02311035544412636 0.015212389660031325 -0.0020946740603200297 -0.017441715086633312 0.00020984050645343733 0.014124038875993663 -0.00016911442581295382
leaf_weight=289.25712756812572 10.490197300910951 233.12036317586899 139.72648140788078 66.869840890169144 111.44694313406944 22.56863072514534 13.314757809042929 447.26513077318668 30.625985339283943 199.22303982079029 7.1925762146711376 5.4190063625574139 11.135637626051901 187.6963976919651 200.25263278186321 17.395135164260864 98.991858303546906 8.2448984682559949 13.016346842050551 38.310865208506584 10.271417349576948 12.316457509994505 7.6079169213771811 17.763105660676956 11.866751194000242 32.353863015770912 8.2525110542774183 276.12747687101364 30.211473733186722 234.48731200397015
leaf_count=942 33 693 414 223 328 64 45 1367 98 669 23 22 38 575 602 59 278 22 46 119 34 32 25 46 38 97 22 832 100 691
internal_value=-7.79181e-05 -0.00511373 0.00677339 0.00966844 0.00241475 -0.00263213 0.00479815 -0.00336436 -0.00198063 -0.0104306 -0.0140057 -0.000286725 0.00978711 0.00826222 0.00647861 0.0103681 0.00293245 0.0073531 0.0147816 0.018875 0.00405147 0.00234903 -0.00101703 -0.0115413 -0.00426159 0.00139726 -0.000576819 0.00143338 0.005737 0.000569924
internal_weight=2792.82 1609.68 1183.14 710.932 472.208 1097.45 98.4487 999.006 765.885 512.227 222.97 23.7472 16.5546 644.063 456.366 217.648 238.718 193.607 59.5721 51.3272 134.035 123.763 278.601 36.5058 459.132 85.134 18.7427 306.753 62.5653 242.095
internal_count=8577 5028 3549 2151 1398 3334 306 3028 2335 1694 752 83 60 1928 1353 661 692 581 187 165 394 360 817 101 1405 261 55 930 197 716
is_linear=0
shrinkage=0.03


Tree=64
num_leaves=31
num_cat=0
split_feature=93 80 74 78 104 17 14 88 78 79 96 88 96 53 93 109 34 89 104 106 34 0 106 66 66 72 93 64 90 88
split_gain=10.1281 10.0355 6.84155 6.54126 7.99273 7.31208 8.32862 7.0672 5.82967 6.80736 6.88733 6.75603 6.33151 6.2654 5.8313 5.58986 5.2245 4.49513 3.94301 3.86271 10.1246 3.49548 3.33526 3.29645 3.26179 5.01077 4.17279 4.18803 2.59941 2.11003
threshold=1.7029411764705884 -2.4992063492063488 42.500000000000007 0.33854166666666674 0.61250000000000016 0.026709401709401694 0.24862637362637366 0.44330959426250066 -0.67673469387755092 -0.15007507507507509 1.8944444444444446 0.44640659085286782 0.91287878787878796 0.85839598997493749 3.1125000000000003 0.064583333333333229 -0.90178571428571419 0.26349462159292947 0.80909090909090919 3.3603896103896109 0.9910714285714286 1.3693181818181819 3.0871212121212124 -0.18004584646358543 0.13174609848350585 27.500000000000004 1.8973684210526318 0.42745123093960319 0.31821727414551132 0.43810702498821313
decision_type=2 2 2 2 2 2 2 2 2 2 2 2 2 2 2 2 2 2 2 2 2 2 2 2 2 2 2 2 2 2
left_child=1 19 3 5 15 16 -7 -6 12 24 13 21 -2 14 -11 -5 -3 23 -4 20 -1 -12 -13 -14 25 -10 -26 -28 -27 -21
right_child=8 2 18 4 7 6 -8 -9 9 10 11 22 17 -15 -16 -17 -18 -19 -20 29 -22 -23 -24 -25 26 28 27 -29 -30 -31
leaf_value=-0.021768000911751993 -0.022752850067071475 -0.0071059547159139508 0.004426019639731796 0.0040476021057773755 -0.0071516810895602629 0.004212667603462737 0.019268580546634266 0.00041106748683122544 -0.026929430682789603 -0.0022503231277695829 0.014208457990258156 0.0099088715426889351 -0.020411296881036298 0.021663117536246796 -0.028113694984775148 0.027469060828794599 0.0015035864817617471 0.014408124753068989 -0.022526282268598846 -0.008091908920063208 0.016967836273182189 -0.013526385434090547 0.036104772616748049 0.0058357787064873485 -0.023083765865179809 0.0082980801403230147 0.018745006776965271 -0.010692469424990027 -0.017043399887400883 -0.026533687755693449
leaf_weight=13.053045362234117 27.710094913840294 68.015499725937843 6.8931907266378429 86.12993711233139 201.51406271755695 583.10405558347702 35.055481374263763 248.14849476516247 21.268581420183182 420.4731429964304 7.0327969938516643 7.7921654284000423 12.048955470323564 9.6886667162179929 7.9949952214956275 10.263855472207068 941.89861336350441 9.3790395855903608 16.769873067736626 8.3169570267200488 11.356411591172217 9.77303898334503 9.9725404381751996 6.7019145935773876 6.9408603757619884 7.4485855698585492 8.9418529123067874 8.4694505184888822 7.1301956325769424 16.990938499569893
leaf_count=43 122 210 21 243 606 1645 93 711 69 1417 19 22 52 25 33 26 2814 33 57 27 33 32 25 22 22 21 24 27 23 60
internal_value=0.000150016 0.00106757 0.00136908 0.0015437 -0.00129767 0.0024967 0.00506648 -0.00297814 -0.00335258 -0.00238628 -0.00117633 0.0117152 -0.0125747 -0.00219347 -0.00273292 0.00654148 0.000923753 -0.00254852 -0.0146749 -0.0122609 -0.00374629 -0.00192009 0.0246144 -0.0110301 -0.0118876 -0.0176433 -0.00341512 0.00442562 -0.00409594 -0.0204731
internal_weight=2836.28 2247.51 2197.79 2174.13 546.056 1628.07 618.16 449.663 588.767 532.927 472.727 34.5705 55.84 438.157 428.468 96.3938 1009.91 28.1299 23.6631 49.7174 24.4095 16.8058 17.7647 18.7509 60.1995 35.8474 24.3522 17.4113 14.5788 25.3079
internal_count=8577 6589 6426 6348 1586 4762 1738 1317 1988 1759 1573 98 229 1475 1450 269 3024 107 78 163 76 51 47 74 186 113 73 51 44 87
is_linear=0
shrinkage=0.03


Tree=65
num_leaves=31
num_cat=0
split_feature=80 80 26 107 49 65 90 2 71 19 46 19 67 111 70 53 92 87 78 75 22 95 73 17 17 87 99 109 73 87
split_gain=102.921 41.5214 8.55633 8.2298 7.83698 6.85505 7.71628 7.07061 6.96195 6.80913 6.80732 6.71694 9.26198 6.25823 5.90002 5.79785 5.45258 5.48373 5.31559 6.25392 5.23009 6.26102 7.94356 5.09151 5.07565 4.96457 4.9607 5.0017 5.35445 4.83844
threshold=-0.71746492501209469 0.37257348232042342 -1.8333333333333333 0.51315789473684215 0.61689150789549563 0.79274265665595423 0.25784648026066537 -0.26666666666666666 86.500000000000014 0.48333333333333339 1417.7368245899399 0.48333333333333339 0.20025658415229766 -0.062499999999999979 53.500000000000007 0.78745791245791252 6.5560676239843545 0.36666666666666675 -0.14999999999999991 5.5000000000000009 0.07417582417582419 1.1547619047619049 10.500000000000002 0.48611111111111122 -0.21428571428571427 1.2250000000000003 0.42481203007518803 0.95000000000000007 17.500000000000004 1.5500000000000003
decision_type=2 2 2 2 2 2 2 2 2 2 2 2 2 2 2 2 2 2 2 2 2 2 2 2 2 2 2 2 2 2
left_child=2 10 3 -1 20 9 -7 8 -8 18 -2 12 14 -14 -12 -9 25 -18 -4 -20 -3 22 -22 -5 -23 -11 -6 28 -28 -13
right_child=1 4 5 23 26 6 7 15 -10 16 11 29 13 -15 -16 -17 17 -19 19 -21 21 24 -24 -25 -26 -27 27 -29 -30 -31
leaf_value=0.022583689686941189 0.010302473079018491 0.0016659635494565451 0.03416307435806646 -0.00011413227964143964 0.0153964458190947 -0.018272376718785507 0.014227425266093597 0.011871968733689561 0.034562678891540501 0.0030723780507163757 0.0048932685658121906 -0.0040163587005254799 0.016800824817310239 -0.011963249786663036 -0.0028395725245561323 -0.02333963094587916 -0.024162307285356236 0.0022779062445309113 0.001115481954691555 0.012867690030541272 -0.0064984846886944562 -0.004852443873230681 0.015160248097145742 0.023797358015932815 -0.012702580462740174 0.017155303415537001 -0.016235732385525767 -0.019399418250613809 -0.0065801665637475462 0.0026223293461170505
leaf_weight=76.480730056762695 52.107166096568108 58.699693039059639 8.0759540200233442 31.119418859481812 5.4655876308679572 6.7384812384843817 126.43495982885361 9.4733422845602053 17.215247243642807 222.42971877753735 377.80538505315781 543.846012160182 7.6714510768651953 60.453762203454971 116.0863680690527 7.5729435682296744 12.577365115284922 16.092598855495453 58.3652124106884 135.04778534173965 50.703278660774231 118.50951603055 21.789717182517052 10.794491082429884 197.93641826510429 25.067800730466843 93.686987221240997 89.039873957633972 115.30735938251019 120.74247272312641
leaf_count=191 143 201 20 76 22 18 316 26 43 586 1089 1639 22 176 355 19 33 44 150 352 176 434 72 27 703 66 379 407 431 361
internal_value=-7.4418e-05 -0.00360608 0.00931508 0.0167283 -0.00920432 0.00795452 0.0131779 0.0144967 0.0166644 0.00612355 -0.000317578 -0.000768726 0.00164538 -0.00872418 0.00307571 -0.00377106 0.00306406 -0.00932128 0.010317 0.00932129 -0.00668112 -0.00794089 1.16292e-05 0.00604402 -0.00976269 0.00449877 -0.0129258 -0.0134452 -0.0109085 -0.00281024
internal_weight=2793.34 2029.85 763.486 118.395 751.138 645.091 167.435 160.696 143.65 477.656 1278.71 1226.61 562.017 68.1252 493.892 17.0463 276.167 28.67 201.489 193.413 447.639 388.939 72.493 41.9139 316.446 247.498 303.5 298.034 208.994 664.588
internal_count=8577 6610 1967 294 2825 1673 422 404 359 1251 3785 3642 1642 198 1444 45 729 77 522 502 1586 1385 248 103 1137 652 1239 1217 810 2000
is_linear=0
shrinkage=0.03


Tree=66
num_leaves=31
num_cat=0
split_feature=78 46 48 109 112 106 25 53 67 52 6 26 5 79 55 109 65 13 103 73 74 5 8 79 113 26 19 103 71 112
split_gain=91.8771 22.5113 19.3774 12.2711 8.6051 6.85734 6.60154 7.22407 6.59812 11.2548 7.61788 6.02033 8.18738 5.8905 5.60648 5.52129 6.03931 6.2596 5.09193 5.51596 5.43686 5.06187 7.51779 5.15147 4.98586 7.34278 5.9961 4.98788 4.84252 4.7951
threshold=-0.042572463768115958 1519.4272452704552 -109.45244645371564 0.85357142857142876 0.27743240037950678 2.7434210526315792 1.8333333333333337 0.25782013685239497 0.37497514416384975 0.26759259259259266 1.8090909090909093 1.1666666666666672 -0.10357142857142863 -0.38688172043010749 0.4971910112359551 -0.60357142857142843 -0.22477687089142326 0.12916666666666668 1.6833333333333336 1.0000000180025095e-35 1.5000000000000002 0.069047619047619149 -0.72857142857142843 0.24424603174603179 0.40476190476190488 -1.1666666666666663 0.55050505050505061 1.591666666666667 94.500000000000014 0.37241581415174757
decision_type=2 2 2 2 2 2 2 2 2 2 2 2 2 2 2 2 2 2 2 2 2 2 2 2 2 2 2 2 2 2
left_child=1 8 13 24 15 6 7 -5 9 -1 -10 14 -13 -2 -11 18 17 -17 20 -20 -4 22 -6 -23 25 27 -27 -3 -18 -24
right_child=2 3 4 5 21 -7 -8 -9 10 11 -12 12 -14 -15 -16 16 28 -19 19 -21 -22 23 29 -25 -26 26 -28 -29 -30 -31
leaf_value=0.03669845720871924 -0.019992379753015935 0.010217940946420539 -0.0075725642808134718 -0.00086071993763252308 0.024163557112319586 0.022314075629432571 -0.0028757083179875879 0.018220331244865325 0.00922359807889905 -0.0018889060875549645 -0.0056743716201190777 0.034812983328588232 0.002837061767347162 -0.0099355318063274363 -0.015951367140421467 0.0077852716884675051 -0.0023413550177190864 -0.0096231893337831494 0.0057500500126590765 -0.012398424082630012 0.013179399230357113 0.017130096921569294 0.0095848732855038782 -0.0060770701033359895 0.0090131276554552622 0.00023380432236747787 0.026997723791088214 0.042358462455282936 0.014745254762237522 -0.0097522972903437873
leaf_weight=7.0677907019853583 72.42097245156765 13.795797362923624 30.931440934538841 22.529613137245178 9.2171180099248868 77.008341312408447 24.85324028134346 86.110890239477158 142.89981117844582 321.66564439237118 39.409369066357613 8.3422721922397596 52.947075441479683 189.76481395959854 27.714287459850311 20.680323466658592 606.73030267655849 183.87218390405178 16.516363248229027 172.4053308814764 17.959924846887589 36.012265607714653 15.413742348551748 11.312790960073469 318.38609279692173 186.76107071340084 7.8504367470741263 6.3439477980136862 15.304585561156271 45.93861697614193
leaf_count=26 263 43 96 64 31 254 69 275 431 953 111 30 159 622 81 67 1871 546 55 548 62 116 50 31 955 540 26 23 51 128
internal_value=-8.24739e-05 0.00556394 -0.00533488 0.009052 -0.00369862 0.015185 0.0110725 0.0142633 0.00124117 -0.000837049 0.00600314 -0.00148305 0.0071894 -0.0127134 -0.0030044 -0.0045504 -0.00339146 -0.00786319 -0.00857864 -0.0108118 5.05344e-05 0.00399166 -0.00109892 0.0115826 0.00663046 0.00309797 0.00131343 0.0203421 -0.00192095 -0.00489416
internal_weight=2788.17 1343.69 1444.48 743.639 1182.29 210.502 133.494 108.641 600.046 417.737 182.309 410.669 61.2893 262.186 349.38 1064.4 826.587 204.553 237.813 188.922 48.8914 117.895 70.5695 47.3251 533.137 214.751 194.612 20.1397 622.035 61.3524
internal_count=8577 4040 4537 2249 3652 662 408 339 1791 1249 542 1223 189 885 1034 3296 2535 613 761 603 158 356 209 147 1587 632 566 66 1922 178
is_linear=0
shrinkage=0.03


Tree=67
num_leaves=31
num_cat=0
split_feature=93 109 74 78 46 110 92 17 35 78 110 79 105 44 110 96 41 108 88 108 25 48 83 67 70 93 45 72 88 48
split_gain=9.54525 9.5897 6.60393 6.18644 7.52216 12.0931 9.03168 7.05617 7.37821 6.85207 5.7988 6.98788 9.53097 6.56023 7.27234 6.52904 4.56525 4.6904 6.27827 4.67491 4.50353 5.97534 4.21891 3.94221 3.81167 3.52036 3.65275 5.2774 2.77024 2.60717
threshold=1.7029411764705884 -1.5916666666666663 42.500000000000007 0.33854166666666674 1503.8807332223498 0.30000000000000021 5.2176457913436556 0.026709401709401694 -2.3017857142857134 -0.64499999999999991 -0.5964285714285712 -0.13668361643045182 2.8944444444444448 1.0000000180025095e-35 -0.53030303030302994 1.8944444444444446 1.0000000180025095e-35 0.47213622291021679 0.44190742404311983 0.42261904761904767 2.1666666666666674 -208.44067633214033 0.77500000000000013 0.94772727272727286 86.500000000000014 1.8062500000000001 1.5000000000000002 28.500000000000004 0.43367727120654526 -85.923055335116928
decision_type=2 2 2 2 2 2 2 2 2 2 2 2 2 2 2 2 2 2 2 2 2 2 2 2 2 2 2 2 2 2
left_child=1 20 3 7 6 -6 -5 8 -3 -9 15 25 13 22 -15 16 19 -18 -19 -2 28 -22 -13 -21 -4 -12 27 -27 -1 -28
right_child=10 2 24 4 5 -7 -8 9 -10 -11 11 12 -14 14 -16 -17 17 18 -20 23 21 -23 -24 -25 -26 26 29 -29 -30 -31
leaf_value=-0.0038565531326463735 0.005132029712465052 0.011591901512357606 0.0040098433316374206 0.0059897666676606998 0.00097114326371843538 0.033828435117036253 -0.0043115329809007017 0.037280171730524364 0.00029093586953703589 0.0046757892949138187 -0.023216419687843087 0.0024250748569993783 0.032467732197622542 0.01871454279696692 -0.0047919539917864523 0.02262136046821242 -0.013640733675202453 0.023066907878539964 -0.0080854990431736863 -0.017824562945783464 -0.019993552091890701 0.019175880134859481 0.017434613804328689 0.0084953581537708829 -0.022350121296945781 -0.0078721915344823479 -0.0040251610779696084 0.019886844327025043 -0.02239871716624044 -0.02873575603355354
leaf_weight=9.9466994106769544 10.575646758079527 54.993578389286995 7.0466175377368954 94.499815613031387 38.213077634572983 13.694040551781653 404.39059492945671 5.8570296019315711 953.61866697669029 607.7753663957119 15.390233278274534 109.04559850692749 7.9439635276794425 12.475837200880049 234.31665360927582 5.7698387950658789 16.708455041050911 11.422738716006281 11.875500202178953 76.469646781682968 6.1154793351888648 8.2120410054922086 19.935463950037956 5.4893417209386817 16.491357117891312 25.745851740241051 6.4908335506916037 8.104102820158003 26.764485374093056 9.4193470478057844
leaf_count=33 36 155 21 265 113 34 1190 15 2863 1705 49 335 19 39 803 15 67 36 46 312 21 23 57 21 57 81 20 22 94 30
internal_value=0.000157994 0.00104776 0.00134647 0.00151766 -0.0012294 0.00963949 -0.00236026 0.00245037 0.00090711 0.00498699 -0.00324789 -0.00159298 -5.06146e-05 -0.000738062 -0.00360366 -0.00861865 -0.0099786 -0.00151094 0.00718801 -0.0136395 -0.0118076 0.00245702 0.00474497 -0.0160617 -0.0144587 -0.0106771 -0.00679882 -0.00122633 -0.0173748 -0.0186546
internal_weight=2834.8 2247.62 2196.58 2173.04 550.798 51.9071 498.89 1622.24 1008.61 613.632 587.179 448.868 383.718 375.774 246.792 138.311 132.541 40.0067 23.2982 92.5346 51.0387 14.3275 128.981 81.959 23.538 65.1504 49.7601 33.85 36.7112 15.9102
internal_count=8577 6589 6418 6340 1602 147 1455 4738 3018 1720 1988 1455 1253 1234 842 533 518 149 82 369 171 44 392 333 78 202 153 103 127 50
is_linear=0
shrinkage=0.03


Tree=68
num_leaves=31
num_cat=0
split_feature=80 79 79 19 65 79 68 33 23 46 111 108 23 94 102 8 88 65 15 112 37 90 67 51 89 46 46 97 86 22
split_gain=97.3213 24.1907 23.4964 12.2253 8.59785 6.93238 7.52742 6.61154 10.7187 6.74604 6.56846 6.29942 6.12884 6.12549 6.6113 7.50654 7.09314 6.03524 6.34696 8.06419 7.25919 5.22864 5.11306 5.06996 7.70721 6.56604 5.07418 5.05762 4.93066 5.65423
threshold=-0.16652968036529678 0.077853192559074927 -0.22680851063829788 0.48333333333333339 0.85755723564854835 0.28584255250921931 1.6074929971988798 -1.0000000180025095e-35 -0.066666666666666666 1420.0323291263483 0.024999999999999942 0.54772727272727284 0.41987179487179493 2.3514705882352946 1.4868421052631582 -0.40256410256410263 0.4455988533870659 -0.61857980511417365 0.39230769230769241 0.071459708556482773 -1.4999999999999998 0.26552522831640724 0.16179851719184282 0.19615384615384621 0.22562539086929334 1386.6315853200838 1493.9992544044583 0.52272727272727282 1.7750000000000001 0.25833333333333336
decision_type=2 2 2 2 2 2 2 2 2 2 2 2 2 2 2 2 2 2 2 2 2 2 2 2 2 2 2 2 2 2
left_child=2 12 4 13 23 28 -7 8 10 22 -5 -11 17 14 15 -4 -16 -2 19 -19 -20 -6 -9 24 -1 -25 -26 -23 -3 -30
right_child=1 5 3 7 21 6 -8 9 -10 11 -12 -13 -14 -15 16 -17 -18 18 20 -21 -22 27 -24 25 26 -27 -28 -29 29 -31
leaf_value=0.025970653946201728 -0.014768495026364247 -0.0039773882984077344 0.032766954989963806 0.02319089697681018 -0.011368948780031425 -0.014630585849340894 0.016618758102975435 0.0059791085446462026 -0.011998071455409381 0.0012398198565191241 -0.011829824698962849 -0.015207649964043779 0.025104594449025498 0.030917786100283392 0.0051674403497460704 0.0071124506217519791 -0.014691943296946296 -4.6259733761106331e-05 0.011001844163885744 -0.00991715595799182 -0.00036708905789519121 0.035165291514323037 0.034910519748792418 0.026224733932924141 0.011434022379854508 0.0038820234462989909 -0.004278801642863931 0.015921602722377762 -0.0039393878840239989 -0.012693870188999111
leaf_weight=29.442162603139877 30.582073599100113 226.21186843514442 10.693697005510328 14.507294878363611 5.7818996310234061 216.39237932860851 7.1673437207937232 14.857101798057558 87.123116299510002 287.6282594203949 7.2184580415487281 22.604839757084846 7.7400567829608908 9.1190608590841276 43.209590628743172 255.99685277044773 25.88168865442276 171.91770580410957 61.020601630210876 131.43842408061028 294.47722642123699 13.561577707529066 8.7271308153867704 12.551231384277342 129.81563080847263 208.28504797816277 21.570418208837509 131.26925894618034 98.59154038131237 203.34128741919994
leaf_count=75 100 801 29 42 15 920 23 40 250 816 21 60 22 24 118 702 73 528 182 420 878 34 23 32 324 547 55 325 352 746
internal_value=-7.81468e-05 -0.00546746 0.00574975 0.00242292 0.0104939 -0.00920062 -0.0136287 -0.000876334 -0.00729695 0.00121726 0.0115551 4.13906e-05 -0.00144232 0.00665738 0.00599852 0.00814114 -0.00227191 -0.00174035 -0.00113562 -0.00432313 0.00158437 0.0166067 0.0166849 0.0082018 0.0119265 0.00515187 0.00919516 0.0177235 -0.00732623 -0.00983523
internal_weight=2788.72 1448.88 1339.84 787.567 552.277 751.704 223.56 442.666 108.849 333.817 21.7258 310.233 697.176 344.901 335.782 266.691 69.0913 689.436 658.854 303.356 355.498 150.613 23.5842 401.664 180.828 220.836 151.386 144.831 528.145 301.933
internal_count=8577 4972 3605 2198 1407 2842 943 1252 313 939 63 876 2130 946 922 731 191 2108 2008 948 1060 374 63 1033 454 579 379 359 1899 1098
is_linear=0
shrinkage=0.03


Tree=69
num_leaves=31
num_cat=0
split_feature=80 80 68 80 46 54 52 13 51 6 55 54 61 55 47 47 49 72 79 71 42 80 105 86 8 53 19 49 14 85
split_gain=94.9592 21.589 14.6245 8.35782 7.45829 6.92844 6.51453 6.34698 6.09067 5.48527 6.43631 5.47988 5.20728 5.37294 5.18616 5.07756 4.99825 4.91914 7.3522 4.88852 5.06171 4.80651 4.61731 4.57248 6.57906 4.3119 4.1487 4.10841 3.98246 3.93816
threshold=0.16171568627450983 -0.84808721765243489 0.2182568400949432 2.0059523809523814 1518.8689886289196 -0.36088342440801452 0.27297565822155995 0.11805555555555557 0.22335600907029482 1.7416666666666669 -0.81322674418604646 -0.82807881773399006 1.0000000180025095e-35 0.77888888888888907 1493.6762828687622 1554.2680575696131 0.48571278509717269 3.5000000000000004 0.034557502246181489 82.500000000000014 1.0000000180025095e-35 -0.79962121212121184 0.5634920634920636 4.291666666666667 0.059981684981684998 0.4727977448907682 0.51666666666666672 0.4722136158125218 -0.14514652014652013 0.70833333333333337
decision_type=2 2 2 2 2 2 2 2 2 2 2 2 2 2 2 2 2 2 2 2 2 2 2 2 2 2 2 2 2 2
left_child=1 8 6 12 -5 7 11 -3 27 10 22 -2 17 -14 -12 19 -11 -4 -19 20 -7 -9 -8 29 -25 -21 -6 -1 -18 -17
right_child=2 5 3 4 26 15 9 21 -10 16 14 -13 13 -15 -16 23 28 18 -20 25 -22 -23 -24 24 -26 -27 -28 -29 -30 -31
leaf_value=-0.01342401579895699 0.005078631120554393 0.0061598528580660691 -0.0049693046949892909 -0.0053819694130893044 0.029889830292979588 -0.0017182297244644053 -0.00035659981523159613 0.010106529927160494 -0.006160023645956675 0.019639430802991787 -0.00049218932795456159 0.036505867388447098 -0.01949281421319124 0.0081021746890323904 0.0096115765605395507 -0.0073423441551747244 0.011467131672883945 0.029635629564150293 0.0086846100061522755 0.001389837870518852 0.0053353496419342259 -0.0080186264628282176 0.013707170750152863 0.034131424905756678 -0.0037172896984524386 0.023441640874277862 0.014953953299539878 0.0085844685862248148 -0.0099359353610114307 0.0095395340708406308
leaf_weight=282.10860474407673 10.981394767761232 35.278648138046265 22.681002229452133 10.124667793512343 32.695533961057663 374.81437389552593 29.102444216609001 13.755497485399244 214.43287920951843 6.7092312574386588 267.4784290343523 9.1575960516929609 12.23352161049843 13.204764813184736 55.148468315601349 177.26973807811737 8.8796744346618635 15.52868242561817 515.67139004170895 16.412112236022953 121.16150991618633 308.1329100728035 75.558669298887253 6.3807905316352871 11.735313042998312 15.533532127737997 34.292883068323135 7.8460205644369116 65.827507108449936 13.374694675207136
leaf_count=971 33 113 64 28 115 1129 83 48 697 22 780 32 31 40 172 529 28 53 1543 49 380 929 233 23 37 53 110 26 182 44
internal_value=-8.70029e-05 -0.00485881 0.00634734 0.00933837 0.0186167 -0.00249114 0.00263469 -0.00592012 -0.00999348 0.00197219 0.00333202 0.0193692 0.00810334 -0.00516853 0.00123491 -0.000828664 -0.00516441 0.00871288 0.00929708 0.00073754 4.88294e-06 -0.00724407 0.00979655 -0.00478934 0.00961365 0.0121125 0.0222438 -0.0128285 -0.00739197 -0.00615799
internal_weight=2783.51 1598.24 1185.28 656.432 77.1131 1093.85 528.843 357.167 504.388 508.704 427.288 20.139 579.319 25.4383 322.627 736.682 81.4164 553.881 531.2 527.922 495.976 321.888 104.661 208.761 18.1161 31.9456 66.9884 289.955 74.7072 190.644
internal_count=8577 5028 3549 1984 253 3334 1565 1090 1694 1500 1268 65 1731 71 952 2244 232 1660 1596 1611 1509 977 316 633 60 102 225 997 210 573
is_linear=0
shrinkage=0.03


Tree=70
num_leaves=28
num_cat=0
split_feature=111 3 94 33 74 90 5 70 75 34 80 96 88 96 5 68 87 86 54 70 96 99 5 7 72 104 106
split_gain=8.59166 7.73979 7.71902 7.76398 6.45671 6.44555 6.31716 6.30967 6.033 5.98993 5.62988 5.58649 5.56811 6.47587 5.39002 5.28063 4.90393 5.85401 3.80069 3.75695 3.60734 3.13683 2.85334 1.61964 1.5967 0.969163 0.00537956
threshold=-1.6307715181660896 1.851648351648352 1.5477272727272731 0.60357142857142876 42.500000000000007 0.30526976990214233 -1.6564102564102561 82.500000000000014 25.500000000000004 -1.5178571428571426 -1.1108669108669107 2.7638888888888893 0.42868081382629625 1.9045454545454548 0.066666666666666721 0.82643422962908575 3.1250000000000004 5.5833333333333348 0.059114735002912061 86.500000000000014 0.6515151515151516 0.48684210526315791 0.25595238095238099 2.577380952380953 47.500000000000007 0.41428571428571431 3.0250000000000004
decision_type=2 2 2 2 2 2 2 2 2 2 2 2 2 2 2 2 2 2 2 2 2 2 2 2 2 2 2
left_child=11 4 7 12 5 6 -2 8 9 -3 -5 20 -4 -14 -12 -8 17 -7 -18 -6 -1 -9 -23 25 -21 -22 -27
right_child=1 2 3 10 19 16 15 21 -10 -11 14 -13 13 -15 -16 -17 18 -19 -20 24 23 22 -24 -25 -26 26 -28
leaf_value=0.0033839110429767639 -0.020298968031772353 0.023322941400241819 -0.029164260760587452 -0.013822880191353864 0.0038928332314424174 -0.00048151067891569373 0.0030780952723209226 -0.0019834510159874013 0.022264401090123037 -0.0053837547805051459 0.037468060000595216 0.0056648646232938162 -0.011469827577884683 0.012483756500624658 0.0096401425895923289 -0.019990908947923054 0.029706182086828778 -0.021999389296909273 -0.001788364698152166 -0.029270017208350003 -0.012086002454831485 -0.0046833649903039827 -0.027844177714147687 -0.005753422657075089 -0.010023773806802399 -0.027039834289835887 -0.02605367812513576
leaf_weight=6.4893056750297538 10.644521713256834 6.6924788355827323 7.71636939048767 8.0916024297475797 7.059426978230479 1016.9729703813791 1232.3627960979939 8.9542693942785245 7.6384518444538108 290.58293631672859 7.0558165907859793 12.674973800778387 24.218442112207413 17.496070176362991 55.840946048498154 8.9955718070268613 8.5204452872276288 11.507581263780592 5.7932943850755683 10.576950863003733 5.2294586449861553 6.2294320464134243 20.678818762302399 5.3019631654024115 6.1266621500253668 7.0789932459592846 16.778224781155586
leaf_count=25 34 20 27 26 21 3021 3574 32 22 1017 18 39 76 49 167 32 21 37 21 38 18 20 86 21 20 30 65
internal_value=0.000166149 0.000395448 -0.0031539 0.00337509 0.00110147 0.00126257 0.00271359 -0.00546104 -0.00406106 -0.00473749 0.00973164 -0.011736 -0.00575363 -0.00142312 0.0127619 0.00291092 -0.000479571 -0.000722272 0.0169592 -0.014456 -0.0171314 -0.0173641 -0.0224823 -0.0210028 -0.0222108 -0.0237825 -0.0263463
internal_weight=2833.31 2779.76 461.196 120.419 2318.56 2294.8 1252 340.776 304.914 297.275 70.9884 53.5529 49.4309 41.7145 62.8968 1241.36 1042.79 1028.48 14.3137 23.763 40.8779 35.8625 26.9083 34.3886 16.7036 29.0867 23.8572
internal_count=8577 8379 1560 363 6819 6740 3640 1197 1059 1037 211 198 152 125 185 3606 3100 3058 42 79 159 138 106 134 58 113 95
is_linear=0
shrinkage=0.03


Tree=71
num_leaves=31
num_cat=0
split_feature=80 79 79 65 74 101 110 79 68 110 79 101 51 71 92 16 46 65 89 91 103 75 8 111 16 79 74 105 64 50
split_gain=91.829 23.0886 22.0674 8.13738 7.23499 6.91402 10.6191 6.70016 7.24783 6.28326 6.26457 6.10388 8.55578 6.09076 5.94848 6.51173 5.86469 9.3434 6.05433 10.7446 8.04654 6.72152 6.66561 6.66306 5.88481 5.78553 5.74079 5.94508 5.5594 5.23333
threshold=-0.16652968036529678 0.077853192559074927 -0.22680851063829788 0.85755723564854835 -1.0000000180025095e-35 1.4472222222222224 -0.12916666666666662 0.28584255250921931 1.6074929971988798 -0.15075757575757573 0.041666666666666657 1.0250000000000001 0.57417582417582425 22.500000000000004 5.2806591939842535 1.0000000180025095e-35 1417.7368245899399 -0.30530753968253965 0.2627834325891128 2.6747730456455696 1.9545454545454548 14.500000000000002 1.0000000180025095e-35 0.020000000000000025 0.51666666666666672 -0.10236185383244202 6.5000000000000009 1.4142857142857144 -0.44833715893764914 0.042572463768115944
decision_type=2 2 2 2 2 2 2 2 2 2 2 2 2 2 2 2 2 2 2 2 2 2 2 2 2 2 2 2 2 2
left_child=2 4 3 14 5 -2 -7 -3 29 10 -6 -11 -13 -12 26 -16 17 24 19 23 28 -22 -21 -18 -4 -19 27 -1 -20 -9
right_child=1 7 16 -5 9 6 -8 8 -10 11 13 12 -14 -15 15 -17 18 25 20 22 21 -23 -24 -25 -26 -27 -28 -29 -30 -31
leaf_value=-0.0038356193156788335 0.0016967909153370777 -0.0071547953286109564 -0.024361322570867448 0.016117294651025356 -0.0099600677133751953 0.040690489281640541 0.00044180445720096628 0.010939238495419345 0.016210144316655795 -0.0066769391920026627 -0.010951033574529142 -0.00097175989995501068 0.011457529001477045 0.0088934251933533107 -0.015311397546973617 0.011037403569764143 -0.012049671194264226 0.012783141415052889 -0.0094878264728138744 -0.0038036855802515684 0.0070156721159304299 0.0271730243005011 0.0050862305566365968 0.0025626070070198102 0.011884897068594587 0.038951817213261623 -0.020350370736327977 0.010531914486769043 0.0046838767071485194 -0.015245235151669572
leaf_weight=46.57611508667469 79.469931542873383 525.52962094545364 8.7735841572284716 150.50994867086411 154.95917591452599 11.581181839108469 12.025727927684782 7.105592116713523 7.2077560573816291 100.92153586447239 22.202370494604111 213.04296042025089 65.066672042012215 37.314169257879257 8.7047735303640348 279.0483355820179 91.911638960242271 31.193715959787369 30.101634040474892 108.61822272837162 38.796478793025017 24.159470066428185 252.06042268872261 40.443719938397408 7.4583412110805503 10.05449005961418 9.36737412214279 58.445537537336349 144.53235580027103 206.85551315546036
leaf_count=125 239 1899 25 374 476 34 37 32 23 310 73 648 196 117 23 710 260 83 81 312 107 64 704 113 20 26 22 153 403 888
internal_value=-8.21035e-05 -0.00533348 0.00557084 0.0101669 -0.00140494 0.00593151 0.0201872 -0.00899834 -0.0133789 -0.0026791 -0.00678255 -0.000357148 0.0019362 0.00149054 0.00793986 0.0102403 0.00234787 0.0115744 0.00162199 -0.000273766 0.00555597 0.0147511 0.00240904 -0.00758461 -0.00770669 0.0191619 0.00215288 0.00416005 0.0022411 -0.0143757
internal_weight=2784.04 1443.28 1340.76 552.652 696.584 103.077 23.6069 746.698 221.169 593.507 214.476 379.031 278.11 59.5165 402.142 287.753 788.104 57.4801 730.624 493.034 237.59 62.9559 360.679 132.355 16.2319 41.2482 114.389 105.022 174.634 213.961
internal_count=8577 4972 3605 1407 2130 310 71 2842 943 1820 666 1154 844 190 1033 733 2198 154 2044 1389 655 171 1016 373 45 109 300 278 484 920
is_linear=0
shrinkage=0.03


Tree=72
num_leaves=31
num_cat=0
split_feature=79 48 109 52 112 65 71 2 96 44 109 90 67 72 70 15 12 14 10 1 55 87 71 5 102 74 54 51 67 51
split_gain=80.8064 29.1018 10.669 9.3992 8.75613 8.29214 7.41427 6.41206 6.17162 5.9842 6.57474 6.54537 6.01885 5.47469 5.46584 5.24982 5.20785 5.17135 5.78614 4.84348 4.6937 4.56941 4.49725 5.85339 5.93114 4.10561 4.05736 3.84857 3.77868 4.93946
threshold=0.11111111111111113 -28.661921005916835 -0.69999999999999973 0.70886752136752151 1.301768278161467 -0.056142050717038143 13.500000000000002 -1.5280303030303028 1.6125000000000003 1.0000000180025095e-35 0.78055555555555567 0.36269123033828921 -0.10705741626794262 62.500000000000007 57.500000000000007 0.32051282051282054 0.20714285714285716 -0.43571428571428567 0.48333333333333339 2.1909090909090914 1.5563492063492066 1.4500000000000002 12.500000000000002 -0.99545454545454526 0.85357142857142865 -1.4999999999999998 1.2171428571428573 0.45227272727272733 0.16578424103579228 0.52086956521739147
decision_type=2 2 2 2 2 2 2 2 2 2 2 2 2 2 2 2 2 2 2 2 2 2 2 2 2 2 2 2 2 2
left_child=1 2 22 8 9 17 -6 -4 28 10 19 14 -12 20 -11 21 25 -5 -19 -3 -9 -10 23 24 -1 27 -27 -7 29 -2
right_child=3 4 7 5 6 16 -8 13 15 11 12 -13 -14 -15 -16 -17 -18 18 -20 -21 -22 -23 -24 -25 -26 26 -28 -29 -30 -31
leaf_value=0.011559541799401475 0.0097333324195817989 -0.0025110537063769175 -0.020059235139543864 -0.0065759103777413121 -0.00012533638740219627 0.0047268030644281858 0.039859230178327931 -0.0042542948109432323 -0.025474604117300039 -6.1568254039016335e-06 0.032379091650530024 0.024060834951274028 -0.00026583149958630305 0.024347328051664178 0.0082978363769624364 0.0031829026438962896 0.024210956382008229 0.021045212477010355 -0.004320806790210502 -0.015514577206034568 -0.024181847575678712 0.0032186525151574018 -0.013229196931532169 0.018222705097515366 -0.016766445890706444 0.015177469966719684 -0.0050391461831616104 0.032086328102407136 0.0094747939929841953 0.0013674565250472561
leaf_weight=9.3103998601436597 100.35524514317513 490.80608850717545 24.334850788116455 7.3706834316253653 7.7230186611413982 12.571302205324175 9.0818336606025678 555.45905458927155 13.69293248653412 393.37204205989838 9.0645561069250125 11.858960792422293 11.572421014308928 5.9269220829010001 87.142135128378868 42.295994579792023 12.168854624032972 116.44493708014488 8.6978475749492628 27.208837270736694 10.845462903380392 7.8637055754661551 271.21686351299286 9.3684722632169706 23.307994276285172 11.129217326641081 45.305690228939056 7.3225698173046103 263.06909200549126 173.04354877769947
leaf_count=35 302 1468 78 21 23 37 32 1756 34 1186 31 40 34 21 267 123 40 386 24 79 35 23 918 34 78 35 125 25 792 495
internal_value=-9.19441e-05 -0.00340556 -0.0073311 0.00780589 2.75274e-06 0.0130951 0.0214835 -0.00497712 0.00585863 -0.000347365 -0.00253252 0.00204318 0.0140731 -0.00433574 0.00149979 -0.00295818 0.00598442 0.0178439 0.0192822 -0.00319407 -0.00463593 -0.0150075 -0.0118148 -0.0026782 -0.00868124 0.00307863 -0.00105234 0.0147973 0.00690805 0.00443828
internal_weight=2778.93 1957.6 909.77 821.332 1047.83 221.011 16.8049 596.566 600.321 1031.03 538.652 492.373 20.637 572.231 480.514 63.8526 88.4976 132.513 125.143 518.015 566.305 21.5566 313.204 41.9869 32.6184 76.3288 56.4349 19.8939 536.468 273.399
internal_count=8577 6115 2955 2462 3160 693 55 1890 1769 3105 1612 1493 65 1812 1453 180 262 431 410 1547 1791 57 1065 147 113 222 160 62 1589 797
is_linear=0
shrinkage=0.03


Tree=73
num_leaves=31
num_cat=0
split_feature=93 80 95 107 99 96 110 79 105 96 44 110 104 34 2 100 46 78 18 22 47 41 107 86 19 4 64 109 53 80
split_gain=8.60543 8.8644 6.99954 9.54723 7.0479 7.32654 5.42556 6.70436 8.97118 6.15021 6.07881 7.02065 6.45583 5.34026 5.60268 5.25635 5.50309 6.76631 5.39687 5.22011 4.74258 4.43212 4.54716 4.93018 4.25539 4.43196 3.82715 4.02112 4.20523 3.65906
threshold=1.7029411764705884 -2.4992063492063488 1.9545454545454548 0.52786377708978338 0.48684210526315791 1.1742424242424245 -0.5964285714285712 -0.13668361643045182 2.8944444444444448 1.8944444444444446 1.0000000180025095e-35 -0.53030303030302994 0.89444444444444449 0.30654761904761918 0.10972222222222229 0.77500000000000013 1417.7368245899399 -0.16496598639455781 0.57738095238095244 0.32051282051282054 1519.9999859805482 1.0000000180025095e-35 0.52786377708978338 1.4500000000000002 0.57738095238095244 0.87083333333333346 -0.43043102112860782 -1.447222222222222 0.7955767350928642 1.8720676486633936
decision_type=2 2 2 2 2 2 2 2 2 2 2 2 2 2 2 2 2 2 2 2 2 2 2 2 2 2 2 2 2 2
left_child=1 26 15 4 19 -6 9 -8 10 21 12 -12 -9 20 -15 16 17 -3 -18 -4 -5 24 23 -23 25 -2 27 -1 -29 -24
right_child=6 2 3 13 5 -7 7 8 -10 -11 11 -13 -14 14 -16 -17 18 -19 -20 -21 -22 22 29 -25 -26 -27 -28 28 -30 -31
leaf_value=-0.014617336161805184 0.0027688348256371311 0.020462073250536984 0.032845569114515812 -0.00074221936702201544 -0.0017897292330556428 0.016539900115778331 -0.010404666593990846 -0.0085890101405592303 0.031454992717581079 0.021935627392382365 0.018491131431123423 -0.0045778579779237423 0.0080375673337972891 -0.020275173135328374 0.0027415061014507856 -0.014303214254361818 0.0015475062648426297 -0.007307501309984886 -0.011369064356429464 0.0082768639370940141 0.025565275180024983 -0.0084523501178282532 -0.027889593479572306 0.019426922947100578 0.0061779544024628714 -0.018095686800217191 -0.0266490960067296 -0.010711714534277248 0.022289819041199137 0.00036631810826391256
leaf_weight=23.039386048912998 10.504974037408827 8.5067353248596174 21.247214943170547 18.716726467013363 39.083315819501877 39.422530427575111 64.679160669445992 26.423975393176079 8.0090873241424543 5.799382656812667 12.510061532258986 233.17282211780548 102.73149083554745 20.032687723636627 18.134399086236954 20.543754413723946 1852.0917373597622 110.15364034473896 29.578157931566238 12.282459393143652 9.198257237672804 10.111965343356134 7.9909009337425259 13.110201761126516 9.1120979934930784 71.707399353384972 11.651068955659865 6.939706966280939 6.9606077671051025 8.5252053141593915
leaf_count=80 41 22 54 57 118 108 202 85 19 15 39 803 307 64 57 65 5403 326 91 36 25 40 33 42 31 297 42 22 19 34
internal_value=0.000173451 0.0010167 0.00129676 0.00699789 0.0123321 0.00741469 -0.00306972 -0.00147118 3.80684e-05 -0.00829682 -0.00063321 -0.0034032 0.00463593 -0.00204574 -0.00933922 0.000794272 0.000949326 -0.00531671 0.00134447 0.0238457 0.00792635 -0.00963457 -0.00127129 0.00728705 -0.0132737 -0.0154296 -0.0116576 -0.00692913 0.00581386 -0.0133046
internal_weight=2831.97 2247.58 2198.99 178.118 112.036 78.5058 584.389 447.527 382.847 136.862 374.838 245.683 129.155 66.0821 38.1671 2020.87 2000.33 118.66 1881.67 33.5297 27.915 131.063 39.7383 23.2222 91.3245 82.2124 48.5908 36.9397 13.9003 16.5161
internal_count=8577 6589 6426 519 316 226 1988 1455 1253 533 1234 842 392 203 121 5907 5842 348 5494 90 82 518 149 82 369 338 163 121 41 67
is_linear=0
shrinkage=0.03


Tree=74
num_leaves=31
num_cat=0
split_feature=80 80 80 17 19 26 108 49 46 55 6 71 64 89 80 90 100 95 77 44 101 17 80 105 49 104 37 6 90 67
split_gain=86.6691 20.5623 19.0802 10.7219 8.37359 7.82098 7.80027 7.55872 7.48344 6.33028 7.38914 6.48526 6.1388 8.03568 6.07538 6.05605 5.54707 5.54134 6.87198 6.98002 5.35871 6.55491 5.24071 7.38599 5.12223 7.03988 5.0967 5.02428 4.89893 5.2735
threshold=-0.16652968036529678 0.60086814975583303 -0.71746492501209469 -0.045804195804195806 0.48333333333333339 -1.8333333333333333 0.48684210526315791 0.5782642265023018 1420.0323291263483 1.0075757575757578 0.86190476190476206 79.500000000000014 0.077151229763100862 0.22038454528886461 -0.22916666666666666 0.20344827586206901 0.58114035087719318 1.8090909090909093 0.17775077330976582 1.5000000000000002 1.6899038461538465 -0.20256410256410257 -0.76284020862968216 1.2928571428571431 0.36616861490946906 0.90454545454545465 3.5000000000000004 1.1291666666666669 0.28179892141756552 -0.47663494457342781
decision_type=2 2 2 2 2 2 2 2 2 2 2 2 2 2 2 2 2 2 2 2 2 2 2 2 2 2 2 2 2 2
left_child=2 15 5 14 12 6 28 -3 -6 22 -11 -12 13 -5 24 -2 20 18 -17 -20 -9 -22 -7 -24 -4 -26 -10 -14 -1 -30
right_child=1 7 3 4 8 9 -8 16 26 10 11 -13 27 -15 -16 17 -18 -19 19 -21 21 -23 23 -25 25 -27 -28 -29 29 -31
leaf_value=-0.014084207350972568 0.017980938029878289 -0.0049652495077473907 0.028546124441181823 0.033550656906139474 0.015889974074420842 0.0039738175297458541 0.02127817330024067 -0.014096328190877623 -0.0068172035916830168 -0.0091767609804561424 0.010166354486013917 0.023688659338801626 -0.03045565006411809 0.0045228376906850092 0.02497225536282454 -0.0093978381404570162 0.0096284780587934469 -0.0072942933160002228 0.00045452061458851461 -0.013742361313776083 -0.013801771327840065 0.01496269049628317 0.031909165278465428 0.0041859684470026137 -0.011177740869317953 0.0092841229737881704 0.0093814124030991534 -0.0019456297617485084 0.027432883399499387 0.0019927941697830661
leaf_weight=9.25434362888336 12.955756813287733 192.22540603578091 8.5405234992504102 9.049531936645506 15.567586496472357 381.12988892197609 76.642313838005066 318.68117628991604 225.57049599289894 14.978712350130079 176.29275968670845 38.9779232442379 7.1029896140098563 166.46898031234741 19.463007837533951 85.673544988036156 10.051320970058439 184.85765305161476 571.74470512568951 32.965418457984924 15.491233527660372 13.210474476218222 15.121180087327955 20.20685276389122 20.261122539639473 59.786195516586304 18.949971050024033 25.661824867129326 11.110199809074397 21.572426766157154
leaf_count=22 36 678 23 25 42 995 191 1341 659 40 443 99 22 458 54 272 42 612 1775 107 62 47 41 55 59 169 53 74 28 53
internal_value=-8.47985e-05 -0.00520204 0.00539915 0.00127699 -0.000688212 0.00850401 0.0155866 -0.00976249 -0.00427784 0.00720537 0.0111971 0.0126148 0.00379423 0.00601948 0.0097956 -0.00237982 -0.0123424 -0.00268121 -0.00144601 -0.000319414 -0.0129781 -0.000562413 0.00499842 0.0160521 0.00646124 0.00410493 -0.00556184 -0.00812623 0.00518478 0.010641
internal_weight=2779.57 1437.86 1341.71 576.422 468.371 765.287 118.579 549.66 260.088 646.707 230.249 215.271 208.283 175.519 108.051 888.197 357.434 875.241 690.384 604.71 347.383 28.7017 416.458 35.328 88.5878 80.0473 244.52 32.7648 41.937 32.6826
internal_count=8577 4972 3605 1638 1333 1967 294 2170 754 1673 582 542 579 483 305 2802 1492 2766 2154 1882 1450 109 1091 96 251 228 712 96 103 81
is_linear=0
shrinkage=0.03


Tree=75
num_leaves=31
num_cat=0
split_feature=112 48 64 53 97 51 77 52 113 106 93 103 73 45 76 53 113 96 113 67 92 106 113 92 53 77 94 88 96 23
split_gain=75.2031 24.2679 14.3472 9.34871 8.00797 8.83949 6.17643 6.13106 5.75717 9.70837 8.32157 7.76293 7.03914 6.86405 5.68681 6.83069 5.6418 10.3199 6.73734 5.90899 6.76223 6.0345 5.28442 5.28575 5.11184 5.0495 4.99335 4.79406 4.76854 4.75369
threshold=0.23081418873353424 -28.661921005916835 0.1952319267241627 0.74739328771586855 1.8944444444444446 0.24244897959183676 0.48295234405269283 0.27297565822155995 0.33333333333333326 2.9750000000000005 1.4868421052631582 1.720779220779221 5.5000000000000009 1.0000000180025095e-35 0.69752141982864146 0.51298920377867752 0.73333333333333361 1.6515151515151518 1.4642857142857146 0.31303434417245163 5.7822843490610341 2.7947368421052636 -1.3315018315018312 6.8829500287054701 0.54416766706682684 0.17425810904071776 0.45227272727272733 0.47463857439962581 1.3166666666666669 -0.073593073593073585
decision_type=2 2 2 2 2 2 2 2 2 2 2 2 2 2 2 2 2 2 2 2 2 2 2 2 2 2 2 2 2 2
left_child=1 3 7 4 22 -6 14 -2 28 10 27 -12 25 -14 24 26 19 18 -18 21 -21 -9 -1 -24 29 -11 -16 -10 -3 -4
right_child=2 8 6 -5 5 -7 -8 16 9 12 11 -13 13 -15 15 -17 17 -19 -20 20 -22 -23 23 -25 -26 -27 -28 -29 -30 -31
leaf_value=-0.014779669242589975 0.025660737469119409 0.00071640377367407826 0.011346334630758428 -0.014402822169081911 0.03113615643498175 -0.012575523013038509 0.0018920015908853137 0.00064769817276388733 -0.0068627479598803356 0.01430830732346911 0.023401521040726275 -0.0048197290203041412 0.032310406530407683 0.0088619724807261317 -0.0031054521461937753 -0.0057398049796213036 0.015420870691552371 -0.020888386845301397 -0.0040876449061985195 -0.002682768084931576 0.01350670849796399 -0.009747722846423312 -0.0064697227685963157 0.0032443816147295951 0.036554050318998367 -0.019865391871099244 0.021516273237196262 0.014366026674913006 -0.0044179686894932051 0.0040415326641450562
leaf_weight=62.818972408771515 10.153942242264746 362.19407086074352 223.34050294756889 140.63531664013863 10.669342011213304 6.8283972889184943 77.47558856010437 199.88553801178932 90.173355147242546 7.6253743767738325 21.907188773155212 14.631101354956625 21.883677572011948 23.09101440012455 8.0746718943119031 10.698847919702528 74.763336509466171 9.9231270551681501 20.247251272201538 39.930286407470703 55.487158805131912 67.137851253151894 623.93793071806431 54.844480350613594 6.0430777370929709 7.9468850046396255 90.472091019153595 10.711334824562071 295.7203926295042 125.08233943581581
leaf_count=215 34 1101 681 501 41 20 227 588 256 24 72 41 76 71 23 29 232 25 56 112 172 187 1982 177 21 20 303 34 891 365
internal_value=-9.56208e-05 -0.00385807 0.00638846 -0.00729818 -0.00598193 0.0140779 0.00973275 0.00259834 -0.000241714 0.00424371 -0.000166014 0.0121008 0.0142524 0.0202715 0.0110428 0.0170271 0.0020973 0.00822304 0.0112635 0.000323776 0.00673174 -0.00196603 -0.00645524 -0.00568484 0.0091984 -0.00313132 0.0194988 -0.0046088 -0.0015914 0.00872394
internal_weight=2774.33 1755.62 1018.72 899.734 759.099 17.4977 541.187 477.528 855.884 197.97 137.423 36.5383 60.547 44.9747 463.712 109.246 467.375 104.934 95.0106 362.441 95.4174 267.023 741.601 678.782 354.466 15.5723 98.5468 100.885 657.914 348.423
internal_count=8577 5522 3055 2936 2435 61 1649 1406 2586 594 403 113 191 147 1422 355 1372 313 288 1059 284 775 2374 2159 1067 44 326 290 1992 1046
is_linear=0
shrinkage=0.03


Tree=76
num_leaves=31
num_cat=0
split_feature=93 80 74 36 74 25 18 92 94 103 11 109 1 11 90 90 10 46 109 36 87 36 24 1 105 54 50 104 106 34
split_gain=8.17668 8.43414 6.10632 6.04312 6.33761 8.80027 6.6403 6.12335 6.02391 5.37051 4.37334 7.98708 5.91563 5.92674 5.77994 7.71483 5.76903 5.23729 9.13186 5.17391 4.16794 3.93981 5.24641 4.89131 4.50851 5.80856 4.61253 3.84624 3.65252 9.67743
threshold=1.7029411764705884 -2.4992063492063488 42.500000000000007 1.5000000000000002 6.5000000000000009 0.83333333333333337 0.45804195804195807 6.4575539694584778 1.1937500000000003 0.9545454545454547 0.33750000000000008 0.60131578947368436 2.5916666666666672 -0.14121989121989123 0.33705254093981324 0.3343629398884686 0.14835164835164838 1564.7246244409428 -0.10526315789473688 1.0000000180025095e-35 3.8333333333333335 1.5000000000000002 2.6666666666666674 0.78174603174603186 1.6833333333333336 0.65954545454545466 0.097619047619047633 0.80909090909090919 3.3603896103896109 0.9910714285714286
decision_type=2 2 2 2 2 2 2 2 2 2 2 2 2 2 2 2 2 2 2 2 2 2 2 2 2 2 2 2 2 2
left_child=1 28 3 4 5 -3 -6 8 -5 -9 11 12 17 -14 15 16 -13 -2 -19 -16 21 22 23 -12 25 -23 -26 -4 29 -1
right_child=10 2 27 7 6 -7 -8 9 -10 -11 20 14 13 -15 19 -17 -18 18 -20 -21 -22 24 -24 -25 26 -27 -28 -29 -30 -31
leaf_value=-0.021140726291716327 -0.01063053254779573 0.0021925004143998929 0.0048905969124181424 -0.0073489598221607739 0.017871317396970562 -0.0034104237814599932 0.0022573243268205899 -0.0077728840801770177 0.0062931442730060202 0.017369088573296932 0.004725276637238502 0.022038786663370974 -0.0035066734866457169 0.028414063434068878 9.1941028961041894e-06 -0.028277765766588987 0.00085175119781654893 -0.01812061579931586 0.0035928112265221235 0.027038374128695135 -0.026703568039444819 0.013238268272336536 0.022299641631485435 -0.012284544777699745 0.022154804721611902 -0.016298606370694992 -0.014161620131540353 -0.021879585112428501 -0.019650130487403463 0.017031349097467771
leaf_weight=12.664859846234323 120.57000061869621 481.3387345969677 6.8411847352981594 38.638832211494446 25.185941070318222 530.20304465293884 917.89935748279095 8.8644652068614942 118.38815928995609 55.649135395884514 30.730929911136627 12.653428137302397 12.287975162267687 9.1204803138971311 10.585135489702227 7.6239416599273673 134.66266573965549 22.54278239607811 76.887967124581337 16.020223736763 9.2978346496820432 6.6267314553260794 7.8931491523981085 30.1344064027071 7.0545257031917554 62.572834432125092 5.683349147439003 16.433367848396301 24.16566164791584 11.320064052939413
leaf_count=43 390 1401 21 124 69 1561 2669 30 337 157 104 36 37 22 35 30 445 76 242 46 43 22 27 117 23 271 22 57 87 33
internal_value=0.000180824 0.00100199 0.0012739 0.00143738 0.000905145 -0.000744291 0.00267431 0.00613319 0.0029363 0.0139145 -0.00298523 -0.00138708 -0.00496215 0.0100923 0.00336685 0.00114868 0.00267157 -0.00642711 -0.00133002 0.0162846 -0.00721005 -0.00600732 -0.000712071 -0.00369628 -0.0104509 -0.0134701 0.00595124 -0.0140109 -0.0114185 -0.00312481
internal_weight=2830.54 2247.59 2199.44 2176.17 1954.63 1011.54 943.085 221.541 157.027 64.5136 582.948 422.955 241.409 21.4085 181.545 154.94 147.316 220.001 99.4307 26.6054 159.994 150.696 68.7585 60.8653 81.9374 69.1996 12.7379 23.2746 48.1506 23.9849
internal_count=8577 6589 6426 6348 5700 2962 2738 648 461 187 1988 1359 767 59 592 511 481 708 318 81 629 586 248 221 338 293 45 78 163 76
is_linear=0
shrinkage=0.03


Tree=77
num_leaves=31
num_cat=0
split_feature=79 79 19 103 89 79 110 65 49 101 33 110 68 110 98 66 88 92 16 104 5 3 78 91 34 14 33 5 70 91
split_gain=79.9049 34.1853 8.74423 8.27938 9.05576 7.95147 8.19772 7.73405 6.92539 6.60514 6.58372 6.61959 6.10299 6.30734 6.2135 6.13388 5.91694 5.513 6.43118 6.53929 5.16271 5.10906 5.06195 4.97365 4.8791 5.9371 5.73136 4.7966 4.77158 5.61202
threshold=0.06666666666666668 -0.22680851063829788 0.48333333333333339 1.8944444444444446 0.26633373650718445 0.051311274202840491 -0.041883116883116737 0.85755723564854835 0.63057888049831845 0.75735294117647067 0.42261904761904773 0.33452380952380972 1.6074929971988798 0.70294117647058851 2.5131578947368425 -0.72373929127725845 0.44944587707987971 5.2806591939842535 1.0000000180025095e-35 0.95833333333333337 0.39583333333333343 0.96666666666666679 0.24000000000000005 2.7328324790936072 0.16666666666666674 -0.22967032967032963 -0.43988095238095232 0.50714285714285723 44.500000000000007 3.1457911605937929
decision_type=2 2 2 2 2 2 2 2 2 2 2 2 2 2 2 2 2 2 2 2 2 2 2 2 2 2 2 2 2 2
left_child=1 7 9 5 23 6 -4 17 12 -3 11 -11 13 14 15 -2 -12 24 -19 -20 -7 -9 -6 -5 26 -26 -1 28 -10 -30
right_child=8 2 3 4 22 20 -8 21 27 10 16 -13 -14 -15 -16 -17 -18 18 19 -21 -22 -23 -24 -25 25 -27 -28 -29 29 -31
leaf_value=-0.013519598529721169 -0.01865354700864414 -0.017262212284165673 -0.0094368835245268508 -0.010223270462159421 0.008594379509413573 0.016627681967008652 -0.0015844769206630922 0.024890019390821017 -0.016396939438665232 0.0046273089214726735 0.0038044040783762343 0.01568933371127313 0.02160613642050023 0.016992333442890761 -0.0093791942948549135 -0.00074142057991551536 -0.0043558078219256115 -0.015595877176519774 0.014813314206356391 0.005667687419395967 -0.01136791849810735 0.012084863899829695 0.029659198396729234 0.0029139985895442915 0.019130046415307963 -0.0060291892038822062 0.015235438864292501 -0.015239293222022639 -0.0056401320060564556 0.019806141985140829
leaf_weight=7.6266990303993216 19.176181778311729 13.778682589530943 180.22847872972488 32.605599999427795 33.458801791071892 27.329179704189301 356.01551069319248 37.298647731542587 29.899887278676033 196.66717374324799 242.94569928944111 64.703840702772141 7.0219202488660803 10.057613149285315 344.17772401869297 167.48207619786263 119.21417887508869 8.8981588631868345 142.85205583274364 138.6633415222168 7.570747658610343 112.99746553599834 14.812260389328001 126.79994311928749 9.6938770264387113 65.343003362417221 34.270770251750946 163.54085674881935 50.667258679866791 9.2197278589010221
leaf_count=19 72 41 556 91 94 84 1032 93 120 566 694 172 21 32 1256 578 349 24 358 358 27 281 41 363 25 171 93 728 204 34
internal_value=-8.88449e-05 0.00315462 0.000677084 -0.00145541 0.00367416 -0.00332059 -0.00422363 0.00944628 -0.00807875 0.00328308 0.00373709 0.00736577 -0.00618228 -0.00654304 -0.00698895 -0.00258161 0.00111826 0.00730024 0.00951484 0.0103085 0.0105547 0.0152627 0.0150582 0.000226836 0.00180015 -0.00277891 0.0100011 -0.0121806 -0.00660931 -0.00172262
internal_weight=2775.02 1973.77 1416.13 778.821 207.677 571.144 536.244 557.644 801.243 637.31 623.531 261.371 547.916 540.894 530.836 186.658 362.16 407.348 290.414 281.515 34.8999 150.296 48.2711 159.406 116.934 75.0369 41.8975 253.328 89.7869 59.887
internal_count=8577 5532 4110 2288 589 1699 1588 1422 3045 1822 1781 738 1959 1938 1906 650 1043 1048 740 716 111 374 135 454 308 196 112 1086 358 238
is_linear=0
shrinkage=0.03


Tree=78
num_leaves=31
num_cat=0
split_feature=80 80 46 80 67 86 54 110 13 17 51 10 66 98 101 90 51 101 88 6 52 75 50 111 35 42 110 66 53 33
split_gain=79.9948 18.9454 12.3782 12.3168 7.58882 6.717 7.0252 5.96173 5.62517 5.88299 5.57673 5.4321 5.49168 5.70315 5.33162 7.44655 5.27437 5.09671 6.55364 5.49663 5.3629 5.03795 4.9565 4.52084 4.49215 4.47193 4.32053 4.41749 4.38647 3.88527
threshold=0.16171568627450983 -0.84808721765243489 1519.4272452704552 2.0059523809523814 0.32757652279742339 5.416666666666667 -0.36088342440801452 0.33452380952380972 0.11805555555555557 0.13076923076923083 0.22335600907029482 0.39230769230769241 0.0061899076322153865 3.7182539682539688 1.341666666666667 0.3335440370838601 0.95742753623188415 1.1464285714285716 0.46673373574782034 1.7928571428571431 0.29663299663299669 7.5000000000000009 0.052777777777777785 0.060000000000000074 -0.26488095238095227 1.0000000180025095e-35 -0.55902777777777757 -0.31397267356437331 0.41190087145969506 -0.15535714285714278
decision_type=2 2 2 2 2 2 2 2 2 2 2 2 2 2 2 2 2 2 2 2 2 2 2 2 2 2 2 2 2 2
left_child=1 10 4 11 16 6 8 -7 -3 -10 -1 22 13 -13 25 -16 26 19 29 23 -21 -18 -4 -6 -24 -8 27 -2 -28 -19
right_child=2 5 3 -5 17 7 14 -9 9 -11 -12 12 -14 -15 15 -17 21 18 -20 20 -22 -23 24 -25 -26 -27 28 -29 -30 -31
leaf_value=-0.012154377079568995 -0.0017104502431149224 0.0053614404640261381 0.020872332115681791 0.020657165294793691 0.0047577554894095118 0.034258998174895548 6.7450166618384115e-05 -0.0030348294392821542 -0.010860440289840165 -0.002543511165921625 -0.0057110393305470483 0.0029129658518765433 -0.016853069578167602 0.019632276965805332 -0.0047163867369111045 0.0070479499692153932 0.028111328020165152 0.038671725709077703 -0.0036129810257066971 0.011551621715671149 -0.015528327751793636 -0.0047947952073744415 0.012842522493584993 0.027074455605294718 0.0059173091540490183 0.0085514016180880115 -0.0030852307587051009 -0.022790352369047525 0.0065823445313838332 0.01545873693843209
leaf_weight=281.85206013917923 18.531619295477867 34.771617114543915 29.858944863080978 65.734662741422653 94.149292528629303 8.4676860570907575 236.64176286756992 7.0862476974725714 181.64048612117767 132.29452328383923 211.69264875352383 203.08210188150406 11.478063672780989 20.187292993068695 358.88710294663906 55.977192997932434 10.387281060218813 7.8452478349208823 14.639016404747961 9.3152151107788104 22.430401921272278 7.0155297666788092 125.26628051698208 8.9458871781826002 257.77695454657078 73.217339515686035 169.32742668688297 17.299063891172409 56.279093101620674 37.547828957438469
leaf_count=997 54 111 98 223 276 31 717 22 543 415 697 591 30 65 1084 177 35 28 41 29 59 21 385 30 759 234 489 45 173 118
internal_value=-9.90982e-05 -0.00451489 0.00578763 0.00828397 0.0020283 -0.00230511 -0.00258873 0.0172682 -0.00608753 -0.00735563 -0.00939068 0.00702812 0.00338429 0.00442467 -0.000905247 -0.00312904 -0.00114601 0.00657036 0.0138416 0.00333314 -0.00758217 0.014846 0.00909975 0.00669424 0.00818206 0.00207214 -0.00221053 -0.0118878 -0.000673588 0.0194706
internal_weight=2769.63 1582.53 1187.1 713.384 473.713 1088.98 1073.43 15.5539 348.707 313.935 493.545 647.65 234.747 223.269 724.723 414.864 278.84 194.873 60.0321 134.841 31.7456 17.4028 412.902 103.095 383.043 309.859 261.437 35.8307 225.607 45.3931
internal_count=8577 5028 3549 2151 1398 3334 3281 53 1069 958 1694 1928 686 656 2212 1261 817 581 187 394 88 56 1242 306 1144 951 761 99 662 146
is_linear=0
shrinkage=0.03


Tree=79
num_leaves=31
num_cat=0
split_feature=93 109 74 78 46 110 71 17 14 35 78 96 105 36 93 96 78 104 17 55 96 98 88 25 16 89 86 48 104 102
split_gain=7.67007 8.08188 5.89844 5.34167 6.97168 11.4208 6.80748 6.68442 8.94595 7.04403 5.11579 6.12525 5.46371 6.56158 6.95316 6.27193 7.1524 8.25551 6.83485 5.1141 4.80426 6.46417 4.61662 4.44849 4.37647 4.31922 4.30127 3.98034 4.0238 3.76078
threshold=1.7029411764705884 -1.5916666666666663 42.500000000000007 0.33854166666666674 1503.8807332223498 0.30000000000000021 16.500000000000004 0.026709401709401694 0.24862637362637366 -2.3482142857142851 -0.67673469387755092 0.91287878787878796 1.5505050505050508 1.0000000180025095e-35 2.0954545454545461 1.1742424242424245 -0.4258241758241757 1.8819444444444446 -0.13333333333333333 1.6026315789473686 0.72077922077922085 3.7029411764705888 0.41180827886710242 2.1666666666666674 1.0000000180025095e-35 0.26349462159292947 2.4500000000000006 70.142329404574994 0.68333333333333346 1.3245614035087721
decision_type=2 2 2 2 2 2 2 2 2 2 2 2 2 2 2 2 2 2 2 2 2 2 2 2 2 2 2 2 2 2
left_child=1 23 3 7 6 -6 -5 9 -9 -3 11 -2 15 27 24 20 17 -17 -18 -16 21 -12 -22 -1 -15 -13 -25 28 -14 -4
right_child=10 2 29 4 5 -7 -8 8 -10 -11 12 25 13 14 19 16 18 -19 -20 -21 22 -23 -24 26 -26 -27 -28 -29 -30 -31
leaf_value=-0.016653644086676425 -0.021996246050822368 0.011528801235985285 -0.0040887389709683619 0.0058500593184356298 0.0008421713859875766 0.032625132341681559 -0.0037624689531331971 0.003871911617093981 0.019786873251664668 0.00019173304237094245 0.0057847146503825532 -0.010260076202430765 -0.025041160241609857 0.013510477417246858 0.00092474916013656871 -0.016782544512945228 0.018962609956700575 0.014330691504376486 0.0031301155000620943 0.022135980114599881 0.0100151557940652 -0.0270072529183631 -0.0087741605423895253 0.01865411219411656 -0.013264746573264662 0.014875127193409681 -0.014689895069098104 -0.02811475746774092 -0.0061941482520655828 -0.028849013920830804
leaf_weight=35.499762177467346 26.433207765221596 52.001235038042068 14.061118394136431 78.791703924536705 38.271814584732056 13.860428795218466 418.43060226738453 581.85021294653416 33.62457737326622 958.21601523458958 65.195996955037117 18.226413354277614 12.513728752732275 6.2932634055614463 52.978489488363266 23.352290451526642 39.620904684066772 11.43308739364147 64.47137838602066 12.678271815180777 13.193999320268629 5.8998907804489127 108.98129883408546 7.5648245364427549 43.267857536673546 9.2886520773172361 6.4508948177099228 12.500514566898344 55.025307610630989 9.0899419039487821
leaf_count=127 122 146 44 223 113 34 1232 1632 88 2872 222 74 43 18 176 90 116 35 196 34 43 26 392 22 148 33 22 49 171 34
internal_value=0.000187864 0.000982282 0.00125227 0.0014126 -0.00114492 0.00929233 -0.00223923 0.00227683 0.00474138 0.000775312 -0.00288363 -0.0116828 -0.00198356 -0.00596605 -0.00138238 0.000357589 0.0052208 -0.0065564 0.00915648 0.00502062 -0.00313693 0.00306347 -0.00674506 -0.0110036 -0.00986483 -0.00177483 0.00330715 -0.0125643 -0.00968615 -0.0138105
internal_weight=2829.07 2247.71 2198.2 2175.05 549.355 52.1322 497.222 1625.69 615.475 1010.22 581.355 53.9483 527.406 195.257 115.218 332.149 138.878 34.7854 104.092 65.6568 193.271 71.0959 122.175 49.5155 49.5611 27.5151 14.0157 80.0396 67.539 23.1511
internal_count=8577 6589 6418 6340 1602 147 1455 4738 1720 3018 1988 229 1759 639 376 1120 437 125 312 210 683 248 435 171 166 107 44 263 214 78
is_linear=0
shrinkage=0.03


Tree=80
num_leaves=31
num_cat=0
split_feature=80 79 79 19 98 17 4 33 79 48 79 68 80 23 95 76 38 65 23 101 15 55 106 88 50 90 65 24 65 51
split_gain=77.2504 19.9499 18.9193 10.2208 10.1233 7.70926 7.41271 6.67023 7.69402 6.25943 6.17761 6.67015 5.93559 5.77173 5.76767 5.68375 5.64658 6.8697 6.28894 6.28381 5.82394 5.42312 5.31809 5.27896 5.23335 5.00543 5.71328 5.29832 5.06063 4.72748
threshold=-0.15604707792207789 0.077853192559074927 -0.2349105812220566 0.48333333333333339 3.6754385964912282 -1.0000000180025095e-35 1.1055555555555558 -1.0000000180025095e-35 -0.0039449112978524872 -19.327870716550702 0.28584255250921931 1.6074929971988798 -0.23877818035426726 0.41987179487179493 1.5505050505050508 0.17425810904071776 1.0000000180025095e-35 -0.62784237726098191 -0.23053613053613051 0.7947368421052633 0.39230769230769241 -0.075235849056603757 1.6583333333333334 0.48050935024413971 0.042572463768115944 0.25533178349421343 1.2155733437459328 1.5000000000000002 -0.23495401958468318 0.22048611111111113
decision_type=2 2 2 2 2 2 2 2 2 2 2 2 2 2 2 2 2 2 2 2 2 2 2 2 2 2 2 2 2 2
left_child=2 13 6 4 14 12 21 8 -7 -9 22 24 15 16 23 -5 17 -2 -18 -20 -19 -1 -3 -4 -12 29 28 -28 -27 -8
right_child=1 10 3 5 -6 7 25 9 -10 -11 11 -13 -14 -15 -16 -17 18 20 19 -21 -22 -23 -24 -25 -26 26 27 -29 -30 -31
leaf_value=0.015700814722740788 -0.020416587686391513 0.019483434234507165 0.006531282012683705 0.02510528832849011 0.034395754545877837 -0.012151627249228299 -0.01834400261323791 0.0024962592274990767 0.01666505048907397 -0.0073146231298893815 0.011860379009115135 0.015541588411151389 0.026259727195011653 0.025774463001204301 -0.0017102397296015768 0.0001164162880627735 0.014974976491674064 -0.0064516029628441081 0.022708078224100994 -0.00093047901252394987 0.00062374948354394517 -0.011746306637839697 -0.0070085293902917411 0.031745770276285348 -0.014586557837075366 0.028686803453999793 0.025513711666732854 0.0041429562833378043 0.0092814821659974039 0.0080735820918863711
leaf_weight=8.8737239390611631 20.822891488671303 6.9120400547981253 257.4291303306818 9.7588566094636899 10.933245599269865 86.007008925080299 10.250472500920297 211.63428382575512 9.2342011481523496 80.900804132223129 6.9681068509817115 7.2676997184753409 13.292608708143232 7.0104931592941275 85.174705296754837 51.017916396260262 30.020799443125725 200.83057771623135 10.66944546997547 196.89351902902126 218.75110541284084 24.006154209375381 510.91529810428619 7.6963368505239478 200.41300113499165 12.468415796756743 41.383863657712936 13.964053988456724 403.85218614339828 15.044375166296957
leaf_count=24 69 21 704 26 29 245 27 576 28 242 32 23 37 20 233 147 87 636 31 605 654 64 1878 20 888 32 105 35 1019 40
internal_value=-9.27716e-05 -0.00498695 0.00503492 0.00218855 0.0059686 -0.000768012 0.00945658 -0.00246199 -0.00935768 -0.000216948 -0.00842872 -0.0127079 0.00810049 -0.00130662 0.00508135 0.00412885 -0.00158665 -0.00359752 0.00214088 0.000284624 -0.00276283 -0.00433879 -0.00665491 0.00726323 -0.0136979 0.0103693 0.0110665 0.020122 0.00986265 -0.00263187
internal_weight=2770.4 1417.47 1352.92 823.079 361.233 461.846 529.843 387.776 95.2412 292.535 732.476 214.649 74.0694 684.999 350.3 60.7768 677.988 440.405 237.584 207.563 419.582 32.8799 517.827 265.125 207.381 496.963 471.669 55.3479 416.321 25.2948
internal_count=8577 4944 3633 2287 986 1301 1346 1091 273 818 2842 943 210 2102 957 173 2082 1359 723 636 1290 88 1899 724 920 1258 1191 140 1051 67
is_linear=0
shrinkage=0.03


Tree=81
num_leaves=31
num_cat=0
split_feature=80 80 52 77 86 54 47 110 33 52 54 109 77 54 33 47 70 112 84 105 1 6 47 64 110 17 111 90 94 21
split_gain=75.2645 18.0967 11.6818 6.75034 6.4046 6.70393 5.63039 5.6243 5.38066 6.29733 8.14118 6.41635 5.58708 5.03085 4.81726 4.79325 5.65049 6.18666 5.31899 4.78353 6.31144 4.54534 5.1085 4.21193 4.09958 4.01511 4.82348 4.28396 4.26862 3.41482
threshold=0.16171568627450983 -0.84808721765243489 0.7025418275418277 0.49705882352941183 5.416666666666667 -0.36088342440801452 1554.2680575696131 0.33452380952380972 -1.6333333333333331 0.27297565822155995 0.052911534154535277 -0.045454545454545296 0.27326839826839833 -0.82807881773399006 1.3273809523809528 1575.8658429574714 53.500000000000007 -1.4911033411033408 0.63333333333333341 0.29285714285714287 1.1909090909090911 0.87083333333333346 1573.4080062852015 0.073839176918957708 0.90384615384615397 -0.13333333333333333 0.15000000000000011 0.30988453241974373 1.297058823529412 0.080128205128205135
decision_type=2 2 2 2 2 2 2 2 2 2 2 2 2 2 2 2 2 2 2 2 2 2 2 2 2 2 2 2 2 2
left_child=1 15 8 25 5 19 24 -6 -2 13 11 -11 -12 -10 29 21 -17 -18 -19 -3 -21 -1 -23 -8 -7 26 28 -27 -4 -5
right_child=2 4 3 14 7 6 23 -9 9 10 12 -13 -14 -15 -16 16 17 18 -20 20 -22 22 -24 -25 -26 27 -28 -29 -30 -31
leaf_value=0.018974431719820297 -0.019270528930364583 0.014222934045655951 0.016321359607133816 -0.0073904859415117033 0.033156928552391836 0.00044981687590338521 -0.0096632695978241881 -0.0029796003845590766 0.0070600194121134569 0.0080862098016993688 0.0097868824996148879 -0.0022694689303655049 0.0037958110937695716 0.037862947127278786 0.018879335058976723 -0.014325541410420833 -0.022530869117683618 0.036011783525248232 -0.00065266376342741031 -0.010276780209771547 -0.0020279007947783074 -0.0078221339332620009 0.019258475215816351 -0.00099945034381721193 0.022738172256852009 -0.011231509875010247 0.03575680958439769 0.013876115234402131 0.0012561726050257331 0.014086879238136944
leaf_weight=6.1101067513227454 8.790969103574751 10.271409869194029 136.59097072482109 32.282813608646393 8.5704769343137723 514.19209888577461 96.351827383041382 7.0772470831871024 10.310603708028795 69.154181450605392 220.92619110643864 243.29711124300957 382.89400033652782 8.8834888041019422 11.708688497543333 187.2358925640583 6.7502198368310955 5.3802112042903891 10.532115891575812 185.24624587595463 151.95884746313095 267.52686807513237 6.4197372049093238 106.12608808279037 7.5360599458217612 10.924391329288484 10.191662877798079 13.895842820405958 19.321461975574493 8.3953446149826032
leaf_count=21 23 34 445 89 31 1570 293 22 31 214 669 700 1119 31 37 669 23 22 38 555 480 896 25 324 25 29 36 43 57 26
internal_value=-0.000103619 -0.00439853 0.00560073 0.0114623 -0.00224146 -0.00251968 -0.000876122 0.0168129 0.00409036 0.0043099 0.00395364 2.25315e-05 0.00598783 0.0213164 0.00192283 -0.00918559 -0.0126131 0.00153508 0.0117442 -0.00594516 -0.00655949 -0.00661673 -0.00718752 -0.00512224 0.000771759 0.0140797 0.0157615 0.00282523 0.0144544 -0.00295789
internal_weight=2764.85 1577.29 1187.57 243.311 1087.33 1071.68 724.206 15.6477 944.257 935.466 916.271 312.451 603.82 19.1941 52.3868 489.955 209.898 22.6625 15.9123 347.477 337.205 280.057 273.947 202.478 521.728 190.924 166.104 24.8202 155.912 40.6782
internal_count=8577 5028 3549 762 3334 3281 2212 53 2787 2764 2702 914 1788 62 152 1694 752 83 60 1069 1035 942 921 617 1595 610 538 72 502 115
is_linear=0
shrinkage=0.03


Tree=82
num_leaves=31
num_cat=0
split_feature=90 5 74 25 51 48 95 55 33 70 47 48 94 79 103 108 76 90 77 4 79 106 48 96 20 70 83 66 53 14
split_gain=7.48428 9.28959 7.49627 6.76083 6.3923 7.07311 7.23074 8.76235 10.0885 8.12083 6.36929 6.07214 6.18956 6.24375 5.9306 5.80547 7.92026 7.25335 5.47901 7.91434 5.36389 5.73783 5.45852 8.11681 5.35844 5.07965 4.94593 8.00194 6.28582 6.38179
threshold=0.32468653971244649 0.75568181818181845 40.500000000000007 1.5000000000000002 0.19615384615384621 37.661564294130933 1.1909090909090911 -0.18405928614640046 1.4226190476190479 7.5000000000000009 1557.2542664730008 -95.317053924325919 1.2696969696969698 -0.22680851063829788 1.6306818181818186 0.40833333333333338 0.3401030927835052 0.33748449131513653 0.3430703624733476 1.2264957264957268 -0.047125254572063062 3.1291666666666669 -130.19118905446302 1.0954545454545457 0.061111111111111123 39.500000000000007 0.70833333333333337 0.020295213030890217 0.32338086749851463 0.24862637362637366
decision_type=2 2 2 2 2 2 2 2 2 2 2 2 2 2 2 2 2 2 2 2 2 2 2 2 2 2 2 2 2 2
left_child=1 2 11 -3 10 6 15 9 -9 -8 -2 18 13 -13 25 16 -6 -17 -1 -20 22 -22 23 -12 -14 -5 28 -28 -7 -30
right_child=4 3 -4 14 5 26 7 8 -10 -11 20 12 24 -15 -16 17 -18 -19 19 -21 21 -23 -24 -25 -26 -27 27 -29 29 -31
leaf_value=-0.024468068451108844 -0.021405830439202259 -0.0067048818550490335 -0.012848974171331353 -0.0054936239771542043 0.00054387147137666949 -0.019208895439777048 -0.0014483967226404969 0.0056307754508700056 -0.010711133719650037 0.019351409096348356 0.025774121456231536 -0.015694370993399574 0.0055498584510691208 0.0011032695762274406 -0.0092846994308354788 -0.0021309511260959196 0.036249768329952255 -0.017539489890804359 0.013559772296649612 -0.0028733526116420517 0.026509925075431373 -0.008541805460666102 -0.015117065658124448 -0.0073070934660352926 -0.00030923118242288277 0.02597999466057855 -0.0037532527760580411 0.027697417351255048 -0.006994982033626326 0.02618509689449737
leaf_weight=9.3888229280710203 27.251083567738533 197.84354531764984 30.968635588884354 6.5061751604080227 41.69658949971199 40.217338263988495 24.821594744920731 105.73468585312366 50.112206146121025 52.892668470740318 8.6611830741167051 20.553245216608047 720.50909349322319 641.84459547698498 12.031382545828817 89.308765932917595 6.4569862782955161 39.725513190031052 29.414969831705093 255.34482584893703 9.1181013733148593 7.7974573671817771 45.930454656481743 29.111862123012543 174.50636982917786 15.878321558237074 43.021389827132225 8.7639549076557142 76.548238292336464 5.5986918807029715
leaf_count=30 90 712 102 22 125 149 79 309 161 144 23 65 2016 1949 42 263 16 130 82 752 26 26 145 90 514 49 160 24 267 15
internal_value=0.000194553 0.0010906 0.001789 -0.0045701 -0.00246403 -0.00113566 0.00101247 0.00447937 0.000376073 0.012708 -0.00854022 0.00203383 0.00278046 0.000582063 0.00770192 -0.00355744 0.00533173 -0.00687475 -0.00191931 -0.00117585 -0.00505577 0.0103524 -0.00816958 0.000278275 0.00440748 0.016832 -0.00620221 0.00156934 -0.00949118 -0.00473361
internal_weight=2827.56 2114.79 1882.53 232.259 712.769 584.899 410.749 233.561 155.847 77.7143 127.87 1851.56 1557.41 662.398 34.4159 177.188 48.1536 129.034 294.149 284.76 100.619 16.9156 83.7035 37.773 895.015 22.3845 174.15 51.7853 122.364 82.1469
internal_count=8577 6335 5510 825 2242 1842 1227 693 470 223 400 5408 4544 2014 113 534 141 393 864 834 310 52 258 113 2530 71 615 184 431 282
is_linear=0
shrinkage=0.03


Tree=83
num_leaves=31
num_cat=0
split_feature=80 79 26 107 48 88 4 102 113 111 55 6 90 109 46 95 88 111 113 102 9 77 80 0 67 67 93 70 47 68
split_gain=73.1107 32.2934 7.21401 7.45202 6.48667 6.32825 6.74167 7.2878 7.3487 5.72579 5.46033 6.83633 5.62881 5.35854 5.34662 5.93734 6.30677 5.34824 6.80291 5.133 5.13288 8.18168 5.07445 7.59501 5.03814 5.37844 4.96013 4.86828 4.72789 8.1213
threshold=-0.71746492501209469 0.077853192559074927 -1.8333333333333333 0.51315789473684215 50.255762742350733 0.415919147224457 1.7928571428571431 1.1464285714285716 -0.50238095238095226 -0.052499999999999949 1.0075757575757578 0.86190476190476206 0.25784648026066537 0.95000000000000007 1417.7368245899399 0.82575757575757591 0.43238544474393537 -0.027499999999999893 -0.13333333333333336 1.7947368421052634 0.25833333333333336 0.57962779973649547 -0.76284020862968216 1.4494949494949496 0.060624118999145556 0.020583373506641304 1.4868421052631582 9.5000000000000018 1474.6109807986666 0.10799619135833795
decision_type=2 2 2 2 2 2 2 2 2 2 2 2 2 2 2 2 2 2 2 2 2 2 2 2 2 2 2 2 2 2
left_child=2 5 3 -1 28 6 7 9 -9 -2 22 -12 -13 24 17 16 -16 18 -7 -17 21 -5 -4 -24 25 -6 -8 -15 29 -3
right_child=1 4 10 20 13 14 26 8 -10 -11 11 12 -14 27 15 19 -18 -19 -20 -21 -22 -23 23 -25 -26 -27 -28 -29 -30 -31
leaf_value=0.020148162385389107 0.00971275575970665 -0.0026424954699503073 0.003485445027029774 -0.0039042212568865019 -0.0067730027996754857 0.0024664787861982461 0.04150525896881524 -0.015677691857860398 0.010120700137073691 -0.015278970424724477 -0.0093492960788261279 -0.014907515748394025 0.01250076161011216 0.0056760451259292039 -0.027628252153273514 0.00013893406626647552 -0.0053278805432309525 0.0002041573226663401 0.038233839113199372 -0.0071459474688369161 -0.011080375686979463 0.028139857514238274 0.024023825463502402 -0.0068141628086124031 -0.011344961854231374 0.0087613113312468606 0.0056989311804913441 -0.018332037196071228 -0.0072858980464827533 0.022186308394403918
leaf_weight=76.648862689733505 11.867266982793806 80.490173429250717 382.20408946275711 14.889914214611055 117.38916847109795 9.1765269339084643 7.6562855392694456 11.072412818670271 96.931133612990379 27.07243138551712 14.976882517337797 6.9694302678108206 208.16778838634491 8.2816983759403211 12.735793247818945 833.67916125059128 109.94556407630444 25.806199446320534 10.002657771110533 97.199306949973106 13.186197459697722 13.833574891090391 25.521456852555275 10.005900815129278 224.523447945714 24.193383812904358 6.3861867934465408 92.560613706707954 178.59643296897411 13.904711261391638
leaf_count=191 31 275 995 37 447 25 21 34 283 82 40 18 524 35 39 2483 322 72 26 291 32 34 69 27 896 94 21 451 634 48
internal_value=-9.53116e-05 -0.00311503 0.00778283 0.0145866 -0.00808927 -0.000192802 0.00536207 0.00346424 0.00747588 -0.00766249 0.00653771 0.0102485 0.0116129 -0.010237 -0.00100684 -0.00143931 -0.00764293 0.00912168 0.0211205 -0.00062173 0.00441505 0.0115286 0.00449354 0.0153386 -0.00855031 -0.00411853 0.0252214 -0.0163604 -0.00441566 0.00101488
internal_weight=2765.87 1999.47 766.404 118.559 739.94 1259.53 160.986 146.943 108.004 38.9397 647.846 230.114 215.137 466.948 1098.55 1053.56 122.681 44.9854 19.1792 930.878 41.9097 28.7235 417.731 35.5274 366.106 141.583 14.0425 100.842 272.991 94.3949
internal_count=8577 6610 1967 294 2880 3730 472 430 317 113 1673 582 542 1923 3258 3135 361 123 51 2774 103 71 1091 96 1437 541 42 486 957 323
is_linear=0
shrinkage=0.03


Tree=84
num_leaves=31
num_cat=0
split_feature=78 46 48 109 112 79 52 93 110 64 92 26 50 46 26 5 8 79 112 5 77 109 71 91 112 109 65 13 103 74
split_gain=66.1884 15.7717 15.4688 9.29729 6.63379 5.75527 5.50367 8.26098 6.01766 5.16669 6.13114 5.05924 4.84609 5.62641 5.64811 4.44416 6.91226 5.01312 4.68226 4.5437 4.43947 5.6773 5.18408 5.35804 4.5262 4.3956 5.70254 5.76318 4.81698 5.29104
threshold=-0.042572463768115958 1519.4272452704552 -109.45244645371564 0.85357142857142876 0.27743240037950678 -0.38688172043010749 0.26759259259259266 0.97500000000000009 0.40192307692307699 -0.60931712962962947 4.6867395546766826 0.83333333333333359 0.040408163265306128 1662.3250862993925 -1.1666666666666663 0.069047619047619149 -0.72857142857142843 0.24424603174603179 0.37241581415174757 0.25595238095238099 0.3977883675464321 1.2562500000000003 55.500000000000007 2.610289142720688 1.6268939393939397 -0.60357142857142843 -0.22477687089142326 0.12916666666666668 1.6833333333333336 1.5000000000000002
decision_type=2 2 2 2 2 2 2 2 2 2 2 2 2 2 2 2 2 2 2 2 2 2 2 2 2 2 2 2 2 2
left_child=1 6 5 12 25 -2 7 -1 9 -8 -11 -10 -3 14 -14 16 -6 19 -18 -17 22 24 23 -5 -22 28 27 -27 29 -4
right_child=2 3 4 20 15 -7 8 -9 11 10 -12 -13 13 -15 -16 17 18 -19 -20 -21 21 -23 -24 -25 -26 26 -28 -29 -30 -31
leaf_value=-0.0030246888136572694 -0.018947024218158089 0.021989592163072478 -0.006773816496584156 -0.00055558692954434791 0.02284075936684454 -0.0086594464589864681 0.0184446130436632 0.033039308191684311 -0.014199782555270735 -0.0069703235238958178 0.0023668161251110265 0.0046663165170244885 0.019647493611330322 -0.0083027901516686473 0.0049788424794976289 0.033251567440478559 0.0093939381651472285 -0.00678856603180235 -0.0097111071285614272 0.0095126706011695716 0.0052696778710041832 0.019742373665945157 0.040847933318328186 0.015774245280566476 -0.022953335693201047 0.0077079616352082932 -0.0014831237269127941 -0.0090135241711002279 -0.0098289067930243598 0.013865639184153154
leaf_weight=11.149095654487612 66.986306011676788 15.53607267141342 30.254788115620613 20.574423938989639 9.3150538802146894 181.68849581480026 15.726444542407988 11.731526389718054 42.211664795875549 74.320997819304466 426.55301038920879 18.355633541941643 24.878254756331444 27.176922500133514 468.83251777291298 10.014122188091276 15.433947890996931 11.350027889013289 45.821626722812653 26.352394074201584 12.252193599939348 11.449722856283186 6.6247024536132804 149.37185683846474 8.7781178653240186 20.671414747834206 615.58741597831249 180.8001916706562 182.65445624291897 17.729192346334457
leaf_count=33 263 51 96 59 31 622 51 41 123 208 1277 58 81 74 1381 35 50 31 128 81 36 37 24 485 21 67 1922 546 603 62
internal_value=-0.000107077 0.00465639 -0.00463775 0.00757041 -0.003189 -0.0114306 0.00103614 0.0154663 0.000464087 0.00151297 0.000981347 -0.00848219 0.00547893 0.00498648 0.005718 0.00354549 -0.00123607 0.0106172 -0.0048974 0.0160496 0.0129372 0.00274392 0.0148122 0.0137973 -0.0065107 -0.00394934 -0.00291693 -0.00729786 -0.00760674 0.00085208
internal_weight=2760.18 1345.52 1414.66 745.475 1165.98 248.675 600.048 22.8806 577.168 516.6 500.874 60.5673 536.424 520.888 493.711 118.287 70.5706 47.7165 61.2556 36.3665 209.051 32.48 176.571 169.946 21.0303 1047.7 817.059 201.472 230.638 47.984
internal_count=8577 4040 4537 2249 3652 885 1791 74 1717 1536 1485 181 1587 1536 1462 356 209 147 178 116 662 94 568 544 57 3296 2535 613 761 158
is_linear=0
shrinkage=0.03


Tree=85
num_leaves=31
num_cat=0
split_feature=90 5 74 25 51 88 14 73 87 47 91 66 47 72 69 23 106 23 103 104 76 95 64 101 51 66 87 92 70 87
split_gain=7.13009 8.80903 7.23638 6.46587 6.1106 7.64526 7.24588 6.85408 11.1813 6.21713 6.05298 8.15874 5.75381 7.81919 8.15174 7.22002 8.39095 7.01928 5.67594 5.64962 5.63935 5.57839 8.59184 6.53773 5.01097 4.95746 4.89143 4.95016 4.8199 4.34352
threshold=0.32468653971244649 0.75568181818181845 40.500000000000007 1.5000000000000002 0.19615384615384621 0.44344182205213512 0.24862637362637366 47.500000000000007 1.2916666666666667 1557.2542664730008 3.0223470661672915 -0.17612571929915097 1462.0313396283952 5.5000000000000009 -0.22059584322562195 -0.082875457875457859 2.4472222222222229 0.11010101010101012 1.6306818181818186 1.4226190476190479 0.2994252873563219 1.1909090909090911 -0.29439689095432814 0.64852941176470602 0.23571428571428574 -0.61833214793741098 1.2250000000000003 6.0366761762234473 39.500000000000007 1.1000000000000003
decision_type=2 2 2 2 2 2 2 2 2 2 2 2 2 2 2 2 2 2 2 2 2 2 2 2 2 2 2 2 2 2
left_child=1 2 12 -3 9 7 10 21 -9 -2 11 -7 13 19 -15 16 -14 -17 28 -1 -8 23 -23 -6 -12 -11 27 -27 -5 -4
right_child=4 3 29 18 5 6 20 8 -10 25 24 -13 15 14 -16 17 -18 -19 -20 -21 -22 22 -24 -25 -26 26 -28 -29 -30 -31
leaf_value=0.031555994749650838 -0.021136517416961008 -0.006543757583653791 -0.003355511387010947 -0.0053946177128181031 0.0171558881411383 -0.015531620179503746 0.0038570458797988348 0.026427963512173306 -0.0088677781545683423 0.018766829059389839 0.02090900331754331 0.016372469879340577 0.010218480969676149 0.0020488406799332899 0.016547763859798847 -0.0023123417831645834 0.00057161386121171653 0.0023489680134146959 -0.0091411412708590524 0.0085676614501955205 0.03834657711487769 0.01299802056836904 -0.0044793134172232043 -0.011934991136359175 -0.0026341890120030543 -0.010909576564269241 -0.018626400931973111 0.0051175227420125098 0.025248497477782045 -0.026286616117258532
leaf_weight=16.212792932987213 26.983903914690018 197.06911650300026 18.321546331048015 6.4912971556186703 7.4065316915512076 8.7414331287145597 8.0629286319017428 16.803404778242111 15.555695489048956 7.3713371008634558 8.6382801383733732 41.283635213971138 153.44352984428406 283.46479415893555 39.79973991215229 570.49301239848137 172.23518988490105 592.93849855661392 11.987558454275129 23.666824594140053 9.0623784959316236 29.307316780090332 185.83629025518894 113.47662962973118 140.04791837930679 34.225291207432747 23.488578662276268 35.163775831460953 16.022684171795845 12.510508969426153
leaf_count=40 90 712 57 22 20 32 24 44 52 21 24 114 439 836 104 1699 515 1708 42 67 22 82 622 355 451 107 78 104 49 45
internal_value=0.000201235 0.00107527 0.00175427 -0.00444625 -0.00239665 -0.00109917 0.00338433 -0.00372605 0.00946056 -0.00835436 0.00177067 0.0107975 0.00199421 0.0053801 0.00383392 0.0011685 0.00511674 6.32772e-05 0.00753447 0.0179134 0.0221082 -0.00499591 -0.00209851 -0.0101526 -0.00126639 -0.0049138 -0.00679324 -0.00278764 0.0164134 -0.0126601
internal_weight=2826.11 2114.66 1883.09 231.571 711.455 584.222 215.837 368.386 32.3591 127.233 198.711 50.0251 1852.25 363.144 323.265 1489.11 325.679 1163.43 34.5015 39.8796 17.1253 336.027 215.144 120.883 148.686 100.249 92.8776 69.3891 22.514 30.8321
internal_count=8577 6335 5510 825 2242 1842 667 1175 96 400 621 146 5408 1047 940 4361 954 3407 113 107 46 1079 704 375 475 310 289 211 71 102
is_linear=0
shrinkage=0.03


Tree=86
num_leaves=31
num_cat=0
split_feature=80 80 80 17 19 101 26 48 77 53 7 64 89 90 38 15 101 21 64 19 6 55 96 88 50 101 41 33 47 109
split_gain=68.8369 17.2396 15.1533 9.88228 7.40412 7.24402 6.89232 6.63963 5.87367 7.53241 5.9564 5.83884 7.49318 5.69179 6.15411 6.79681 7.87346 5.32279 9.40614 5.24419 5.78554 7.18678 5.19617 5.171 6.15965 5.11952 5.66315 5.06891 8.77012 5.03529
threshold=-0.16652968036529678 0.60086814975583303 -0.71746492501209469 -0.045804195804195806 0.48333333333333339 1.5477272727272731 -1.8333333333333333 49.535936355959741 0.24025316455696205 0.37341365461847392 1.9309523809523812 0.077151229763100862 0.22038454528886461 0.20344827586206901 1.0000000180025095e-35 0.34523809523809529 1.4058823529411766 0.13809523809523813 -0.040659892967849769 0.48333333333333339 0.86190476190476206 1.2529069767441863 1.7638888888888891 0.47928461005384088 0.95959183673469395 0.97500000000000009 1.0000000180025095e-35 -0.76726190476190459 1476.4969310993768 0.50000000000000011
decision_type=2 2 2 2 2 2 2 2 2 2 2 2 2 2 2 2 2 2 2 2 2 2 2 2 2 2 2 2 2 2
left_child=2 13 6 8 11 7 -1 27 -4 -10 -11 12 -5 -2 15 -15 -17 18 -16 23 -21 -22 -19 24 -8 -6 -27 28 -3 -7
right_child=1 5 3 4 25 29 19 -9 9 10 -12 -13 -14 14 17 16 -18 22 -20 20 21 -23 -24 -25 -26 26 -28 -29 -30 -31
leaf_value=0.01418104531958435 0.017547664909899768 0.035066429335541278 0.03615267892576049 0.031965752555476575 0.0068662734899258898 0.0044381649173237505 0.010710960902251815 -0.012875484273341793 -0.013550377307893144 0.013241269542551254 -0.012390197875800622 -0.0082231715537948377 0.0041156820373278299 -0.0076004997388297397 0.024527842307349865 -0.0034477342637814047 0.009155447661447276 -0.0031075452636049657 0.0017554887149982741 -0.014533876024610341 0.0022373183679661986 0.011389980733606682 0.013033118313970809 0.029115296407500105 -0.002739097116287767 -0.0093830871367194969 0.00047224855876585936 -0.0073938968953577806 -0.0057456764607872537 -0.010717401306610903
leaf_weight=118.51080903410912 13.022589087486265 7.3521422743797329 6.840948909521102 9.1715228259563428 32.951605021953583 55.141314327716827 207.46378004550934 314.62058772146702 13.371553525328634 79.401244893670082 9.0943969786167127 32.784833863377571 167.24832636117935 280.00259281694889 21.329652592539787 233.55217160284519 55.144998252391815 190.64818234741688 69.566331744194031 14.387370571494101 270.67568127810955 108.0265184789896 19.816637292504311 11.732257574796675 35.955274105072021 143.91582559049129 82.590353056788445 112.85558843612671 13.331850811839102 30.722416251897812
leaf_count=294 36 23 19 25 95 205 528 1366 36 224 26 96 458 924 66 721 166 606 223 40 709 274 60 30 92 422 237 407 47 122
internal_value=-9.8927e-05 -0.00471209 0.00476473 0.00109397 -0.000796301 -0.00896713 0.00752884 -0.0104965 0.00924329 0.00743618 0.0106072 0.00340298 0.00556352 -0.00213895 -0.00243361 -0.00427028 -0.00104036 0.00103238 0.00709925 0.00631269 0.00413876 0.00484816 -0.0015878 0.00966187 0.00872426 -0.00418225 -0.00578956 -0.00489166 0.00876102 -0.000984563
internal_weight=2761.23 1417.11 1344.12 577.371 468.662 534.024 766.752 448.16 108.708 101.867 88.4956 209.205 176.42 883.083 870.061 568.7 288.697 301.361 90.896 648.241 393.09 378.702 210.465 255.151 243.419 259.458 226.506 133.54 20.684 85.8637
internal_count=8577 4972 3605 1638 1333 2170 1967 1843 305 286 250 579 483 2802 2766 1811 887 955 289 1673 1023 983 666 650 620 754 659 477 70 327
is_linear=0
shrinkage=0.03


Tree=87
num_leaves=31
num_cat=0
split_feature=80 80 52 86 65 79 55 90 112 91 78 23 7 12 33 52 68 7 108 55 110 110 23 10 105 14 33 111 52 0
split_gain=67.1007 16.5021 10.7486 7.37816 7.18151 6.44678 6.30063 6.25341 6.47761 5.94034 5.65302 7.17946 5.31948 5.24105 5.02496 5.93411 6.64376 5.37294 4.97994 4.70686 4.2438 4.15308 4.10833 4.09253 4.06846 4.01819 3.38363 6.70288 3.54744 9.21578
threshold=0.16171568627450983 -0.56630036630036618 0.7025418275418277 5.416666666666667 -0.056142050717038143 -0.38688172043010749 -0.22157622739018085 0.33638584662518384 0.37241581415174757 2.6023411829134724 -0.29814814814814805 0.16515151515151519 0.34848484848484856 0.20714285714285716 -1.6333333333333331 0.27297565822155995 0.0051321639778588732 1.3205128205128207 0.48684210526315791 -0.169361147327249 -1.1026315789473682 0.19999999999999987 -0.37321428571428567 0.48333333333333339 0.72077922077922085 -0.36277056277056269 2.7916666666666674 -0.19499999999999992 0.4706893066504953 1.6396103896103897
decision_type=2 2 2 2 2 2 2 2 2 2 2 2 2 2 2 2 2 2 2 2 2 2 2 2 2 2 2 2 2 2
left_child=1 5 14 6 9 12 7 8 -3 22 11 -8 -1 -6 -2 24 17 -17 -9 -12 -18 -5 -4 25 -16 -11 28 -28 29 -7
right_child=2 3 4 21 13 26 10 18 -10 23 19 -13 -14 -15 15 16 20 -19 -20 -21 -22 -23 -24 -25 -26 -27 27 -29 -30 -31
leaf_value=0.0099217306072100636 -0.018840714570210023 -0.0081666772261452473 -0.018214366219501961 0.039366587463145197 0.0021787922678352233 -0.0061966094049054985 0.0049142665442784284 -0.0052555774738096347 0.022116414031737416 0.00029237739429451877 0.0093072719656766608 0.041996425347307555 -0.015126522348673564 0.021709821205202273 0.0032504174839571203 -0.011834005455383276 0.016769425100394461 0.0013792600049825829 0.024131879929341092 -0.0014832279970851 0.0049145302415138804 0.003491728357574826 0.014110565307883252 -0.00034228066482543085 0.031480463994901925 0.02075530376563995 -0.0068131457958219462 0.033252962587832655 -0.011920880157318842 0.022429448070656888
leaf_weight=8.1273642629384977 8.726008325815199 218.99626508355141 7.5419845879077911 6.0921780019998533 88.840608954429626 434.84858722984791 20.787039786577228 10.055844381451609 6.5471197217702857 9.4089179933071119 38.939303159713745 6.0714604556560507 124.83118891716003 14.36488565802574 7.5263928174972561 30.881848499178886 28.490009188652039 268.57387867569923 10.724471792578695 554.05141557753086 589.6976086050272 5.5500271618366241 6.6664055585861188 10.678968608379362 11.795236229896544 105.20210835337639 10.814876705408098 5.7591041624546042 94.827906236052513 10.362866446375845
leaf_count=27 23 656 20 22 258 1454 63 29 22 28 127 22 477 47 22 86 90 793 36 1677 1733 18 21 30 40 358 35 21 304 38
internal_value=-0.000111116 -0.00418731 0.00526502 -0.00145902 0.0108969 -0.00766038 -0.00177788 -0.00583671 -0.00728761 0.0153356 -0.000164932 0.0132968 -0.0135954 0.00489726 0.00381965 0.00403068 0.00368425 1.6621e-05 0.00991094 -0.000774659 0.00546088 0.0222645 -0.0030479 0.0174204 0.020484 0.0190754 -0.00624268 0.00710897 -0.00665245 -0.0055303
internal_weight=2755.78 1567.39 1188.39 877.815 242.704 689.572 866.173 246.324 225.543 139.498 619.849 26.8585 132.959 103.205 945.691 936.965 917.643 299.456 20.7803 592.991 618.188 11.6422 14.2084 125.29 19.3216 114.611 556.613 16.574 540.039 445.211
internal_count=8577 5028 3549 2672 762 2356 2632 743 678 457 1889 85 504 305 2787 2764 2702 879 65 1804 1823 40 41 416 62 386 1852 56 1796 1492
is_linear=0
shrinkage=0.03


Tree=88
num_leaves=26
num_cat=0
split_feature=111 49 86 1 90 74 46 96 51 1 49 98 106 35 16 67 96 70 96 96 7 94 21 5 41
split_gain=6.94869 6.71391 5.45579 6.61526 5.86238 6.25339 6.29341 5.25458 4.72064 5.78506 5.04779 4.47807 4.36627 5.17411 4.28737 4.11827 3.89981 3.7863 3.65897 3.09838 1.55948 1.43605 0.681221 0.00572 0.00381119
threshold=-1.6307715181660896 0.69978138025495584 5.1250000000000009 0.96666666666666679 0.32468653971244649 42.500000000000007 1417.7368245899399 2.7638888888888893 0.19615384615384621 1.6794871794871797 0.32094317607982797 2.3416666666666672 2.6961538461538468 0.9295634920634922 0.39230769230769241 -0.069177932779898019 1.0954545454545457 86.500000000000014 0.6515151515151516 0.78888888888888908 2.577380952380953 0.89181286549707617 0.48333333333333339 0.50714285714285723 1.0000000180025095e-35
decision_type=2 2 2 2 2 2 2 2 2 2 2 2 2 2 2 2 2 2 2 2 2 2 2 2 2
left_child=7 2 4 -4 5 6 -2 18 10 -10 -6 -3 -5 -14 21 19 -17 -7 -1 -16 22 -13 24 -23 -20
right_child=1 11 3 12 8 17 -8 -9 9 -11 -12 14 13 -15 15 16 -18 -19 20 -21 -22 23 -24 -25 -26
leaf_value=0.004846169662794643 -0.0058700039583543251 0.010687461522949613 0.017512195683261837 0.00264526980162737 0.0027155707971822044 0.0049060673406507967 0.0022819608543084356 0.0062384239499539513 -0.0019677986351350741 0.0058100023406465204 -0.011185374321606052 -0.00969235742232619 -0.025540038924953677 0.00079653689585291142 0.026469050548178004 -0.013557603373684309 0.0018893088047346042 -0.021506591258662961 -0.025343830437139066 -0.0050905600664724205 -0.005066918755936011 -0.02729379922031153 -0.014497735228953833 -0.026058552978677808 -0.026182928810650319
leaf_weight=6.2619040608406058 89.3460353910923 11.733530819416044 7.4202342331409445 11.892071694135664 33.214849919080734 6.9399967342615154 1851.1144664734602 12.444169670343397 423.94656980037689 107.99065475165844 80.464717611670494 6.7323840260505703 24.977805927395821 9.1815276592969877 5.759895518422125 45.106012791395187 21.828105792403221 16.493254974484444 13.350620388984686 5.4476678520441055 5.1650651693344107 5.7358870953321448 6.4395808428525916 8.1931914091110212 7.670726314187049
leaf_count=25 262 36 21 36 98 21 5424 39 1314 321 256 28 85 27 19 198 88 59 58 23 21 24 23 39 32
internal_value=0.000207784 0.000410204 0.000710924 -0.00877509 0.000905303 0.00172058 0.00190661 -0.0107292 -0.00157469 -0.000388797 -0.0071238 -0.00683456 -0.0130107 -0.0184612 -0.00891542 -0.00570198 -0.00852016 -0.0136842 -0.0161588 0.0111288 -0.0201903 -0.0210687 -0.0230348 -0.0265672 -0.02565
internal_weight=2824.85 2773.52 2662.98 53.4716 2609.51 1963.89 1940.46 51.3321 645.617 531.937 113.68 110.537 46.0514 34.1593 98.8031 78.1417 66.9341 23.4333 38.8879 11.2076 32.626 20.6615 27.4609 13.9291 21.0213
internal_count=8577 8379 7924 169 7755 5766 5686 198 1989 1635 354 455 148 112 419 328 286 80 159 42 134 91 113 63 90
is_linear=0
shrinkage=0.03


Tree=89
num_leaves=31
num_cat=0
split_feature=79 79 19 74 96 79 8 103 89 79 110 36 65 84 48 98 96 35 8 12 9 8 101 89 48 111 20 36 2 46
split_gain=64.6148 27.0517 7.74724 7.95092 8.01257 8.4649 7.6894 7.57627 8.51747 7.76799 7.63324 6.70959 6.59478 6.43723 6.03144 5.86672 7.67647 9.64951 8.55966 7.09992 6.91122 5.46828 5.10176 5.60602 5.08394 4.98546 4.97058 7.54456 5.00215 4.93933
threshold=0.06666666666666668 -0.22680851063829788 0.48333333333333339 11.500000000000002 1.4772727272727275 0.0067683639112210434 0.46666666666666667 1.8944444444444446 0.26633373650718445 0.051311274202840491 -0.041883116883116737 1.0000000180025095e-35 0.85755723564854835 1.0000000180025095e-35 92.887083652277411 2.5131578947368425 0.89444444444444449 1.6726190476190481 -0.89615384615384597 0.25833333333333336 0.74166666666666681 0.36515151515151517 2.2565789473684217 0.28619286510590863 -93.260903613137984 -0.084896694214876042 0.033150183150183178 -1.4999999999999998 0.58214285714285718 1517.9375511395426
decision_type=2 2 2 2 2 2 2 2 2 2 2 2 2 2 2 2 2 2 2 2 2 2 2 2 2 2 2 2 2 2
left_child=1 12 3 6 13 -6 11 9 -9 10 -4 -3 29 -5 15 16 20 18 -18 26 -2 -16 -14 -24 -8 -11 27 -17 -28 -1
right_child=14 2 7 4 5 -7 24 8 -10 25 -12 -13 22 -15 21 19 17 -19 -20 -21 -22 -23 23 -25 -26 -27 28 -29 -30 -31
leaf_value=0.0070355788909687812 -0.010494520026341719 0.0062517317232431199 -0.0091627230001345584 -0.01313727652953252 0.0029281537232411646 0.035703908959204618 0.033955597348921111 0.00012639770733157332 0.014482800146848895 0.036761933575760776 -0.0015664881938810145 -0.0029902755949681049 0.024852429726027737 -0.00064398788577786355 -0.012338687001385561 0.011348980508777133 -0.015777203860745801 -0.023891733608656707 0.011412118143303682 -0.013571974310748443 0.016426708815016327 0.0082519728646106658 0.013094675923725527 -0.009180869785492372 0.011017321337336374 0.0056026470973930846 -0.011349256165689223 -0.0088475882512210665 0.011587477157329863 -0.011053502484667533
leaf_weight=394.4574479162693 80.760718658566475 238.2090570628643 178.99054457247257 51.906142190098763 29.515486091375351 9.3347508758306486 9.9560312032699567 159.37194849550724 48.515136167407036 5.4820148050785056 355.56160524487495 100.53561118245125 29.935923874378204 130.28740096092224 231.76674875617027 18.516243651509285 12.090864166617392 9.6916328072547895 75.445555537939072 127.16120283305645 9.6028657406568509 12.219905897974966 108.31326626241207 11.221567422151564 68.712809398770332 29.437342450022697 12.187143236398695 164.84497573971748 28.73078878223896 14.070140674710272
leaf_count=1011 296 671 556 156 84 26 25 454 135 17 1032 294 74 378 1040 63 46 33 253 471 32 46 274 26 188 94 43 618 104 37
internal_value=-0.000101837 0.00279094 0.000586093 0.0030348 -0.00156573 0.0108034 0.00547104 -0.00142507 0.00347679 -0.0032145 -0.00411003 0.00350881 0.00838532 -0.00420327 -0.00739388 -0.00562246 -0.00133864 0.0045119 0.00765663 -0.00790907 -0.00763362 -0.0113074 0.0137772 0.0110035 0.0139203 0.0104944 -0.00469833 -0.00680809 0.00475592 0.00641257
internal_weight=2756.83 1973.81 1415.82 638.457 221.044 38.8502 417.414 777.359 207.887 569.472 534.552 338.745 557.998 182.194 783.019 539.032 187.592 97.2281 87.5364 351.44 90.3636 243.987 149.471 119.535 78.6688 34.9194 224.279 183.361 40.9179 408.528
internal_count=8577 5532 4110 1822 644 110 1178 2288 589 1699 1588 965 1422 534 3045 1959 660 332 299 1299 328 1086 374 300 213 111 828 681 147 1048
is_linear=0
shrinkage=0.03


Tree=90
num_leaves=31
num_cat=0
split_feature=80 80 80 13 90 55 98 23 48 6 55 54 109 80 101 61 89 89 70 23 5 111 2 5 5 8 111 2 88 50
split_gain=63.3249 17.1718 8.89026 7.3827 5.8717 6.43755 7.60004 5.61755 5.56158 5.37925 5.90965 5.87017 5.76306 5.18264 4.58779 4.96523 5.75661 5.26639 4.50373 4.53822 5.20048 4.148 3.85732 3.77629 5.75197 3.43986 3.08298 3.763 3.04103 4.43175
threshold=0.22222222222222227 -0.56630036630036618 1.2509992386752953 1.0000000180025095e-35 0.3409898875698763 -0.22157622739018085 3.9250000000000003 -0.082875457875457859 -109.45244645371564 1.7303030303030307 -1.180194805194805 0.32742946708463955 0.85357142857142876 -1.6121334310850437 2.3416666666666672 1.0000000180025095e-35 0.16603045093611132 0.17303635183382021 16.500000000000004 0.19523809523809527 0.39583333333333343 -0.11660924515235455 -0.39696969696969692 1.1291666666666671 1.8047619047619052 -1.2619047619047616 -0.10499999999999995 -1.0000000180025095e-35 0.41938437906179848 0.54772727272727284
decision_type=2 2 2 2 2 2 2 2 2 2 2 2 2 2 2 2 2 2 2 2 2 2 2 2 2 2 2 2 2 2
left_child=1 8 14 23 5 21 7 -7 13 11 -11 -5 -13 -1 15 16 -2 -18 19 20 -6 -3 -23 25 -25 -4 27 -15 29 -10
right_child=2 4 3 9 18 6 -8 -9 28 10 -12 12 -14 26 -16 -17 17 -19 -20 -21 -22 22 -24 24 -26 -27 -28 -29 -30 -31
leaf_value=-0.017526030599841525 -0.025533551356323642 0.012872448302897794 0.0038489947147077219 0.029672552784127702 -0.0033262407423371855 -0.0057402263053694053 0.024950375924277592 0.00098737815036882949 -0.012875195708893582 -0.022642561465174297 0.01486965861888519 0.005108840515079211 0.015243244289924348 -0.0068673807626641672 0.025099923515305426 -0.011614256991186914 0.028101304197529837 0.0039238198719411203 0.030317569693491933 0.029228476526980195 0.025709140595088772 0.0011539296399964696 -0.0081964118244796848 0.028070146832376762 -0.0095402672086413627 -0.020347409983076704 -0.01516697063780355 0.017269531075890101 -0.0065948658998512379 0.0044711992363027754
leaf_weight=78.232851296663284 5.9142076671123496 10.405037268996237 8.905151963233946 17.40279296040535 34.42401048541069 146.33666121959686 10.654171362519262 471.99291361868382 17.628102540969849 8.2668845355510694 6.9634935557842246 79.230728328227997 139.27070835232735 110.7000497430563 9.0256373286247236 18.875267922878265 8.1933645009994489 781.57336874306202 7.2565280944108954 6.0300980210304251 6.6192887574434272 48.86853951215744 211.81604695320129 7.2780668139457685 7.3611140251159668 13.017965763807299 40.936273589730263 6.1353604793548575 378.37118484079838 53.441139608621597
leaf_count=307 14 36 26 59 102 434 36 1445 57 20 22 236 459 393 30 50 27 2295 25 21 22 153 631 25 20 33 138 23 1251 187
internal_value=-0.00011427 -0.00386109 0.00541469 0.00995466 -0.00125945 -0.00183757 -0.000171935 -0.000604807 -0.00748358 0.0117883 -0.00549157 0.012904 0.0115684 -0.0112127 0.00382877 0.00359308 0.00395383 0.00417465 0.00831815 0.00492686 0.00135646 -0.00570218 -0.00644358 -0.00264033 0.00915826 -0.0105189 -0.00808221 -0.00559988 -0.00552537 0.000168578
internal_weight=2751.13 1639.85 1111.28 287.697 954.403 900.073 628.984 618.33 685.445 251.135 15.2304 235.904 218.501 236.005 823.582 814.556 795.681 789.767 54.3299 47.0734 41.0433 271.09 260.685 36.5623 14.6392 21.9231 157.772 116.835 449.44 71.0692
internal_count=8577 5261 3316 900 2905 2735 1915 1879 2356 796 42 754 695 861 2416 2386 2336 2322 170 145 124 820 784 104 45 59 554 416 1495 244
is_linear=0
shrinkage=0.03


Tree=91
num_leaves=26
num_cat=0
split_feature=111 49 47 1 6 11 8 46 46 96 95 19 3 6 98 105 96 103 33 71 102 96 23 4 106
split_gain=6.61061 6.34817 6.02111 7.13658 6.34403 8.43107 5.49536 5.13808 5.70839 5.0905 5.00472 4.50275 6.56912 5.94654 4.28996 4.09694 3.59562 3.5088 3.94997 3.39282 1.56687 1.47367 0.646379 0.234437 0.00319438
threshold=-1.6307715181660896 0.69978138025495584 1463.3959591145688 1.591666666666667 1.6794871794871797 0.24807692307692314 -0.63484848484848477 1662.3250862993925 1682.5048272473898 2.7638888888888893 1.4142857142857144 0.64583333333333337 1.851648351648352 0.74166666666666681 2.3416666666666672 1.5505050505050508 0.6515151515151516 1.5227272727272729 0.28869047619047628 31.500000000000004 2.5131578947368425 0.78888888888888908 0.45483682983682988 1.3205128205128207 3.0250000000000004
decision_type=2 2 2 2 2 2 2 2 2 2 2 2 2 2 2 2 2 2 2 2 2 2 2 2 2
left_child=9 2 3 4 6 -6 -2 11 15 16 -5 12 -4 -13 -3 -9 -1 18 21 -20 22 -16 24 -19 -18
right_child=1 14 7 10 5 -7 -8 8 -10 -11 -12 13 -14 -15 17 -17 20 23 19 -21 -22 -23 -24 -25 -26
leaf_value=0.0049046157760964512 -0.005735930493751552 0.010454910614119609 0.00025886420334578306 0.0053944389672574812 0.0058176982164599373 0.030416409026190843 0.0029307714492090874 0.040096959588245842 -0.003779308147809613 0.0061607354409116636 0.035639381195564986 -0.014427905339289079 -0.0046264273392310545 0.0099191303600221804 -0.0074814874763530111 0.0094730123444690516 -0.02612091514567463 -0.018116056998331676 -0.0088434580090584608 0.0051884828704103257 -0.0047243056623752534 -0.023496760150222139 -0.014713550058554514 -0.026285919140740729 -0.0252645347107751
leaf_weight=6.2527294903993598 88.870156243443489 11.773116707801817 1757.3711231648922 9.3550391495227831 133.30744901299477 13.842209860682486 254.15961374342442 7.7956272214651126 10.665844589471815 12.455525293946264 10.395753830671309 10.357715263962744 288.37453702092171 70.351748391985893 8.3315354585647601 7.9323529899120331 5.2952394038438859 5.2121573239564887 35.097374022006989 27.786342844367027 5.1098985075950614 13.631271451711653 6.6457871198654166 8.0330142676830274 15.094931378960608
leaf_count=25 298 36 5163 25 370 33 735 19 35 39 24 36 961 202 37 23 25 25 151 105 21 63 24 38 64
internal_value=0.000213818 0.000410409 0.000701991 0.00363318 0.00292077 0.00813167 0.000685453 7.70113e-06 0.0131627 -0.0105046 0.0213137 -0.000155581 -0.000429781 0.00679459 -0.00665662 0.0246519 -0.0159105 -0.00871037 -0.00646858 -0.00264318 -0.0199592 -0.0174214 -0.0228387 -0.023071 -0.0254869
internal_weight=2823.5 2772.64 2662.78 509.93 490.179 147.15 343.03 2152.85 26.3938 50.8541 19.7508 2126.46 2045.75 80.7095 109.865 15.728 38.3986 98.0917 84.8465 62.8837 32.1459 21.9628 27.036 13.2452 20.3902
internal_count=8577 8379 7924 1485 1436 403 1033 6439 77 198 49 6362 6124 238 455 42 159 419 356 256 134 100 113 63 89
is_linear=0
shrinkage=0.03


Tree=92
num_leaves=31
num_cat=0
split_feature=80 80 80 17 13 76 75 6 112 53 26 0 54 49 55 107 99 111 73 80 38 17 11 8 89 95 109 86 97 34
split_gain=61.5299 15.7589 13.4607 9.48703 7.43017 9.1416 7.39043 7.03676 6.75701 8.33529 6.53927 7.2965 7.52233 6.52596 6.43233 6.36116 5.67694 5.47928 10.7687 5.4945 5.16305 7.32377 6.49368 6.16758 7.83864 5.83083 6.72517 5.26032 5.88441 5.10984
threshold=-0.16652968036529678 0.60086814975583303 -0.71746492501209469 -0.045804195804195806 0.13809523809523813 0.38253449527959332 -1.0000000180025095e-35 1.5773809523809526 -0.17231800766283514 0.30839552238805973 -1.8333333333333333 1.2403846153846156 -1.6030303030303028 0.5782642265023018 -0.30917366946778707 0.51315789473684215 0.42481203007518803 0.10000000000000002 24.500000000000004 -0.4162280701754385 1.0000000180025095e-35 -0.066666666666666666 0.21483516483516485 -0.26969696969696971 0.26175778393512655 1.4494949494949496 0.29999999999999993 4.5833333333333348 0.76388888888888895 1.4791666666666667
decision_type=2 2 2 2 2 2 2 2 2 2 2 2 2 2 2 2 2 2 2 2 2 2 2 2 2 2 2 2 2 2
left_child=2 20 10 4 5 -4 -6 -8 9 -5 11 12 -1 -3 -11 -14 -15 19 -19 -10 21 25 27 24 -23 26 -2 28 -22 -27
right_child=1 13 3 8 6 -7 7 -9 17 14 -12 -13 15 16 -16 -17 -18 18 -20 -21 22 23 -24 -25 -26 29 -28 -29 -30 -31
leaf_value=-0.0080486298176282427 -0.006382915608504373 -0.0041075782476938183 -0.014869900404572114 0.025887193505350133 0.046987209646194364 0.015945072917539146 0.0056414222627775446 0.027240714629722374 0.010646951399934289 -0.018929629597259082 0.0059045780415339947 -0.0020180650070483522 0.025864833865834078 0.011613753218165336 -0.002871101934928468 0.0088307906028626659 -0.0117437335774068 -0.0016928771392671987 0.028854296421705432 -0.0036819343219070453 0.010285305907918181 0.00033254371779988591 0.012887022662999495 -0.0029155284145570282 0.023355246426944257 -0.017890888617246706 0.016356172111470349 0.016812024247748001 -0.0033244850637556339 -0.00076685847108692938
leaf_weight=9.6161871254444105 104.12275770306587 187.74999067187309 21.080618605017662 8.5490590482950193 5.7942407131195059 14.710811614990233 48.557652160525322 18.84256412088871 35.325995266437531 24.382191762328148 648.77059391140938 22.003568172454834 56.496290653944016 9.6390059739351255 283.15348109602928 30.319511711597443 329.35373421013355 20.679919317364693 20.866521701216698 75.68919563293457 32.921586558222771 43.239346221089363 37.159294039011002 309.23406448960304 19.228680998086929 69.016088396310806 13.188437834382055 14.902439430356024 217.40326602756977 20.29521681368351
leaf_count=25 330 678 63 24 15 41 135 51 100 70 1673 54 141 42 798 74 1450 60 58 223 103 134 122 965 60 245 43 45 689 66
internal_value=-0.000105127 -0.00448978 0.00448367 0.00102468 0.00899724 -0.00220449 0.0144748 0.0116798 -0.000829379 -0.00333201 0.00708796 0.0135703 0.0171273 -0.00859451 -0.00414426 0.0199159 -0.0110796 0.00435569 0.0136493 0.000877641 -0.00203479 -0.00369572 0.00114181 -0.00117866 0.00741931 -0.00822378 -0.00382653 -0.000503738 -0.00153459 -0.0139996
internal_weight=2752.29 1407.45 1344.84 577.632 108.986 35.7914 73.1945 67.4002 468.646 316.085 767.206 118.436 96.432 526.743 307.536 86.8158 338.993 152.562 41.5464 111.015 880.711 578.325 302.387 371.702 62.468 206.623 117.311 265.227 250.325 89.3113
internal_count=8577 4972 3605 1638 305 104 201 186 1333 892 1967 294 240 2170 868 215 1492 441 118 323 2802 1843 959 1159 194 684 373 837 792 311
is_linear=0
shrinkage=0.03


Tree=93
num_leaves=31
num_cat=0
split_feature=78 54 49 112 47 92 90 79 35 49 64 14 98 112 74 35 23 112 77 90 85 92 74 79 65 112 113 75 41 95
split_gain=56.2797 14.548 13.7631 5.82022 5.73195 6.56915 6.55352 5.52904 5.5241 5.2292 5.14026 4.90413 4.9041 5.77293 4.85414 5.43705 4.485 4.2874 6.18142 3.80612 4.3337 8.75752 3.79579 3.92175 3.70198 3.68564 5.17608 4.50662 3.4786 9.77448
threshold=-0.042572463768115958 0.5240998838559815 0.34749717607499447 0.27743240037950678 1540.4648966987818 3.3497501700808394 0.33607914450114001 -0.38688172043010749 -1.3184523809523807 0.66542240461969271 0.30375473899095956 -0.17301587301587296 1.6770833333333337 0.27743240037950678 6.5000000000000009 -0.16666666666666669 -0.29848484848484841 -1.1874847374847373 0.45961478720099419 0.33607914450114001 0.55000000000000016 6.5388628896926706 32.500000000000007 -0.36341022161917685 0.3599812658905393 0.39285714285714296 -0.16111111111111101 35.500000000000007 1.0000000180025095e-35 1.9545454545454548
decision_type=2 2 2 2 2 2 2 2 2 2 2 2 2 2 2 2 2 2 2 2 2 2 2 2 2 2 2 2 2 2
left_child=1 9 7 19 5 -3 8 -2 -7 12 -6 -12 13 -1 15 -11 -5 -14 -19 20 -4 -22 23 -9 -8 26 -18 -27 -21 -30
right_child=2 4 3 16 10 6 24 22 -10 14 11 -13 17 -15 -16 -17 25 18 -20 28 21 -23 -24 -25 -26 27 -28 -29 29 -31
leaf_value=0.040715409974319765 -0.018385939339663423 -0.01030003278311708 -0.0050515411209604592 0.025739305870426936 -0.018859874914345931 0.019247735056007947 0.017888979135187312 0.0095626688080889168 0.0076909069342973608 0.016217553754478593 0.022691123698089694 0.00062162904537624514 -0.015142836760711754 -0.00024777924392530243 0.020283145984299616 -0.016465875991019428 -0.00024476039309836002 0.00074911014411874405 0.014320179575689125 -0.0014366500948542276 -0.0030942454445388509 0.018646057750807864 0.013156041215417013 -0.01012372163795147 0.04401229665760991 -0.0034291996837326113 0.026032649510291356 0.021638891428766741 0.00076001658007726733 0.042942028529797525
leaf_weight=6.1299418956041318 64.0848428606987 14.264937072992323 821.97636212408543 7.529455140233039 10.217379212379454 42.153677403926849 41.128598242998123 9.6521000862121564 318.32605686783791 9.2859362661838549 10.630097106099127 61.427007079124451 14.534674897789953 6.2567964494228363 25.818112254142761 9.040944427251814 15.261477395892145 739.27005033195019 31.493463203310966 92.574541643261909 77.004815489053726 21.285599961876869 7.2458499670028678 161.35692450404167 5.5398623794317237 76.537956148386002 12.091818749904631 7.0487316250801078 20.906860843300823 6.4753102958202353
leaf_count=22 263 39 2588 25 26 138 134 39 971 29 34 176 45 18 83 23 47 2177 105 296 245 73 26 557 20 220 41 23 69 25
internal_value=-0.000118289 0.00426382 -0.00432676 -0.00296693 0.00829664 0.00971071 0.0104118 -0.0108285 0.00904234 0.00185088 0.00105373 0.00387739 0.00129465 0.0200241 0.0119017 9.42932e-05 0.00333345 0.000999226 0.00130363 -0.00368447 -0.00433964 0.0016138 -0.00811145 -0.00901258 0.02099 0.00181278 0.0113715 -0.00131525 0.00134178 0.0107352
internal_weight=2746.55 1345.52 1401.03 1158.69 503.688 421.413 407.148 242.34 360.48 841.83 82.2745 72.0571 797.685 12.3867 44.145 18.3269 118.469 785.298 770.764 1040.22 920.267 98.2904 178.255 171.009 46.6685 110.94 27.3533 83.5867 119.957 27.3822
internal_count=8577 4040 4537 3652 1538 1302 1263 885 1109 2502 236 210 2367 40 135 52 356 2327 2282 3296 2906 318 622 596 154 331 88 243 390 94
is_linear=0
shrinkage=0.03


Tree=94
num_leaves=31
num_cat=0
split_feature=90 74 79 36 20 76 97 90 65 51 48 65 111 73 72 64 97 22 74 98 48 33 48 69 14 11 78 70 4 14
split_gain=6.40256 6.08045 6.32365 6.70651 6.36189 6.05817 6.23342 7.3037 6.00877 5.59751 6.42869 6.79384 7.80335 6.96258 6.80172 7.9636 6.79932 5.81749 8.46485 5.54649 5.192 7.69643 6.70431 8.03735 4.94991 4.74689 5.03697 3.79678 3.75242 3.6358
threshold=0.32468653971244649 42.500000000000007 0.35743321718931481 1.5000000000000002 0.074358974358974331 0.58102025506376609 1.8819444444444446 0.28563366655917449 0.36719916762991084 0.19615384615384621 37.661564294130933 -0.33935678047442747 0.033410622071748608 47.500000000000007 31.500000000000004 -0.58430488244009837 0.84523809523809534 0.36931818181818188 -4.4999999999999991 2.5477272727272733 -130.19118905446302 1.5946428571428575 -5.6539874434838557 0.75053136640899309 0.26410256410256422 0.57863247863247869 0.61167800453514753 86.500000000000014 0.78174603174603186 0.19267399267399271
decision_type=2 2 2 2 2 2 2 2 2 2 2 2 2 2 2 2 2 2 2 2 2 2 2 2 2 2 2 2 2 2
left_child=1 2 3 4 8 6 7 -4 -1 20 11 14 13 -13 15 -11 -14 19 -19 -12 21 -2 -22 -24 -21 26 -5 -3 -7 -6
right_child=9 27 5 25 29 28 -8 -9 -10 10 17 12 16 -15 -16 -17 -18 18 -20 24 22 -23 23 -25 -26 -27 -28 -29 -30 -31
leaf_value=0.0020390632440750091 -0.0055267968652717072 0.0047722686009913258 0.016129289271378359 0.0046127338798974482 -0.015704654185144662 0.0047794139098404995 0.03150542944434058 -0.018600294515547924 -0.0025038618884818003 -0.0039528520937106128 -0.017994749610979452 -0.0059052404850560725 -0.012920066884472038 0.01200354335396671 -0.019956851790056004 0.015389367705782213 0.010132459506475257 0.017849271502249967 -0.018233974227752671 -0.0011107877364619164 -0.01662490804881174 0.028077196633291938 -0.011021936000535653 0.027608530288538456 0.026664513281612158 0.03000246816646145 0.028519041957086259 -0.021501998461408864 -0.01436659440398047 0.010072741827401911
leaf_weight=1374.3057973384857 30.162125185132027 6.9547541290521648 10.29348142445088 244.2538498044014 30.383154839277267 11.020916566252707 6.3496270328760138 11.581886574625967 323.76472136378288 26.709064066410065 16.879959672689438 200.399285197258 13.687512457370756 21.648681834340096 7.3943699896335593 67.758188128471375 72.555353879928589 6.6517945826053611 48.620295897126198 94.163972064852715 66.965451344847679 7.700056478381156 13.587008327245714 7.5356309115886679 6.151863530278205 7.2545890212059012 8.1983138620853406 17.171028718352318 56.159012734889984 5.8770923912525168
leaf_count=4014 93 21 32 733 96 42 17 43 959 78 58 621 45 59 22 192 210 21 187 333 219 21 46 21 16 20 21 63 257 17
internal_value=0.000219359 0.00104671 0.00121962 0.00158062 0.000907368 -0.00632559 0.00533739 -0.00225825 0.00117288 -0.00224853 -0.00100878 0.0010347 -0.00118468 -0.00415921 0.00775179 0.00992067 0.00647382 -0.00586847 -0.0138915 -0.00208463 -0.00798336 0.00130727 -0.0119767 0.00275972 0.000592531 0.00607663 0.00538908 -0.0139279 -0.0112257 -0.0115266
internal_weight=2822.14 2113.57 2089.44 1994.04 1734.33 95.4049 28.225 21.8754 1698.07 708.571 582.62 410.152 308.291 222.048 101.862 94.4673 86.2429 172.468 55.2721 117.196 125.95 37.8622 88.0881 21.1226 100.316 259.707 252.452 24.1258 67.1799 36.2602
internal_count=8577 6335 6251 5860 5086 391 92 75 4973 2242 1842 1227 935 680 292 270 255 615 208 407 400 114 286 67 349 774 754 84 299 113
is_linear=0
shrinkage=0.03


Tree=95
num_leaves=31
num_cat=0
split_feature=80 79 79 4 19 98 68 103 53 22 55 33 8 90 80 101 72 21 103 75 1 11 65 50 50 55 65 71 75 107
split_gain=58.1407 23.265 7.95519 6.50195 6.38226 6.24682 6.24653 6.23913 7.89689 7.47775 6.75624 6.37938 6.11313 5.90886 5.79725 5.72649 7.68144 6.31626 6.07358 9.68041 6.39088 6.05244 5.64039 5.51781 5.3829 5.20933 4.83714 5.00067 4.75596 4.69505
threshold=0.21272727272727279 -0.2349105812220566 0.28584255250921931 1.1055555555555558 0.48333333333333339 3.6754385964912282 1.6074929971988798 1.8944444444444446 0.42835299257317611 1.0000000180025095e-35 -0.29361054766734274 1.3363095238095242 0.43809523809523815 0.31314928645889506 -0.13231403672580141 1.5358974358974362 63.500000000000007 0.39230769230769241 1.0871212121212122 13.500000000000002 0.44949494949494956 -0.14121989121989123 -0.55363869221894702 0.21807065217391305 0.042572463768115944 -0.075235849056603757 -0.23495401958468318 86.500000000000014 24.500000000000004 0.51315789473684215
decision_type=2 2 2 2 2 2 2 2 2 2 2 2 2 2 2 2 2 2 2 2 2 2 2 2 2 2 2 2 2 2
left_child=1 3 15 25 5 22 24 8 10 12 -6 -11 -9 -10 -7 16 18 21 19 -2 -20 -17 -3 -24 -4 -1 -5 -28 -29 -23
right_child=2 4 6 26 7 14 -8 9 13 11 -12 -13 -14 -15 -16 17 -18 -19 20 -21 -22 29 23 -25 -26 -27 27 28 -30 -31
leaf_value=0.014818674769300731 -0.0039993016258576064 -0.021703929760555997 0.013681373447623844 0.026945385519485065 -0.0034014239162094692 0.033474867836584141 0.01562934266184543 -0.016557553747710035 -0.0094630233973888745 0.0023260351704704374 0.0065170053377931339 0.015320925639615134 0.012660396749090121 0.00026610438529704039 -0.00023335679483153375 -0.02821906443767264 -0.021401350735893755 0.029192920988197632 0.021163039274546082 0.014801048227150124 -0.0086466833295956082 0.0062368066261985038 -0.0066408963937669109 0.0037081034173284434 -0.013668045147415707 -0.012008570633564109 0.0075458896514950542 0.025125864313715003 0.0051402900907298182 -0.0068776390039269235
leaf_weight=8.9371919035911542 178.23989173769951 8.5647970139980298 6.7065086364746085 13.190373063087462 142.61427903175354 11.401844739913942 7.24821613729 26.494804963469505 185.44608688354492 129.71806411445141 109.09206400811672 46.076674267649651 8.5163244158029539 80.60069727897644 7.6881948411464682 6.7244318574666968 28.443492323160172 6.7804064601659766 6.6118641048669806 28.605189666152 307.57682698965073 63.373062953352928 50.732350125908852 538.90408997237682 189.11753858625889 24.029929518699646 440.13031382858753 29.633832633495331 16.786952883005142 40.124284759163857
leaf_count=24 643 26 32 34 408 30 23 78 556 364 324 128 23 236 23 23 117 21 23 96 1118 229 150 1520 881 64 1117 75 41 150
internal_value=-0.000107047 0.00286174 -0.00652075 0.00816832 0.000761319 0.0030057 -0.0117191 -0.0011403 -0.00291176 0.00321052 0.000897323 0.00573206 -0.0094504 -0.00651552 0.0198994 -0.00493684 -0.00622004 0.00108945 -0.00539128 -0.00139935 -0.00801936 -0.000639365 0.00246658 0.00281767 -0.0127314 -0.00473586 0.00901958 0.00853362 0.0178986 0.00115254
internal_weight=2748.11 1878.56 869.552 532.709 1345.85 617.291 203.072 728.559 517.753 210.806 251.706 175.795 35.0111 266.047 19.09 666.479 549.477 117.002 521.034 206.845 314.189 110.222 598.201 589.636 195.824 32.9671 499.741 486.551 46.4208 103.497
internal_count=8577 5221 3356 1355 3866 1749 936 2117 1524 593 732 492 101 792 53 2420 1997 423 1880 739 1141 402 1696 1670 913 88 1267 1233 116 379
is_linear=0
shrinkage=0.03


Tree=96
num_leaves=31
num_cat=0
split_feature=80 48 52 54 77 47 79 89 89 75 15 112 11 33 52 6 67 72 21 33 55 72 17 90 91 92 88 79 108 54
split_gain=56.5145 14.4603 9.36754 7.17208 5.5619 5.51823 5.43768 5.23465 7.8263 6.43058 5.20879 7.20851 4.98926 4.71453 5.84031 7.27429 6.90653 5.60565 4.63659 4.53598 3.76257 3.51649 3.51226 4.02693 3.69589 5.00275 3.93453 3.43969 3.43901 3.62528
threshold=0.16171568627450983 -109.45244645371564 0.7025418275418277 -0.36088342440801452 0.49705882352941183 1518.6180010707765 -0.38688172043010749 0.23340420557655747 0.22840098575863135 32.500000000000007 0.53589743589743599 -0.083333333333333412 0.053663003663003687 -1.6333333333333331 0.28626799557032118 1.7416666666666669 0.37497514416384975 10.500000000000002 0.30384615384615393 1.3273809523809528 -0.22157622739018085 42.500000000000007 -0.13333333333333333 0.30988453241974373 2.6023411829134724 5.3205649864913136 0.45167676736121964 -0.36341022161917685 0.53589743589743599 -0.40121951219512192
decision_type=2 2 2 2 2 2 2 2 2 2 2 2 2 2 2 2 2 2 2 2 2 2 2 2 2 2 2 2 2 2
left_child=1 6 13 21 22 10 -1 8 -7 -9 20 -12 -6 -2 18 16 -16 -17 -15 -14 -5 28 24 -24 25 -4 -26 -8 29 -3
right_child=2 3 4 5 12 7 27 9 -10 -11 11 -13 19 14 15 17 -18 -19 -20 -21 -22 -23 23 -25 26 -27 -28 -29 -30 -31
leaf_value=-0.018165075893151267 -0.018583037990300692 -0.0034947256511443426 0.023419206040196528 -0.0053958678959186782 0.019581560042893263 -0.0028701236637915894 0.0094640154857013117 -0.0064059422906161227 0.014784372296931756 0.0093600619838837638 0.045395867615375174 0.0047265799554258876 -0.0083415006740885436 0.031813688160485284 0.0027447374285567106 -0.015328316922326838 0.009386930980029214 0.00018450087452427248 0.0054876546476138183 0.016068497348881126 0.0025549847624210024 -0.024842131175946362 -0.011670089032098386 0.012671203257324118 0.018464641699798261 -0.0097927128756084992 0.0070018698272698628 -0.0089192651653600286 -0.013388755386880101 -0.012623134726708911
leaf_weight=63.038280293345451 8.6540528833866102 430.55218423902988 6.1454336345195797 66.098333954811096 10.827376991510389 73.027774676680565 9.6733668744564039 287.27856387197971 32.726376190781593 25.337079629302025 5.7207546234130886 12.477844059467314 33.019597947597504 11.674713462591173 630.19236959517002 29.328185811638832 181.45734651386738 73.516020402312279 12.433254867792128 8.6452199816703779 282.55433411896229 8.2045779824256879 10.924203395843508 13.899979114532469 110.19840861856937 12.156406402587889 35.674172967672348 172.75313420593739 40.930430695414543 43.072788462042809
leaf_count=263 23 1405 21 197 35 233 39 886 109 80 22 39 90 40 1846 78 549 214 37 27 870 24 29 43 373 33 111 602 128 131
internal_value=-0.000120369 -0.00388783 0.00480292 -0.00263395 0.0100773 -0.000821365 -0.0105692 -0.00317636 0.00259319 -0.00512813 0.00186435 0.017511 0.0014383 0.00345828 0.00366151 0.00327728 0.00422971 -0.0042393 0.0182365 -0.00327656 0.00104764 -0.00535657 0.0124767 0.0019595 0.014067 0.00135926 0.0156613 -0.00794447 -0.00504588 -0.00432489
internal_weight=2742.19 1553.45 1188.75 1307.98 241.491 785.221 245.465 418.37 105.754 312.616 366.851 18.1986 52.4922 947.256 938.602 914.494 811.65 102.844 24.108 41.6648 348.653 522.76 188.999 24.8242 164.174 18.3018 145.873 182.427 514.555 473.625
internal_count=8577 5028 3549 4124 762 2436 904 1308 342 966 1128 61 152 2787 2764 2687 2395 292 77 117 1067 1688 610 72 538 54 484 641 1664 1536
is_linear=0
shrinkage=0.03


Tree=97
num_leaves=31
num_cat=0
split_feature=111 93 95 107 1 100 109 34 2 14 105 76 21 79 105 101 48 20 23 93 66 21 88 34 91 104 64 111 46 13
split_gain=6.16974 5.94917 6.21573 9.10128 6.631 7.31835 6.49701 5.16491 5.56262 5.24052 4.95091 7.32122 5.34794 4.55195 6.85951 5.07396 4.97312 4.20649 3.36764 3.34624 4.50106 4.4752 3.1887 3.12402 3.04014 4.58555 1.97403 0.787466 0.317299 0.00923083
threshold=-1.6307715181660896 1.7029411764705884 1.9545454545454548 0.52786377708978338 0.79285714285714304 0.51315789473684215 -1.9749999999999996 0.30654761904761918 0.10972222222222229 -1.0000000180025095e-35 2.6515151515151518 0.2312382739212008 0.37980769230769235 -0.13668361643045182 2.7638888888888893 2.3416666666666672 147.00991569821954 -0.87499999999999989 0.063636363636363658 1.8062500000000001 -0.032892239586148835 1.0000000180025095e-35 0.44311773278839156 0.2327380952380953 3.2319021287361314 1.2928571428571431 -0.73648388648388641 -0.100051775147929 1564.7246244409428 1.0000000180025095e-35
decision_type=2 2 2 2 2 2 2 2 2 2 2 2 2 2 2 2 2 2 2 2 2 2 2 2 2 2 2 2 2 2
left_child=17 2 6 4 23 -6 -2 9 -9 -5 12 -12 -8 19 15 16 -15 -1 -17 27 22 -22 -21 -4 26 -26 -19 -3 29 -28
right_child=1 13 3 7 5 -7 10 8 -10 -11 11 -13 -14 14 -16 18 -18 24 -20 20 21 -23 -24 -25 25 -27 28 -29 -30 -31
leaf_value=0.0098877622868393539 -0.026298720846184512 -0.014117018621193422 -0.023243914313163559 0.02270721548050347 0.0087497736352866052 0.026189325384085214 -0.00045387901578581587 -0.020202380357741336 0.0026217018207217112 -0.0035696039060370932 -0.01554878589269084 0.021516469157540311 0.0029233618695205673 3.8592681602640803e-05 0.020419987572171679 -0.028266343326552 -0.0082735314102055004 -0.0061470205861057789 -0.0018485176179972942 -0.0043217748769883071 -0.013448027144794142 0.011680977001069051 -0.027924450423139742 0.0052118176868013307 -0.019547791567032076 0.016011993785023056 -0.026920427596657526 -0.028173421910962216 -0.017425690044010424 -0.025438988314474532
leaf_weight=7.9042937457561484 8.0278233140706998 6.0640334188938132 6.354973837733267 11.763433441519739 67.429707646369934 31.90238344669342 1394.2503845989704 20.434838935732841 18.142420053482056 16.290206730365753 6.1598324477672604 21.664267465472221 605.15242375433445 384.40366943180561 12.637553468346594 10.739788219332697 77.910672694444656 7.5725088417530051 7.2911651730537406 9.8615415394306201 10.39519475400448 16.506169930100441 10.785865649580954 7.654831275343895 6.5836040228605253 6.4723211973905563 5.8723035901784995 8.7810709178447706 5.1319090127944937 10.651930734515188
leaf_count=24 31 20 24 31 190 84 4120 66 57 51 20 58 1723 1263 33 40 344 26 24 31 34 49 36 21 27 26 23 29 27 45
internal_value=0.000224187 0.000413023 0.00110908 0.00645306 0.0116257 0.0143508 0.000636529 -0.00234581 -0.00946849 0.00744877 0.000743192 0.0133108 0.000568299 -0.00236335 -0.00139712 -0.00197111 -0.00136219 -0.0102003 -0.0175838 -0.00999768 -0.00611573 0.00197066 -0.0166514 -0.00769596 -0.0139553 -0.00191945 -0.0193315 -0.0224316 -0.0239418 -0.0259655
internal_weight=2820.79 2770.6 2215.23 179.973 113.342 99.3321 2035.25 66.6309 38.5773 28.0536 2027.23 27.8241 1999.4 555.377 492.983 480.345 462.314 50.1889 18.031 62.3939 47.5488 26.9014 20.6474 14.0098 42.2846 13.0559 29.2287 14.8451 21.6561 16.5242
internal_count=8577 8379 6476 524 319 274 5952 205 123 82 5921 78 5843 1903 1704 1671 1607 198 64 199 150 83 67 45 174 53 121 49 95 68
is_linear=0
shrinkage=0.03


Tree=98
num_leaves=31
num_cat=0
split_feature=80 49 80 38 78 66 21 4 33 35 86 71 73 88 89 22 80 8 11 71 92 51 86 102 21 112 11 65 12 49
split_gain=54.9508 14.4231 11.9865 6.87479 6.57131 6.871 6.56574 7.25847 6.33719 6.18819 6.10013 7.33628 8.82977 6.99635 5.89505 8.27174 5.85177 6.09802 5.67331 7.98529 7.72045 6.41832 5.6307 6.33534 5.52835 4.90341 4.80359 4.8033 4.75382 4.2894
threshold=-0.16652968036529678 0.61689150789549563 -0.71746492501209469 1.0000000180025095e-35 -0.25198412698412692 0.81322195204852665 0.51666666666666672 1.0333333333333334 0.40000000000000013 -2.4910714285714279 3.2250000000000005 87.500000000000014 41.500000000000007 0.44713150032913063 0.19461273353890807 0.07417582417582419 0.22222222222222227 -0.62361111111111089 -0.07207792207792206 53.500000000000007 5.9519429434377562 0.82971014492753636 4.5833333333333348 1.355042016806723 0.36038961038961043 -0.12499999999999988 0.32500000000000012 1.2957914627385763 0.40833333333333338 0.73229919589166237
decision_type=2 2 2 2 2 2 2 2 2 2 2 2 2 2 2 2 2 2 2 2 2 2 2 2 2 2 2 2 2 2
left_child=2 3 10 6 -4 9 16 -8 14 25 18 12 -12 -14 -5 -16 17 -2 21 20 -20 27 23 -10 -18 -6 29 -1 -11 -3
right_child=1 26 4 8 5 -7 7 -9 22 28 11 -13 13 -15 15 -17 24 -19 19 -21 -22 -23 -24 -25 -26 -27 -28 -29 -30 -31
leaf_value=0.0060903065864532629 0.017947001845449454 -0.00804371900743381 -0.01548659038699076 -0.012313303039542275 -0.020519810308838145 0.025204833443315911 -0.011734650543547919 0.025026484804179475 0.0018982058080780821 0.00092989548074963034 0.015353282053303365 0.028441631897806754 0.0067619585350195219 -0.014069563945577507 0.028999510416422864 0.0047582015082227661 -0.0061651294318595725 -0.0029830951676098048 -0.0043438657880444393 -0.021535266893287018 0.018018316472939777 -0.013475720902499166 0.017392836632551426 -0.0081648741328990589 -0.016979714941732785 0.0075944296484618907 -0.014051272806173878 0.018019319387878725 0.010853754580833477 0.0093596236731701421
leaf_weight=437.38802148401737 13.017544254660605 129.50397907197475 21.080968856811523 15.389643460512159 20.04052741825581 10.860782980918883 7.4835422337055233 13.653756171464918 102.76825265586376 470.36788475513458 98.192980796098709 19.922938644886017 64.360018879175186 18.733709782361984 14.136550843715666 121.9969035089016 300.15472918748856 333.28041471540928 46.629536613821983 15.594104558229445 19.792964279651642 14.310682266950606 12.093273982405661 124.53892530500889 49.567437961697578 7.7394561022520056 146.51320767402649 32.646433502435684 47.864198088645935 14.137419670820234
leaf_count=1116 40 522 69 57 58 30 25 38 336 1327 250 52 162 46 45 390 1098 1017 126 41 52 38 38 427 169 22 705 84 132 65
internal_value=-0.000110181 -0.00427495 0.00421774 -0.00271579 0.000954609 0.00157701 -0.00446042 0.0120114 0.000484771 0.00110702 0.00667476 0.0111617 0.00926273 0.00206543 0.00528594 0.0072755 -0.00496065 -0.00219632 0.00508069 -0.00221589 0.00231975 0.00631625 -0.00255402 -0.00361524 -0.00769792 -0.0126872 -0.0102293 0.00691884 0.00184647 -0.00633085
internal_weight=2743.76 1398.24 1345.53 1108.08 577.954 556.873 717.157 21.1373 390.924 546.012 767.571 201.21 181.287 83.0937 151.523 136.133 696.02 346.298 566.362 82.0166 66.4225 484.345 239.4 227.307 349.722 27.78 290.155 470.034 518.232 143.641
internal_count=8577 4972 3605 3680 1638 1569 2387 63 1293 1539 1967 510 458 208 492 435 2324 1057 1457 219 178 1238 801 763 1267 80 1292 1200 1459 587
is_linear=0
shrinkage=0.03


Tree=99
num_leaves=31
num_cat=0
split_feature=78 54 48 104 92 48 79 47 48 21 90 6 54 85 37 64 112 92 71 104 37 33 102 8 74 79 111 104 65 13
split_gain=50.3872 13.2029 12.6255 5.97199 6.7021 5.46213 5.35655 5.34635 5.29416 5.29248 8.1194 5.13606 6.87049 7.39781 5.04954 4.90167 4.54534 4.64564 7.26908 4.10572 3.96147 3.83131 9.40903 4.5143 3.60898 3.69762 3.58939 2.9137 2.698 2.4048
threshold=-0.042572463768115958 0.5240998838559815 -109.45244645371564 2.4142857142857146 3.3497501700808394 -28.661921005916835 -0.38688172043010749 1540.4648966987818 -29.975737702395232 0.51666666666666672 0.33470231067633671 0.85164835164835173 0.044346116027531961 0.29166666666666669 1.5000000000000002 0.30375473899095956 -1.1874847374847373 5.705446369702539 21.500000000000004 1.9545454545454548 -2.4999999999999996 2.848214285714286 1.2426470588235297 -0.72857142857142843 32.500000000000007 -0.36341022161917685 -1.8149999999999999 0.88194444444444453 0.082890120776070511 0.30384615384615393
decision_type=2 2 2 2 2 2 2 2 2 2 2 2 2 2 2 2 2 2 2 2 2 2 2 2 2 2 2 2 2 2
left_child=1 11 6 4 -3 8 -2 14 20 21 -11 12 -1 29 -6 -9 28 19 -19 -18 -4 23 -23 -7 25 -8 -22 -27 -13 -14
right_child=2 3 5 -5 7 9 24 15 -10 10 -12 16 13 -15 -16 -17 17 18 -20 -21 26 22 -24 -25 -26 27 -28 -29 -30 -31
leaf_value=0.033403147742236551 -0.017992480882599818 -0.014228756722140299 -0.020596088394218486 0.027496431289695446 0.0082502161385477352 0.011347271635668746 0.0093498588729644515 -0.018566893452621022 -0.020407301244259782 -0.016802636797235464 0.015451004106674108 -0.027455658412948961 -0.0093265786749211384 0.027232214291868419 0.019894662769733663 0.0036843168809416534 -0.0041201128620311882 0.0079740835320571603 0.00053216620411550882 0.0045431318887908722 0.014941673967717445 -0.0034840999776476209 0.045835927977401401 -0.001031020926163372 0.012951156074662519 -0.014686377463327949 -0.0042817449317071625 -0.006403030919288919 -0.00063977825658170654 0.0096601854636755441
leaf_weight=10.015395388007162 62.068845748901367 12.655381619930266 13.20718105137348 13.567566841840742 357.41341254115105 28.032263621687889 9.6978050768375379 10.165897756814955 19.143545255064964 36.603083908557892 8.6925548613071424 7.8558284342288953 17.673534125089649 10.121654376387594 36.98454549908638 72.124190837144852 189.10255149006844 179.07337905466557 347.08987668156624 66.565679728984833 8.8871443420648557 9.2354699373245221 5.5874863862991324 490.29520933330059 7.2716282904148093 63.887508437037468 534.6033258587122 95.123125493526459 5.9225094169378281 9.0924109816551191
leaf_count=35 263 34 39 48 1098 87 39 26 58 108 31 23 48 34 122 210 539 543 1035 198 37 28 21 1494 26 221 1749 336 20 27
internal_value=-0.000123552 0.00401669 -0.0041243 0.00786322 0.00731887 -0.00282697 -0.010415 0.00789093 -0.00489533 -0.000767927 -0.0106129 0.00172063 0.0113678 0.00538489 0.00934217 0.000935462 0.00115191 0.00145293 0.00306493 -0.00186455 -0.00436191 6.84899e-05 0.015107 -0.000361576 -0.00774237 -0.0086343 -0.0039674 -0.00973113 -0.0159291 -0.00287676
internal_weight=2737.76 1345.42 1392.34 502.911 489.343 1154.29 238.049 476.688 575.841 578.446 45.2956 842.513 46.903 36.8876 394.398 82.2901 795.61 781.831 526.163 255.668 556.698 533.15 14.823 518.327 175.98 168.708 543.49 159.011 13.7783 26.7659
internal_count=8577 4040 4537 1538 1490 3652 885 1456 1883 1769 139 2502 144 109 1220 236 2358 2315 1578 737 1825 1630 49 1581 622 596 1786 557 43 75
is_linear=0
shrinkage=0.03


Tree=100
num_leaves=31
num_cat=0
split_feature=90 5 25 86 103 87 92 46 92 70 103 23 51 88 46 88 70 1 75 112 48 96 87 48 69 35 87 112 66 52
split_gain=5.93855 7.635 6.22323 5.76725 9.03897 7.192 6.64796 5.52184 6.66443 6.14034 5.50131 5.28266 5.51242 7.61131 5.78926 7.75853 5.29333 5.0712 6.72043 5.17069 4.87175 8.33718 6.58023 6.40029 7.65822 4.69966 4.14349 4.07495 4.04093 6.81994
threshold=0.32468653971244649 0.75568181818181845 1.5000000000000002 5.1250000000000009 1.5505050505050508 3.1250000000000004 6.3180664002468605 1417.7368245899399 5.7573219937320976 87.500000000000014 1.6306818181818186 0.65151515151515171 0.19615384615384621 0.44612272668013825 1525.157846637127 0.45239838248623027 6.5000000000000009 1.6794871794871797 1.0000000180025095e-35 -0.58272946859903374 -130.19118905446302 1.0954545454545457 0.70833333333333337 -5.6539874434838557 0.75053136640899309 -0.90773809523809501 3.8333333333333335 -1.1036185383244204 -0.74703975757028884 0.70886752136752151
decision_type=2 2 2 2 2 2 2 2 2 2 2 2 2 2 2 2 2 2 2 2 2 2 2 2 2 2 2 2 2 2
left_child=1 3 26 5 -5 7 -7 8 -1 -9 25 12 20 17 15 -15 -16 19 -19 -14 21 -2 -23 -22 -25 -4 28 -6 -3 -30
right_child=11 2 10 4 27 6 -8 9 -10 -11 -12 -13 13 14 16 -17 -18 18 -20 -21 23 22 -24 24 -26 -27 -28 -29 29 -31
leaf_value=0.0094459257366677606 0.026146414160825589 0.010342294044102199 -0.0077280521418126901 0.0091626971395573908 -0.00065966365034734803 0.0054938916029655654 0.041855667674666384 0.0024161694342525845 -0.010098319781902452 -0.0075754132638166339 -0.0088820351199912946 -0.027621742166157238 -0.017153667551937989 0.022327024383080162 0.015933248165118308 0.0040723658034700185 -0.010128568987864224 -0.019248052938349192 0.0084972792114332493 -0.0033488966841243293 -0.016172629891041405 0.007118714485330001 -0.021723681622330453 -0.010728640226371766 0.026962555354023671 0.024180617058372635 -0.027186561368670981 -0.027141040221975339 -0.0034487830183204506 -0.017987525996999661
leaf_weight=20.404969289898872 9.2353494167327863 13.756663575768469 5.5021199285984066 15.044420421123503 7.1754488199949256 11.029994457960131 7.6733363419771186 1677.739979416132 68.135772839188576 57.245023682713509 11.875929713249205 7.2537651360034934 26.534385859966278 26.09822641313076 8.7695617675781232 106.31571424007416 35.0356664955616 9.1185790300369245 56.792212575674057 306.34519313275814 65.432417571544647 14.915706902742388 13.619325190782545 13.473614558577539 7.5817371308803549 16.957898929715157 8.128847122192381 19.286918699741367 136.07803647220135 36.915783107280731
leaf_count=57 24 55 20 45 23 33 20 4875 204 188 42 26 83 71 27 316 134 34 165 989 216 46 44 46 21 51 37 65 451 169
internal_value=0.000229029 0.00102518 -0.00414457 0.00165424 -0.00940456 0.0019034 0.0204119 0.00171357 -0.00559418 0.0020865 0.00763192 -0.00215197 -0.00188776 -0.00064955 0.00454274 0.00767028 -0.00491114 -0.00294394 0.00465879 -0.0044493 -0.00761765 0.00137118 -0.00664731 -0.0115432 0.00284343 0.0163638 -0.00621948 -0.0199604 -0.00530682 -0.00655126
internal_weight=2819.47 2112.95 229.215 1883.74 41.5068 1842.23 18.7033 1823.53 88.5407 1734.99 34.3359 706.521 699.268 575.01 176.219 132.414 43.8052 398.79 65.9108 332.88 124.258 37.7704 28.535 86.4878 21.0554 22.46 194.879 26.4624 186.75 172.994
internal_count=8577 6335 825 5510 133 5377 53 5324 261 5063 113 2242 2216 1819 548 387 161 1271 199 1072 397 114 90 283 67 71 712 88 675 620
is_linear=0
shrinkage=0.03


Tree=101
num_leaves=31
num_cat=0
split_feature=80 80 80 101 26 46 10 64 21 12 90 38 15 101 92 34 21 64 105 109 83 5 46 102 33 90 23 34 55 94
split_gain=51.8417 13.8663 11.3533 6.83567 6.14202 6.34254 5.81565 5.56352 6.29929 5.30587 5.24042 5.53539 6.39732 7.44591 5.1271 5.01516 4.97136 8.89493 5.42094 4.86398 5.95561 5.29723 4.78897 6.67081 6.25651 5.37489 4.76987 5.56731 4.58483 4.39721
threshold=-0.16652968036529678 0.60086814975583303 -0.71746492501209469 1.5477272727272731 -1.8333333333333333 1503.8807332223498 0.20714285714285716 -0.44833715893764914 0.48333333333333339 0.45804195804195807 0.20344827586206901 1.0000000180025095e-35 0.34523809523809529 1.4058823529411766 5.3205649864913136 2.5089285714285716 0.13809523809523813 -0.040659892967849769 0.68333333333333346 0.50000000000000011 0.77500000000000013 0.73333333333333328 1498.6961320918927 1.552777777777778 -0.60357142857142854 0.24816166531495001 0.65151515151515171 0.60357142857142876 0.20112359550561801 1.0690476190476192
decision_type=2 2 2 2 2 2 2 2 2 2 2 2 2 2 2 2 2 2 2 2 2 2 2 2 2 2 2 2 2 2
left_child=2 10 4 22 5 14 -4 29 9 -9 -2 12 -12 -14 -1 26 17 -13 -18 20 21 -5 23 -3 -25 -24 27 -6 -16 -8
right_child=1 3 6 19 15 -7 7 8 -10 -11 11 16 13 -15 28 -17 18 -19 -20 -21 -22 -23 25 24 -26 -27 -28 -29 -30 -31
leaf_value=-0.0065996916789184731 0.016952554065260646 0.024027045009878317 0.0083559084880396265 -0.005875910947126568 0.0021558444213250223 -0.006448903686569551 0.015715242852224608 -0.00060801165919734286 0.020898708355279287 0.012883101262685489 -0.0071649607949797016 0.023850278484048918 -0.0031280325023093519 0.0091394450827461463 0.00099765907205787217 -0.0071474339072769089 0.0086589439036094049 0.00176834044046413 -0.0037234053017691521 -0.0099698657284499996 0.026115105062269037 0.017512918834381372 0.0098194880400781035 0.017834771166666083 -0.0094956451373084394 -0.011619212213430997 0.024272754986396288 0.0079638215329928368 0.01994731172056766 -0.010568214508674992
leaf_weight=8.8218895196914655 13.111472383141516 7.6530187129974356 81.210105299949646 32.449468523263931 256.76733033359051 13.666050016880034 6.3007103800773612 385.60185511410236 13.821113362908362 28.151804447174072 276.67580176889896 21.500838175415993 231.81116873025894 55.117509588599205 13.355492472648619 27.733460947871208 39.129038587212563 69.443025410175323 170.37226067483425 29.856843560934067 9.9232144057750684 11.915291488170622 10.849689170718191 8.7725953161716443 53.584990575909615 351.52116207778454 12.451118960976599 352.39871093630791 82.317692309617996 63.100186333060265
leaf_count=22 36 26 223 119 671 32 20 1103 39 77 924 66 721 166 33 75 123 223 543 122 38 48 40 31 200 1546 32 895 207 176
internal_value=-0.000112247 -0.00416757 0.00408769 -0.0080671 0.00647935 0.0127706 0.000912891 -0.000303362 0.000975445 0.000309924 -0.00187128 -0.00215692 -0.00391008 -0.000771514 0.0152842 0.00533455 0.00113182 0.00698893 -0.00141073 -0.000243884 0.00510513 0.000405758 -0.00958956 -0.0024066 -0.00565075 -0.0109773 0.00589143 0.00551572 0.017302 -0.00818201
internal_weight=2739.38 1393.69 1345.7 516.526 767.512 118.161 578.186 496.976 427.575 413.754 877.161 864.05 563.604 286.929 104.495 649.351 300.445 90.9439 209.501 84.1448 54.288 44.3648 432.381 70.0106 62.3576 362.371 621.617 609.166 95.6732 69.4009
internal_count=8577 4972 3605 2170 1967 294 1638 1415 1219 1180 2802 2766 1811 887 262 1673 955 289 666 327 205 167 1843 257 231 1586 1598 1566 240 196
is_linear=0
shrinkage=0.03


Tree=102
num_leaves=31
num_cat=0
split_feature=80 80 3 97 96 104 49 53 7 8 23 23 0 52 46 46 77 33 90 16 26 33 105 86 39 55 21 55 14 104
split_gain=50.2817 16.275 6.36862 6.12503 7.04495 7.52391 6.0808 5.82752 7.51924 5.24727 4.91649 6.46408 6.16399 4.69133 4.56001 6.86164 4.60244 4.18872 5.99308 4.39118 4.20494 3.85658 5.52385 3.84115 4.68885 3.77722 5.86331 5.16206 5.11249 4.78918
threshold=0.3239937584829195 -0.56630036630036618 2.0333333333333337 1.3693181818181819 1.6306818181818186 2.5227272727272729 0.67352969264450391 0.74739328771586855 0.34848484848484856 -0.066666666666666693 -0.1538461538461538 -0.25137362637362631 2.577380952380953 0.29663299663299669 1564.7246244409428 1595.4384772084093 0.28193473193473201 0.42261904761904773 0.32873033529318296 0.21825396825396828 -0.83333333333333315 0.078571428571428639 1.2111111111111115 0.41666666666666669 1.0000000180025095e-35 -0.22157622739018085 0.25833333333333336 0.7685439560439562 -0.25320512820512814 0.63068181818181823
decision_type=2 2 2 2 2 2 2 2 2 2 2 2 2 2 2 2 2 2 2 2 2 2 2 2 2 2 2 2 2 2
left_child=1 7 25 6 5 10 13 17 -9 -4 11 -5 -12 -2 -8 -16 -17 21 20 -20 -19 22 -1 24 -11 29 28 -28 -27 -3
right_child=3 2 9 4 -6 -7 14 8 -10 23 12 -13 -14 -15 15 16 -18 18 19 -21 -22 -23 -24 -25 -26 26 27 -29 -30 -31
leaf_value=0.0018941696455375577 0.016011022979376486 -0.025910731096699276 0.024055020442385253 0.0072282089770889816 -0.0034483870997761702 0.030027886837370562 0.031833331667356246 0.0138468656924576 -0.013780262667001811 0.028560038569933624 0.0063143697799425769 0.01787231002538511 -0.01128179371160346 0.00071306539549484589 -0.0073216168945849152 0.032111107458940386 0.0023637891544948842 -0.010009191356602205 -0.0037504383211990097 0.01292865179915754 -0.001958096661201357 -0.014281119768498711 -0.010189661568155884 -0.0050720557371734462 -0.0037469719509673986 0.010493905998767325 0.0018448512059379817 0.028840190980711375 -0.0045782908171670819 -0.003405815138468579
leaf_weight=53.763141930103302 18.94368714094162 8.7296858727931959 15.276966869831083 141.86661925911903 49.62181194126606 14.069424271583555 9.346895366907118 9.4578716158866865 141.76369573175907 9.0923124551773089 250.42634215950966 80.478083908557892 19.297811508178711 378.80054716765881 14.64154940843582 11.40337982773781 7.9403967261314383 96.310050770640373 25.287658959627151 32.418456956744194 148.26000036299229 70.886371865868568 92.839197352528572 21.601514980196953 7.2805855274200431 21.97038596868515 377.02471779286861 6.484769567847251 259.34160186350346 338.77134163677692
leaf_count=185 60 23 50 440 142 50 32 32 540 31 748 261 53 1089 40 40 23 333 89 117 505 240 315 62 21 71 1161 23 771 1030
internal_value=-0.000126419 -0.00320919 -0.000904559 0.005244 0.00733896 0.00839655 0.00260432 -0.00686912 -0.0120524 0.00920765 0.00777806 0.0110809 0.00505543 0.00144167 0.0132762 0.00817249 0.0199002 -0.00536109 -0.00307668 0.00561963 -0.00512856 -0.00853608 -0.00575819 0.00323461 0.014194 -0.00143649 -0.000111623 0.00230132 -0.00340116 -0.00397117
internal_weight=2733.4 1736.56 1065.57 996.837 555.76 506.138 441.076 670.986 151.222 53.2514 492.069 222.345 269.724 397.744 43.3322 33.9853 19.3438 519.765 302.276 57.7061 244.57 217.489 146.602 37.9744 16.3729 1012.32 664.821 383.509 281.312 347.501
internal_count=8577 5599 3243 2978 1694 1552 1284 2356 572 164 1502 701 801 1149 135 103 63 1784 1044 206 838 740 500 114 52 3079 2026 1184 842 1053
is_linear=0
shrinkage=0.03


Tree=103
num_leaves=31
num_cat=0
split_feature=111 93 95 107 35 105 12 78 111 1 99 35 34 2 8 35 21 9 69 35 106 95 92 35 26 35 35 76 5 22
split_gain=5.72857 5.42986 5.95065 8.69031 7.045 6.76208 9.09571 8.61648 6.39602 6.30744 6.92995 5.42025 4.95806 5.34672 4.7068 4.22035 4.14151 3.99457 7.13995 8.72437 6.36374 5.23265 4.60939 3.56031 3.55019 3.54719 3.7267 2.33108 1.82284 1.29584
threshold=-1.6307715181660896 1.7029411764705884 1.9545454545454548 0.52786377708978338 -2.422619047619047 1.1180555555555558 0.13809523809523813 0.12372448979591837 0.61812500000000015 0.79285714285714304 0.48684210526315791 -1.2404761904761903 0.30654761904761918 0.10972222222222229 -0.2857142857142857 2.7738095238095246 0.36038961038961043 0.48333333333333339 -0.53840211091577561 -1.0000000180025095e-35 2.7029411764705888 1.5857142857142861 3.1984648276080736 0.87797619047619069 1.0000000180025095e-35 -0.90773809523809501 -1.2672619047619047 0.45109995217599241 -0.87272727272727257 1.0000000180025095e-35
decision_type=2 2 2 2 2 2 2 2 2 2 2 2 2 2 2 2 2 2 2 2 2 2 2 2 2 2 2 2 2 2
left_child=15 2 4 9 5 7 -7 -2 11 23 -11 -6 14 -14 -5 25 17 18 19 -3 -20 -19 -23 -4 -18 26 -1 -26 -10 -27
right_child=1 16 3 12 8 6 -8 -9 28 10 -12 -13 13 -15 -16 -17 24 21 20 -21 -22 22 -24 -25 27 29 -28 -29 -30 -31
leaf_value=-0.012156874717303943 0.0096597447874700523 0.038804898010377106 0.0067153706069452441 -0.011537418458547825 -0.0036264366800040572 -0.0038661621490690395 0.026824693783755914 -0.014555757711259687 -0.010184313363390511 0.025455000491233601 0.0085336084075320808 0.0010191377441446483 -0.019906788280095553 0.0025060253810037752 0.015283750291216537 0.012193468537428948 -0.025587338845982032 -0.02451331169673374 0.0071411489064489349 -0.00040103798104510304 -0.0053182693294197636 0.015569638333316102 -0.0035125645804775585 -0.023644842198169095 -0.01686180211794203 -0.01210998681292255 0.018793951634109872 0.0083013921627126345 -0.029485383557076656 -0.025545130702793652
leaf_weight=10.892607077956201 41.389862179756165 9.9707042127847689 7.4001307934522611 8.3982967436313647 261.87898088991642 12.404327675700186 29.030216604471207 19.434223636984825 12.544127404689791 32.137531191110611 67.599827259778976 1651.6373432576656 20.262887269258499 18.168733447790146 19.705372229218483 6.7351590394973746 12.360089451074602 10.345248743891714 62.928318440914154 10.474748641252516 89.179473772644997 11.796410307288168 332.95104026794434 6.5561931133270264 6.13446097075939 10.933198109269144 5.1597687751054755 7.2048851400613785 6.7862002402544013 15.795982033014296
leaf_count=44 117 24 21 27 777 36 75 58 41 84 190 4823 66 57 55 22 43 42 190 33 286 32 1210 24 22 41 17 21 25 74
internal_value=0.000233734 0.000414617 0.0010786 0.00630335 0.000615898 0.00828982 0.0176367 0.00192252 0.000209904 0.0113428 0.013986 0.000383356 -0.00230795 -0.00931102 0.00726871 -0.00988018 -0.00224366 -0.00167088 0.00207363 0.0187187 -0.000163699 -0.00349048 -0.00285962 -0.0075468 -0.0140038 -0.0133553 -0.00220825 -0.00327059 -0.0169602 -0.0200497
internal_weight=2818.2 2768.68 2215.33 180.229 2035.11 102.259 41.4345 60.8241 1932.85 113.694 99.7374 1913.52 66.5353 38.4316 28.1037 49.5167 553.345 527.646 172.553 20.4455 152.108 355.093 344.747 13.9563 25.6994 42.7816 16.0524 13.3393 19.3303 26.7292
internal_count=8577 8379 6476 524 5952 286 111 175 5666 319 274 5600 205 123 82 198 1903 1817 533 57 476 1284 1242 45 86 176 61 43 66 115
is_linear=0
shrinkage=0.03


Tree=104
num_leaves=31
num_cat=0
split_feature=80 80 48 74 89 35 9 38 33 22 93 98 74 14 111 25 111 65 105 110 5 88 5 66 35 92 94 8 66 110
split_gain=49.1335 19.6366 7.29096 7.10367 6.58405 6.56427 6.97554 6.29966 7.60583 6.92972 12.0061 7.86506 6.27282 6.80146 6.01534 5.95771 7.08228 7.57277 6.32518 5.95157 6.44352 5.65767 5.56307 5.55208 5.24613 5.1058 5.02727 4.98715 4.94166 7.52401
threshold=0.21272727272727279 -0.71746492501209469 92.887083652277411 11.500000000000002 0.22840098575863135 -2.1589285714285711 0.36931818181818188 1.0000000180025095e-35 0.40000000000000013 0.39230769230769241 1.7596153846153848 2.0250000000000004 -1.0000000180025095e-35 -0.068686868686868699 -0.024965373961218829 0.83333333333333337 -0.19972299168975063 -0.23867522620234113 0.76388888888888895 -0.10969251336898399 0.60000000000000031 0.44860962407803956 0.50714285714285723 -0.013855621937669536 -1.6974206349206347 5.5471267646873921 0.87867647058823539 0.36515151515151517 0.95441683633190688 1.4777597402597407
decision_type=2 2 2 2 2 2 2 2 2 2 2 2 2 2 2 2 2 2 2 2 2 2 2 2 2 2 2 2 2 2
left_child=1 15 7 5 -5 6 -3 -2 12 11 -11 -10 -9 -14 21 16 17 -1 -17 -6 -21 -7 -4 -19 -16 26 -18 -24 -20 -30
right_child=2 3 22 4 19 14 -8 8 9 10 -12 -13 13 -15 24 18 25 23 28 20 -22 -23 27 -25 -26 -27 -28 -29 29 -31
leaf_value=0.032196471404683139 -0.0067039796755206911 -0.014512531898955093 -0.0044004639888733741 0.02259065543413797 -0.01037249662499588 0.011547970976862391 0.0063950897384516623 -0.0023082441562396563 0.02145325784691967 -0.0022220612546904254 0.039355822446655302 -0.012468874932579603 0.027361086988809544 0.004802618332979347 0.013240812627843898 0.027115088629090463 -0.025180292181760443 0.020311192615499608 0.0080309063027518054 -0.0028695371114572051 0.016285112013170729 0.00022574396286009223 -0.015328070204024158 0.0021611204094238961 0.00020199887794031642 -0.013270342161377223 0.0036580021041539277 0.010155475414823095 -0.024795359128353185 0.014000318233863008
leaf_weight=9.816917955875395 391.79257245361805 42.399735182523727 83.284831136465073 8.6019325107336027 95.851834177970886 109.9141363799572 21.718486726284027 44.051247283816338 6.6464112997055045 40.374246284365654 7.3955227583646765 82.604456022381783 19.021053493022919 32.722667574882507 29.492806062102318 15.185656338930128 5.9762557893991461 17.756579905748367 502.19523975253105 247.96364149451256 16.881914481520653 62.197533890604973 141.53376813232899 104.06782259047031 475.95445246994495 33.595393240451813 60.682494163513184 7.2663848698139182 10.297619700431826 7.9899559319019309
leaf_count=25 1435 125 354 25 298 307 65 158 24 147 28 309 65 108 83 39 18 47 1267 731 48 175 698 271 1397 90 162 30 27 21
internal_value=-0.000114489 0.00260079 -0.00606851 5.13283e-05 -0.00334828 0.00174408 -0.00743058 -0.00438149 -0.000473097 -0.00500694 0.00421486 -0.00994273 0.0060119 0.0130951 0.00261228 0.00629091 0.00227387 0.00684915 0.00802991 -0.00396687 -0.00164857 0.00745636 -0.0106088 0.00480659 0.000962813 -0.00373381 0.00107252 -0.0140836 0.00747308 -0.00784529
internal_weight=2735.23 1878.54 856.693 1110.98 369.299 741.677 64.1182 624.608 232.816 137.021 47.7698 89.2509 95.795 51.7437 677.559 767.564 231.895 131.641 535.668 360.697 264.846 172.112 232.085 121.824 505.447 100.254 66.6587 148.8 520.483 18.2876
internal_count=8577 5221 3356 3254 1102 2152 190 2274 839 508 175 333 331 173 1962 1967 613 343 1354 1077 779 482 1082 318 1480 270 180 728 1315 48
is_linear=0
shrinkage=0.03


Tree=105
num_leaves=31
num_cat=0
split_feature=78 109 54 26 71 104 92 110 73 109 35 113 33 73 6 54 85 47 92 71 110 74 75 55 71 111 105 96 11 90
split_gain=45.2053 12.2461 11.6808 7.02629 8.23767 5.59355 6.21629 5.50635 5.11477 5.83733 5.57995 5.10937 5.2038 5.18153 4.84917 6.49278 7.01621 4.75394 4.3121 6.61734 6.47048 5.86161 4.91915 4.23869 4.06718 4.01775 3.9761 3.29185 3.25495 10.3139
threshold=-0.042572463768115958 -0.60357142857142843 0.5240998838559815 -0.83333333333333315 12.500000000000002 2.4142857142857146 3.3497501700808394 -0.74772727272727246 17.500000000000004 1.2562500000000003 -1.2404761904761903 -1.4967948717948714 2.848214285714286 8.5000000000000018 0.85164835164835173 0.044346116027531961 0.29166666666666669 1465.3080123193706 5.705446369702539 21.500000000000004 0.29999999999999993 30.500000000000004 -4.4999999999999991 -0.79830508474576256 102.50000000000001 0.10658777120315584 0.9545454545454547 0.36931818181818188 -0.066666666666666666 0.32261510890543155
decision_type=2 2 2 2 2 2 2 2 2 2 2 2 2 2 2 2 2 2 2 2 2 2 2 2 2 2 2 2 2 2
left_child=2 3 14 4 -2 6 -4 17 10 -10 -8 -9 24 -14 15 -1 -17 -3 22 21 -21 -20 -16 -24 -13 -19 -5 -28 -6 -30
right_child=1 7 5 26 28 -7 8 11 9 -11 -12 12 13 -15 18 16 -18 25 19 20 -22 -23 23 -25 -26 -27 27 -29 29 -31
leaf_value=0.03233302620167762 0.021315545225013468 -0.006607029481305305 -0.013923336253658922 0.015943825798563068 -0.01625915368444325 0.026516524130668368 0.020238531249974122 -0.01578316394949662 0.0026721447746850223 0.020292535036145136 0.0083465781113786722 -0.0026507364973061918 0.034799067927673719 -0.00048621419695363488 0.018886322135872078 -0.0028940263337208592 0.026384020578678207 0.0095206948037298133 0.0085398765341394792 0.0019590862475399912 -0.0091604126283715125 -0.013704182690647359 0.0018663203318203081 -0.0061232289573603157 0.016887568857424096 0.04126669614209643 0.010724843626614002 -0.0066905568260075942 -0.019835688973471106 0.032693901715561392
leaf_weight=10.079249650239943 5.912750005722045 7.7553293853998211 12.589499086141585 7.7673627734184256 134.39262050390244 13.419617772102354 42.734449729323387 25.462174654006958 204.97301298379898 18.443544954061508 210.09502236545086 925.25659649074078 6.768541455268859 8.3862665593624097 9.6694252341985685 26.757167190313339 10.165011510252951 8.8737800121307355 174.68725371360779 295.0243234783411 56.04600802063942 11.354849159717558 99.696358531713486 149.20040959119797 9.6891738474369031 6.0234359055757514 10.238332614302633 212.74561968445778 9.5985686779022199 5.1791386306285849
leaf_count=35 22 22 34 28 499 48 142 86 601 64 649 2912 24 26 31 75 34 27 534 881 167 30 291 424 33 22 35 751 30 20
internal_value=-0.000129702 -0.00393589 0.00378718 -0.00847484 -0.0134131 0.00740857 0.00688402 -0.00218148 0.00743406 0.00412675 0.0103566 -0.002521 -0.00216558 0.0152731 0.00162876 0.0109922 0.00516649 0.0124406 0.00107565 0.00260797 0.000183933 0.00718224 -0.0021074 -0.00292299 -0.00244825 0.0223567 -0.00515594 -0.00589093 -0.0147897 -0.00142566
internal_weight=2728.98 1384.05 1344.94 385.834 155.083 502.255 488.836 998.215 476.246 223.417 252.829 975.563 950.101 15.1548 842.68 47.0014 36.9222 22.6525 795.679 537.112 351.07 186.042 258.566 248.897 934.946 14.8972 230.751 222.984 149.17 14.7777
internal_count=8577 4537 4040 1385 571 1538 1490 3152 1456 665 791 3081 2995 50 2502 144 109 71 2358 1612 1048 564 746 715 2945 49 814 786 549 50
is_linear=0
shrinkage=0.03


Tree=106
num_leaves=30
num_cat=0
split_feature=86 103 48 8 109 14 1 10 97 110 19 74 112 97 47 67 112 88 102 80 88 23 88 5 110 68 80 80 101
split_gain=5.59877 9.63639 9.50204 5.50747 5.35407 7.07627 5.99655 8.37414 5.87908 7.94233 6.3394 5.45173 5.21995 5.11381 6.7739 5.17189 4.59662 4.58947 3.20679 4.32314 3.20409 5.21481 2.41637 1.77312 1.54214 0.353157 0.0317744 0.0161126 0.00513304
threshold=5.1250000000000009 1.6306818181818186 -22.718422461457518 -0.53741258741258735 -1.5916666666666663 0.23205128205128209 1.3923076923076925 0.48333333333333339 0.89444444444444449 -0.69999999999999973 0.48333333333333339 42.500000000000007 0.66817496229260975 1.6306818181818186 1636.5940954244072 0.50973974822601387 -1.1261747913921825 0.43842400407836285 1.3245614035087721 -0.028571428571428574 0.43842400407836285 0.32857142857142868 0.48846085567193326 -1.0717948717948715 -0.14999999999999994 0.58625413320736908 -2.0064568200161417 -1.0304856811145509 1.6961538461538463
decision_type=2 2 2 2 2 2 2 2 2 2 2 2 2 2 2 2 2 2 2 2 2 2 2 2 2 2 2 2 2
left_child=4 2 -2 -4 20 11 8 17 9 -7 -10 13 -9 15 -15 -6 -3 -8 19 -13 21 -1 23 26 -5 27 -22 -18 -29
right_child=1 16 3 24 5 6 7 12 10 -11 -12 18 -14 14 -16 -17 25 -19 -20 -21 22 -23 -24 -25 -26 -27 -28 28 -30
leaf_value=-0.020515722842451862 0.030941839147462638 -0.0014809359011741657 0.014717205025388742 -0.0089351557605299899 0.0013237781195448814 -0.0099403799711206883 -0.0012558318187346599 0.0034723262808744764 -0.0059920698480145007 0.028737872066772994 0.0119459638832636 -0.022619062412300855 0.028690280370954127 -0.0034720877719656329 0.011490626953195035 -0.0050066072305445268 -0.027386972351230388 -0.023197452036827392 -0.027999870001866999 0.011599159611505249 -0.025155855968233533 0.013842452896138138 -0.0028085540627935707 -0.0065776479863397493 -0.030721249359443661 -0.019731774441364539 -0.028002444611777585 -0.029818719435416183 -0.02857516694045726
leaf_weight=6.3587634563446072 8.4026254862546939 9.0043743103742582 6.3971474021673229 5.8083746135234859 1820.4880034327507 5.8765132576227215 18.107281357049942 113.24871665239334 25.993726283311844 25.563366591930389 55.783240109682083 6.4824191480875015 7.9028741270303717 444.75297212600708 29.006800040602684 124.06928613781929 6.6433917284011867 16.305519014596939 9.358292877674101 6.8179384320974368 10.172129809856417 10.608907192945479 9.652327895164488 5.6918179690837887 5.8890174776315645 5.2033993750810614 5.4040617793798438 6.2997265756130236 5.6816301047801971
leaf_count=24 22 29 23 22 5314 21 53 328 81 63 160 22 21 1544 83 404 22 54 37 21 41 34 34 19 19 21 19 21 21
internal_value=0.000238521 -0.00887968 0.00457876 -0.00766356 0.000434696 0.000610425 0.00523041 0.00140769 0.010483 0.0215084 0.00624416 0.000101708 0.00511733 0.000238943 -0.00255597 0.000919878 -0.0197412 -0.0116522 -0.0145452 -0.00507835 -0.00950895 0.000966466 -0.0152574 -0.0209072 -0.0199033 -0.0266415 -0.0261435 -0.028572 -0.029229
internal_weight=2816.97 59.3297 26.4972 18.0945 2757.64 2709.76 268.781 155.564 113.217 31.4399 81.777 2440.98 121.152 2418.32 473.76 1944.56 32.8325 34.4128 22.6587 13.3004 47.888 16.9677 30.9203 21.268 11.6974 23.8281 15.5762 18.6247 11.9814
internal_count=8577 200 86 64 8377 8206 781 456 325 84 241 7425 349 7345 1627 5718 114 107 80 43 171 58 113 79 41 85 60 64 42
is_linear=0
shrinkage=0.03


Tree=107
num_leaves=31
num_cat=0
split_feature=80 80 48 74 89 35 76 36 13 88 26 107 18 5 5 8 33 48 47 80 86 26 20 33 19 78 88 111 89 44
split_gain=46.4453 18.5037 7.01248 6.80138 6.30682 6.25839 6.27963 5.84775 6.99476 6.21076 5.80337 6.92729 5.46705 5.8546 5.4424 4.8575 4.81633 7.33707 6.33221 7.86142 5.81448 6.89886 5.35097 4.86415 4.74252 5.63072 5.34049 5.24745 6.40357 5.71621
threshold=0.21272727272727279 -0.71746492501209469 92.887083652277411 11.500000000000002 0.22840098575863135 -2.1589285714285711 0.36127844712182067 -1.0000000180025095e-35 0.34523809523809529 0.44667533853754399 -1.8333333333333333 0.51315789473684215 0.57738095238095244 0.60000000000000031 0.50714285714285723 0.36515151515151517 0.34107142857142864 -25.43641064642372 1476.4969310993768 0.26391694725028064 4.5833333333333348 0.83333333333333359 -0.012121212121212114 2.8363095238095242 0.48333333333333339 -0.16496598639455781 0.47928461005384088 -0.245 0.26582994444126246 1.0000000180025095e-35
decision_type=2 2 2 2 2 2 2 2 2 2 2 2 2 2 2 2 2 2 2 2 2 2 2 2 2 2 2 2 2 2
left_child=1 10 16 5 -5 6 -3 8 -7 -9 11 -1 13 -6 -4 -16 17 -2 19 -19 22 -22 -18 -24 25 -12 -27 29 -29 -26
right_child=2 3 14 4 12 7 -8 9 -10 -11 24 -13 -14 -15 15 -17 20 18 -20 -21 21 -23 23 -25 27 26 -28 28 -30 -31
leaf_value=0.017604333838223078 0.021217108784753677 -0.012757251172136533 -0.004253327756125109 0.022019940720888757 -0.005459282585796592 0.008079336628678286 0.008852924603514039 0.0035586134927857453 -0.0033040831302974583 -0.0041215368332202171 0.034119873250957042 0.0023998059337627885 0.015874960545848492 0.012729193310862108 -0.015111108596672659 0.010010802664268181 -0.01184514280542451 -0.024717124207263581 -0.0071698255927642928 0.0056484231317812938 0.021943467700963525 -0.016226044716617632 -0.0053252863917496182 0.015268594769688044 0.010191007218436883 0.0064230391793560103 0.027070509063898952 -0.0040811223725870987 0.0079147740938810083 -0.00034342237004716307
leaf_weight=76.199122726917267 12.887432917952536 47.703002333641052 82.888508677482605 8.6558493226766569 331.26814536750317 234.03982695937157 16.2160384953022 210.30083556473255 61.307388827204704 172.49325433373451 7.310467302799224 41.742304176092148 12.16516852378845 16.731945097446442 139.76110921800137 7.2883192002773276 135.84115794301033 8.345197379589079 108.29789313673973 95.303198680281639 13.282403931021692 6.2751590013504019 231.59622910618782 10.803742527961729 126.7027326375246 236.66780149936676 11.838254600763319 137.58993557095528 56.494024828076363 73.107179656624794
leaf_count=191 39 139 354 25 990 663 51 611 174 514 18 103 38 49 698 30 509 25 401 335 47 24 855 39 325 602 30 367 146 185
internal_value=-0.000116419 0.00251918 -0.00592363 4.40954e-05 -0.00328555 0.001699 -0.00727482 0.00254484 0.0057164 9.78126e-05 0.00610091 0.0122231 -0.00389371 -0.00458478 -0.0104008 -0.013866 -0.00427022 -0.00076056 -0.00209692 0.00320356 -0.00625385 0.00969656 -0.0070786 -0.00440742 0.00498955 0.00817002 0.00740664 0.00292398 -0.000589353 0.00633663
internal_weight=2731.1 1878.53 852.57 1110.88 368.821 742.06 63.919 678.141 295.347 382.794 767.652 117.941 360.165 348 229.938 147.049 622.632 224.834 211.946 103.648 397.799 19.5576 378.241 242.4 649.71 255.817 248.506 393.894 194.084 199.81
internal_count=8577 5221 3356 3254 1102 2152 190 1962 837 1125 1967 294 1077 1039 1082 728 2274 800 761 360 1474 71 1403 894 1673 650 632 1023 513 510
is_linear=0
shrinkage=0.03


Tree=108
num_leaves=31
num_cat=0
split_feature=48 54 79 79 74 67 65 71 6 102 111 92 3 110 109 23 21 13 26 103 6 90 50 79 106 67 36 86 10 50
split_gain=42.5331 15.4992 8.19534 8.13069 6.01838 5.82672 5.9069 5.77275 5.65481 8.45517 5.46752 5.27483 5.07035 4.93014 4.92097 5.44322 5.23423 4.84533 5.13761 4.80914 4.4985 4.43344 4.27049 5.75656 5.00951 4.03036 4.00748 3.82324 3.81047 3.6078
threshold=-28.661921005916835 0.14549731182795703 0.29170087575260001 -0.42614125753660631 44.500000000000007 0.35387997882394545 0.25865078498229993 7.5000000000000009 0.86190476190476206 1.3245614035087721 -1.9999999999999996 3.3497501700808394 0.67948717948717963 0.14285714285714288 -0.69999999999999973 -0.15634920634920632 0.34523809523809529 0.095454545454545472 -1.1666666666666663 1.591666666666667 1.3923076923076925 0.20344827586206901 0.60158730158730167 0.077853192559074927 2.5857843137254908 0.41532502765846685 -1.0000000180025095e-35 3.2916666666666674 0.36931818181818188 0.9648148148148149
decision_type=2 2 2 2 2 2 2 2 2 2 2 2 2 2 2 2 2 2 2 2 2 2 2 2 2 2 2 2 2 2
left_child=3 4 5 10 8 17 -7 22 9 21 -1 -4 19 27 29 28 -17 20 -19 -10 -3 -2 23 -5 -24 -14 -26 -13 -16 -9
right_child=1 2 11 7 -6 6 -8 14 12 -11 -12 13 25 -15 15 16 -18 18 -20 -21 -22 -23 24 -25 26 -27 -28 -29 -30 -31
leaf_value=0.0042574356565397865 -0.016429465846874606 -0.0095536163688029058 -0.0098259985981841522 0.041189729732421847 0.022088916406186595 0.020837052286111536 -0.0060775640106270606 -0.010286533450553133 -0.015196437573655344 0.03124740862029882 -0.017422885417513221 0.007805454469891341 -0.0016800941056488757 0.032601327853656832 -0.0064559429927947883 -0.00032602731642193504 -0.006883423169284252 0.013985811367708862 0.0028168032249686441 0.0074544067408682082 0.010218338796338161 0.0070057232910716539 0.015156477638502025 -0.00061191569113672607 0.0040451102400861803 0.0035400815263992077 -0.025559268609603124 0.016932182359310061 -0.021999343916637385 0.0048453714907304886
leaf_weight=12.198495477437971 8.8224526494741422 47.946671545505524 11.769637018442152 6.3040449172258359 10.696772724390028 30.995196163654327 9.6155033707618696 191.45228904485703 39.798486948013306 11.651966691017149 73.835915789008141 179.81100359559059 641.95110791921616 8.9414239674806577 38.724935680627823 309.44030855596066 169.60088762640953 39.892436861991882 523.12995114922523 10.705277770757673 13.20975089073181 41.159754171967506 11.635062813758852 5.5977130234241486 8.3416362106800097 167.93375824391842 8.1224839091300947 53.629594475030899 22.408816799521446 15.315085649490355
leaf_count=51 25 133 32 24 35 100 27 679 116 40 304 565 1942 32 122 1029 553 125 1528 37 41 128 39 16 28 499 23 183 64 57
internal_value=-0.000133697 0.00243996 0.00520516 -0.00559265 -0.000284387 0.00345344 0.0144644 -0.00463535 -0.000543949 0.00823406 -0.0143489 0.00978717 -0.00117276 0.0107396 -0.00522996 -0.00372343 -0.00264762 0.00273704 0.00360817 -0.0103951 -0.00528289 0.00286913 0.00646788 0.0215293 8.84246e-05 -0.000597664 -0.01056 0.00990219 -0.0121534 -0.00916573
internal_weight=2724.64 1851.66 918.941 872.978 932.72 664.79 40.6107 786.943 922.023 61.6342 86.0344 254.152 860.389 242.382 746.942 540.175 479.041 624.179 563.022 50.5038 61.1564 49.9822 40.0009 11.9018 28.0992 809.885 16.4641 233.441 61.1338 206.767
internal_count=8577 5588 2766 2989 2822 1954 127 2634 2787 193 355 812 2594 780 2504 1768 1582 1827 1653 153 174 153 130 40 90 2441 51 748 186 736
is_linear=0
shrinkage=0.03


Tree=109
num_leaves=31
num_cat=0
split_feature=90 5 74 25 87 23 51 88 12 95 79 22 91 78 46 92 80 14 65 78 12 48 33 48 69 87 70 87 66 52
split_gain=5.451 6.89122 6.4085 6.02487 5.16932 5.04603 5.22224 7.32613 6.09501 5.43521 8.99152 5.89677 5.41196 4.98261 4.75855 7.20683 6.46221 5.68578 5.26035 6.02715 5.69681 4.71701 6.99676 6.22716 7.23232 4.27813 4.83008 4.03373 3.99726 6.48438
threshold=0.32468653971244649 0.75568181818181845 40.500000000000007 1.5000000000000002 2.7083333333333335 0.65151515151515171 0.19615384615384621 0.44344182205213512 0.46410256410256417 1.1909090909090911 0.036887694145758633 0.26969696969696971 3.0223470661672915 -0.24744897959183668 1417.7368245899399 5.7573219937320976 -0.19990181639666171 -0.068686868686868699 -0.22477687089142326 0.1481481481481482 0.63068181818181823 -130.19118905446302 1.5946428571428575 -5.6539874434838557 0.75053136640899309 1.1000000000000003 87.500000000000014 3.8333333333333335 -0.74703975757028884 0.70886752136752151
decision_type=2 2 2 2 2 2 2 2 2 2 2 2 2 2 2 2 2 2 2 2 2 2 2 2 2 2 2 2 2 2
left_child=1 2 14 27 13 6 21 9 12 11 -11 -8 -9 -5 15 17 -17 -1 19 -16 -20 22 -2 -23 -25 26 -4 28 -3 -30
right_child=5 3 25 4 -6 -7 7 8 -10 10 -12 -13 -14 -15 18 16 -18 -19 20 -21 -22 23 -24 24 -26 -27 -28 -29 29 -31
leaf_value=0.030398381754121795 -0.005157468425813239 0.010519585236125546 0.014600519616987518 0.026417252676500001 -0.016128784354189619 -0.027246212188767376 -0.0022411759306086381 0.011129661898232116 0.024726187903124038 0.0065109684556545573 -0.0053823373356278693 -0.015298795692392585 -0.00025043495657546441 0.00093769987273592537 0.0066391048395204426 -0.01431606354534953 0.0076872618628470385 -0.0009263718038628406 0.0013483959207205812 -0.0018189105308431919 -0.024043212855067247 -0.015876093698033236 0.026726363226189671 -0.010397654233543767 0.026206363636140213 -0.025780077066738603 -0.016616211259398363 -0.026913651071564047 -0.0033132835925367239 -0.0176035745983814
leaf_weight=7.9059846401214626 29.809690088033676 13.689669072628019 7.9979281872510972 13.492789879441261 6.626471832394599 7.0776932388544074 67.903651013970375 50.221357643604279 11.878041982650755 97.056582003831863 139.34843966364861 57.470154091715813 149.77432763576508 14.152629017829895 370.64035430550575 55.222540900111198 15.352622032165526 15.321750521659849 1285.957519993186 95.328242138028145 8.0018086731433851 64.747390434145927 7.8191972225904456 13.342715173959734 7.6396336853504172 12.235440313816069 10.08693805336952 7.9427536427974692 135.61226157844067 36.207963049411774
leaf_count=20 93 55 21 41 27 26 206 146 30 278 496 182 481 45 1064 173 40 45 3771 267 28 216 21 46 21 45 36 37 451 169
internal_value=0.000242974 0.00100513 0.00160093 -0.00392419 0.00766915 -0.00204296 -0.00178704 -0.000582861 0.00384728 -0.00317734 -0.000499515 -0.00822666 0.00260725 0.0133734 0.0018247 -0.00475907 -0.00952955 0.00973558 0.00217561 0.00490876 0.00119137 -0.0073868 0.00146792 -0.0112734 0.0029298 -0.0120798 -0.00281079 -0.00597805 -0.00508168 -0.0063247
internal_weight=2815.86 2111.78 1884.05 227.725 34.2719 704.089 697.011 573.653 211.874 361.779 236.405 125.374 199.996 27.6454 1853.73 93.8029 70.5752 23.2277 1759.93 465.969 1293.96 123.359 37.6289 85.7297 20.9823 30.3203 18.0849 193.453 185.51 171.82
internal_count=8577 6335 5510 825 113 2242 2216 1819 657 1162 774 388 627 86 5408 278 213 65 5130 1331 3799 397 114 283 67 102 57 712 675 620
is_linear=0
shrinkage=0.03


Tree=110
num_leaves=31
num_cat=0
split_feature=79 80 88 79 104 98 74 86 71 73 88 2 95 59 17 23 89 40 71 36 89 106 86 96 88 68 78 78 1 3
split_gain=45.2321 18.8806 5.94899 6.26427 6.239 5.7829 5.89418 5.66776 7.03503 8.46194 6.66281 5.68864 8.8552 5.99327 5.8444 5.62284 6.84853 5.83319 5.34919 5.66728 5.13371 5.57999 5.27528 6.39097 5.5624 5.1028 4.95906 4.93206 5.19758 4.47189
threshold=0.07342687412346853 -0.71746492501209469 0.48547206979034757 0.28584255250921931 1.4365079365079367 4.0562500000000012 11.500000000000002 3.2250000000000005 87.500000000000014 41.500000000000007 0.44713150032913063 -0.21428571428571422 0.6515151515151516 1.0000000180025095e-35 -0.033333333333333333 0.40138888888888896 0.25391800533399494 1.0000000180025095e-35 22.500000000000004 -1.0000000180025095e-35 0.26075082397506455 1.841666666666667 1.9000000000000001 0.76388888888888895 0.47424597852335565 1.6074929971988798 -0.14999999999999991 -0.20833333333333326 1.7071428571428573 2.2583333333333337
decision_type=2 2 2 2 2 2 2 2 2 2 2 2 2 2 2 2 2 2 2 2 2 2 2 2 2 2 2 2 2 2
left_child=1 7 3 20 27 6 15 11 9 -9 -11 13 -13 26 -14 17 -17 -3 -8 -20 22 -22 23 -2 -24 -5 -1 -4 -29 -23
right_child=2 5 4 25 -6 -7 18 8 -10 10 -12 12 14 -15 -16 16 -18 -19 19 -21 21 29 24 -25 -26 -27 -28 28 -30 -31
leaf_value=0.028005445797622031 -0.011901094495466938 0.0028070416244750764 -0.00077141883326390141 -0.013058964088500396 -0.0073917733681092774 -0.018381692183584514 -0.012877460873783591 0.014345628465314132 0.027234375575895992 0.0059214287144824925 -0.014415229862755972 0.026511194105745053 0.0070407921343600202 -0.0091583998020555932 -0.01599738820563705 -0.00027858967091362439 0.035263379251773308 -0.0029812263361654254 -0.0077198632168979323 0.00065853901581167053 0.014487434481782701 -0.011504625328229256 -0.0049271525865708697 0.005204796581102125 -0.0263705768175908 0.013295673196370513 0.0056753052830453643 0.043057545798093566 0.0064570384465304116 0.0061288157751094724
leaf_weight=9.1224763691425306 24.602651491761208 576.88729004561901 11.411176875233652 173.58819156885147 24.281978562474251 15.351120531558989 42.403309315443039 98.189073264598846 19.765069842338562 64.256194561719894 18.724082231521606 7.1063703894615164 13.924109548330305 24.345760375261307 34.379092156887054 9.7355698198080081 9.7817017883062345 215.12588475644588 99.849203035235405 266.83483585715294 8.5762530267238599 180.38488286733627 158.63311393558979 97.786315813660622 11.689469605684279 6.8738880455493918 475.45453251898289 7.4036394059658033 6.6092451065778732 13.944312959909437
leaf_count=24 98 1678 46 851 97 50 135 250 52 162 46 19 36 66 93 30 26 646 306 795 29 695 611 357 46 22 1213 24 22 52
internal_value=-0.000117309 0.00220947 -0.00653303 -0.00726949 0.00348386 -8.34133e-05 0.000146715 0.00591267 0.0102394 0.00838531 0.00133256 0.0043721 -0.00475623 0.00536596 -0.00935629 0.00162684 0.0175344 0.00123484 -0.0027895 -0.00162293 -0.00552697 -0.00919419 -0.00298488 0.00176617 -0.00639884 -0.0120551 0.00609568 0.013871 0.0257947 -0.0102393
internal_weight=2727.02 2001.24 725.785 676.079 49.706 1235.97 1220.62 765.267 200.934 181.169 82.9803 564.332 55.4096 508.923 48.3032 811.53 19.5173 792.013 409.087 366.684 495.617 202.905 292.712 122.389 170.323 180.462 484.577 25.4241 14.0129 194.329
internal_count=8577 5627 2950 2761 189 3666 3616 1961 510 458 208 1451 148 1303 129 2380 56 2324 1236 1101 1888 776 1112 455 657 873 1237 92 46 747
is_linear=0
shrinkage=0.03


Tree=111
num_leaves=31
num_cat=0
split_feature=78 109 54 26 71 104 92 110 73 34 3 2 65 97 6 54 106 65 112 92 71 75 105 50 70 11 90 17 20 46
split_gain=40.408 11.2625 10.4065 6.7827 5.84989 5.38429 5.74714 5.15967 4.90165 7.24934 5.92669 4.86469 5.0767 6.41847 4.4377 5.97629 4.43321 4.31457 4.14008 4.29529 6.48243 4.61976 3.77896 3.68743 3.78213 3.1741 9.8891 3.16788 5.88004 3.50161
threshold=-0.042572463768115958 -0.60357142857142843 0.5240998838559815 -0.83333333333333315 13.500000000000002 2.4142857142857146 3.3497501700808394 -0.74772727272727246 10.500000000000002 -0.93749999999999989 1.4365079365079367 -1.4967948717948714 -0.22477687089142326 0.70714285714285718 0.85164835164835173 0.044346116027531961 2.7669683257918556 -0.022464689814095658 -1.1874847374847373 5.705446369702539 21.500000000000004 -4.4999999999999991 0.9545454545454547 0.41089466089466092 73.500000000000014 -0.066666666666666666 0.32261510890543155 0.052272727272727255 -0.091287878787878765 1460.967294453247
decision_type=2 2 2 2 2 2 2 2 2 2 2 2 2 2 2 2 2 2 2 2 2 2 2 2 2 2 2 2 2 2
left_child=2 3 14 4 -2 6 -4 17 10 -10 -8 -9 16 -14 15 -1 -13 -3 -16 21 -21 -20 -5 24 -17 -6 -27 28 -24 -29
right_child=1 7 5 22 25 -7 8 11 9 -11 -12 12 13 -15 18 23 -18 -19 19 20 -22 -23 27 -25 -26 26 -28 29 -30 -31
leaf_value=0.030856554041885368 0.012249394118599419 0.0013711337524557681 -0.013595106612379572 0.015648862981691967 -0.015907392191143493 0.025821904001941062 0.033133305500545669 -0.015452766876773629 -0.020550250774305043 0.0055065078130709048 0.0095774962251352069 -0.0083044827429751313 0.0051111114766437191 -0.0021846232327955204 -0.015475172614056383 0.017228087804627097 0.0022665279618460077 0.028050527364948494 0.018383088191819084 0.0074549692703843864 0.00043543039292864719 -0.0027126686218010821 0.019867797509644205 -0.012116484779888635 -0.0069081843718390001 -0.019512365589183928 0.031910392598149137 -0.0006997347503130152 -0.0043883981372926919 -0.010370495310178855
leaf_weight=10.15515875816345 7.8074496388435355 13.613487899303438 12.514424771070479 7.8021767586469641 129.72847828269005 13.295981407165526 10.192594081163405 25.039314925670624 9.943087697029112 286.41067753732204 169.04762989282608 170.92480760812759 132.55165861546993 598.76131221652031 13.498046979308127 19.942206978797916 45.132770150899887 9.10352775454521 9.711982846260069 179.71224489808083 347.06974720954895 245.69972351193428 11.382487297058104 8.7699339687824232 8.264522969722746 9.44463863968849 5.2294152379035941 46.910826459527016 42.873110085725784 119.62641990184784
leaf_count=35 28 40 34 28 493 48 35 86 25 865 531 523 432 1895 43 63 145 31 31 543 1035 706 39 23 23 30 20 180 142 425
internal_value=-0.000135663 -0.00374972 0.00356364 -0.00813733 -0.013044 0.00698588 0.00647279 -0.00207072 0.00700084 0.00463227 0.010917 -0.0024009 -0.00205593 -0.00086226 0.00152771 0.010472 -0.00609628 0.0120625 0.000997904 0.00128217 0.00283015 -0.00191051 -0.00487025 0.00487368 0.0101562 -0.0144115 -0.00118676 -0.00559533 0.000700401 -0.0076464
internal_weight=2720.16 1375.93 1344.23 380.805 152.21 501.404 488.108 995.127 475.594 296.354 179.24 972.41 947.371 731.313 842.824 47.1318 216.058 22.717 795.692 782.194 526.782 255.412 228.595 36.9767 28.2067 144.403 14.6741 220.793 54.2556 166.537
internal_count=8577 4537 4040 1385 571 1538 1490 3152 1456 890 566 3081 2995 2327 2502 144 668 71 2358 2315 1578 737 814 109 86 543 50 786 181 605
is_linear=0
shrinkage=0.03


Tree=112
num_leaves=31
num_cat=0
split_feature=50 90 86 89 89 51 47 95 53 92 75 86 2 11 90 91 85 94 109 95 50 11 109 92 101 53 109 53 20 54
split_gain=5.26626 5.14829 5.42349 6.56727 5.24098 5.87534 9.13224 5.72392 8.13738 7.80834 6.78928 5.34875 5.06238 5.03942 4.96318 8.4279 6.34397 5.3833 4.84389 7.21038 4.43941 4.05447 4.739 4.11325 3.60412 7.15953 2.09639 0.735577 0.656938 0.00997512
threshold=0.042572463768115944 0.32468653971244649 5.1250000000000009 0.28952513414340503 0.2301765546854517 0.19615384615384621 1661.696282368853 1.1909090909090911 0.20087719298245618 5.1029059508623904 -4.4999999999999991 4.5833333333333348 0.22222222222222218 -0.060606060606060601 0.26113704662722798 2.4591094872430026 0.36666666666666675 1.2696969696969698 -0.62774725274725263 1.5505050505050508 0.85092592592592597 0.16386946386946394 0.064583333333333229 3.5972184255501678 1.5477272727272731 0.43918456271397449 0.89852941176470602 0.6761982570806101 -0.11388888888888889 1.0866881374127753
decision_type=2 2 2 2 2 2 2 2 2 2 2 2 2 2 2 2 2 2 2 2 2 2 2 2 2 2 2 2 2 2
left_child=12 2 14 24 5 6 13 8 -6 28 -10 -11 -1 -3 18 16 -16 -17 19 -2 -20 22 -7 -23 25 -4 29 -26 -9 -14
right_child=1 4 3 -5 7 21 -8 9 10 11 -12 -13 26 -15 15 17 -18 -19 20 -21 -22 23 -24 -25 27 -27 -28 -29 -30 -31
leaf_value=0.0045449148839643953 -0.0010369880339485219 -0.016735507350926947 -0.016479596665695501 0.018996408080599981 0.014000836137476748 0.0012721051701002192 0.02342076589539762 -0.015229414356687846 0.014148991513491263 0.0010655324088073631 -0.016054806550980259 -0.017623175316606284 -0.028661765413451626 0.0045909319872003114 0.020143362462022377 -0.00048983310634426256 -0.0056005417104984306 0.0028961708803632766 -0.00303616003998862 0.027986946707523105 -0.016978816045075621 0.015848297677390585 0.0104753624424247 -0.0051664217028437823 -0.028250345347684482 0.02216768703033125 -0.0060802905732220197 -0.01592674288675569 -0.028427288056272208 -0.027015670476041146
leaf_weight=10.311670660972597 28.212055593729019 43.974060639739037 14.774323880672457 6.4291656315326682 10.766065314412115 154.11103604733944 7.4516234546899787 5.5352193117141715 7.2902220934629431 180.1028083562851 82.446803361177444 14.924933537840841 7.6269998699426669 12.896710038185118 37.383375808596611 703.57557073235512 11.19482710957527 1058.1274928301573 169.29030661284924 10.597110390663145 23.393186762928963 9.2954967170953733 74.794274613261223 85.358072265982628 11.150304958224298 6.0933349877595893 5.5783847868442527 7.1570481657981864 8.7762282937765104 5.8579667955636978
leaf_count=31 82 149 52 18 30 461 20 18 21 572 265 55 31 40 102 2217 35 3041 520 26 70 28 219 310 39 18 23 26 33 25
internal_value=0.000247353 0.000380626 0.00112634 -0.00910568 -0.00185033 0.000473513 -0.00780751 -0.00475947 -0.0106443 -0.00193419 -0.0136011 -0.000364663 -0.0123885 -0.0118993 0.00135488 0.0018838 0.0142107 0.00154389 -0.00278132 0.0068882 -0.0047289 0.00211975 0.00427925 -0.00310266 -0.0137176 -0.00519463 -0.0215481 -0.0234326 -0.0233228 -0.0279467
internal_weight=2814.48 2785.1 2087.38 45.6042 697.724 387.881 64.3224 309.842 100.503 209.339 89.737 195.028 29.375 56.8708 2041.77 1810.28 48.5782 1761.7 231.493 38.8092 192.683 323.559 228.905 94.6536 39.175 20.8677 19.0634 18.3074 14.3114 13.485
internal_count=8577 8467 6246 153 2221 1227 209 994 316 678 286 627 110 189 6093 5395 137 5258 698 108 590 1018 680 338 135 70 79 65 51 56
is_linear=0
shrinkage=0.03


Tree=113
num_leaves=31
num_cat=0
split_feature=79 79 19 101 86 47 109 108 77 4 33 5 88 79 8 35 88 55 26 89 106 86 12 88 68 21 65 65 71 105
split_gain=42.8001 17.8459 7.3021 7.21432 7.0995 6.33422 6.08327 8.5891 6.05242 5.9506 5.77824 6.23585 5.75486 6.03838 5.98279 5.55181 5.1712 5.10612 5.0384 4.95446 5.37929 5.09786 6.88226 5.45072 4.91459 4.6231 4.38807 4.64465 6.62143 5.36447
threshold=0.07342687412346853 -0.2349105812220566 0.48333333333333339 0.75735294117647067 2.7083333333333335 1430.6266245146667 -0.40000000000000002 0.47213622291021679 0.36056042699199392 1.1055555555555558 0.42261904761904773 0.36043956043956055 0.48547206979034757 0.28584255250921931 -1.1952380952380952 0.84226190476190499 0.44944587707987971 -0.075235849056603757 1.1666666666666672 0.26075082397506455 1.841666666666667 1.9000000000000001 0.25833333333333336 0.47424597852335565 1.6074929971988798 1.0000000180025095e-35 -0.23495401958468318 1.2155733437459328 22.500000000000004 2.8944444444444448
decision_type=2 2 2 2 2 2 2 2 2 2 2 2 2 2 2 2 2 2 2 2 2 2 2 2 2 2 2 2 2 2
left_child=1 9 3 -3 5 -4 8 -8 -6 17 11 -5 13 19 -14 -16 -12 -1 -7 21 -21 22 -2 -23 -15 -22 -11 28 -28 -29
right_child=12 2 4 10 6 18 7 -9 -10 26 16 -13 14 24 15 -17 -18 -19 -20 20 25 23 -24 -25 -26 -27 27 29 -30 -31
leaf_value=0.01386602274029523 0.0086340543493822735 -0.017946498971507848 0.015724781869705565 0.0048503259174348945 0.023391158081132533 -0.0031953262438542285 0.0096139619327160562 -0.0046910501210160604 0.0044358513238706423 0.024529935857153799 0.0032576917024823063 0.018637288054992259 -0.021142309033512729 -0.012836760579567045 0.015460757627972874 -0.0077523029011315105 -0.0042673419861969236 -0.012590986407861059 -0.015408877434300161 0.014166662019305594 0.009911485709650069 -0.004818327699915176 -0.0056032819180287996 -0.026195384800815302 0.012980613724012205 -0.01113199258521244 0.00041599308801549742 0.022685429880395184 0.008555269451422683 0.0038365083794834882
leaf_weight=8.9967639744281751 63.325185656547546 14.804043561220167 15.17354306578636 240.58773842453957 21.382633805274963 505.40007622539997 54.452946290373802 123.34278059005737 52.098186701536179 13.500213071703909 252.80011300742626 33.656156778335571 7.5397339612245551 171.62834148108959 28.369765415787697 13.775412753224371 121.78362201154232 24.292029857635498 32.343834236264229 8.6224645227193815 9.9040697365999204 158.10998313128948 59.053420096635818 11.51691037416458 6.9028942435979834 183.14164751768112 128.28597104549408 34.431098252534866 301.05473844707012 22.449780344963074
leaf_count=24 230 46 47 679 58 1492 164 364 137 35 722 90 34 851 101 54 358 65 110 29 37 611 225 46 22 710 335 89 753 59
internal_value=-0.000120152 0.00213913 0.000431813 0.00276111 -0.00149035 -0.00339056 0.00269092 -0.000309898 0.00995177 0.00684082 0.00323359 0.00654231 -0.00638214 -0.00711036 0.00347026 0.00787342 0.000811174 -0.00544061 -0.00392994 -0.00540047 -0.00901687 -0.00290288 0.00176387 -0.00626973 -0.0118385 -0.0100524 0.00765895 0.00719051 0.00612327 0.0152461
internal_weight=2722.73 2000.84 1467.83 663.632 804.194 552.917 251.277 177.796 73.4808 533.011 648.828 274.244 721.89 672.205 49.6849 42.1452 374.584 33.2888 537.744 493.674 201.668 292.005 122.379 169.627 178.531 193.046 499.722 486.222 429.341 56.8809
internal_count=8577 5627 4267 1895 2372 1649 723 528 195 1360 1849 769 2950 2761 189 155 1080 89 1602 1888 776 1112 455 657 873 747 1271 1236 1088 148
is_linear=0
shrinkage=0.03


Tree=114
num_leaves=31
num_cat=0
split_feature=80 80 52 86 65 54 53 90 92 92 96 12 103 77 80 112 52 6 67 47 21 71 106 13 26 20 23 94 76 77
split_gain=40.0066 11.1045 7.23018 6.73483 5.79123 5.7636 5.44031 5.20254 5.18751 6.06445 5.07539 4.79381 5.66731 4.88839 4.64983 4.64449 4.05059 5.50763 5.25028 6.12675 5.1513 5.08097 4.88084 4.88409 4.49182 3.87307 5.24617 6.03272 4.61829 3.78158
threshold=0.16171568627450983 -0.56630036630036618 0.7025418275418277 5.416666666666667 -0.056142050717038143 -0.36088342440801452 0.74739328771586855 0.34789423470083142 6.8961885146852913 6.9711993414346578 0.82575757575757591 0.20714285714285716 1.3484848484848486 0.36749699879951986 -0.058823529411764705 -8.5588235294117627 0.27297565822155995 1.7416666666666669 0.37497514416384975 1487.6825668629426 0.30384615384615393 8.5000000000000018 2.9750000000000005 0.21825396825396828 -0.83333333333333315 -0.038278388278388274 0.12440476190476192 2.2361111111111116 0.12060606060606062 0.68356867779204122
decision_type=2 2 2 2 2 2 2 2 2 2 2 2 2 2 2 2 2 2 2 2 2 2 2 2 2 2 2 2 2 2
left_child=1 6 16 5 -4 7 25 -3 10 -10 -7 12 -6 -14 -5 -8 20 18 19 -18 -2 -20 24 -24 -19 26 27 -1 -28 -27
right_child=2 3 4 14 11 8 15 -9 9 -11 -12 -13 13 -15 -16 -17 17 22 21 -21 -22 -23 23 -25 -26 29 28 -29 -30 -31
leaf_value=0.0010244722717377718 0.031834212942634728 -0.0061244090687878113 0.012728746451105903 0.04096480673679688 -0.017821316261514258 -0.005083791981218235 0.0098680848421198245 0.019025519641259873 0.025952894632073679 0.003401266720412304 0.0011214448791082778 0.019383695749656881 0.019455133726273548 0.00011033946640701104 0.0031585215265899102 -0.012735236586890667 -0.00038634950292556488 -0.013431164606577539 0.0024553256058168372 0.0056035241539955354 0.0018424968966611294 0.012418054072003519 -0.017361143432463293 0.0022135257590113746 0.0067422027776856104 -0.0071951964251607617 -0.0165425299739182 0.024009055966965162 -0.001943439573593386 0.015771121116935474
leaf_weight=54.957986176013947 9.7288453876972216 236.28992940485477 135.70891724526882 5.6746252775192261 12.734762281179426 172.97905577719212 8.6985648870468122 7.6420126259326926 13.615630477666853 50.671923741698265 377.56990797817707 14.36045005917549 14.527659744024275 61.634377270936966 6.0488002300262433 137.6527194082737 375.48659101128578 12.833109632134436 85.812082037329674 260.17863143980503 10.961120963096617 99.48263193666935 33.28737011551857 17.504634320735931 43.966326758265495 326.36592197418213 25.300478652119637 12.641377761960028 85.087293669581413 6.5827308893203726
leaf_count=193 33 730 457 21 33 510 29 25 47 157 1163 47 48 177 19 543 1085 35 249 772 32 309 87 52 133 1133 85 48 297 28
internal_value=-0.000137769 -0.00334876 0.00399088 -0.00112629 0.008655 -0.00143461 -0.00629213 -0.0053365 0.000113442 0.00817754 -0.000828202 0.00330095 0.000702928 0.0038003 0.0214583 -0.0113918 0.00281671 0.00252418 0.00336061 0.00206531 0.0159452 0.0078042 -0.00385805 -0.0106151 0.00218429 -0.0048314 -0.001259 0.00532269 -0.0052895 -0.00674113
internal_weight=2715.99 1527.78 1188.21 870.492 238.966 858.768 657.287 243.932 614.837 64.2876 550.549 103.257 88.8968 76.162 11.7234 146.351 949.241 928.551 820.96 635.665 20.69 185.295 107.591 50.792 56.7994 510.936 177.987 67.5994 110.388 332.949
internal_count=8577 5028 3549 2672 762 2632 2356 755 1877 204 1673 305 258 225 40 572 2787 2722 2415 1857 65 558 307 139 168 1784 623 241 382 1161
is_linear=0
shrinkage=0.03


Tree=115
num_leaves=25
num_cat=0
split_feature=50 74 109 14 69 90 96 48 90 74 79 76 22 89 112 91 25 86 88 87 6 78 86 2
split_gain=5.08069 5.41779 5.02104 6.50256 5.47337 7.58587 7.21827 6.82744 5.16813 5.72157 5.09592 4.60608 4.49387 4.32034 5.0576 4.92249 3.90685 3.93364 3.35509 2.7262 1.99204 0.305961 0.299085 0.0158091
threshold=0.042572463768115944 27.500000000000004 -1.5916666666666663 0.23205128205128209 -0.39557501341921625 0.33950098557941705 0.61250000000000016 61.958808874412973 0.32261510890543155 42.500000000000007 0.35743321718931481 0.20119047619047623 0.12916666666666668 0.2301765546854517 0.9086080586080586 2.7824068352185716 2.1666666666666674 2.4500000000000006 0.43367727120654526 1.1000000000000003 2.6794871794871802 0.73993558776167478 2.9000000000000004 0.72902097902097907
decision_type=2 2 2 2 2 2 2 2 2 2 2 2 2 2 2 2 2 2 2 2 2 2 2 2
left_child=1 12 16 8 7 6 -6 11 9 10 -4 -5 -1 14 -10 -15 18 -18 -2 -11 21 -20 23 -14
right_child=2 -3 3 4 5 -7 -8 -9 13 19 -12 -13 22 15 -16 -17 17 -19 20 -21 -22 -23 -24 -25
leaf_value=0.0045960432844683197 0.00052442076002597244 0.01529562251191739 0.0014549938863205538 0.0078096053003274364 0.020983709691526312 -0.021496200817646784 0.0022937168841045096 -0.010818013761584679 0.0015609195764786749 -0.0062412535919349841 -0.0063622406373536307 0.027324595065519968 -0.029093717631911018 0.00055805671822746375 -0.008825146014502341 -0.0072815033597888462 0.019207440898746413 -0.013339705132324539 -0.026234323425509722 -0.028011967331381667 -0.003329674982796176 -0.017800370516187079 -0.019674809844160007 -0.026968109176200249
leaf_weight=5.8426874577999177 9.9451672434806806 5.2826957553625098 1684.8775257468224 19.962512508034706 20.663076385855675 10.9181792140007 186.05175788700581 8.5736410766839963 305.82290676236153 14.226614296436312 78.550377309322357 23.938484832644463 7.1376983970403689 108.22589893639088 48.951672822237015 215.86150208115578 7.4675623178482038 6.0493794232606888 15.559299111366277 8.1379180103540403 5.176482915878295 5.1533806622028342 5.2929626405239096 5.6353474259376526
leaf_count=20 35 17 4928 57 55 37 543 32 922 48 337 62 26 334 200 701 22 22 61 32 19 20 22 25
internal_value=0.000251132 -0.0121995 0.000381677 0.000552822 0.00497171 0.00287474 0.00416196 0.0136687 6.85444e-05 0.000915548 0.00110678 0.0184508 -0.0182746 -0.00215956 0.000127854 -0.00466356 -0.00910219 0.00464127 -0.0142863 -0.0141631 -0.0199758 -0.0241359 -0.0256711 -0.0281559
internal_weight=2813.3 29.1914 2784.11 2734.76 270.108 217.633 206.715 52.4746 2464.65 1785.79 1763.43 43.901 23.9087 678.862 354.775 324.087 49.3513 13.5169 35.8343 22.3645 25.8892 20.7127 18.066 12.773
internal_count=8577 110 8467 8288 786 635 598 151 7502 5345 5265 119 93 2157 1122 1035 179 44 135 80 100 81 73 51
is_linear=0
shrinkage=0.03


Tree=116
num_leaves=31
num_cat=0
split_feature=80 80 26 93 64 90 51 106 34 19 112 36 8 71 26 0 54 22 108 90 91 90 80 51 34 77 9 109 66 109
split_gain=39.4906 15.639 6.62191 5.84841 6.29177 6.60582 6.31115 5.98433 5.53187 5.23872 5.69305 6.19947 5.31409 6.94098 5.01614 7.12812 6.49044 4.97382 5.60978 7.03351 4.79546 4.59825 4.38935 4.19396 4.43599 4.16281 4.13791 3.99569 5.31912 4.90354
threshold=0.21272727272727279 -0.71746492501209469 1.1666666666666672 1.4641025641025642 0.29803909357989061 0.30910385910385912 0.64258064516129043 2.1846590909090913 2.5089285714285716 0.55050505050505061 -0.21048201311359202 -1.4999999999999998 -0.62361111111111089 41.500000000000007 -1.8333333333333333 1.2403846153846156 -1.6030303030303028 0.080128205128205135 0.48684210526315791 0.32086394455828215 3.1513721804511281 0.23877476216657506 0.1858733054663865 0.85092592592592597 0.60357142857142876 0.3977883675464321 0.29285714285714287 1.7071428571428575 -0.20832472807379862 0.94716905901116444
decision_type=2 2 2 2 2 2 2 2 2 2 2 2 2 2 2 2 2 2 2 2 2 2 2 2 2 2 2 2 2 2
left_child=1 8 3 4 5 7 -7 -2 14 12 -11 -12 13 -3 15 16 -1 18 -5 -20 -17 -14 -23 24 -16 -15 -13 29 -29 -19
right_child=2 9 -4 17 -6 6 -8 -9 -10 10 11 26 21 25 23 20 -18 27 19 -21 -22 22 -24 -25 -26 -27 -28 28 -30 -31
leaf_value=-0.0096799413160014169 0.0072714777812491627 0.026245953196250681 -0.010348431772514799 -0.0096869738342600029 0.019836884265045481 -0.0082057501007585035 0.008921162710771138 -0.0078874726398269514 -0.0068189559662728523 -0.017874925162982017 0.024662963493047686 -0.018965558599178801 0.014895850842239646 -0.017281607020865012 0.0024562640367994134 -0.014242511820460433 0.018062576717101538 -0.0066396429863742152 0.025448564748127435 -0.0025136654866602139 0.014746004252606582 -0.00045151739868887864 0.011745942538779081 -0.0097219381661104026 0.0076581120812696446 0.012684984195730258 0.0029377197528483953 -0.0052804106805945409 0.031682572725856041 -0.015652054133900906
leaf_weight=8.3446910977363569 28.084562748670578 16.398548290133476 196.35529462993145 23.132801383733749 12.683161005377768 26.380704328417778 72.801240473985672 141.66106948256493 31.015495285391808 29.772298663854599 7.2070113122463217 13.252904176712038 18.713784992694855 7.7740790992975262 255.14114715158939 13.804612785577776 83.887097328901291 218.3219700306654 14.268602430820463 18.71475850045681 8.178869813680647 962.34389255940914 27.305783167481422 16.821798458695412 349.8589042276144 9.0045546591281873 18.737755417823792 11.057889416813852 5.1291149854660025 72.336142793297768
leaf_count=22 93 46 861 88 48 89 255 516 83 92 22 43 53 25 666 34 210 866 49 72 20 2805 83 44 888 25 60 53 20 346
internal_value=-0.00012225 0.00229759 -0.00552509 -0.00405576 -0.000811542 -0.00178536 0.0043657 -0.00537941 0.00559199 2.20715e-05 -0.00798512 -0.000473401 0.000552302 0.012366 0.00611497 0.0118936 0.0155526 -0.00657285 0.00163921 0.0095828 -0.00345745 0.000163607 -0.000114973 0.00505356 0.00546438 -0.0011995 -0.00613624 -0.00807468 0.00643191 -0.00888256
internal_weight=2718.49 1877.56 840.927 644.572 281.611 268.928 99.1819 169.746 767.053 1110.51 68.97 39.1977 1041.54 33.1772 736.037 114.215 92.2318 362.961 56.1162 32.9834 21.9835 1008.36 989.65 621.822 605 16.7786 31.9907 306.845 16.187 290.658
internal_count=8577 5221 3356 2495 1001 953 344 609 1967 3254 217 125 3037 96 1884 286 232 1494 209 121 54 2941 2888 1598 1554 50 103 1285 73 1212
is_linear=0
shrinkage=0.03


Tree=117
num_leaves=31
num_cat=0
split_feature=48 79 79 44 55 90 70 96 97 109 67 48 1 71 23 109 90 78 22 17 96 98 98 23 15 6 107 97 98 108
split_gain=36.6461 12.5697 7.55245 6.2002 5.59329 5.26522 5.74695 5.25375 5.08025 4.90521 5.13629 4.85462 5.0486 4.79702 4.78262 4.99282 4.5491 4.47895 4.35845 4.2842 3.9669 3.92666 5.47975 4.90523 3.45618 3.43466 3.4196 3.39494 4.15103 3.13715
threshold=-28.661921005916835 0.11111111111111113 -0.42614125753660631 1.0000000180025095e-35 1.5827114427860698 0.36269123033828921 57.500000000000007 1.6125000000000003 2.7136363636363643 0.78055555555555567 -0.10705741626794262 68.849439423563027 2.1909090909090914 7.5000000000000009 -0.069047619047619038 -0.59861111111111098 0.30649534081737478 -0.47722567287784673 0.19090909090909094 -1.0000000180025095e-35 2.9500000000000006 2.1519230769230773 2.2426470588235299 -0.2696969696969696 0.37980769230769235 1.7928571428571431 0.54772727272727284 2.9045454545454548 3.7416666666666671 0.48684210526315791
decision_type=2 2 2 2 2 2 2 2 2 2 2 2 2 2 2 2 2 2 2 2 2 2 2 2 2 2 2 2 2 2
left_child=2 3 20 9 13 6 17 8 21 11 -11 12 -2 29 26 -16 24 -5 -8 25 -1 23 -23 -3 -9 -18 -15 -10 -29 -4
right_child=1 7 4 5 -6 -7 18 16 27 10 -12 -13 -14 14 15 -17 19 -19 -20 -21 -22 22 -24 -25 -26 -27 -28 28 -30 -31
leaf_value=-0.015778117740966009 -0.0014957024947900763 -0.018423173740983907 -0.0033344334258816528 0.021894347048892971 -0.016834825407748201 0.020865538454810893 -0.0024175273345343612 -0.022124130665223469 0.033128141953205258 0.027674144823976236 -0.0016618736774756272 -0.017723439683182653 -0.01511307193215459 -0.013478700883311125 -0.0068685240040007199 -0.0011443246259826164 0.0036751238990607115 -0.00010232344720177061 0.012449732240471545 0.024395970773037276 0.0081417142968444687 0.023780939452561475 0.0056617850882424315 0.0021824536073527124 0.0019572117002079848 -0.016177067818392458 -0.0028550634055697298 -0.0065938066443884816 0.020598858277390508 0.013789212536615461
leaf_weight=76.573544189333916 469.57980664074421 12.156478226184843 16.943317040801048 8.5131573677062971 30.908919811248779 13.592241525650023 23.85187079012394 15.019734904170038 9.0337086021900195 9.9323488920927065 11.69738610088825 18.835564285516739 25.852462068200111 79.104583561420441 217.61979107558727 370.81819446384907 33.312628239393234 389.69277906417847 69.330306679010391 6.9296651929616919 6.793486922979354 15.405545979738234 603.34893433749676 71.85985204577446 8.3434871435165388 10.258993953466414 41.614584594964981 7.6526785790920284 14.869028344750403 22.305737793445587
leaf_count=326 1425 31 52 28 119 45 68 39 35 33 34 50 78 241 779 1232 98 1182 217 23 29 50 1820 207 24 27 136 22 52 75
internal_value=-0.000140938 0.00224116 -0.00524671 6.16238e-05 -0.00432863 0.00244684 0.00193736 0.0050482 0.00581534 -0.00218598 0.0118092 -0.00277461 -0.00220628 -0.00381213 -0.00437717 -0.00326128 -0.0025783 0.000367939 0.00864416 0.00248555 -0.0138289 0.00528659 0.00611291 -0.000799013 -0.0135242 -0.0009991 -0.0098165 0.0175911 0.011359 0.00639715
internal_weight=2711.75 1849.07 862.682 1040.88 779.315 504.98 491.388 808.191 734.326 535.898 21.6297 514.268 495.432 748.406 709.157 588.438 73.8645 398.206 93.1822 50.5013 83.367 702.771 618.754 84.0163 23.3632 43.5716 120.719 31.5554 22.5217 39.2491
internal_count=8577 5588 2989 3160 2634 1540 1495 2428 2217 1620 67 1553 1503 2515 2388 2011 211 1210 285 148 355 2108 1870 238 63 125 377 109 74 127
is_linear=0
shrinkage=0.03


Tree=118
num_leaves=20
num_cat=0
split_feature=111 50 74 74 96 17 41 110 55 47 96 70 89 55 104 95 93 78 71
split_gain=4.96337 4.94067 5.20524 4.89964 4.7361 4.58889 4.46214 4.63621 6.99281 6.31493 3.59111 3.5202 1.60768 1.48504 0.904871 0.256252 0.016136 0.00335768 0.00294854
threshold=-1.6307715181660896 0.042572463768115944 27.500000000000004 42.500000000000007 2.7638888888888893 -0.050641025641025648 1.5000000000000002 -0.66602564102564088 0.50333333333333352 1461.383080896285 0.6515151515151516 86.500000000000014 0.2627834325891128 -1.6858552631578945 0.44949494949494956 2.2792207792207795 1.648529411764706 0.032539682539682542 5.5000000000000009
decision_type=2 2 2 2 2 2 2 2 2 2 2 2 2 2 2 2 2 2 2
left_child=4 2 5 6 10 15 7 8 -3 -9 -1 -5 -13 -12 -15 16 -2 -14 -16
right_child=1 3 -4 11 -6 -7 -8 9 -10 -11 13 12 17 14 18 -17 -18 -19 -20
leaf_value=0.0063967419649299598 -0.028963883012198932 -0.0022961596070402773 0.014890137197411672 0.0048477442529244524 0.0068828272845272839 0.0057467349402972791 0.017887904607332555 0.0043759453862312631 -0.028344674578317682 0.00029751820175269369 -0.004171216322815606 -0.0080566196209957731 -0.027027471129252727 -0.010701224058417195 -0.025485867717343444 -0.020047521661756492 -0.026789724915783519 -0.028093336590666436 -0.024661794787458842
leaf_weight=6.0192396044731131 5.7159630954265683 241.93350672721863 5.3119351714849463 6.9371985942125347 12.184534475207327 5.5886604636907569 13.477908521890638 410.5951804369688 9.645077705383299 2035.8837602585554 5.0595176219940177 5.9056418389081982 5.1914802491664869 5.084435284137732 5.3439965546131161 5.5751723349094382 6.6425078958272934 5.4549354910850525 14.538972616195677
leaf_count=25 22 838 17 21 39 17 37 1193 35 6083 22 22 21 19 25 23 30 20 68
internal_value=0.000254319 0.000420813 -0.0119325 0.000551049 -0.00928662 -0.0179897 0.00066923 0.000583216 -0.00329481 0.000982005 -0.0147523 -0.0130915 -0.0206101 -0.0189919 -0.0219952 -0.0253867 -0.0277953 -0.0275736 -0.0248833
internal_weight=2812.09 2763.86 28.8342 2735.02 48.2307 23.5223 2711.54 2698.06 251.579 2446.48 36.0462 23.4893 16.5521 30.0269 24.9674 17.9336 12.3585 10.6464 19.883
internal_count=8577 8379 109 8270 198 92 8186 8149 873 7276 159 84 63 134 112 75 52 41 93
is_linear=0
shrinkage=0.03


Tree=119
num_leaves=30
num_cat=0
split_feature=79 79 46 65 90 36 97 51 79 106 110 78 86 103 111 113 48 110 97 54 100 80 3 109 79 80 26 55 37
split_gain=38.6717 15.91 5.61477 5.13981 6.24083 5.66775 5.41756 6.40894 5.0756 6.13249 6.15528 5.55134 8.34953 4.93354 4.86836 6.16646 5.14166 4.79043 4.79902 11.386 5.82682 4.69136 6.5817 4.5667 4.56567 3.43303 3.21971 2.73166 1.99311
threshold=0.07342687412346853 -0.2349105812220566 1417.7368245899399 0.51604789819545005 0.25533178349421343 1.5000000000000002 0.55050505050505061 0.49489795918367352 0.043282265919081832 1.9750000000000003 0.18397435897435901 -0.086956521739130391 2.9000000000000004 1.9545454545454548 -0.01 -1.0000000180025095e-35 -57.107895457478314 0.70294117647058851 0.5634920634920636 -0.28653530377668301 0.40833333333333338 1.058481532147743 2.7678571428571432 1.752777777777778 -0.24390243902439024 -0.86285266457680232 0.50000000000000022 1.3082579185520364 -1.0000000180025095e-35
decision_type=2 2 2 2 2 2 2 2 2 2 2 2 2 2 2 2 2 2 2 2 2 2 2 2 2 2 2 2 2
left_child=1 3 14 5 -5 24 27 -8 11 -10 -11 12 -4 -13 15 25 -16 18 19 -2 -20 22 -22 -23 26 -3 -1 -6 -18
right_child=17 2 8 4 6 -7 7 -9 9 10 -12 13 -14 -15 16 -17 28 -19 20 -21 21 23 -24 -25 -26 -27 -28 -29 -30
leaf_value=0.0025296170944367796 -0.016379924501131692 0.019766584708547006 -0.010682247035097792 -0.010842529792769225 0.012431638753731588 -0.016923974130807089 0.0096230842409321862 -0.016700334026917379 -0.017909277546030077 0.0036049931935271335 0.019317900545971503 -0.0010601828425896688 0.0046544004116634294 0.0035877451980736272 -0.01779196700413917 0.029846872527497695 -0.0015660570160073621 0.013814983991812874 0.025434390440552342 0.040339053314996133 -0.0056355099995107532 -0.011661465015654529 0.025544192011502886 0.0041772420769183669 0.020946298719661877 0.00025027711383161582 0.020657585428816686 0.030258284411137412 0.018965966873443634
leaf_weight=213.34726364910603 6.40442955493927 12.364344596862788 105.35767863690853 13.303977102041243 14.43963496387005 11.865226522088049 230.94701932370663 8.6354817152023298 9.476085886359213 101.21329805254936 28.828562334179878 823.59012685716152 45.851844057440758 273.88303169608116 11.043741703033449 15.026880443096159 8.687236815690996 10.696289271116255 5.0259944200515738 6.3373660743236524 447.94818371534348 214.62565623223782 6.1770993918180457 17.737425193190575 13.992056548595427 23.586403638124469 9.1979833990335447 16.664453357458115 8.3402565717697126
leaf_count=551 26 32 338 34 37 29 583 24 31 325 86 2378 136 762 30 38 26 34 18 23 1699 1042 21 87 35 63 24 43 22
internal_value=-0.000122662 0.00201839 0.000406467 0.00646078 0.00921758 0.00330902 0.0102035 0.00867429 -3.63829e-05 0.00539049 0.00708834 -0.000642739 -0.00603166 9.9744e-05 0.00818349 0.0137082 -0.00184935 -0.00611095 -0.00641359 0.0118303 -0.00674975 -0.00698538 -0.0052114 -0.0104524 0.00432396 0.00696241 0.00327886 0.0219825 0.00849076
internal_weight=2714.6 1999.64 1467.25 532.393 283.991 248.403 270.687 239.583 1388.2 139.518 130.042 1248.68 151.21 1097.47 79.0489 50.9776 28.0712 714.952 704.256 12.7418 691.514 686.488 454.125 232.363 236.537 35.9507 222.545 31.1041 17.0275
internal_count=8577 5627 4267 1360 721 639 687 607 4056 442 411 3614 474 3140 211 133 78 2950 2916 49 2867 2849 1720 1129 610 95 575 80 48
is_linear=0
shrinkage=0.03


Tree=120
num_leaves=31
num_cat=0
split_feature=48 54 22 79 68 90 6 6 77 64 111 55 87 71 77 3 49 111 103 71 46 69 77 75 16 109 111 46 22 77
split_gain=34.7444 12.4565 7.51954 7.29735 6.89421 5.66672 6.02913 5.5037 5.55658 5.5585 5.42817 5.41884 5.11702 6.53721 4.72204 4.5879 4.63594 6.21597 4.60956 4.58287 5.45648 4.50149 4.33589 4.1891 4.50879 4.16394 4.03035 3.96625 3.92273 5.00057
threshold=-28.661921005916835 0.14549731182795703 0.13809523809523813 -0.42614125753660631 0.84491830065609841 0.31089289648443652 0.79285714285714304 0.96666666666666679 0.26944684528954194 -0.33805018736053211 -1.9999999999999996 1.5827114427860698 2.7083333333333335 19.500000000000004 0.540762073548959 0.67948717948717963 0.47044939860855872 0.12018518518518526 1.591666666666667 7.5000000000000009 1519.4272452704552 -0.30478277439024387 0.2312382739212008 5.5000000000000009 0.46410256410256417 0.90454545454545476 0.18842455621301785 1525.157846637127 0.25833333333333336 0.40642170329670335
decision_type=2 2 2 2 2 2 2 2 2 2 2 2 2 2 2 2 2 2 2 2 2 2 2 2 2 2 2 2 2 2
left_child=3 7 5 10 12 25 -7 8 23 -10 -1 19 14 -14 -4 18 17 -17 -9 -5 26 -8 -18 24 -2 -3 -21 -22 -6 -30
right_child=1 2 4 11 28 6 21 15 9 -11 -12 -13 13 -15 -16 16 22 -19 -20 20 27 -23 -24 -25 -26 -27 -28 -29 29 -31
leaf_value=0.0050953133578789753 -0.00033680733917602608 -0.0067493405763025954 0.0044605959709021325 0.0062458637936649462 0.02131123256623833 0.023478764659500728 0.021052790956788036 -0.014706081727574438 0.040353734927963222 0.010085920117310868 -0.016791356710062367 -0.016623380344329412 0.026406835298856901 0.0048243609269356573 -0.0099543743281082543 0.0027653611732296425 0.0019681754415481543 0.026476196649212354 0.0075552246251565638 -0.0045435808234873722 0.021383806655340568 -0.0002537092208008537 -0.0029433989558095867 -0.016826575747206418 0.022249916941763627 0.011432810295059886 -0.014165407870084851 0.00073387014391740151 0.012858280628283808 -0.0042582109941930795
leaf_weight=11.92635604739189 39.769542425870895 103.03408120572567 496.18211786448956 39.334513738751411 33.427077189087868 13.646729141473768 10.030034258961676 38.940160855650902 6.5080640465021125 33.926340654492378 70.394373551011086 30.491606518626213 21.501918122172356 30.614898845553398 21.331721186637878 56.673834562301636 248.46181583404541 12.070043772459028 10.664030715823172 590.18199492990971 9.6021822988986951 80.953142330050468 463.58176675438881 10.316122680902479 9.9428252428770048 12.73729085922241 41.966558769345284 65.295591667294502 74.95137794315815 19.321452066302299
leaf_count=51 120 289 1469 127 115 46 34 115 24 105 304 119 73 91 60 181 739 43 37 2003 36 235 1398 27 33 40 134 215 260 54
internal_value=-0.00014253 0.00217424 0.00465441 -0.00512714 0.00618109 -0.000175857 0.00488417 -0.000270971 0.00636106 0.0149576 -0.0136205 -0.00422715 0.00476874 0.0137287 0.00386642 -0.00107333 -0.000511275 0.00692851 -0.00992029 -0.00372073 -0.0042752 0.00209513 -0.00122955 0.000570518 0.0041807 -0.00474892 -0.00518235 0.00338127 0.0124812 0.00935021
internal_weight=2707.78 1848.59 917.732 859.193 697.331 220.401 104.63 930.855 100.463 40.4344 82.3207 776.872 569.631 52.1168 517.514 830.392 780.787 68.7439 49.6042 746.381 707.046 90.9832 712.044 60.0285 49.7124 115.771 632.149 74.8978 127.7 94.2728
internal_count=8577 5588 2766 2989 2122 644 315 2822 309 129 355 2634 1693 164 1529 2513 2361 224 152 2515 2388 269 2137 180 153 329 2137 251 429 314
is_linear=0
shrinkage=0.03


Tree=121
num_leaves=27
num_cat=0
split_feature=86 89 90 74 101 48 23 46 92 78 94 47 79 93 107 111 77 66 8 18 51 102 80 68 54 80
split_gain=4.91805 5.81911 5.13178 5.18236 5.01651 11.6083 4.88488 4.56139 6.22146 5.93482 5.10002 8.96298 5.03632 4.70406 4.37556 5.71607 8.85042 5.10089 5.79535 4.96951 4.2709 3.41089 5.5579 1.6497 1.17761 0.0206908
threshold=5.1250000000000009 0.28952513414340503 0.32468653971244649 42.500000000000007 1.5477272727272731 -22.718422461457518 0.65151515151515171 1417.7368245899399 5.7573219937320976 -0.15504807692307687 1.2696969696969698 1461.383080896285 0.34960317460317464 0.94868421052631591 0.63750000000000007 0.030000000000000037 0.3073115003808074 -0.60543428591514625 0.59696969696969715 0.55050505050505061 0.85449735449735453 1.3245614035087721 -0.028571428571428574 -0.025774177949039908 0.6478537360890303 -1.4533670033670032
decision_type=2 2 2 2 2 2 2 2 2 2 2 2 2 2 2 2 2 2 2 2 2 2 2 2 2 2
left_child=2 4 3 7 5 -2 14 8 13 -10 12 -12 -9 -1 15 19 -17 -16 -19 -4 24 22 -5 25 -7 -6
right_child=1 -3 6 21 23 20 -8 10 9 -11 11 -13 -14 -15 17 16 -18 18 -20 -21 -22 -23 -24 -25 -26 -27
leaf_value=-0.0071426177465695071 0.030124785040912122 0.018481325789310919 -0.0033064960607250564 -0.022629848375926742 -0.02575588689314285 -0.030122772535872318 -0.026938260464884491 0.00058599431401327735 0.015315283154474439 -0.012714001716508928 0.0081085248956547749 0.001568040448020397 -0.0078775222347658123 0.021878203210198961 -0.014044952686709479 -0.0078581100693885172 0.0071164007787056522 0.02172435589497828 -0.0048070240637509351 -0.021181773335338733 0.0084089576791985046 -0.027356035800261417 0.0147384088011068 -0.011385051167421631 -0.011963765252016619 -0.027951808208557565
leaf_weight=8.9012654870748538 7.1515877693891552 6.4640665948390952 457.13037598133087 7.1032227873802185 6.5405913442373267 8.7313162982463854 6.8892395496368399 774.93837468326092 7.6487004309892646 61.178215593099594 240.97141492366791 867.17404125630856 68.904641702771187 11.5489504635334 7.7336687147617331 50.931904435157776 117.40829584002495 22.488751530647278 11.050836324691771 14.439659431576727 5.222090855240821 8.992470443248747 7.2265715003013629 9.7362969070672971 5.0864763259887686 9.4288785606622714
leaf_count=26 19 18 1485 25 25 29 26 2349 20 188 671 2505 305 31 28 161 350 64 35 49 19 37 22 36 22 32
internal_value=0.000257713 -0.00836015 0.000440427 0.00118822 -0.0117034 -0.00246311 -0.00180335 0.00134888 -0.00528227 -0.00959912 0.00165216 0.0029903 -0.000105101 0.00924645 -0.00154914 -0.00215977 0.00258581 0.00791827 0.0129826 -0.00385384 -0.0147035 -0.0128733 -0.00378489 -0.0211183 -0.0234382 -0.0270524
internal_weight=2811.02 58.3613 2752.66 2064.59 51.8972 26.1915 688.073 2041.27 89.2771 68.8269 1951.99 1108.15 843.843 20.4502 681.183 639.91 168.34 41.2733 33.5396 471.57 19.0399 23.3223 14.3298 25.7058 13.8178 15.9695
internal_count=8577 200 8377 6179 182 89 2198 6095 265 208 5830 3176 2654 57 2172 2045 511 127 99 1534 70 84 47 93 51 57
is_linear=0
shrinkage=0.03


Tree=122
num_leaves=31
num_cat=0
split_feature=79 79 79 19 74 103 112 80 111 75 34 4 79 80 110 8 65 67 93 68 110 33 5 55 20 6 34 65 65 103
split_gain=36.6141 14.662 6.32165 7.65078 7.25513 7.05955 7.16632 6.61057 8.05522 6.38078 5.56572 5.54346 5.40004 5.02585 5.33522 11.8226 6.33906 5.79954 9.07985 6.40998 9.73947 4.99099 4.93265 4.93031 4.86991 4.65878 4.44148 4.2794 4.30293 6.18991
threshold=0.06666666666666668 -0.2349105812220566 0.051311274202840491 0.48333333333333339 11.500000000000002 1.8944444444444446 0.33836485152274637 0.28345771144278614 -0.002500000000000007 3.5000000000000004 2.1982142857142861 1.1055555555555558 0.061588840081487135 1.1835406377659903 -0.69999999999999973 0.059981684981684998 -0.48226921203263912 0.10834686147186147 0.84807692307692317 0.16300465637923359 -0.29999999999999993 -0.18749999999999994 0.39583333333333343 -0.075235849056603757 -0.071611721611721593 0.57738095238095244 1.8125000000000002 -0.23495401958468318 1.2155733437459328 3.1909090909090914
decision_type=2 2 2 2 2 2 2 2 2 2 2 2 2 2 2 2 2 2 2 2 2 2 2 2 2 2 2 2 2 2
left_child=1 11 3 4 10 6 -5 8 -4 -9 -3 23 -10 14 15 16 -2 19 -19 20 -16 -7 -11 -1 -20 -21 -6 -13 29 -29
right_child=13 2 7 5 26 21 -8 9 12 22 -12 27 -14 -15 17 -17 -18 18 24 25 -22 -23 -24 -25 -26 -27 -28 28 -30 -31
leaf_value=0.013348827213885398 -0.023079520813742732 0.0055653454675636494 0.03768873748857627 -0.0027173863910357936 -0.0033393563910971745 -0.0065840525466285575 -0.014268240150102408 -0.024217191134544389 0.00023379896395500418 0.015428204571583108 -0.011053074124234277 0.023693335370315361 0.030793624948646143 -0.0099337318169255093 0.028105881545638634 0.033622321519497067 0.0022028443269053251 0.026063192603882096 -0.02520420584414584 0.0085157815558778334 -0.00030203585249898241 0.0049729427173082312 -0.01666092999540893 -0.012620995855669535 -0.0092730529658152615 -0.0071993038349507507 0.0123820458562628 0.0061715022328726219 0.014395931385707906 -0.016118041542506047
leaf_weight=9.025646045804022 10.446814626455305 389.44340659677982 12.168285414576529 484.7814619243145 195.3766775727272 42.163496479392052 53.694616213440895 8.0024794787168521 19.799679353833202 16.439887091517452 19.02379184961319 13.543570563197134 7.0594574213027945 195.69928777217865 12.925352126359938 9.8179054111242277 61.290414586663246 6.1403813213109961 19.446336314082146 18.701324477791786 68.03170607984066 166.18771415948868 5.8437874317169181 24.273663207888603 154.24038602411747 184.21870419383049 17.632481724023819 417.28927573561668 56.27131599187851 11.52269923686981
leaf_count=24 43 1088 35 1424 569 120 183 28 61 51 53 35 22 978 43 37 244 22 67 70 229 466 21 65 591 721 51 1058 148 30
internal_value=-0.000124883 0.00201374 0.000439254 -8.49326e-06 0.00245063 -0.00205487 -0.00386919 0.00927813 0.0174396 -0.00123893 0.00479137 0.00626905 0.00826592 -0.00580957 -0.00432936 0.00274669 -0.00147893 -0.00557388 -0.00978924 -0.00290358 0.00423348 0.00263418 0.00701298 -0.00558198 -0.0110567 -0.00575098 -0.00203797 0.00706049 0.0065961 0.00557256
internal_weight=2710.5 1969.54 1437.62 1368.3 621.476 746.827 538.476 69.3136 39.0274 30.2862 408.467 531.926 26.8591 740.959 545.259 81.5551 71.7372 463.704 179.827 283.877 80.9571 208.351 22.2837 33.2993 173.687 202.92 213.009 498.627 485.083 428.812
internal_count=8577 5532 4172 3954 1761 2193 1607 218 118 100 1141 1360 83 3045 2067 324 287 1743 680 1063 272 586 72 89 658 791 620 1271 1236 1088
is_linear=0
shrinkage=0.03


Tree=123
num_leaves=31
num_cat=0
split_feature=80 49 54 54 55 77 20 87 79 111 76 74 53 111 92 105 33 92 92 11 47 17 33 110 95 46 74 36 12 68
split_gain=33.7452 10.3844 6.05936 5.55226 5.30773 5.71513 5.03393 5.59653 4.94531 4.79795 5.23521 7.18464 5.18867 5.97248 4.76092 4.75691 4.73516 4.70794 6.76941 4.95506 4.77593 4.63807 4.56586 4.37462 5.08667 4.36718 4.2066 4.08258 4.08149 3.88335
threshold=0.16171568627450983 0.34749717607499447 0.14549731182795703 -0.36088342440801452 -0.66894977168949754 0.21483516483516488 -1.0000000180025095e-35 2.3666666666666671 -0.38688172043010749 0.015000000000000022 0.2890227576974565 15.500000000000002 0.2168604651162791 0.19428850949428714 4.7578820629520608 0.29285714285714287 -0.43988095238095232 6.8961885146852913 6.9711993414346578 -0.57676767676767671 1518.6180010707765 -0.13333333333333333 1.1150793650793653 0.44494949494949498 2.0954545454545461 1483.8147822720473 -6.4999999999999991 1.0000000180025095e-35 0.19090909090909094 -0.39993796526054587
decision_type=2 2 2 2 2 2 2 2 2 2 2 2 2 2 2 2 2 2 2 2 2 2 2 2 2 2 2 2 2 2
left_child=1 8 9 15 5 6 21 -8 -1 10 14 16 -11 25 29 -3 -12 19 27 -5 -21 -4 -16 26 -25 -14 -6 -19 -26 -2
right_child=2 3 4 17 23 -7 7 -9 -10 12 11 -13 13 -15 22 -17 -18 18 -20 20 -22 -23 -24 24 28 -27 -28 -29 -30 -31
leaf_value=-0.016744629299945069 0.0054804996410666336 0.012848720916707761 0.018749845967319666 0.019253218158609642 0.028091019782023607 0.02303428631444393 -0.003836868178840862 0.020301953812781375 -0.0064872993711284962 0.019895613846639203 0.0082547204763287092 0.0064702192178797387 -8.1663810083191764e-05 -0.008076899684915359 0.0047806195856328199 -0.0049789056367373604 -0.0096565638242206535 0.011275205856286047 0.0020922203478980026 0.001171007475292318 -0.0038177695914474708 -0.0086491415365303279 0.025630112201438637 -0.022493402615668439 -0.0096940383940567355 0.013862201626049526 0.0043615598568977152 0.042796527629731178 0.019765417989227162 -0.020945583134088508
leaf_weight=55.98151621222496 9.7444701492786425 13.846507951617239 38.660309195518494 10.491039514541624 6.795937553048133 27.070542111992836 41.773392304778099 10.899810835719107 173.12499555945396 18.757605999708176 14.847031310200689 41.198828086256981 38.699520871043205 32.166781321167946 49.595100894570351 495.92829449474812 126.16812790930271 8.6948425471782667 56.62466137111187 320.26148636639118 374.85839888453484 6.4945634305477133 11.67923031747341 11.776923358440401 9.7553877830505389 42.323181003332138 631.10785913467407 6.4347973912954322 7.4765620976686469 10.289397507905958
leaf_count=263 29 46 131 39 24 94 122 39 641 61 46 124 114 90 149 1642 345 28 176 984 1185 18 39 30 26 135 1883 24 24 26
internal_value=-0.000143105 -0.00310898 0.00364455 -0.00206153 0.00515917 0.0108349 0.00745912 0.00115824 -0.00899365 0.000611966 -0.00172625 -0.00455084 0.0052818 0.00286002 0.00460375 -0.00449467 -0.00777074 -0.000465951 0.00685526 -0.00121045 -0.0015193 0.0148091 0.00875465 0.00409623 -0.00729759 0.00720208 0.00461436 0.0246816 0.00308777 -0.00809194
internal_weight=2703.53 1516.25 1187.28 1287.14 791.811 124.899 97.8281 52.6732 229.107 395.469 263.522 182.214 131.947 113.189 81.3082 509.775 141.015 777.365 71.7543 705.611 695.12 45.1549 61.2743 666.913 29.0089 81.0227 637.904 15.1296 17.2319 20.0339
internal_count=8577 5028 3549 4124 2391 404 310 161 904 1158 758 515 400 339 243 1688 391 2436 228 2208 2169 149 188 1987 80 249 1907 52 50 55
is_linear=0
shrinkage=0.03


Tree=124
num_leaves=31
num_cat=0
split_feature=86 103 48 51 90 5 74 25 37 98 106 20 112 106 96 95 64 68 11 33 108 90 89 9 6 70 91 104 26 91
split_gain=4.71152 8.96766 8.41349 7.11554 4.87716 5.93864 5.85179 5.37114 6.45747 5.12382 4.7809 4.64693 4.6082 4.55818 4.51938 4.42919 6.40842 7.66099 7.46822 7.24559 6.02734 6.57604 8.78909 6.3395 4.48205 8.13458 6.41118 3.90765 4.02497 3.84533
threshold=5.1250000000000009 1.6306818181818186 -22.718422461457518 0.9110671936758894 0.32468653971244649 0.75568181818181845 40.500000000000007 1.1666666666666667 -1.4999999999999998 1.8062500000000001 2.6961538461538468 0.071428571428571438 -1.1261747913921825 2.948684210526316 0.58571428571428574 1.1909090909090911 -0.31831076724693735 -0.50460290796706286 -0.22649572649572647 2.1547619047619055 0.40833333333333338 0.33950098557941705 0.23066482504604055 0.36931818181818188 1.8619047619047622 6.5000000000000009 2.7824068352185716 1.1055555555555558 1.0000000180025095e-35 3.2639872812942774
decision_type=2 2 2 2 2 2 2 2 2 2 2 2 2 2 2 2 2 2 2 2 2 2 2 2 2 2 2 2 2 2
left_child=4 2 -2 -4 5 6 9 29 10 14 -9 -11 -3 -10 -1 20 17 18 -17 -19 23 22 -22 -6 26 -26 -18 28 -8 -7
right_child=1 12 3 -5 15 7 27 8 13 11 -12 -13 -14 -15 -16 16 24 19 -20 -21 21 -23 -24 -25 25 -27 -28 -29 -30 -31
leaf_value=0.0014567171796110521 0.029211672257233031 -0.00035622319920565454 -0.019402474619084058 0.02207039911011047 -0.00042173562319836413 -0.0077180396051934356 -0.017542010137094024 0.03623218862413366 0.0035366616595819819 0.0025170530738573677 0.0019252997770811617 -0.0090477849644851095 -0.025977635807782895 -0.017999234994343555 -0.012034627186428117 -0.027590486706126589 0.0047852770016227932 0.021006072027146244 0.0098232689708855851 -0.012728396220687782 0.0041799870716115982 -0.018310547064232238 -0.011673079403011141 0.030405281471793621 -0.008676001208369 0.016598927712791138 -0.0048345179534486022 -0.028161638035307555 0.0088047605041328848 0.01192315399453131
leaf_weight=46.271263256669044 8.5441727638244647 8.7096755951643008 12.464010447263719 5.3092227876186362 43.286339804530144 145.99948498606682 10.45305952429772 8.3119645863771421 38.70349708199501 1692.8933471292257 6.5263575911521903 31.858573779463768 23.005766600370407 11.465511441230772 43.219064772129059 8.674143925309183 80.606314823031425 36.881276592612267 10.755769714713095 6.7842429876327506 56.887185230851173 41.754267171025276 70.457114949822426 6.9707719385623923 18.425973072648048 30.31574921309948 275.32626430690289 8.8659721463918668 10.421214208006857 9.5583156794309598
leaf_count=138 22 29 47 17 133 545 35 23 132 4908 22 99 85 46 130 32 249 98 30 21 170 144 221 18 59 84 939 35 32 34
internal_value=0.000260384 -0.00819888 0.00474718 -0.00701369 0.00043879 0.00116743 0.0017239 -0.00348481 0.00375706 0.00194028 0.0211429 0.00230343 -0.0189415 -0.0013851 -0.00505888 -0.00175049 -0.000101096 0.00879162 -0.00687945 0.0157648 -0.00526777 -0.00797882 -0.00459121 0.00385404 -0.00148762 0.00704417 -0.00265597 -0.0114758 -0.00438872 -0.00651118
internal_weight=2809.71 58.0328 26.3174 17.7732 2751.67 2064.55 1843.98 220.565 65.0073 1814.24 14.8383 1724.75 31.7154 50.169 89.4903 687.125 467.77 63.0954 19.4299 43.6655 219.356 169.099 127.344 50.2571 404.674 48.7417 355.933 29.7402 20.8743 155.558
internal_count=8577 200 86 64 8377 6179 5377 802 223 5275 45 5007 114 178 268 2198 1512 181 62 119 686 535 391 151 1331 143 1188 102 67 579
is_linear=0
shrinkage=0.03


Tree=125
num_leaves=31
num_cat=0
split_feature=79 80 79 96 78 83 74 46 19 64 76 88 102 78 79 26 54 107 90 110 8 110 67 47 4 52 68 50 90 107
split_gain=34.5334 13.8514 6.7252 6.18982 6.14128 6.04314 6.96579 5.93469 5.8869 5.48784 7.36587 5.35341 6.02348 7.10485 5.92648 5.18363 7.3617 6.66155 5.37827 5.16353 10.4307 5.42776 5.12658 7.89974 4.92337 4.807 4.68436 5.51218 4.3584 5.72336
threshold=0.06666666666666668 -0.71746492501209469 0.043282265919081832 0.58571428571428574 -0.14285714285714279 0.55000000000000016 8.5000000000000018 1417.7368245899399 0.48333333333333339 0.47209820227942373 0.40089285714285722 0.48547206979034757 1.4472222222222224 -0.11111111111111113 0.28584255250921931 -1.8333333333333333 -1.6961538461538459 0.51315789473684215 0.28179892141756552 -0.69999999999999973 0.059981684981684998 -0.95477941176470571 0.10834686147186147 1486.7993878957411 0.80909090909090919 0.35570570570570575 1.6074929971988798 0.042572463768115944 0.32818958039222362 0.53589743589743599
decision_type=2 2 2 2 2 2 2 2 2 2 2 2 2 2 2 2 2 2 2 2 2 2 2 2 2 2 2 2 2 2
left_child=1 15 4 -4 5 6 -3 -6 -9 10 -5 14 13 -13 19 16 -1 25 -19 20 21 -2 23 -21 -24 -18 27 -16 29 -14
right_child=11 2 3 9 7 -7 -8 8 -10 -11 -12 12 28 -15 26 -17 17 18 -20 22 -22 -23 24 -25 -26 -27 -28 -29 -30 -31
leaf_value=-0.017641076413687173 -0.013404897215929846 -0.00096380530498386106 0.031408537803430031 0.0026627691663235376 0.010465537927715594 0.014522625313909587 -0.018108858434661187 0.0019361747089196137 -0.0027882873596687613 -0.01937579523727891 0.023490293442719669 0.0020921865380490088 0.016205156174731585 0.037146402483054432 0.017706397813034847 0.0040552411892871079 0.024681968081565812 -0.017034552253784991 0.0091825677374684257 0.0029231712342900318 0.031629634756301588 0.0039927728566029616 0.00046225105741631709 -0.0077545383458919549 -0.012464274472339965 0.0088010926246665493 0.013080971215019581 -0.013176161649550266 -0.022379438218813181 -0.01725170874093513
leaf_weight=7.597814440727233 24.036083295941353 38.253878533840179 8.6288537532091123 74.328476563096046 45.908392116427422 9.6373722553253156 48.199316427111626 446.14672449231148 507.2465622574091 7.7172830551862708 19.237812906503677 13.546254187822344 11.463509485125547 8.4496697634458524 5.3760158121585837 646.78080442547798 42.711052715778351 9.3224838674068433 28.792544692754745 105.75816148519516 9.539446145296095 49.123287737369537 32.644661858677864 151.96087327599525 141.29732523858547 28.668063133955002 6.8843018114566794 160.3591917604208 9.1667475253343564 7.6878496110439292
leaf_count=20 106 121 25 235 124 28 158 1279 1514 27 60 51 44 26 27 1667 109 22 72 385 35 194 125 590 544 71 22 824 38 34
internal_value=-0.000127367 0.00194619 -5.68375e-05 0.00701752 -0.000766683 -0.00801061 -0.0105225 -7.01241e-05 -0.000577444 0.00493953 0.00694504 -0.00566547 0.00378043 0.0155582 -0.00635729 0.00510675 0.010915 0.0128965 0.00277017 -0.00474308 0.00212417 -0.00172313 -0.00605873 -0.00337281 -0.0100383 0.0183037 -0.0111672 -0.0121744 -0.00536785 0.00277471
internal_weight=2706.47 1969.18 1205.3 109.912 1095.39 96.0906 86.4532 999.302 953.393 101.284 93.5663 737.293 50.314 21.9959 686.979 763.873 117.092 109.494 38.115 514.36 82.6988 73.1594 431.661 257.719 173.942 71.3791 172.62 165.735 28.3181 19.1514
internal_count=8577 5532 3571 347 3224 307 279 2917 2793 322 295 3045 193 77 2852 1961 294 274 94 1979 335 300 1644 975 669 180 873 851 116 78
is_linear=0
shrinkage=0.03


Tree=126
num_leaves=31
num_cat=0
split_feature=80 48 52 65 54 80 12 103 4 47 109 109 68 109 97 65 1 109 35 52 21 54 93 1 104 95 34 14 13 16
split_gain=31.7949 9.94068 5.90638 5.31351 5.28516 4.79498 4.50942 5.49697 5.25143 4.35175 4.80638 5.34687 4.54624 6.65005 4.10821 4.02983 6.17082 5.51745 4.26047 3.91805 4.89678 4.35824 5.59231 4.27524 3.70427 6.59859 5.01558 3.65873 3.54025 3.20099
threshold=0.16171568627450983 -109.45244645371564 0.7025418275418277 -0.056142050717038143 -0.36088342440801452 -1.6121334310850437 0.20714285714285716 1.3484848484848486 1.6961538461538463 1516.7776678505422 -0.74166666666666647 -1.4045454545454543 -0.34568802236059798 0.15000000000000027 1.6833333333333336 0.37678828376914847 1.1909090909090911 0.10192307692307691 1.8244047619047621 0.27297565822155995 0.30384615384615393 0.052911534154535277 1.7182539682539686 1.1291666666666669 1.2613636363636365 1.2361111111111114 -0.26726190476190465 -0.36277056277056269 1.0000000180025095e-35 0.51666666666666672
decision_type=2 2 2 2 2 2 2 2 2 2 2 2 2 2 2 2 2 2 2 2 2 2 2 2 2 2 2 2 2 2
left_child=1 5 19 27 15 -1 7 -5 -9 12 11 -11 13 -6 -12 16 18 -18 -3 20 -2 22 23 -21 26 -26 -23 -4 -29 -24
right_child=2 4 3 6 9 -7 -8 8 -10 10 14 -13 -14 -15 -16 -17 17 -19 -20 21 -22 24 29 -25 25 -27 -28 28 -30 -31
leaf_value=-0.015513174566750557 0.030801640515889146 -0.0084974214673089344 -0.00394076135689218 -0.018145954389359523 0.028110509881215967 -0.0059796386258422962 0.018254113274919662 0.014441206226167076 -0.0023334067953165406 0.017057043195290781 -0.002858618020663711 -0.013539323368349553 0.0011878645514680466 -0.009022477911664566 0.0049278351417145847 -0.011257066576067681 0.0021954378526588074 -0.010375226773772004 0.0048608588458476766 0.002435504488424123 0.001612774057797409 -0.0090399799418228108 -0.0028009462989029938 -0.0063983934041186028 -0.0059601533297167514 0.0073577540776848345 0.0027077388791305126 -0.0018844708560990472 0.014999627973037258 -0.023924371154939211
leaf_weight=67.562015682458878 9.7785768210887927 190.56805765628815 12.227079749107359 12.698509573936461 13.312319874763491 159.75039584934711 14.345942854881285 25.006913349032402 51.156567722558975 5.7021545916795722 290.83295452594757 52.185250401496887 331.32534110546112 6.4405746012926093 77.164316192269325 66.735844820737839 188.98222790658474 37.691616177558899 24.219050288200378 226.6405683606863 10.98207578063011 37.704879358410835 12.1468712836504 63.014751464128494 37.835168719291687 291.06480501592159 246.8163625895977 12.449361205101011 109.35037435591221 13.782334059476851
leaf_count=307 33 598 37 33 48 597 47 79 146 23 905 175 1015 19 251 243 653 115 79 668 32 103 35 182 105 876 718 36 384 35
internal_value=-0.0001459 -0.00303021 0.00352928 0.00776352 -0.00200735 -0.00881321 0.00264715 0.00012755 0.00317424 -0.000451428 -0.00248992 -0.0105255 0.00202142 0.016003 -0.0012259 -0.00438614 -0.00334746 0.000105172 -0.00699116 0.00247164 0.0153612 0.0021836 -0.000681166 0.000513683 0.00365743 0.00582572 0.00115093 0.0117034 0.0132739 -0.0140288
internal_weight=2699.47 1512.47 1187 237.235 1285.16 227.312 103.208 88.862 76.1635 776.963 425.885 57.8874 351.078 19.7529 367.997 508.197 441.461 226.674 214.787 949.766 20.7607 929.006 315.585 289.655 613.421 328.9 284.521 134.027 121.8 25.9292
internal_count=8577 5028 3549 762 4124 904 305 258 225 2436 1354 198 1082 67 1156 1688 1445 768 677 2787 65 2722 920 850 1802 981 821 457 420 70
is_linear=0
shrinkage=0.03


Tree=127
num_leaves=22
num_cat=0
split_feature=50 74 17 74 90 3 89 95 92 55 103 104 90 46 92 36 104 92 22 79 102
split_gain=4.63837 5.44825 4.49809 4.29964 4.65282 5.25716 4.77977 5.32478 7.5046 7.44732 4.25264 4.69443 4.58529 4.04565 7.02054 3.78729 3.33433 1.76984 0.244067 0.0118763 0.00427177
threshold=0.042572463768115944 28.500000000000004 -0.050641025641025648 42.500000000000007 0.32468653971244649 3.1339285714285716 0.2301765546854517 1.1909090909090911 5.1029059508623904 -1.0285947712418297 2.5192307692307696 1.738636363636364 0.34195219789403314 1417.7368245899399 5.7573219937320976 1.5000000000000002 0.80909090909090919 6.7951461780250071 0.39230769230769241 0.2564739133756016 1.341666666666667
decision_type=2 2 2 2 2 2 2 2 2 2 2 2 2 2 2 2 2 2 2 2 2
left_child=1 2 18 4 5 13 10 9 -9 -8 12 -12 -6 14 -2 -15 -5 -18 19 -1 -19
right_child=3 -3 -4 16 6 -7 7 8 -10 -11 11 -13 -14 15 -16 -17 17 20 -20 -21 -22
leaf_value=-0.028227001101194509 0.0095287561048148124 0.016318355892923037 0.0056898081657546888 0.0045786512862323421 0.0045111505456074145 -0.022306243049705292 0.016913024035153931 -0.022887077397219183 -0.00016596007964536863 -0.01264583667001193 -0.010236578615738531 0.01629168389448156 -0.0028876010432001024 0.0010575331891494294 -0.0094698728982946217 0.0048124843897908928 -0.0061602643670304663 -0.027880541462352609 -0.019887027927836531 -0.026344930865398967 -0.026672644671981043
leaf_weight=7.3188717365264981 23.256658494472504 5.1203472167253485 5.588984712958335 7.1013195514678982 213.01231247186661 8.5208918303251249 8.3797307312488538 14.029007598757742 194.03975720703602 90.735707953572273 49.556120201945305 6.831105723977088 116.67985171079636 1678.5205386281013 70.784981206059456 282.42387433350086 5.3941129744052878 5.368133068084715 5.5504290461540213 5.1344511955976486 5.1756188571453094
leaf_count=29 65 16 17 23 654 39 23 51 627 293 172 19 382 4944 216 898 19 20 24 24 22
internal_value=0.000263191 -0.0117327 -0.0178206 0.000387098 0.000494959 0.00120933 -0.00163138 -0.00442402 -0.00169793 -0.0101468 0.00059058 -0.00702278 0.00189269 0.00130684 -0.00477148 0.00159834 -0.012519 -0.0201371 -0.0251191 -0.027451 -0.0272876
internal_weight=2808.52 28.7131 23.5927 2779.81 2756.77 2063.51 693.264 307.184 208.069 99.1154 386.079 56.3872 329.692 2054.99 94.0416 1960.94 23.0392 15.9379 18.0038 12.4533 10.5438
internal_count=8577 110 94 8467 8383 6162 2221 994 678 316 1227 191 1036 6123 281 5842 84 61 77 53 42
is_linear=0
shrinkage=0.03


Tree=128
num_leaves=31
num_cat=0
split_feature=79 79 88 7 79 90 88 68 46 68 94 78 89 103 12 9 89 106 86 12 88 65 90 36 106 111 113 48 68 50
split_gain=32.793 13.5055 5.34696 5.59621 5.38848 5.07865 5.18513 6.02918 5.00832 4.94436 7.08878 6.44615 5.18505 9.04802 6.32166 5.06862 4.82452 5.13098 5.00407 6.64946 5.3968 4.76384 5.86336 5.41607 5.3426 4.6246 5.8217 4.93725 4.53589 5.32873
threshold=0.07342687412346853 -0.2349105812220566 0.48547206979034757 2.1742424242424243 0.28584255250921931 0.33078385492834167 0.49578648360752758 0.60240539929967252 1417.7368245899399 -0.41219856908280539 1.6899038461538465 0.29398148148148157 0.2627834325891128 1.9545454545454548 0.25833333333333336 0.20714285714285716 0.26075082397506455 1.841666666666667 1.9000000000000001 0.25833333333333336 0.47424597852335565 0.51604789819545005 0.25533178349421343 1.5000000000000002 4.1583333333333341 -0.01 -1.0000000180025095e-35 -57.107895457478314 1.6074929971988798 0.042572463768115944
decision_type=2 2 2 2 2 2 2 2 2 2 2 2 2 2 2 2 2 2 2 2 2 2 2 2 2 2 2 2 2 2
left_child=1 21 4 5 16 6 -4 -8 25 10 11 -10 14 -14 -11 -12 18 -18 19 -2 -20 23 -23 -1 -24 26 -3 -27 29 -6
right_child=2 8 3 -5 28 -7 7 -9 9 12 15 -13 13 -15 -16 -17 17 -19 20 -21 -22 22 24 -25 -26 27 -28 -29 -30 -31
leaf_value=0.0038935762501095929 0.0091154330591492316 0.0065040643442593185 0.032704317864085231 -0.016093342298896616 0.017250814379691747 -0.0076061120418504918 -0.008161365160712062 0.028680076363285584 -0.018453610387940817 0.001893715474763273 0.003815929035206919 -0.00065510414642537703 0.0011267509684070747 0.01227608966762482 -0.0034452586180493618 -0.010739056461741947 0.01425320540256093 -0.009435651761996797 -0.0042346957285916576 -0.0049825116332505434 -0.025849708020696166 -0.010847110134363533 0.0083368081884146236 -0.016893805692346869 0.024190299834476788 -0.017737021484847001 0.028692700178786439 0.0080043965398613418 0.012825968299838241 -0.012987782114180533
leaf_weight=236.66597554087639 62.679816901683807 36.007268682122231 10.423741430044176 10.062214180827139 5.4242338687181464 11.637002632021902 10.532003730535509 6.4439090341329566 47.328692898154259 404.06178043782711 86.32819738984108 29.872890964150429 314.14153406023979 82.768414422869682 394.44965177774429 28.689312592148781 8.6043014973402006 188.74009466171265 155.23365570604801 57.947716072201729 11.142234861850737 13.301786780357359 248.69267010688782 11.845051020383833 20.725716292858124 11.026282384991648 15.107222735881804 17.115034207701683 6.9088199734687796 158.70605896413326
leaf_count=610 230 95 39 43 27 44 39 24 138 1178 245 82 931 230 1168 84 29 747 611 225 46 34 631 29 56 30 38 48 22 824
internal_value=-0.000127774 0.00183443 -0.00569316 0.0038557 -0.00640853 0.00899783 0.0160498 0.00582333 0.000350183 -6.875e-05 -0.00453456 -0.0115665 0.000649335 0.00345174 -0.000743637 0.000185416 -0.00479203 -0.00840281 -0.00230925 0.00234299 -0.00568226 0.00593291 0.00859641 0.00290276 0.00955638 0.00768502 0.0130621 -0.00208156 -0.0109861 -0.0119884
internal_weight=2702.61 1998.13 704.486 49.0989 655.387 39.0367 27.3997 16.9759 1466.9 1387.64 192.219 77.2016 1195.42 396.91 798.511 115.018 484.348 197.344 287.003 120.628 166.376 531.231 282.72 248.511 269.418 79.2558 51.1145 28.1413 171.039 164.13
internal_count=8577 5627 2950 189 2761 146 102 63 4267 4056 549 220 3507 1161 2346 329 1888 776 1112 455 657 1360 721 639 687 211 133 78 873 851
is_linear=0
shrinkage=0.03


Tree=129
num_leaves=31
num_cat=0
split_feature=80 48 52 54 79 105 92 92 11 88 105 73 91 54 1 46 72 74 109 33 34 73 88 75 110 33 50 72 109 79
split_gain=30.0661 9.51876 5.64877 5.09109 4.80777 4.55429 4.46793 6.42686 4.70311 4.46243 4.87796 4.61655 4.29377 4.23839 4.01466 7.42976 4.23747 3.94584 3.88307 3.813 6.43989 4.91007 6.4279 7.36348 6.14474 4.70725 4.23651 3.99891 3.78384 3.6814
threshold=0.16171568627450983 -109.45244645371564 0.7025418275418277 -0.36088342440801452 -0.38688172043010749 0.29285714285714287 6.8961885146852913 6.9711993414346578 -0.57676767676767671 0.45167676736121964 1.8090909090909093 23.500000000000004 2.6023411829134724 -0.34021276595744676 1.1909090909090911 1473.1278048979204 34.500000000000007 26.500000000000004 1.2562500000000003 -0.76726190476190459 1.2041666666666668 18.500000000000004 0.44213059333271659 20.500000000000004 0.44494949494949498 -0.43988095238095232 0.24244897959183676 55.500000000000007 0.19999999999999987 -0.36341022161917685
decision_type=2 2 2 2 2 2 2 2 2 2 2 2 2 2 2 2 2 2 2 2 2 2 2 2 2 2 2 2 2 2
left_child=1 4 19 5 -1 -3 8 17 -5 11 -11 12 -4 -10 16 -16 -7 -8 28 20 27 25 24 -24 -23 -21 -27 -2 -13 -6
right_child=2 3 9 6 29 14 7 -9 13 10 -12 18 -14 -15 15 -17 -18 -19 -20 21 -22 22 23 -25 -26 26 -28 -29 -30 -31
leaf_value=-0.016407648137640909 -0.014440804244252427 0.012652350700010131 -0.0018466388256900953 0.018701935899655044 0.012462994271001336 -0.0069894233121340034 0.0095376518430132021 0.002041720948651187 0.015195803006364235 0.0056183554699227025 -0.013183901588899618 0.021197679168200301 0.017032806641091677 -0.0017888816169314657 0.0011053350591351814 -0.0090267829981219207 -0.027135976127727945 0.040109195495456586 0.020898578000175194 0.016990029007377897 0.010395713821822656 0.0063119190607873778 -0.0073704105705846056 0.0053887460044949719 -0.019481870197151138 0.0091059025749792855 0.0025883420492673567 0.009792719266223179 -0.0011018932132513481 -0.0072082186938326846
leaf_weight=54.397437766194344 38.888613775372505 13.880815103650091 12.480576425790785 10.572555482387541 9.0397087037563306 197.65142412483692 8.0400640368461591 56.648684278130531 13.484992608428 51.234366193413734 16.39116308093071 7.8209118843078604 82.571085378527641 680.48463059961796 184.91369734704494 100.55590584874153 9.8650655150413495 7.2044655233621588 11.12563271820545 26.585196152329445 18.330645069479942 139.85798622667789 134.85826347768307 58.30940018594265 8.8374298810958845 115.61443863809109 401.3726848512888 7.2749011516571036 55.068063139915466 162.14253669977188
leaf_count=263 105 46 37 39 39 627 26 176 47 161 44 26 290 2122 646 341 28 26 40 86 57 422 372 173 23 354 1173 22 164 602
internal_value=-0.000145306 -0.00295506 0.00342751 -0.00195605 -0.00863833 -0.00429471 -0.00042934 0.00669478 -0.0011563 0.00757415 0.00106104 0.0101794 0.0145539 -0.00145884 -0.00477188 -0.00246368 -0.00794716 0.0239856 0.00456148 0.00239431 -0.0046482 0.00290727 9.02595e-05 -0.00351894 0.00477891 0.00467895 0.00404587 -0.0106218 0.0016713 -0.00616943
internal_weight=2695.5 1508.88 1186.62 1283.3 225.58 506.867 776.435 71.8932 704.542 236.692 67.6255 169.066 95.0517 693.97 492.986 285.47 207.516 15.2445 74.0146 949.93 64.4942 885.435 341.863 193.168 148.695 543.572 516.987 46.1635 62.889 171.182
internal_count=8577 5028 3549 4124 904 1688 2436 228 2208 762 205 557 327 2169 1642 987 655 52 230 2787 184 2603 990 545 445 1613 1527 127 190 641
is_linear=0
shrinkage=0.03


Tree=130
num_leaves=28
num_cat=0
split_feature=86 103 48 51 112 90 5 87 2 76 22 23 91 103 65 52 91 19 54 8 53 2 54 103 76 96 80
split_gain=4.51765 8.69997 8.02817 6.86155 4.51955 4.47355 5.56632 6.97859 5.2044 6.5488 4.99278 4.71072 4.44989 4.43033 5.83961 4.6521 4.32264 4.17864 4.62033 4.61496 4.52358 4.35869 2.12764 1.46047 0.34316 0.279782 0.0145986
threshold=5.1250000000000009 1.6306818181818186 -22.718422461457518 0.9110671936758894 -1.1261747913921825 0.32468653971244649 0.75568181818181845 3.1250000000000004 1.2696969696969702 0.66894977168949776 0.32051282051282054 0.65151515151515171 2.5663823478905421 1.9545454545454548 -0.26427582113177678 0.583937198067633 3.3479871175523352 0.64583333333333337 1.251760563380282 0.59696969696969715 0.87577160493827166 0.70714285714285741 0.55848153214774288 2.2613636363636371 0.60749299719887961 1.6515151515151518 -0.9165426587301585
decision_type=2 2 2 2 2 2 2 2 2 2 2 2 2 2 2 2 2 2 2 2 2 2 2 2 2 2 2
left_child=5 2 -2 22 -3 6 7 8 12 -10 -9 17 -1 14 16 -16 -8 20 19 -19 21 -7 -4 -15 26 -22 -6
right_child=1 4 3 -5 24 11 13 10 9 -11 -12 -13 -14 23 15 -17 -18 18 -20 -21 25 -23 -24 -25 -26 -27 -28
leaf_value=-0.0011114156078155582 0.028449525328681422 -0.00029891355728343109 -0.02977607223563581 0.021553436116774984 -0.02675550492606248 -0.00057309896562096575 -0.0074227169084684257 0.0066033879159620281 0.026943724437981865 -0.008996370384681816 0.037907163095024322 -0.026655824469747427 0.0022279328835361841 -0.028273197481873423 -0.0072372404001788187 0.0088100843337035849 0.019980457498890863 0.019910718885204636 -0.01580148632703288 -0.0031295551213800926 -0.026949838294160706 -0.0072824708997231823 -0.004551814844998503 -0.0099959662159649007 -0.018865557552048454 -0.016946561466327219 -0.028493686764764173
leaf_weight=494.89366303384304 8.6062874495983142 8.6807715147733706 7.1525010168552416 5.3342737406492224 7.7855038344860139 522.68818844854832 119.42548999190331 10.820342838764192 15.129452377557756 6.5333737432956687 7.958135098218917 6.7194742709398261 1309.3095977306366 7.5064702332019797 22.85187129676342 56.352866813540459 5.4156501144170752 23.101962462067604 6.3016418963670722 11.831026792526243 5.0484914481639844 104.57896067202091 5.1958078742027283 8.2692943066358549 5.0627390444278708 5.0171651244163513 9.851518049836157
leaf_count=1465 22 29 25 17 28 1599 453 34 42 26 19 26 3791 30 73 201 17 65 25 37 19 406 22 28 21 21 36
internal_value=0.000265391 -0.00804455 0.00468613 -0.00687975 -0.0187096 0.000439672 0.00113683 0.00167458 0.00148745 0.0161044 0.0198696 -0.00166056 0.00131195 -0.00337572 -0.00219149 0.00418017 -0.00623396 -0.00141305 0.00784233 0.0121075 -0.00201186 -0.0016917 -0.0191624 -0.0186927 -0.0257502 -0.0219638 -0.0277264
internal_weight=2807.42 57.6694 26.2889 17.6826 31.3805 2749.75 2064.47 1844.64 1825.87 21.6628 18.7785 685.287 1804.2 219.822 204.046 79.2047 124.841 678.567 41.2346 34.933 637.333 627.267 12.3483 15.7758 22.6998 10.0657 17.637
internal_count=8577 200 86 64 114 8377 6179 5377 5324 68 53 2198 5256 802 744 274 470 2172 127 102 2045 2005 47 58 85 40 64
is_linear=0
shrinkage=0.03


Tree=131
num_leaves=31
num_cat=0
split_feature=79 79 51 43 64 103 51 78 8 26 102 47 88 8 99 79 89 76 106 89 90 95 4 65 95 101 89 97 50 110
split_gain=30.999 12.7641 5.52347 5.38498 7.46594 12.8764 7.00758 6.08234 6.02824 5.86247 5.29669 5.23974 5.15936 5.52688 5.32524 5.79586 4.90898 5.08377 5.04453 4.84628 4.77476 7.01737 5.39257 4.61548 4.75395 3.91266 3.77702 3.70837 5.24884 3.60749
threshold=0.07342687412346853 -0.22680851063829788 0.85092592592592597 1.0000000180025095e-35 0.080362181166077754 1.1909090909090911 0.81725417439703174 0.73993558776167478 0.69761904761904769 -0.49999999999999994 1.0513157894736844 1426.2419027651324 0.48547206979034757 -1.1952380952380952 0.57738095238095244 0.28584255250921931 0.26075082397506455 0.23013871374527115 1.841666666666667 0.30125019534302239 0.33078385492834167 2.7386363636363638 1.0690476190476192 0.79274265665595423 0.68333333333333346 1.4522727272727274 0.29385811665518174 0.88194444444444453 0.042572463768115944 0.45192307692307709
decision_type=2 2 2 2 2 2 2 2 2 2 2 2 2 2 2 2 2 2 2 2 2 2 2 2 2 2 2 2 2 2
left_child=1 2 19 6 8 -6 7 11 10 -10 -5 -3 14 -14 15 16 17 -2 -18 23 21 22 -15 26 -25 -7 -1 -17 -29 -21
right_child=12 3 -4 4 5 25 -8 -9 9 -11 -12 -13 13 20 -16 27 18 -19 -20 29 -22 -23 -24 24 -26 -27 -28 28 -30 -31
leaf_value=0.0042035826735005236 0.019812989890593401 0.016765362757287516 -0.019156308299368655 -0.00412730759568972 0.027451355599992306 -0.017203955526150685 -0.0090350842406346221 -0.027396342215613729 0.031570126460633001 0.0051312828960159342 0.0057346890932069702 -0.00025472646159902879 -0.020529295121399029 0.019858915414556647 0.02415761875321417 0.011663529129287458 0.013893159543245473 -0.0030460710865927538 -0.0095330877194913233 0.0065022537863095847 -0.0080602168569697766 0.043395064632566371 -0.0087532609534957378 0.025883405655619481 0.0091361994615161077 -0.0036696928808523182 0.019517535283195105 0.016633746574787108 -0.013216834492166974 -0.016616542853228226
leaf_weight=356.59413953125477 9.0434146970510465 16.585692122578621 7.9683656245470038 60.45379164814949 10.383436083793638 27.736369058489799 87.896592184901237 7.3208090364933005 14.582123696804048 15.647896185517309 259.00785575807095 880.47374613583088 7.1664491593837729 13.308339729905134 5.1374459713697425 6.0844456404447547 8.6564439088106138 275.61686983704567 186.71691854298115 10.465947493910791 11.947075009346007 5.9965616315603247 10.690707474946974 17.231683909893036 132.98625722527504 62.639424175024033 15.109110236167906 5.4890943169593802 155.1382614299655 14.477658897638319
leaf_count=911 32 48 23 166 31 88 277 21 38 42 739 2564 34 51 19 23 29 1073 744 27 44 21 39 46 342 191 37 27 814 36
internal_value=-0.000130957 0.00177379 0.00564081 0.000286635 0.00300692 -0.00418823 -0.000948255 -0.000162297 0.00508011 0.0178846 0.00386844 5.99572e-05 -0.00555875 0.00381831 -0.00626516 -0.00650683 -0.00483319 -0.00231986 -0.00849514 0.00600213 0.00797841 0.0143665 0.00711323 0.00661952 0.0110573 -0.00782336 0.00482607 -0.0113259 -0.0121968 -0.00691626
internal_weight=2698.55 1997.56 554.833 1442.73 450.451 100.759 992.277 904.38 349.692 30.23 319.462 897.059 700.992 49.1091 651.883 646.745 480.034 284.66 195.373 546.865 41.9427 29.9956 23.999 521.921 150.218 90.3758 371.703 166.712 160.627 24.9436
internal_count=8577 5627 1422 4205 1295 310 2910 2633 985 80 905 2612 2950 189 2761 2742 1878 1105 773 1399 155 111 90 1336 388 279 948 864 841 63
is_linear=0
shrinkage=0.03


Tree=132
num_leaves=31
num_cat=0
split_feature=80 5 79 46 79 78 104 17 99 89 90 80 80 110 0 90 36 8 70 21 79 85 53 8 95 65 88 39 104 102
split_gain=28.4779 8.4323 6.64332 5.28793 5.50783 4.83728 4.88364 4.54133 5.1954 4.38974 6.15472 4.30476 4.70809 4.73297 4.55178 4.53981 4.28731 4.1051 5.05227 4.55338 4.03063 4.10371 4.0291 5.30617 4.9204 4.1155 4.45606 3.51455 3.42664 3.46365
threshold=-0.15604707792207789 0.81861471861471879 -0.38688172043010749 1519.4272452704552 0.069208989454768985 0.37797619047619058 0.29285714285714287 0.05677655677655679 0.48684210526315791 0.20216677096370464 0.33312629399585925 0.41701680672268915 -0.14797208617433333 0.66666666666666696 2.5166666666666671 0.32492555381774163 2.5000000000000004 -0.2296703296703296 41.500000000000007 0.13809523809523813 -0.0056026365348399157 0.36666666666666675 0.36088342440801463 0.6267857142857145 1.0454545454545456 0.96599588020527383 0.39028324154209287 1.0000000180025095e-35 1.1909090909090911 1.7573529411764708
decision_type=2 2 2 2 2 2 2 2 2 2 2 2 2 2 2 2 2 2 2 2 2 2 2 2 2 2 2 2 2 2
left_child=2 11 5 7 -5 6 -1 8 -3 10 -4 12 -2 16 20 27 -14 19 -19 -6 -13 -22 23 -11 -25 26 -24 -16 -12 -30
right_child=1 3 9 4 17 -7 -8 -9 -10 22 28 14 13 -15 15 -17 -18 18 -20 -21 21 -23 25 24 -26 -27 -28 -29 29 -31
leaf_value=0.023067050169259518 0.022875685052669969 0.0074060574354218979 -0.0064102052524323463 0.032576652338069619 0.0084661403331050926 -0.013504337550748396 -0.0077791077085597998 0.023234955954267656 -0.0089282874431981223 -0.015116241038728747 0.0041088114881672865 0.02327221351183047 -0.00069244225730987386 -0.020329382424202493 -0.018844391644148983 0.012328096924176909 0.012637059373509917 0.010606596941119055 -0.0056479472805252822 0.022432707751029166 0.002201071106880103 0.0086438405596611177 0.015728651887804378 0.021862083850405899 -0.010144452772590165 -0.012445062703687056 -0.0029082734607987666 0.0012861033515616732 0.03396827007304111 0.0068573181194519182
leaf_weight=6.8945969790220287 7.7936244159936896 29.556888744235039 28.770299091935158 8.488378554582594 142.31693318486214 97.666744813323021 13.998122453689573 6.8730475902557364 43.051038548350334 54.801177769899368 22.480145528912544 9.4523552358150464 678.50687132775784 10.743995636701582 21.19500207901001 9.2291527241468412 22.435059159994125 31.912393897771835 37.354996517300606 24.646919250488281 436.63693878054619 111.74770566821098 11.730454504489897 7.6719642281532314 9.9023036211729032 40.409979254007339 735.72253561019897 12.355868846178053 9.5329977869987506 7.6403245329856864
leaf_count=25 27 90 92 29 473 436 54 23 120 166 74 31 2036 29 54 29 70 99 104 84 1271 339 41 28 31 147 2479 36 35 25
internal_value=-0.000147505 0.00231516 -0.00401426 0.00665027 0.00883377 -0.0107016 0.00240012 -7.2685e-05 -0.00227898 -0.00316051 0.00415287 0.00125051 -0.000314739 -0.000568695 0.00312551 -0.00630524 -0.000265805 0.00798063 0.00184073 0.0105279 0.00384875 0.00351395 -0.00374222 -0.0105162 0.00382785 -0.00311994 -0.00261579 -0.0114309 0.0118168 0.0219067
internal_weight=2691.52 1644.3 1047.22 324.201 244.72 118.559 20.8927 79.481 72.6079 928.662 68.4238 1320.1 719.48 711.686 600.617 42.78 700.942 236.231 69.2674 166.964 557.837 548.385 860.238 72.3754 17.5743 787.863 747.453 33.5509 39.6535 17.1733
internal_count=8577 4944 3633 1022 789 515 79 233 210 3118 226 3922 2162 2135 1760 119 2106 760 203 557 1641 1610 2892 225 59 2667 2520 90 134 60
is_linear=0
shrinkage=0.03


Tree=133
num_leaves=31
num_cat=0
split_feature=14 51 0 103 12 77 54 96 110 64 79 103 51 105 112 80 74 8 74 35 96 44 96 8 102 16 88 49 46 70
split_gain=4.72888 6.59625 6.42771 6.63356 5.73159 5.54659 4.49843 7.92166 5.8442 4.35127 4.29128 4.63079 6.46018 7.51038 7.29728 6.56295 6.05839 5.19531 4.65432 8.35849 6.8151 4.47143 4.52465 6.52759 4.18 4.12218 3.55916 7.99337 3.68615 3.21706
threshold=0.23205128205128209 0.82971014492753636 1.4833333333333336 1.2111111111111115 0.63068181818181823 0.13423423423423428 0.50280898876404512 0.63068181818181823 -0.60208333333333319 0.26087118202009091 0.35743321718931481 2.2792207792207795 0.19615384615384621 2.5227272727272729 0.7325843721495896 -1.2212883589220007 42.500000000000007 -0.19523809523809518 6.5000000000000009 -0.65178571428571408 0.43650793650793657 1.5000000000000002 0.91287878787878796 -1.0696969696969696 0.63068181818181823 0.59166666666666679 0.42681987297530916 0.6932213460940736 1539.0083760288881 86.500000000000014
decision_type=2 2 2 2 2 2 2 2 2 2 2 2 2 2 2 2 2 2 2 2 2 2 2 2 2 2 2 2 2 2
left_child=10 4 3 5 6 -3 8 -8 -2 -10 11 16 13 24 17 -15 18 -14 19 -1 -20 22 23 25 -13 -12 27 -24 -28 -18
right_child=1 2 -4 -5 -6 -7 7 -9 9 -11 21 12 14 15 -16 -17 29 -19 20 -21 -22 -23 26 -25 -26 -27 28 -29 -30 -31
leaf_value=0.002951906960695114 -0.022040471480535017 0.020788030548020753 -0.0073965919381323549 0.035037082809752644 -0.017114309458762089 -0.0076381307676098298 0.038285072610950314 0.0031465930986887044 0.003376746123658183 -0.022588631811300358 -0.013138275220159607 0.0059015434904598641 0.015491436308666888 -0.0041513315428019287 -0.023853330898724941 0.022067223594120344 0.0016460131513339358 0.00047550482482868459 0.01555408700152933 -0.0026660461476064453 0.0017755322111235928 -0.015435388321070713 -0.0026720657347423407 -0.017913772582867114 -0.011455860071668924 0.018831462018490976 0.0075185742651920733 0.044486734984618671 -0.010893892944839995 -0.024152155967150132
leaf_weight=374.12488467991352 9.1379487961530668 16.156685724854473 10.406598418951033 14.825449600815771 13.596104413270949 10.002322167158125 8.5686157941818255 17.705780223011971 179.30046930909157 6.0030386745929709 5.9440398663282386 13.764687836170195 27.779482677578926 24.120044827461243 8.9760835319757444 13.347546577453612 6.4223835617303875 81.80109778046608 33.381262734532356 656.76348668336868 1004.6689591705799 30.938517391681671 7.750474885106085 28.56992881000042 134.49385936558247 9.323493078351019 21.31042206287384 5.552039846777916 18.094736039638519 13.484133169054983
leaf_count=1095 31 43 36 37 47 31 21 54 520 22 28 41 80 83 34 34 20 246 94 1980 2983 155 30 136 435 35 69 18 85 54
internal_value=0.000267386 0.00392525 0.0136587 0.0190049 0.00179044 0.00991883 0.00295498 0.014606 0.00138061 0.00253558 -0.000147221 0.000138477 -0.00331917 -0.00681163 0.00215198 0.00518883 0.000642153 0.00428215 0.000800631 -0.000627207 0.00221862 -0.00551034 -0.0023298 -0.00945115 -0.00984436 0.00638483 0.00359311 0.0170105 -0.000936378 -0.015829
internal_weight=2806.31 285.703 51.3911 40.9845 234.312 26.159 220.716 26.2744 194.441 185.304 2520.61 2393.13 304.283 185.726 118.557 37.4676 2088.85 109.581 2068.94 1030.89 1038.05 127.484 96.5451 43.8375 148.259 15.2675 52.7077 13.3025 39.4052 19.9065
internal_count=8577 842 147 111 695 74 648 75 573 542 7735 7179 953 593 360 117 6226 326 6152 3075 3077 556 401 199 476 63 202 48 154 74
is_linear=0
shrinkage=0.03


Tree=134
num_leaves=31
num_cat=0
split_feature=79 79 79 19 86 46 80 75 35 66 109 88 44 18 79 110 8 15 45 5 79 80 14 65 90 97 51 36 79 37
split_gain=29.402 11.845 6.08299 7.0311 7.6567 8.2208 6.17695 6.1729 6.06361 6.26231 5.21723 4.768 5.74584 5.34201 6.06878 5.04933 10.0191 5.20735 4.88744 4.68264 4.64724 5.40367 4.40824 4.36777 5.52077 5.19491 6.0513 5.189 4.36843 4.23513
threshold=0.06666666666666668 -0.2349105812220566 0.051311274202840491 0.48333333333333339 2.7083333333333335 1421.3706810725459 0.28345771144278614 3.5000000000000004 -0.85119047619047616 0.52095423727165224 -0.40000000000000002 0.48547206979034757 1.0000000180025095e-35 0.57738095238095244 0.28584255250921931 -0.69999999999999973 0.059981684981684998 1.0000000180025095e-35 1.0000000180025095e-35 0.39583333333333343 0.061588840081487135 0.13104996096799379 -0.21547619047619046 0.51604789819545005 0.25533178349421343 0.55050505050505061 0.49489795918367352 1.5000000000000002 -0.24390243902439024 -1.0000000180025095e-35
decision_type=2 2 2 2 2 2 2 2 2 2 2 2 2 2 2 2 2 2 2 2 2 2 2 2 2 2 2 2 2 2
left_child=1 23 3 8 5 -5 20 -8 22 -10 -6 13 18 14 15 16 -2 -17 -13 -9 21 -4 -3 27 -25 -26 -27 28 -1 -14
right_child=11 2 6 4 10 -7 7 19 9 -11 -12 12 29 -15 -16 17 -18 -19 -20 -21 -22 -23 -24 24 25 26 -28 -29 -30 -31
leaf_value=0.0026530029461327279 -0.0016664428806828751 0.027370877789921057 -0.0025179544134358725 0.012754329251562392 0.0090845597598528168 -0.0049674458213191473 -0.023959099888148219 0.0150085476904393 -0.00030388235581031703 0.013046735004214606 -0.00056883340602987523 0.0028322317714524125 -0.016122009528099581 0.014801460236802014 -0.011287716456687994 0.019774982492329896 0.030917534436947582 -0.0064104732036291585 0.0374042357267826 -0.016360492134984243 0.032975344987475563 0.02390586535979413 0.0062690208340912008 -0.010718197171749284 0.020720778478941885 0.0085277121686120338 -0.017049265015029326 -0.016691085214026583 0.019918721347737485 0.0051915100943980769
leaf_weight=222.68495334684849 71.918475717306137 9.5405881851911527 14.408677756786348 24.758988469839096 73.15173377096653 485.74723479151726 7.9068026542663601 16.543398290872577 443.87844420969486 34.046303302049637 161.91729013621807 7.6957186758518201 13.526392392814158 10.985036328434942 164.65806423127651 6.950133651494979 9.6303168386220914 412.64350028336048 7.0532026588916779 5.7788984030485144 11.420404300093649 13.483262330293654 134.75078532099724 13.280771344900129 30.652243226766586 229.20792812108994 8.6389474570751172 11.820909962058066 14.018870174884794 22.099467411637306
leaf_count=575 298 25 43 66 193 1455 28 51 1270 88 479 29 60 43 863 25 35 1588 22 21 34 41 378 34 80 583 24 29 35 82
internal_value=-0.000131125 0.00177385 0.000360008 -8.00527e-05 -0.00204499 -0.00410796 0.00901545 -0.00118075 0.00227444 0.000647186 0.00243523 -0.00528584 0.00361833 -0.00594859 -0.00629095 -0.00464918 0.00218149 -0.00597674 0.0193652 0.00688759 0.0168558 0.0102556 0.00766428 0.00560591 0.00816284 0.00909675 0.00759872 0.00270685 0.00367557 -0.00290079
internal_weight=2694.8 1967.64 1437.33 1367.79 745.575 510.506 69.5414 30.2291 622.216 477.925 235.069 727.16 50.3748 676.786 665.8 501.142 81.5488 419.594 14.7489 22.3223 39.3123 27.8919 144.291 530.305 281.78 268.499 237.847 248.525 236.704 35.6259
internal_count=8577 5532 4172 3954 2193 1521 218 100 1761 1358 672 3045 193 2852 2809 1946 333 1613 51 72 118 84 403 1360 721 687 607 639 610 142
is_linear=0
shrinkage=0.03


Tree=135
num_leaves=31
num_cat=0
split_feature=80 50 80 74 53 7 19 67 13 101 97 105 75 50 97 88 67 20 33 78 97 49 35 12 99 112 72 49 112 110
split_gain=26.9787 8.31889 7.17203 6.46613 5.90809 6.00993 5.25723 4.91051 5.39224 7.36381 6.15916 4.26556 6.08023 4.84202 4.24826 6.50297 5.31049 4.08052 4.05301 4.29517 4.06561 8.55551 4.31105 4.26856 3.99534 4.28519 3.91586 3.67465 3.5891 3.37241
threshold=-0.1746076763093212 0.24244897959183676 2.0059523809523814 -6.4999999999999991 0.74739328771586855 0.34848484848484856 0.51666666666666672 0.35387997882394545 0.29285714285714287 1.0954545454545457 1.6833333333333336 0.88194444444444453 2.5000000000000004 0.035185185185185187 1.6515151515151518 0.49939467312348673 0.25883040935672524 -0.37499999999999994 2.7916666666666674 0.39009661835748805 1.8944444444444446 0.38668274729270874 -3.5178571428571423 0.43650793650793657 0.54772727272727284 0.27743240037950678 35.500000000000007 0.52920700105001839 -0.38113934260939708 -0.53030303030302994
decision_type=2 2 2 2 2 2 2 2 2 2 2 2 2 2 2 2 2 2 2 2 2 2 2 2 2 2 2 2 2 2
left_child=4 2 3 -2 18 -6 -4 14 24 10 -10 12 -5 -13 17 16 -16 -3 20 28 22 -22 -1 -24 26 -26 -9 -11 -20 -19
right_child=1 7 6 11 5 -7 -8 8 9 27 -12 13 -14 -15 15 -17 -18 29 19 -21 21 -23 23 -25 25 -27 -28 -29 -30 -31
leaf_value=0.018473931660229346 0.037474676223192491 0.021203622581007324 0.025051993168778527 -0.0032285166226497576 0.013676918335214077 -0.011083954581893622 0.0066116292337926501 0.0014635292369476755 0.0086644147700564288 0.010765953623320912 -0.020665290083532715 0.027243520613263284 0.012581660514153959 0.0017512496113791947 0.0084254059675095729 -0.023141997119792566 -0.01196000070370354 -0.0075451051815925005 0.030174409302381681 -0.011742169584243326 0.042390532142922092 0.00026579305198013586 -0.0032952696211345032 -0.010771252843470205 0.0062052222665592034 -0.024255701158417572 0.016831072146890537 0.031927717933318278 0.0022845590291838223 -0.00084643461497760982
leaf_weight=7.7613985538482657 5.1540045589208594 7.1528285145759574 26.484335660934448 29.019120901823044 9.4204634428024274 138.93289741128683 29.31645642220974 148.4279021024704 34.774082526564598 13.174263134598734 7.9096049815416327 6.8247545361518851 89.139567285776138 384.81128025054932 107.80438785254955 7.1774344742298117 12.874606251716612 75.838532656431198 9.0231731981039083 6.2912692427635184 5.1920911669731167 26.417149558663368 738.77568620443344 75.787773743271828 6.9063248336315182 10.439152151346205 16.591262698173523 16.806003168225288 7.693578928709031 625.70658519864082
leaf_count=28 19 24 106 84 32 571 103 435 105 42 20 23 281 1136 333 18 35 214 33 22 22 84 2504 254 21 26 53 58 24 1867
internal_value=-0.000147658 0.00221289 0.00514784 0.00404081 -0.00397486 -0.00951163 0.0153638 0.000678308 0.00432256 0.0112333 0.0032294 0.0037028 0.00869877 0.00219548 -0.000432666 0.00460059 0.00625059 -0.00134072 -0.0030382 0.00938682 -0.00337297 0.00718515 -0.00377881 -0.00399084 0.00156896 -0.0121273 0.0030086 0.0226286 0.0173386 -0.00157058
internal_weight=2687.63 1662.33 570.75 514.949 1025.3 148.353 55.8008 1091.58 255.029 72.664 42.6837 509.795 118.159 391.636 836.554 127.856 120.679 708.698 876.942 23.008 853.934 31.6092 822.325 814.563 182.365 17.3455 165.019 29.9803 16.7168 701.545
internal_count=8577 5003 1752 1543 3574 603 209 3251 760 225 125 1524 365 1159 2491 386 368 2105 2971 79 2892 106 2786 2758 535 47 488 100 57 2081
is_linear=0
shrinkage=0.03


Tree=136
num_leaves=31
num_cat=0
split_feature=14 51 3 94 14 111 89 25 103 23 35 35 66 90 20 79 36 103 65 66 89 69 103 103 3 97 111 73 93 89
split_gain=4.54599 6.25765 5.72091 5.98324 5.59749 7.00346 8.42275 8.9608 4.86503 6.69776 4.7524 10.128 5.08942 4.46627 6.20977 5.31968 5.99067 5.74589 5.47451 5.24437 4.73078 6.43869 4.41926 9.39295 4.87816 4.3564 4.18833 3.94132 5.77062 3.92276
threshold=0.23205128205128209 0.82971014492753636 1.1180555555555558 1.3245614035087721 0.38927738927738936 -0.0024999999999999875 0.27355503427467825 1.1666666666666667 1.2111111111111115 -0.083333333333333329 -0.87202380952380942 -0.19642857142857134 0.10521605316895467 0.32261510890543155 0.071428571428571438 0.35743321718931481 1.5000000000000002 1.4494949494949496 0.36719916762991084 0.17069411784784075 0.28740047784565453 -0.67890823881405327 1.6833333333333336 1.3693181818181819 1.0333333333333334 0.90454545454545465 -1.9999999999999996 42.500000000000007 1.2817460317460319 0.2301765546854517
decision_type=2 2 2 2 2 2 2 2 2 2 2 2 2 2 2 2 2 2 2 2 2 2 2 2 2 2 2 2 2 2
left_child=13 4 8 -4 5 10 25 -8 9 -3 12 -12 -2 14 15 16 18 -18 -1 27 -17 -22 23 24 -6 -7 -15 28 -16 -28
right_child=1 2 3 -5 22 6 7 -9 -10 -11 11 -13 -14 26 19 20 17 -19 -20 -21 21 -23 -24 -25 -26 -27 29 -29 -30 -31
leaf_value=0.0013555983603700846 0.010802031600093236 0.029493826462288202 -0.016290573136434953 0.014165566930853019 -0.029812445680357933 -0.024412519298716202 0.034463352522227729 -0.0064300499146304558 0.03964322572325793 -0.0090527009722491496 0.029389973563765479 0.0060403001800243602 -0.014497554886127471 -0.017629400022835359 0.016937483439980135 -0.010590344042274874 0.010834745520372346 0.0015100654852471685 -0.0035879098349735606 -0.026531788855133902 0.030341990143190459 -0.010369100694287507 -0.015349521909133721 0.026803675072467028 0.0043833299231282492 -0.0043900535537876248 0.00033320402565648267 -0.023990080686413319 -0.011657449122425879 -0.0042367956125108274
leaf_weight=1223.7765555232763 14.529564470052721 9.5335869044065493 9.151243135333063 15.878110766410826 7.2458471059799212 13.067720651626585 9.5375463068485278 9.7553816735744459 9.9238451421260816 7.0622906088829067 23.119637548923492 60.387798205018044 14.10173514485359 15.455853328108786 11.792857959866526 60.274682834744453 106.87088598310947 134.10593512654305 241.37871633470058 12.86683116853237 6.5914807319641113 7.4459178000688535 26.988849848508835 8.890761658549307 7.7920521050691605 38.871143937110901 356.22477912902832 6.917207106947898 13.766109198331831 321.7111793756485
leaf_count=3568 44 24 34 43 24 42 23 28 24 22 60 177 44 72 34 280 310 410 727 43 20 34 91 22 22 118 1129 23 49 1036
internal_value=0.000269043 0.00385445 0.0133175 0.00303018 0.00177234 0.00421584 -0.00314037 0.0137858 0.0230267 0.0130905 0.00888858 0.0125048 -0.00165874 -0.000137773 0.000640673 0.000919879 0.00126211 0.00564547 0.000541174 -0.0103227 -0.00693748 0.00874743 -0.00702749 0.00235884 -0.0120935 -0.00942767 -0.00218752 -0.00390073 0.0015362 -0.00183547
internal_weight=2805.02 285.837 51.5491 25.0294 234.288 183.371 71.2318 19.2929 26.5197 16.5959 112.139 83.5074 28.6313 2519.18 1825.79 1780.44 1706.13 240.977 1465.16 45.343 74.3121 14.0374 50.9175 23.9287 15.0379 51.9389 693.392 32.4762 25.559 677.936
internal_count=8577 842 147 77 695 536 211 51 70 46 325 237 88 7735 5498 5349 5015 720 4295 149 334 54 159 68 46 160 2237 106 83 2165
is_linear=0
shrinkage=0.03


Tree=137
num_leaves=31
num_cat=0
split_feature=79 80 98 6 54 88 68 6 88 109 7 35 44 73 90 39 13 100 86 35 105 112 79 2 74 89 83 22 6 72
split_gain=27.8246 11.4993 5.48762 5.97052 5.06202 5.50045 5.4579 4.91869 4.78995 5.22868 5.1997 5.78929 5.48681 5.18287 7.17606 6.23411 5.063 4.93428 4.57984 6.0682 7.41955 4.69042 4.5201 4.5062 4.28315 4.24667 6.84395 5.50156 3.83395 3.17846
threshold=0.07342687412346853 -0.71746492501209469 4.0562500000000012 2.4641025641025647 -0.60309400094473298 0.41759482052935787 -0.49245691808191799 0.86190476190476206 0.48547206979034757 0.95000000000000007 2.1742424242424243 0.84226190476190499 1.0000000180025095e-35 6.5000000000000009 0.31089289648443652 1.0000000180025095e-35 0.24038461538461542 0.44722222222222224 3.6333333333333337 0.80654761904761918 1.5505050505050508 -0.35729949874686717 -0.26644219977553302 -0.33333333333333309 20.500000000000004 0.26075082397506455 0.70833333333333337 0.44949494949494956 0.73030303030303034 4.5000000000000009
decision_type=2 2 2 2 2 2 2 2 2 2 2 2 2 2 2 2 2 2 2 2 2 2 2 2 2 2 2 2 2 2
left_child=1 7 3 4 6 -6 -3 28 9 17 11 12 -10 14 15 -11 -14 -2 21 23 -21 24 -23 -20 -9 27 -27 -19 -1 -16
right_child=8 2 -4 -5 5 -7 -8 18 10 13 -12 -13 16 -15 29 -17 -18 25 19 20 -22 22 -24 -25 -26 26 -28 -29 -30 -31
leaf_value=0.0051035853185629424 0.024881155058738072 8.6434388409330479e-06 -0.018083509154220911 0.023321226777101425 0.0061247751391763647 -0.00019731494713702772 -0.011130832619123326 0.005268608301634831 0.03834737081072985 -0.00082011368723374108 -0.015755672517242799 -0.0082888000234194476 0.020911303761866059 -0.017769730521554904 -0.0012541264267838541 0.037271570510359613 -0.010232433350132783 -0.0043902020642614505 0.010780757843243905 0.014394572061812813 -0.012653999344444581 0.01330036914158806 -0.008730817599723056 0.030599998380309006 -0.0064339770030616217 -0.011621276322118422 0.00036838153964397532 0.0072845068279903651 -0.02042235891227601 -0.022366320146408665
leaf_weight=9.2365761548280734 5.0020656883716574 86.866359308362007 15.122811168432234 9.8842330574989301 143.47280272841454 905.88643509149551 72.728762567043304 492.51276867091656 7.4469922482967403 15.020397797226908 9.8582830801606161 12.455679178237913 11.376250520348551 61.142215080559254 10.191239878535272 5.2074429988861075 8.0028064101934415 275.17552511394024 114.3858754336834 15.833449214696882 21.548599004745483 10.312444031238554 44.75875423848629 11.349123060703276 29.853797361254692 155.35778398811817 59.167104348540306 41.852826982736588 12.412118166685103 17.333702363073826
leaf_count=26 18 249 50 28 419 2716 204 1258 25 77 43 50 39 342 39 23 32 1126 294 40 54 27 122 29 79 629 245 163 32 99
internal_value=-0.000132981 0.00166657 -0.000122976 9.98699e-05 -8.99845e-05 0.000667068 -0.0050677 0.00456374 -0.00530467 -0.00599207 0.00372426 0.00861301 0.0164607 -0.0119857 -0.00457986 0.00898619 0.00805014 -0.00477565 0.00497579 0.00941465 -0.00119737 0.00372189 -0.00460533 0.0125697 0.00459979 -0.00505473 -0.00831446 -0.00284895 -0.00953153 -0.0145494
internal_weight=2690.76 1996.16 1233.96 1218.84 1208.95 1049.36 159.595 762.204 694.59 645.45 49.14 39.2817 26.826 108.895 47.7528 20.2278 19.3791 536.555 740.555 163.117 37.382 577.438 55.0712 125.735 522.367 531.553 214.525 317.028 21.6487 27.5249
internal_count=8577 5627 3666 3616 3588 3135 453 1961 2950 2761 189 146 96 580 238 100 71 2181 1903 417 94 1486 149 323 1337 2163 874 1289 58 138
is_linear=0
shrinkage=0.03


Tree=138
num_leaves=31
num_cat=0
split_feature=48 54 22 79 34 71 111 1 89 52 6 71 91 22 79 106 23 71 23 106 111 49 111 102 49 75 50 48 106 7
split_gain=26.1365 8.90813 6.54253 6.21236 5.61919 8.55237 5.5259 5.34803 5.23896 5.01616 4.95581 5.06055 5.10822 4.85336 6.13499 4.98555 4.64285 4.59349 4.27473 4.91049 5.0023 4.07165 5.59502 5.28225 4.08661 3.88553 3.72933 5.89238 4.59294 3.7064
threshold=-28.661921005916835 0.14549731182795703 0.13809523809523813 -0.42614125753660631 -0.13809523809523808 13.500000000000002 -1.9999999999999996 1.3923076923076925 0.24473129025094384 0.52183447749809309 0.96666666666666679 48.500000000000007 2.4603741767157725 0.24038461538461542 0.17432389790703209 2.6754385964912282 0.28452380952380957 7.5000000000000009 -0.15634920634920632 1.6583333333333334 0.18842455621301785 0.47044939860855872 0.12018518518518526 1.6961538461538463 0.46712081338825728 5.5000000000000009 0.60158730158730167 -51.381032086099587 2.5857843137254908 0.80909090909090919
decision_type=2 2 2 2 2 2 2 2 2 2 2 2 2 2 2 2 2 2 2 2 2 2 2 2 2 2 2 2 2 2
left_child=3 10 8 6 5 9 29 -7 -3 -4 11 16 -13 14 -6 -15 25 26 -19 -20 -21 22 24 -24 -12 -2 27 -5 -28 -1
right_child=1 2 4 17 13 7 -8 -9 -10 -11 21 12 -14 15 -16 -17 -18 18 19 20 -22 -23 23 -25 -26 -27 28 -29 -30 -31
leaf_value=0.022649283276109301 0.0055762825571936576 0.0043603702624362842 0.030954219706915601 0.00013386163269524557 0.0066259593553483443 0.00027246865013039976 -0.015966475381291201 -0.014061392596056868 -0.0049172483224561494 0.0059908956193589127 -0.0026437288641059176 0.0044607670275548855 0.040176740560714908 0.0026956585539976855 0.021048678520539692 0.009338437152915496 0.028443330275268051 -0.01153200262623663 0.021655125985105855 -0.0031032199780103129 -0.013855721739362345 -0.0016403278475760476 0.040282116332867178 0.0028910051054278772 0.015529299964490784 -0.0090507988968198567 0.014485197957359088 0.042124982685512846 -0.010168014187342216 -0.011555779790428962
leaf_weight=6.0811738669872266 57.07879826426506 103.41038240492344 8.3982777893543226 6.314034566283226 65.229989811778069 66.921408727765083 65.942539259791374 36.044414296746254 116.48289865255356 52.732939213514328 45.50380477309227 7.1268578469753248 7.2910794615745544 248.2465588003397 44.756161883473396 172.2338240891695 6.1471256613731375 65.996414303779602 6.898197501897811 609.71764841675758 41.596285909414291 753.3655431419611 7.379522576928137 6.3060982227325439 14.745300203561781 22.903086394071579 11.714625567197801 5.7433349490165693 16.215517342090607 5.3677333891391754
leaf_count=27 177 315 29 19 197 196 304 96 329 165 143 21 26 739 152 548 21 207 26 2133 138 2272 28 20 50 64 39 21 51 24
internal_value=-0.000146599 0.00185433 0.00395564 -0.0045268 0.00538343 0.000531874 -0.0126263 -0.00474527 -0.000554213 0.00942039 -0.000216657 0.00607243 0.0225222 0.00688423 0.0124949 0.00541662 0.00331875 -0.00370655 -0.00425309 -0.00352326 -0.00378993 -0.000981008 0.0057372 0.0230529 0.00180392 0.00138777 0.00619174 0.0201357 0.000172182 0.0066125
internal_weight=2683.89 1842.3 914.457 841.588 694.564 164.097 77.3914 102.966 219.893 61.1312 927.847 100.547 14.4179 530.467 109.986 420.48 86.129 764.196 724.209 658.212 651.314 827.3 73.9347 13.6856 60.2491 79.9819 39.9875 12.0574 27.9301 11.4489
internal_count=8577 5588 2766 2989 2122 486 355 292 644 194 2822 309 47 1636 349 1287 262 2634 2504 2297 2271 2513 241 48 193 241 130 40 90 51
is_linear=0
shrinkage=0.03


Tree=139
num_leaves=26
num_cat=0
split_feature=50 74 17 18 102 110 86 106 68 34 75 86 33 92 110 47 94 47 75 106 91 35 86 64 2
split_gain=4.37445 5.166 4.36688 4.09277 4.35119 4.80403 4.01805 6.65256 7.91053 7.13069 5.67612 4.23936 7.22461 4.37578 4.23704 3.99882 6.36849 4.80583 3.58217 3.13184 2.13156 1.52976 0.260108 0.0209594 0.00844216
threshold=0.042572463768115944 28.500000000000004 -0.050641025641025648 0.57738095238095244 1.0954545454545457 -0.383974358974359 4.5833333333333348 3.1026315789473689 0.14933740429611134 0.15535714285714289 3.5000000000000004 4.416666666666667 0.43988095238095243 5.9826752459708361 -0.26666666666666661 1462.0313396283952 1.2817460317460319 1470.3058086472604 14.500000000000002 3.297058823529412 2.8177812823262873 0.48511904761904762 3.2250000000000005 0.42745123093960319 0.33333333333333326
decision_type=2 2 2 2 2 2 2 2 2 2 2 2 2 2 2 2 2 2 2 2 2 2 2 2 2
left_child=1 2 22 6 21 -6 11 8 9 -8 14 15 -13 -14 -9 16 -2 -17 -10 -12 24 -5 23 -1 -7
right_child=3 -3 -4 4 5 20 7 10 18 -11 19 12 13 -15 -16 17 -18 -19 -20 -21 -22 -23 -24 -25 -26
leaf_value=-0.028124365952542377 -0.0014173073680276962 0.015706695358904458 0.0056331658140690655 0.014591158517684891 0.0033621141164147344 -0.030526156160918576 0.025107949450256795 0.019428755869563084 -0.019699600712032344 0.0013114546000205763 -0.028538380582643352 -0.0076729160799931034 0.040905294402985598 0.011994208203570542 -0.010658391505776394 -0.0055884889606543286 0.0055833759965651947 0.00045861492161979452 0.0055849389955808307 -0.011761451677662359 -0.0078442673285368612 -0.0054935015614410434 -0.019053572057057922 -0.025627096583861388 -0.029055317703065926
leaf_weight=7.5261829644441693 182.82142223417759 5.1569542288780204 5.5824924111366263 7.1078713089227659 8.3646446913480776 7.9787821173667925 14.767100408673285 7.9781284630298641 18.743796184659008 48.735085889697075 14.124254807829855 11.212092474102976 7.3054697215557125 13.269960731267927 8.9250223785638791 126.0730107575655 324.58188991248608 1913.8117533475161 6.8989967703819266 34.413988694548607 5.4668598920106879 6.5656384378671646 5.0370190888643256 5.0572502166032791 6.2736005932092667
leaf_count=30 626 16 17 21 25 26 38 26 76 141 51 35 20 41 28 405 919 5785 23 120 18 20 22 25 23
internal_value=0.000269817 -0.0114528 -0.0174891 0.000389601 -0.00893159 -0.0156888 0.000531985 -0.00416591 0.00116631 0.0068452 -0.0114295 0.00081357 0.0117016 0.0222593 0.00354246 0.000677699 0.00306097 8.48798e-05 -0.012897 -0.0166434 -0.02377 0.00494706 -0.0248146 -0.0271207 -0.0298787
internal_weight=2803.78 28.3599 23.2029 2775.42 41.7574 28.0839 2733.66 154.586 89.145 63.5022 65.4414 2579.08 31.7875 20.5754 16.9032 2547.29 507.403 2039.88 25.6428 48.5382 19.7192 13.6735 17.6205 12.5834 14.2524
internal_count=8577 110 94 8467 133 92 8334 503 278 179 225 7831 96 61 54 7735 1545 6190 99 171 67 41 77 55 49
is_linear=0
shrinkage=0.03


Tree=140
num_leaves=31
num_cat=0
split_feature=80 109 19 76 53 45 110 6 64 98 104 54 96 112 0 75 0 107 97 14 36 78 104 96 8 38 104 23 46 25
split_gain=25.6446 8.86252 7.93003 7.26709 8.78393 6.57345 7.73707 6.35538 5.91416 7.01568 6.7855 5.75002 6.92248 5.99379 5.37645 9.3532 7.99436 5.35009 5.31239 5.25161 6.69212 5.21452 8.20506 5.17635 5.02163 4.88729 5.20894 6.91543 6.21879 4.21024
threshold=-0.16652968036529678 0.50000000000000011 0.48333333333333339 0.16172624237140368 0.73935688405797106 1.5000000000000002 -0.070436507936507894 0.91287878787878796 0.097827715355805159 3.6961538461538468 1.738636363636364 0.44519519519519524 0.61250000000000016 -0.56021978021978003 2.4833333333333338 21.500000000000004 2.2583333333333337 0.51315789473684215 1.6515151515151518 0.1744810744810745 1.5000000000000002 0.29398148148148157 1.3875000000000002 1.0454545454545456 0.18257575757575764 1.0000000180025095e-35 1.0954545454545457 -0.27828282828282819 1530.7746931955887 0.83333333333333337
decision_type=2 2 2 2 2 2 2 2 2 2 2 2 2 2 2 2 2 2 2 2 2 2 2 2 2 2 2 2 2 2
left_child=2 14 8 21 11 25 -7 -6 9 10 -1 12 -5 -13 16 17 19 -16 -19 20 -2 22 -4 -9 -24 -3 28 -28 -27 -21
right_child=1 5 3 4 7 6 -8 23 -10 -11 -12 13 -14 -15 15 -17 -18 18 -20 29 -22 -23 24 -25 -26 26 27 -29 -30 -31
leaf_value=0.0067091909099086001 0.00047091788713963313 -0.010463093862392456 -0.014448980764735726 -0.019902667965361415 -0.013281448490972824 -0.014206078804315535 0.031419568568303802 0.01610338542752909 -0.0035799080812878256 0.02859444405070136 -0.01073905141290905 -0.0064037798073840694 -0.0024515472128321344 0.031177489407136012 0.026106150776500549 -0.021673647278633822 -0.017893650942835713 0.021650672172230521 -0.017236546288286445 -0.012612537019114682 -0.0082489938491141224 0.009613430752683472 -0.0045121955012967759 0.0033428880148897145 0.021669759854083159 0.016488510540774909 0.0058576119119150317 -0.013364253267230114 -0.0058039757879571607 -0.0022974747922102821
leaf_weight=474.23794515430927 675.31875109672546 227.28586562722921 24.230959311127663 21.474005967378616 13.780975207686422 5.5753105580806723 8.3620312660932523 46.303170189261436 57.965735837817192 12.651965141296385 20.945520266890526 6.6360522955656043 432.27975976467133 8.9988280385732633 19.437296897172928 7.1734689474105826 27.735678017139435 5.9720732718706113 6.7185859531164169 62.981956303119659 89.735716342926025 122.10685393214226 12.153230234980585 74.878504231572151 14.410584360361097 21.999956235289574 23.960658676922321 56.722190544009209 23.075314447283745 81.951849058270454
leaf_count=1238 2246 1046 70 63 37 23 29 120 160 33 57 21 1197 27 66 28 116 21 27 229 321 317 34 192 39 74 109 265 105 267
internal_value=-0.000135111 -0.00306484 0.00279669 0.00082988 -0.000721703 -0.00703977 0.0131681 0.00602327 0.00549854 0.00653478 0.00597116 -0.00266108 -0.00327743 0.0152265 -0.00157181 0.00929869 -0.00202741 0.0162141 0.00106332 -0.00154382 -0.000551869 0.0062532 -0.00182453 0.00821864 0.00969123 -0.00783753 -0.00309228 -0.00765587 0.00507635 -0.00677995
internal_weight=2687.06 1344.01 1343.05 777.253 604.351 366.981 13.9373 134.963 565.801 507.835 495.183 469.389 453.754 15.6349 977.025 39.3014 937.724 32.128 12.6907 909.988 765.054 172.902 50.7948 121.182 26.5638 353.044 125.758 80.6828 45.0753 144.934
internal_count=8577 4972 3605 2117 1657 1651 52 349 1488 1328 1295 1308 1260 48 3321 142 3179 114 48 3063 2567 460 143 312 73 1599 553 374 179 496
is_linear=0
shrinkage=0.03


Tree=141
num_leaves=31
num_cat=0
split_feature=48 11 79 111 110 75 55 52 78 35 12 65 90 102 67 5 55 87 0 47 78 110 23 21 109 77 71 33 7 2
split_gain=24.7537 8.68947 5.99753 5.4224 5.33895 5.54387 4.93616 4.56256 4.49061 5.55309 6.40858 5.20162 6.30348 6.09864 5.17889 5.12341 4.54242 4.33152 4.27504 4.25785 4.21816 4.07458 4.05549 4.49654 5.03574 3.88432 7.23132 3.76209 3.52244 3.26729
threshold=-28.661921005916835 0.0906926406926407 -0.42614125753660631 -1.9999999999999996 -1.1026315789473682 30.500000000000004 1.5827114427860698 0.7025418275418277 -0.26598639455782308 -1.2107142857142854 0.25833333333333336 -0.14242513328611947 0.33950098557941705 1.0954545454545457 -1.1383667502088552 -0.11269841269841262 -0.77598566308243722 1.7083333333333337 2.577380952380953 1486.7993878957411 -0.21286231884057966 -1.9749999999999999 -0.15871212121212117 0.34523809523809529 -0.56904761904761891 0.35909882997261644 57.500000000000007 -0.82738095238095222 0.80909090909090919 0.39230769230769241
decision_type=2 2 2 2 2 2 2 2 2 2 2 2 2 2 2 2 2 2 2 2 2 2 2 2 2 2 2 2 2 2
left_child=2 8 3 28 21 7 22 27 9 10 -2 12 20 14 -13 -14 -15 -12 -9 -7 -10 -3 25 24 -24 26 -4 -6 -1 -11
right_child=1 4 6 -5 5 19 -8 18 11 29 17 13 15 16 -16 -17 -18 -19 -20 -21 -22 -23 23 -25 -26 -27 -28 -29 -30 -31
leaf_value=0.02207985583529045 0.039722023867589863 -0.0078877416160469879 -0.0086314947079145967 -0.015780837585896022 -0.0070000222935136889 0.001117661053479447 -0.015795609358063383 0.0092273578283000503 -0.016445046452937619 0.0030302106468733125 0.0014304598331336426 0.023446098111214203 -0.0098312931786760423 0.028672182330688689 -0.0065162220401390235 0.017056484804023289 0.0025386967912403042 0.029681163708733867 -0.0020293170121673787 0.028150294429590647 -0.0041397328116415666 0.016111544780139677 -0.0050353899146218127 -0.0056537878834964465 0.0018786079829437234 -0.016855090252054141 0.02852189750997236 0.0022977414671625897 -0.01130704927394598 -0.014721993101377017
leaf_weight=6.1410458683967573 7.4974007308483115 7.3448371142148963 30.96550564467907 65.025435604155064 41.86974073946476 8.3849786669015902 28.819373473525047 152.22493739426136 27.543316006660461 96.927219837903976 20.061947986483577 5.4568102955818167 9.0809021592140216 6.0971218645572653 106.95834551751614 21.429263710975647 328.3765027821064 6.4565415829420081 37.930170610547066 13.998497128486632 279.36654599010944 47.819715291261673 145.07885749638081 242.04131644964218 273.6141499876976 36.053707882761955 5.5616099685430518 606.64234548807144 5.2972960323095322 10.324902564287184
leaf_count=27 27 21 97 304 118 25 119 501 73 287 59 19 27 21 316 68 1012 22 115 47 848 166 533 835 919 110 21 1789 24 27
internal_value=-0.000147919 0.00179744 -0.00442045 -0.0124302 0.00386855 0.0032889 -0.00361685 0.00289564 -0.000252736 0.00467094 0.0152325 -0.00113958 -0.00395123 0.000983338 -0.0050618 0.00905373 0.00301508 0.00830875 0.00698199 0.0180237 -0.00524406 0.0129162 -0.00313822 -0.00239879 -0.000517121 -0.00986954 -0.00297453 0.00169745 0.0066178 0.00132125
internal_weight=2680.39 1841.79 838.598 76.4638 916.215 861.051 762.135 838.667 925.577 141.268 34.0159 784.309 337.42 446.889 112.415 30.5102 334.474 26.5185 190.155 22.3835 306.91 55.1646 733.315 660.734 418.693 72.5808 36.5271 648.512 11.4383 107.252
internal_count=8577 5588 2989 355 2782 2595 2634 2523 2806 422 108 2384 1016 1368 335 95 1033 81 616 72 921 187 2515 2287 1452 228 118 1907 51 314
is_linear=0
shrinkage=0.03


Tree=142
num_leaves=31
num_cat=0
split_feature=14 98 93 69 5 48 35 44 112 35 110 73 105 89 73 103 36 70 65 103 67 74 72 52 52 77 86 94 98 48
split_gain=4.28474 5.80211 6.51347 5.33824 7.3718 6.57305 5.53144 5.86602 4.68493 4.58143 4.02921 5.67956 10.5904 6.85753 6.13304 5.72841 5.57283 6.95129 6.41664 6.19237 6.48288 5.37534 5.27065 4.99053 5.92374 5.26911 4.98077 4.19117 4.12865 6.1431
threshold=0.23205128205128209 1.7434210526315792 0.64852941176470602 -0.39557501341921625 -0.13333333333333333 61.958808874412973 -1.0148809523809523 1.0000000180025095e-35 0.26190476190476197 -0.19642857142857134 -0.58114035087719285 17.500000000000004 1.1742424242424245 0.25211866097434471 27.500000000000004 1.3875000000000002 1.5000000000000002 84.500000000000014 0.45020340161427802 0.52272727272727282 -0.054705424400822371 9.5000000000000018 38.500000000000007 0.37480158730158736 0.42438536306460845 0.14495798319327732 1.6333333333333335 0.67543859649122817 3.0250000000000004 129.298745067434
decision_type=2 2 2 2 2 2 2 2 2 2 2 2 2 2 2 2 2 2 2 2 2 2 2 2 2 2 2 2 2 2
left_child=10 8 -3 4 -4 -6 7 -5 -2 -8 11 23 13 22 21 -15 28 19 -19 -18 -21 -14 -13 -1 26 -26 -25 -16 29 -12
right_child=1 2 3 6 5 -7 9 -9 -10 -11 16 12 14 15 27 -17 17 18 -20 20 -22 -23 -24 24 25 -27 -28 -29 -30 -31
leaf_value=-0.018911471292735457 -0.028680887414421159 0.027574219854210515 0.036155744552283202 -0.015110183346684776 0.013126378684445645 -0.018387901264751285 0.01189600355345821 0.0054873405568704337 0.0076458801176777043 0.0010593101449312844 0.0007962947835329537 0.037932903227384004 -0.0077228220875148607 -0.0057367250539709569 0.008217411976262896 0.017435198755060898 -0.019635323463846121 -0.022599526833763772 0.016192543532967153 0.0021762802304434829 0.011326693176811852 0.022442632101567432 0.0041258510480032514 -0.0056775208239348007 0.0012221339642724 -0.010572706907454934 0.021319460002588417 -0.021088049823743182 -0.0025254187022799891 -0.019430256842073074
leaf_weight=24.688175663352013 8.6621833145618421 10.770001545548437 9.7413179129362089 30.809017077088356 29.920434728264809 7.437128707766532 51.275257527828217 20.875651881098747 5.0625428557395926 111.38237352669239 1337.7703941464424 11.980760529637339 12.998724654316904 22.826575487852097 5.2951716482639339 16.573123306035995 8.7866260111331922 15.351243764162065 5.11677262187004 169.83146360516548 118.16929715871811 8.9958926290273649 6.3503205776214591 11.251342177391054 50.698517054319382 104.03883345425129 13.566513761878012 25.756098419427872 533.22128508985043 13.651995569467543
leaf_count=81 33 28 23 99 81 29 142 62 15 330 3890 30 46 79 18 49 34 65 15 529 351 25 25 36 194 415 37 94 1667 55
internal_value=0.000270534 0.00375057 0.00471014 0.00376826 0.0129132 0.00685253 0.00175878 -0.00679076 -0.0152813 0.00447541 -0.000124817 -0.00329823 0.00217142 0.0110629 -0.00750536 0.00401033 0.000329195 0.00400769 -0.0129019 0.00517387 0.00593078 0.00461498 0.0262213 -0.00626483 -0.00452597 -0.00670822 0.0090802 -0.0160906 -0.000290033 0.000591967
internal_weight=2802.86 285.936 272.211 261.441 47.0989 37.3576 214.342 51.6847 13.7247 162.658 2516.92 315.02 110.777 57.7308 53.0459 39.3997 2201.9 317.255 20.468 296.787 288.001 21.9946 18.3311 204.243 179.555 154.737 24.8179 31.0513 1884.64 1351.42
internal_count=8577 842 794 766 133 110 633 161 48 472 7735 1129 366 183 183 128 6606 994 80 914 880 71 55 763 682 609 73 112 5612 3945
is_linear=0
shrinkage=0.03


Tree=143
num_leaves=31
num_cat=0
split_feature=79 80 98 79 78 66 83 76 50 34 88 8 35 100 79 50 89 96 90 3 26 0 66 91 78 88 34 91 80 98
split_gain=25.0951 10.3002 5.28473 4.91856 5.67604 5.9686 5.77222 5.66401 7.25485 4.86489 4.58177 5.05628 4.84069 4.73514 5.24348 4.77912 4.66423 5.29846 4.54783 4.49225 4.42835 6.51774 5.31931 4.53345 4.20813 4.06603 3.95034 6.97435 5.60603 3.49947
threshold=0.07342687412346853 -0.71746492501209469 4.0562500000000012 0.043282265919081832 -0.14285714285714279 0.57353724981234488 0.55000000000000016 0.29321839080459772 0.43095238095238103 2.5089285714285716 0.48547206979034757 -1.1952380952380952 0.84226190476190499 0.40833333333333338 0.28584255250921931 0.042572463768115944 0.26075082397506455 0.76388888888888895 0.33109609609609619 2.2583333333333337 -1.8333333333333333 1.2403846153846156 0.95441683633190688 3.1513721804511281 -0.52721088435374142 0.50539575327044772 0.60357142857142876 2.4844378597071062 -1.1531942633637546 2.6339712918660294
decision_type=2 2 2 2 2 2 2 2 2 2 2 2 2 2 2 2 2 2 2 2 2 2 2 2 2 2 2 2 2 2
left_child=1 9 3 4 6 -6 -3 29 -9 20 13 -12 18 -2 16 -16 17 -15 25 -18 21 22 -1 -23 -17 -13 28 -28 -22 -5
right_child=10 2 -4 7 5 -7 -8 8 -10 -11 11 12 -14 14 15 24 19 -19 -20 -21 26 23 -24 -25 -26 -27 27 -29 -30 -31
leaf_value=0.016111508010810655 0.022609240920096734 -0.010200698074997171 -0.017826705017896793 0.0012548269333232534 -0.00038128734553087102 0.01184890135879459 0.014290042250956812 0.0022862944983806158 0.017964198839107683 -0.0074235927747152231 -0.020046716844536464 0.031317327264126393 -0.0071723021208488164 -0.011378036909007039 0.016952923336112789 -0.0068472567566182328 -0.0092918954740082646 -0.0001403267405966017 -0.0055683857760428727 0.0083099945390013395 0.0052888055586341179 -0.014934794047480982 -0.0090700862584229131 0.013344338440988849 -0.016718124215269255 0.0037709268697008755 -0.010049580844224148 0.0069561978798611699 -0.0035153779341291751 -0.021563393425067186
leaf_weight=82.568080395460129 5.2555113285779944 83.574148282408714 14.992586970329283 16.315063610672954 949.95349279046059 37.323772892355919 9.6626710444688779 68.621119305491447 43.342485338449478 30.510471999645233 6.8952492550015441 13.822103500366216 13.461995542049406 44.934406876564026 5.4503903388977042 80.278976880013943 177.80644935369492 236.51105400919914 7.427063673734664 14.082869604229925 133.49985735118389 13.743804872035982 8.3095168769359571 8.1141050159931165 75.358709894120693 7.4069671034812918 23.210808157920837 334.48340980708599 127.02453581988811 9.6131339818239194
leaf_count=210 19 271 50 52 2775 105 28 222 130 82 34 49 54 184 27 465 719 921 26 54 348 34 22 20 372 26 62 850 333 33
internal_value=-0.000134816 0.00156976 -0.000124032 9.3801e-05 -0.000587123 8.10719e-05 -0.00766258 0.00542949 0.0083554 0.00431332 -0.00507229 0.00376765 0.00766635 -0.00574962 -0.00598454 -0.0106597 -0.00439348 -0.00193449 0.0146372 -0.00800008 0.00480322 0.0102713 0.013809 -0.004437 -0.0116267 0.0217062 0.00380608 0.00585269 0.000996128 -0.00720525
internal_weight=2683.55 1994.86 1233.4 1218.41 1080.51 987.277 93.2368 137.892 111.964 761.465 688.692 49.0134 42.1181 639.678 634.423 161.088 473.335 281.445 28.6561 191.889 730.954 112.736 90.8776 21.8579 155.638 21.2291 618.219 357.694 260.524 25.9282
internal_count=8577 5627 3666 3616 3179 2880 299 437 352 1961 2950 189 155 2761 2742 864 1878 1105 101 773 1879 286 232 54 837 75 1593 912 681 85
is_linear=0
shrinkage=0.03


Tree=144
num_leaves=31
num_cat=0
split_feature=48 54 54 79 111 55 79 88 19 85 2 88 23 97 75 101 101 69 80 8 65 79 51 23 97 4 21 65 88 7
split_gain=23.4324 8.03939 6.09489 5.79007 5.29437 4.79101 4.59158 5.12809 5.22614 5.89142 5.63274 5.13436 5.01318 4.7927 4.70859 4.31655 5.31378 7.89042 4.60988 5.62377 4.50306 4.27061 4.20359 3.94422 5.11196 5.19229 4.07768 3.92867 5.13149 3.83853
threshold=-28.661921005916835 -0.092348927875243639 -0.14218328840970348 -0.42614125753660631 -1.9999999999999996 1.5827114427860698 0.35743321718931481 0.44213059333271659 0.51666666666666672 0.55000000000000016 1.4642857142857146 0.44074459074459083 -0.29848484848484841 2.4494949494949503 4.5000000000000009 1.1143790849673205 1.3944444444444446 -0.67890823881405327 -0.064874939874939822 0.36515151515151517 -0.14572045923632601 0.3943381180223286 0.9920634920634922 -0.15871212121212117 1.9128787878787883 2.1055555555555561 0.34523809523809529 0.032127728603325585 0.44026745166822145 1.2403846153846156
decision_type=2 2 2 2 2 2 2 2 2 2 2 2 2 2 2 2 2 2 2 2 2 2 2 2 2 2 2 2 2 2
left_child=3 2 15 4 -1 23 7 11 9 -9 -10 22 13 21 -13 18 17 -17 20 -20 -2 -8 -3 -5 26 -26 -25 -14 -29 -18
right_child=1 6 -4 5 -6 -7 12 8 10 -11 -12 14 27 -15 -16 16 29 -19 19 -21 -22 -23 -24 24 25 -27 -28 28 -30 -31
leaf_value=0.0065542486204884422 -0.011299827183526076 0.0034617145892789263 -0.01075157771321365 -0.0097146150955252763 -0.015594125252505461 -0.015605770908413159 0.018267284132251548 -0.003654530470334821 0.0038197241437237322 0.0099737197727639455 -0.021895333000648661 0.002224666969586132 0.014572736161039618 0.016211283089929279 0.023714955410587137 0.036784303253843666 -0.013053200835047121 0.005126039414401473 -0.0017587097306233359 0.014552001128970392 0.0057013166208386605 -0.0067138376945608874 0.025938821690749257 -0.00088971887055367999 0.036083259406569389 -0.00061789432020981853 -0.0058267814601448273 0.02058918366846706 -0.012331209102293064 0.00078064538604552774
leaf_weight=11.448273420333861 75.45445990562439 384.05749806761742 53.713379219174385 72.240611374378204 64.09939194470644 28.460091382265091 7.1762168109416953 267.34918664395809 334.04036302864552 31.96134789288044 7.8463954180479041 15.006982713937758 84.762037709355354 14.846348747611044 23.61534471809864 7.5219821333885184 22.298045635223389 122.09603109955788 186.27623555064201 21.189083024859428 17.221756353974342 43.449321836233139 7.6371945142745963 405.95042644441128 6.2024372518062574 7.8730554282665253 239.32723847031593 6.6057550609111813 12.007752925157545 94.795474857091904
leaf_count=51 231 1147 154 228 304 119 25 767 992 99 19 44 300 55 78 27 71 390 550 70 56 133 26 1409 24 26 828 23 33 298
internal_value=-0.000150498 0.00174065 -0.00110845 -0.00431691 -0.0122378 -0.00352959 0.00312014 0.00239558 0.000695387 -0.00219926 0.00322956 0.00492897 0.00771826 0.00122276 0.0153647 -0.000161281 0.00277855 0.00696323 -0.00257778 -9.28457e-05 -0.00814055 -0.00317274 0.00389997 -0.00305981 -0.00233069 0.0155547 -0.00272083 0.0118321 -0.000648078 -0.00185373
internal_weight=2676.53 1840.93 600.566 835.602 75.5477 760.054 1240.36 1071.51 641.197 299.311 341.887 430.317 168.847 65.4719 38.6223 546.853 246.712 129.618 300.142 207.465 92.6762 50.6255 391.695 731.594 659.353 14.0755 645.278 103.376 18.6135 117.094
internal_count=8577 5588 1847 2989 355 2634 3741 3172 1877 866 1011 1295 569 213 122 1693 786 417 907 620 287 158 1173 2515 2287 50 2237 356 56 369
is_linear=0
shrinkage=0.03


Tree=145
num_leaves=21
num_cat=0
split_feature=46 46 46 67 43 102 19 111 74 36 54 111 46 105 74 66 16 7 48 69
split_gain=4.11927 6.98695 6.09884 5.50365 4.32911 4.27698 4.14347 3.87694 3.78313 3.95227 3.30814 3.01426 2.88158 2.85691 2.60745 2.55338 1.94696 1.60414 0.306116 0.0177531
threshold=1682.5048272473898 1662.3250862993925 1636.8260527210291 -0.10029704710048225 1.0000000180025095e-35 0.97500000000000009 0.51666666666666672 -1.6307715181660896 42.500000000000007 1.5000000000000002 0.15300120048019211 -3.7840909090909083 1672.3274725947351 0.76388888888888895 -1.0000000180025095e-35 -0.64346806811448587 0.43650793650793657 1.1291666666666669 215.97163459522406 0.15784513372864398
decision_type=2 2 2 2 2 2 2 2 2 2 2 2 2 2 2 2 2 2 2 2
left_child=1 2 7 12 13 -2 -5 11 9 -9 -10 -1 -3 -4 -13 -7 -6 -15 19 -17
right_child=5 3 4 6 16 15 -8 8 10 -11 -12 14 -14 17 -16 18 -18 -19 -20 -21
leaf_value=0.0068064181214807307 0.012214812206866805 0.037616215224203164 0.0018930501500584913 -0.015677872868527287 -0.0075683992339986659 -0.0002226576050910196 0.014234963308791097 0.00018416625832902103 -0.018124671817150259 0.0036398496420954186 0.0094662968206196789 0.0019602081609057767 0.013931996505148472 -0.0090030842835122759 -0.017599113084167336 -0.024952368819961008 0.018003660198829964 -0.027051261929323396 -0.017386227980533176 -0.027378323758902857
leaf_weight=8.950966462492941 5.6184355467557934 8.5896530747413653 5.420428782701495 7.3688360974192646 5.5977067649364454 5.9457386955618885 9.5935461521148664 2292.4354460537434 17.095344722270969 342.34877943247557 5.0712381154298773 8.1225463896989805 10.012470781803129 6.0047753900289562 25.057122901082039 5.8731254339218157 5.1401572376489639 16.924002043902874 5.4828803539276114 5.0486321449279785
leaf_count=31 17 22 22 34 21 26 38 6831 66 1073 15 33 34 21 112 32 19 77 32 21
internal_value=0.000271876 0.000387387 0.00021579 0.013599 -0.0115496 -0.0111837 0.00124016 0.000386172 0.000529346 0.000633178 -0.0118125 -0.00864305 0.0248683 -0.0176942 -0.0128109 -0.0170656 0.00467281 -0.0223247 -0.0231702 -0.0260738
internal_weight=2801.7 2773.73 2738.17 35.5645 39.0871 27.9688 16.9624 2699.08 2656.95 2634.78 22.1666 42.1306 18.6021 28.3492 33.1797 22.3504 10.7379 22.9288 16.4046 10.9218
internal_count=8577 8449 8321 128 160 128 72 8161 7985 7904 81 176 56 120 145 111 40 98 85 53
is_linear=0
shrinkage=0.03


Tree=146
num_leaves=31
num_cat=0
split_feature=79 80 79 96 93 47 88 46 67 76 51 34 98 96 35 107 77 67 68 20 14 55 93 93 86 71 73 5 109 6
split_gain=23.8233 9.46326 6.39857 5.66905 7.41139 8.50139 5.23579 7.98592 7.11973 4.96218 5.49751 4.64297 4.47221 9.39227 8.69595 6.73822 7.07445 6.88452 6.27367 5.74499 6.42965 4.70416 6.52896 5.19677 4.28066 6.26882 9.25344 5.33288 6.03139 4.56776
threshold=0.06666666666666668 -0.71746492501209469 0.043282265919081832 0.58571428571428574 1.6754385964912284 1506.3692480430341 0.415919147224457 1573.4861299396787 -0.39754949691658542 0.7062745098039217 0.06458333333333334 2.5089285714285716 2.5131578947368425 0.89444444444444449 1.6726190476190481 0.54195804195804198 0.063508064516129045 0.056689940073469065 0.84491830065609841 0.11805555555555559 0.16538461538461544 0.36914203316510458 1.9750000000000003 2.1143790849673207 3.2250000000000005 87.500000000000014 41.500000000000007 -1.3412698412698409 -0.95131578947368411 0.86190476190476206
decision_type=2 2 2 2 2 2 2 2 2 2 2 2 2 2 2 2 2 2 2 2 2 2 2 2 2 2 2 2 2 2
left_child=1 11 6 -4 5 -5 7 8 -3 10 -8 24 13 18 15 16 -15 -17 -2 21 -21 -14 -23 -24 27 26 -26 28 -1 -29
right_child=12 2 3 4 -6 -7 9 -9 -10 -11 -12 -13 19 14 -16 17 -18 -19 -20 20 -22 22 23 -25 25 -27 -28 29 -30 -31
leaf_value=0.0072290714175537955 -0.0092663670620838738 -0.015609235745678095 0.029954158485534316 0.004810760043096462 -0.013924310912261095 0.033858253838001985 0.013904914178113481 -0.020183866917052335 0.0086464173874949597 -0.022240855249234047 -0.001709341259677015 -0.007281131932889799 -0.0080196487461154931 0.031428969247399324 -0.02257076066853949 0.03750043323865597 -0.0010151506472345739 0.0085331271045645963 0.015655474906217472 0.026283689632745261 -0.0119324874999802 -0.022814098643529516 0.031220464072981426 0.002129764906735832 0.013313044332406734 0.024778140855461615 -0.00059662475204291159 -0.015509995517425195 0.031445079812405963 0.0026038509031375058
leaf_weight=63.997563421726227 108.57539491355419 11.947322383522986 8.7666837275028211 75.037743881344795 16.007049024105072 10.314553782343863 20.753466814756393 10.90662372112274 123.21998992562294 10.359580188989638 916.51762615144253 30.478515833616257 426.8577139005065 6.7238267362117758 9.3775142282247526 11.544016018509863 60.242475807666779 20.491667225956917 9.9215613454580289 9.8830400034785288 6.613664284348487 7.7710944414138785 6.7569240480661383 30.355641722679138 90.664475411176682 19.203400492668152 81.95122666656971 12.88725323975086 10.82197394967079 451.00451165437698
leaf_count=169 447 38 25 236 55 31 58 36 349 32 2711 82 1918 25 36 39 226 77 41 39 25 30 23 119 233 52 207 34 27 1157
internal_value=-0.000133921 0.00157249 -8.2864e-05 0.00680977 0.00480799 0.00832106 -0.000776889 0.00450994 0.00650248 -0.00159184 -0.0013636 0.00419107 -0.00482243 -0.00134214 0.00504038 0.00765572 0.00224244 0.0189715 -0.0071797 -0.00643966 0.0109625 -0.00704822 0.00219042 0.00742618 0.0046697 0.00851819 0.00670927 0.00329937 0.0107317 0.00210063
internal_weight=2679.95 1964.84 1203.83 110.126 101.359 85.3523 1093.7 146.074 135.167 947.631 937.271 761.009 715.115 226.876 108.38 99.002 66.9663 32.0357 118.497 488.238 16.4967 471.741 44.8837 37.1126 730.53 191.819 172.616 538.711 74.8195 463.892
internal_count=8577 5532 3571 347 322 267 3224 423 387 2801 2769 1961 3045 891 403 367 251 116 488 2154 64 2090 172 142 1879 492 440 1387 196 1191
is_linear=0
shrinkage=0.03


Tree=147
num_leaves=31
num_cat=0
split_feature=80 64 8 78 87 74 99 74 75 110 96 65 54 73 102 89 77 53 65 53 7 77 101 106 46 12 89 3 78 98
split_gain=22.1595 9.27663 5.87321 7.98003 7.29944 5.70045 6.04482 5.40598 6.27191 5.36904 5.20209 6.51814 4.85269 5.92409 4.71858 4.60296 4.51694 4.92476 4.86823 4.35901 5.82733 4.43254 4.31647 4.39007 4.27117 4.47853 4.0465 3.93519 7.91296 3.83483
threshold=-0.52190945125727717 0.1952319267241627 0.059981684981684998 0.28869047619047633 1.4500000000000002 18.500000000000004 0.54772727272727284 19.500000000000004 15.500000000000002 -0.8977272727272726 1.5857142857142861 -0.28000040446897106 0.17731727235606373 11.500000000000002 0.97500000000000009 0.25870202954895466 0.32104428587609019 0.38928012519561822 -0.34368587077093726 0.74739328771586855 0.34848484848484856 0.68834459459459463 1.3867521367521369 2.8786764705882359 1540.1729549444187 0.087121212121212141 0.25564760317082302 2.1909090909090914 -0.37797619047619041 3.7182539682539688
decision_type=2 2 2 2 2 2 2 2 2 2 2 2 2 2 2 2 2 2 2 2 2 2 2 2 2 2 2 2 2 2
left_child=19 2 5 22 15 6 9 8 -7 -2 11 16 13 -13 -9 -5 17 -3 -18 21 -21 -1 23 -4 25 -12 -24 -26 -29 -14
right_child=1 10 3 4 -6 7 -8 14 -10 -11 24 12 29 -15 -16 -17 18 -19 -20 20 -22 -23 26 -25 27 -27 -28 28 -30 -31
leaf_value=-0.0039587946795708213 0.0087448832929929929 0.0095691419390609104 -0.0015763199593827463 -0.005989124309965556 0.029014011121021598 0.042253634233729166 -0.009747329242586247 -0.015559796613967629 0.0008190259270932208 9.8973072965340532e-05 0.011903612577195615 -9.3927656442325719e-05 0.0016539624332086171 0.037094984461390014 0.0066146338716506162 0.011232455612711462 0.011375783797245353 -0.008821536566139012 0.036621808252461828 0.012959144331522418 -0.011403069753429754 0.021339691880152657 -0.0053697121800359111 -0.013308437502276879 0.02129489283649956 -0.012624923941149651 -0.018965842397473998 0.019764818996862717 -0.023812521038148148 0.011091861080451671
leaf_weight=527.29353161156178 72.496909767389297 135.2722139954567 254.49540661275387 29.252580374479294 10.952440738677977 7.8675643950700742 50.30684170126915 9.3270325958728773 5.6483295857906342 596.65405078232288 8.028861999511717 7.2564802020788184 397.38121931254864 8.2244937866926175 116.69408303499222 26.732756823301315 18.803390443325046 14.510617852210997 10.835684120655058 9.5046377778053266 125.69657369703054 6.3076938688755027 50.484304815530777 32.354625165462494 9.9874871373176592 40.458189859986305 32.309883072972298 7.1789323091506958 7.8522184789180738 42.933289706707001
leaf_count=1883 220 452 774 89 40 29 142 26 17 1792 25 22 1176 30 357 90 60 41 39 32 543 29 154 94 33 113 91 26 19 139
internal_value=-0.000150338 0.0014275 -8.20338e-05 -0.00291532 0.00661587 0.00135798 0.000281702 0.00690728 0.024938 0.00103569 0.00418698 0.0050613 0.00315464 0.0196632 0.00497347 0.00223411 0.00990491 0.0077875 0.0206054 -0.00487887 -0.00969041 -0.00365974 -0.00464129 -0.00289962 -0.00336868 -0.0085633 -0.0106755 0.00669867 -0.00299982 0.00257421
internal_weight=2673.1 2004.3 1295.58 436.582 66.9378 858.995 719.458 139.537 13.5159 669.151 708.723 635.217 455.795 15.481 126.021 55.9853 179.422 149.783 29.6391 668.802 135.201 533.601 369.644 286.85 73.5057 48.4871 82.7942 25.0186 15.0312 440.315
internal_count=8577 6090 3915 1332 219 2583 2154 429 46 2012 2175 1959 1367 52 383 179 592 493 99 2487 575 1912 1113 868 216 138 245 78 45 1315
is_linear=0
shrinkage=0.03


Tree=148
num_leaves=31
num_cat=0
split_feature=14 51 0 12 42 68 66 110 73 90 20 66 95 96 66 14 79 89 0 64 73 111 109 95 49 7 4 91 14 49
split_gain=4.07281 5.68083 5.72222 5.29747 4.28978 6.21294 8.88651 5.58384 4.71961 4.08208 5.85422 5.14002 4.91871 4.79037 9.16451 8.62245 5.02052 4.98553 4.9832 4.25541 3.9306 3.89354 4.35348 5.6374 4.96516 4.11953 4.03124 3.53222 3.2669 3.16692
threshold=0.23205128205128209 0.82971014492753636 1.4833333333333336 0.63068181818181823 1.0000000180025095e-35 -0.26982363290858885 -0.083613215247187664 0.29999999999999993 29.500000000000004 0.32261510890543155 0.071428571428571438 0.17069411784784075 1.1909090909090911 2.1180555555555558 0.26539475638740356 0.054761904761904782 0.35743321718931481 0.28740047784565453 2.2928571428571431 0.073839176918957708 42.500000000000007 -1.9999999999999996 -1.2019230769230764 1.2361111111111114 0.25911649758166977 1.1291666666666669 1.0690476190476192 2.647517165509655 0.3062271062271063 0.4402251395704761
decision_type=2 2 2 2 2 2 2 2 2 2 2 2 2 2 2 2 2 2 2 2 2 2 2 2 2 2 2 2 2 2
left_child=9 3 27 4 5 20 -7 8 -6 10 13 12 -12 16 -15 -16 18 -18 -1 -14 -2 -11 23 25 -24 -23 -26 -3 -29 -9
right_child=1 2 -4 -5 7 6 -8 29 -10 21 11 -13 19 14 15 -17 17 -19 -20 -21 -22 22 24 -25 26 -27 -28 28 -30 -31
leaf_value=0.00052465137116931805 0.011959931601028815 0.032301825032295416 -0.0073137249025303774 -0.016669749741225565 -0.0032816844411410772 0.010980038371468402 -0.0098868099086301918 -0.0056823063036721237 0.01245006850267538 -0.017190687085855361 0.013848747340509221 -0.02620914807974542 -0.02555283489171116 0.036407470297505615 0.010316295148981448 -0.014914600107476925 -0.01104457033646509 0.008932559210631616 0.0080203836937416135 0.00069813455689836021 0.036286568229621209 -0.01278166910240304 -0.027015614454103155 0.025646143066124182 0.0013900192909235907 0.013448504130362122 -0.0036881718275694137 0.02355181143864421 0.0037645765958322203 -0.025561392237043883
leaf_weight=1545.3603982329369 31.55124343931675 10.899059399962423 10.332536160945891 13.356427639722822 39.862989291548729 41.664289146661758 32.850036859512329 27.677159130573273 30.139738768339157 15.00790501385927 9.9529260098934156 12.717603445053099 10.387263000011446 9.1444245725870115 52.172096535563469 15.906765311956404 58.1193957477808 13.939786300063131 84.169555440545082 11.953187048435209 7.3750336915254584 11.266480803489687 7.2268062382936469 11.665320783853529 210.24745772778988 10.32921066880226 425.25555713474751 13.332407385110857 17.193845301866531 9.7544631361961347
leaf_count=4544 91 26 36 47 120 117 99 86 82 72 29 43 35 21 143 48 278 54 261 42 20 40 25 34 667 30 1369 34 51 33
internal_value=0.000272254 0.00366464 0.0126593 0.00167709 0.00278653 0.00685521 0.00178078 -0.00150961 0.00349164 -0.000113533 0.000630437 -0.0100545 -0.00369251 0.000900807 0.00820873 0.00442104 0.000569151 -0.00718001 0.000911826 -0.0115073 0.0165689 -0.00207717 -0.00174163 0.00884154 -0.0022893 -0.000235788 -0.00200812 0.0176411 0.0124067 -0.0108627
internal_weight=2800.81 285.989 51.7578 234.231 220.875 113.441 74.5143 107.434 70.0027 2514.82 1823.82 45.011 32.2934 1778.81 77.2233 68.0789 1701.59 72.0592 1629.53 22.3405 38.9263 690.999 675.991 33.261 642.73 21.5957 635.503 41.4253 30.5263 37.4316
internal_count=8577 842 147 695 648 327 216 321 202 7735 5498 149 106 5349 212 191 5137 332 4805 77 111 2237 2165 104 2061 70 2036 111 85 119
is_linear=0
shrinkage=0.03


Tree=149
num_leaves=31
num_cat=0
split_feature=79 49 23 71 110 79 51 22 5 40 46 103 33 88 17 89 91 98 96 35 8 33 76 20 89 110 74 89 35 3
split_gain=22.5379 9.04331 6.75655 6.74894 6.59245 5.73941 6.3049 6.07374 8.6241 5.81414 5.62682 5.26316 5.17326 4.99249 4.86523 4.54371 9.64239 4.31201 9.03508 8.41229 6.16665 7.16611 5.59133 5.53952 6.10152 5.02747 4.30474 4.12402 4.06161 9.4563
threshold=0.06666666666666668 0.36616861490946906 0.41987179487179493 18.500000000000004 0.94590643274853803 0.051311274202840491 0.82971014492753636 0.14835164835164838 0.22649572649572661 1.0000000180025095e-35 1417.7368245899399 2.3693181818181821 0.40000000000000013 0.47992782122323013 -0.044444444444444418 0.25685244546843311 2.7493689798772931 2.5131578947368425 0.89444444444444449 1.6726190476190481 -0.89615384615384597 1.6517857142857146 0.67962264150943408 0.11805555555555559 0.23377418175459794 0.70294117647058851 -3.4999999999999996 0.2760373622589532 -0.99702380952380931 1.0954545454545457
decision_type=2 2 2 2 2 2 2 2 2 2 2 2 2 2 2 2 2 2 2 2 2 2 2 2 2 2 2 2 2 2
left_child=1 3 5 -1 13 6 10 -7 -9 -8 -3 12 -6 14 -5 16 -4 18 22 20 -20 -22 28 25 -25 26 -19 -17 29 -2
right_child=17 2 15 4 11 7 9 8 -10 -11 -12 -13 -14 -15 -16 27 -18 23 19 -21 21 -23 -24 24 -26 -27 -28 -29 -30 -31
leaf_value=-0.012853884698214763 0.03534313526263471 0.010612257720425355 -0.019917214719334869 0.018335440247771236 0.019383342682905945 -0.014468489447976988 -0.0025679297665964613 0.021696384053184546 -0.0012091546587039469 -0.017084371190094729 -0.00019467382071419482 0.02463973172695072 0.00030689950028995775 0.025128257691070282 0.0027596970525456902 0.032840064089864791 0.012743659518132342 -0.017330058051034603 -0.011136009059022194 -0.022388108984143028 0.008092454613269337 0.041733356545388046 0.014223414091129009 0.033805312262137656 -0.0036318542175465293 0.014356738151502615 -0.0065104097328169217 0.0050610798225368871 -0.01174062996903473 -0.01054184930225548
leaf_weight=17.747667819261551 5.8325428366661098 44.952447965741158 10.866744533181189 19.126055210828781 22.039213895797729 9.073490306735037 78.696274995803833 34.436714604496956 25.935098841786385 36.279350712895393 1224.8979340344667 26.832987546920776 30.499973624944687 10.015197172760962 320.44599860906601 12.104669600725176 32.364725485444069 35.900627709925175 13.752907410264013 9.2603080719709379 79.37937730550766 6.1396850645542136 10.172196030616758 6.362774699926379 10.1976131349802 9.8024462312459928 423.49534539878368 7.9811892956495276 88.72528575360775 13.169051334261892
leaf_count=48 22 118 29 49 57 29 239 101 87 117 3527 70 77 26 817 32 88 159 59 36 288 20 39 23 41 31 1900 21 369 58
internal_value=-0.000134752 0.00152289 0.000418512 0.00527475 0.0060248 8.30617e-07 -0.000421212 0.00841688 0.0118564 -0.00714844 0.000187889 0.0138299 0.00830911 0.00425268 0.00363699 0.0100118 0.00453396 -0.00470669 -0.00128764 0.00495825 0.00750918 0.0105076 -0.00703732 -0.00630045 0.0107521 -0.00690232 -0.00735594 0.021802 -0.00904488 0.00354256
internal_weight=2676.49 1964.3 1517.59 446.707 428.959 1454.27 1384.83 69.4453 60.3718 114.976 1269.85 79.3722 52.5392 349.587 339.572 63.3173 43.2315 712.19 226.431 108.532 99.272 85.5191 117.899 485.759 16.5604 469.198 459.396 20.0859 107.727 19.0016
internal_count=8577 5532 4388 1144 1096 4218 4001 217 188 356 3645 204 134 892 866 170 117 3045 891 403 367 308 488 2154 64 2090 2059 53 449 80
is_linear=0
shrinkage=0.03


Tree=150
num_leaves=31
num_cat=0
split_feature=80 64 8 78 3 86 95 24 94 96 90 26 14 54 4 26 0 78 53 7 95 35 51 88 3 110 85 14 76 101
split_gain=21.02 8.72159 5.62884 7.6689 5.422 7.26675 5.23374 5.77249 5.15871 4.9807 5.89516 6.94075 5.20748 5.1257 5.41592 4.73906 4.60397 4.57803 4.22727 5.62039 4.55039 4.22267 4.04898 4.45787 4.02915 3.97147 6.78448 5.59571 5.3711 3.5753
threshold=-0.52190945125727717 0.1952319267241627 0.059981684981684998 0.28869047619047633 1.2071428571428573 2.7083333333333335 1.2111111111111115 0.83333333333333337 1.7182539682539686 1.5857142857142861 0.30820584816172519 0.50000000000000022 -0.13809523809523805 0.21231060606060609 1.4083333333333334 2.8333333333333335 2.577380952380953 -0.34122983870967738 0.74739328771586855 0.34848484848484856 1.2361111111111114 2.9226190476190479 0.54006410256410264 0.44696579596167657 1.6396103896103897 -0.8977272727272726 0.87500000000000011 0.41987179487179493 0.48666429587482224 1.2264957264957268
decision_type=2 2 2 2 2 2 2 2 2 2 2 2 2 2 2 2 2 2 2 2 2 2 2 2 2 2 2 2 2 2
left_child=18 2 25 6 5 -5 7 -4 -6 13 22 12 -12 14 24 16 -15 -8 20 -20 -1 -22 23 -11 -3 26 29 28 -27 -2
right_child=1 9 3 4 8 -7 17 -9 -10 10 11 -13 -14 15 -16 -17 -18 -19 19 -21 21 -23 -24 -25 -26 27 -28 -29 -30 -31
leaf_value=-0.0060586656813038167 0.0003653379363355606 0.04396521234015538 -0.0060643264257375339 0.005791476638289654 -0.010207941276073386 0.035162383475823407 0.0058576410837334883 0.0064206536186366637 0.019048298195161604 0.01656465646474858 0.021596285590511192 0.029632804721675381 -0.0082406431440776064 0.0048941152224754314 -0.00019474049223812301 0.026970725773875767 -0.0036727396996513364 -0.0085751544118759931 0.012661504572790942 -0.011227208423852901 -0.0012363882885703284 0.020618427555209633 -0.020844520875375618 -0.017552474997813997 0.016121010459208222 0.0011277839290023998 0.036035372212219911 0.028633484870536918 -0.0083722403625376383 0.013613655016430542
leaf_weight=294.55305613577366 52.99760676920414 7.140566796064383 66.44848720729351 26.980463594198227 22.425300210714344 10.544254139065741 21.79604709148407 66.871164232492447 7.1550364643335334 7.1693360209465009 6.722210198640826 7.9607665091752997 24.278365418314934 531.73586525022984 11.16865301132202 8.1833817809820157 63.165690675377846 213.81716644763947 9.542987719178198 124.5559803545475 229.31506331264973 8.2427437603473646 20.546901419758797 6.6385499387979507 13.557884767651556 706.77897770702839 6.8526040613651267 6.3740432709455481 57.953894346952438 28.028759986162186
leaf_count=1069 153 26 203 88 67 39 66 215 25 25 22 28 69 1638 34 30 188 629 32 543 813 30 54 18 43 2138 24 22 158 88
internal_value=-0.000150652 0.00138452 -7.93688e-05 -0.00285539 0.00647333 0.0140446 -0.00455218 0.000197955 -0.0031313 0.00406114 -0.00334238 0.00464577 -0.00177076 0.004916 0.0166419 0.00429641 0.0039845 -0.00724001 -0.0047669 -0.0095272 -0.00356724 -0.000478073 -0.0124016 0.000161836 0.0257267 0.00132979 0.00737232 0.000641158 0.000407842 0.00494822
internal_weight=2669.5 2003.29 1295.02 436.038 67.1051 37.5247 368.933 133.32 29.5803 708.268 73.3161 38.9613 31.0006 634.952 31.8671 603.085 594.902 235.613 666.21 134.099 532.111 237.558 34.3548 13.8079 20.6985 858.986 87.879 771.107 764.733 81.0264
internal_count=8577 6090 3915 1332 219 127 1113 418 92 2175 216 119 91 1959 103 1856 1826 695 2487 575 1912 843 97 43 69 2583 265 2318 2296 241
is_linear=0
shrinkage=0.03


Tree=151
num_leaves=23
num_cat=0
split_feature=50 2 18 111 86 103 48 51 112 109 42 88 90 35 90 87 97 52 105 111 79 80
split_gain=4.13074 4.63423 3.82516 4.89959 3.7102 8.36755 7.08519 6.36999 4.4736 3.72381 4.53614 5.24935 3.59165 7.73677 7.24717 2.6721 3.52891 2.24178 2.09524 0.383901 0.0140916 0.00796754
threshold=0.042572463768115944 0.22222222222222218 0.57738095238095244 -0.21999999999999989 5.1250000000000009 1.6515151515151518 -22.718422461457518 0.9110671936758894 -1.1261747913921825 -1.5916666666666663 1.0000000180025095e-35 0.43904797848752186 0.26113704662722798 2.8363095238095242 0.26386790869419274 1.2916666666666667 1.4494949494949496 0.47642857142857148 0.88194444444444453 -0.28000000000000003 0.2564739133756016 -2.4992063492063488
decision_type=2 2 2 2 2 2 2 2 2 2 2 2 2 2 2 2 2 2 2 2 2 2
left_child=1 -1 4 -4 9 6 -6 -8 -7 10 11 -2 13 -11 -14 16 17 -5 -3 -10 -20 -12
right_child=2 18 3 15 5 8 7 -9 19 12 21 -13 14 -15 -16 -17 -18 -19 20 -21 -22 -23
leaf_value=0.0049549371374424693 0.013987502467319619 -0.0042467159354474156 0.0094705130674052097 -0.025329037434361004 0.027460214711457123 0.00048240895144488981 -0.018369376124965454 0.021263557897446737 -0.018038696794891951 -0.0038839250231516684 -0.024238158199488408 -0.010979221709431615 0.011047058571684571 0.027590005929282391 0.00089163709238156651 -0.029556454698620945 0.010611099003378869 -0.0035525073362283337 -0.02776775195882877 -0.02751384247795418 -0.025731283650650694 -0.025887154625268149
leaf_weight=10.190157905220987 11.4230959713459 5.1419180333614376 10.141013056039808 10.144756719470033 8.680119067430498 8.4764738976955432 11.583450421690943 5.3288485407829276 5.0370431467890766 212.34173686802387 5.0994121879339218 22.523676574230194 64.995724678039551 7.2697566300630561 2345.7086879834533 7.9412964135408393 5.9159076809883109 7.327767312526702 7.5693086236715299 16.309636205434799 5.1310425698757172 5.4614211171865445
leaf_count=31 38 22 30 34 22 29 45 17 20 644 24 85 182 18 7127 27 19 23 32 62 25 21
internal_value=0.000272818 -0.0111855 0.000388705 -0.00865407 0.000526059 -0.0071573 0.0054269 -0.00588155 -0.0179563 0.000685239 -0.00791983 -0.00257791 0.000830845 -0.00284205 0.00116544 -0.0145208 -0.00941553 -0.0161962 -0.0204036 -0.0252781 -0.026945 -0.0250909
internal_weight=2799.74 28.0324 2771.71 41.4707 2730.24 55.4156 25.5924 16.9123 29.8232 2674.82 44.5076 33.9468 2630.32 219.611 2410.7 31.3297 23.3884 17.4725 17.8423 21.3467 12.7004 10.5608
internal_count=8577 110 8467 133 8334 195 84 62 111 8139 168 123 7971 662 7309 103 76 57 79 82 57 45
is_linear=0
shrinkage=0.03


Tree=152
num_leaves=31
num_cat=0
split_feature=79 79 4 55 33 65 88 109 8 51 23 33 67 99 71 92 74 80 71 24 1 17 67 79 91 103 8 88 89 46
split_gain=21.3227 8.84222 4.75207 4.78481 7.12798 4.36815 4.33705 4.86498 4.81866 4.62457 4.7492 5.7254 4.37256 4.36654 4.13857 4.60979 4.1328 6.61352 5.34568 7.28183 5.76714 5.71794 5.34156 5.17989 5.80858 5.75394 4.82957 4.05462 4.28743 3.60971
threshold=0.07342687412346853 -0.2349105812220566 1.1055555555555558 0.10396294390118375 0.20000000000000007 -0.23495401958468318 0.48547206979034757 0.95000000000000007 -1.1952380952380952 0.73401360544217698 -0.2696969696969696 0.9125000000000002 -0.54585573157001721 0.55277777777777792 86.500000000000014 6.5431919030357992 11.500000000000002 -1.0304856811145509 13.500000000000002 1.1666666666666667 0.73030303030303034 0.23484848484848489 0.17704085367128855 0.043282265919081832 2.554097225562455 0.73863636363636376 -0.80892857142857133 0.48149778299426188 0.26075082397506455 1439.0254648209061
decision_type=2 2 2 2 2 2 2 2 2 2 2 2 2 2 2 2 2 2 2 2 2 2 2 2 2 2 2 2 2 2
left_child=1 2 3 4 -1 -4 7 13 -8 12 11 -11 -9 27 29 -16 18 -18 19 21 22 -3 -20 25 -25 -19 -22 28 -2 -7
right_child=6 16 5 -5 -6 14 8 9 -10 10 -12 -13 -14 -15 15 -17 17 23 20 -21 26 -23 -24 24 -26 -27 -28 -29 -30 -31
leaf_value=-0.017534193518214666 -0.0018998459308740333 0.0012006848328934153 0.022293749038944207 -0.019292438228383682 0.019588990767826116 0.009095884125505516 -0.019716581644266859 0.0080199858948760919 0.0076657679920328348 -0.0077868584233515021 -0.016721482613149985 0.01847884470693361 -0.020163675846864185 0.023404286327990808 0.031660950517521214 0.0085535355749443466 0.017936609587708371 0.015120802569508171 0.0037052463821618808 -0.017241968498546603 0.022625072271074055 -0.011428527688532962 0.029455856854881293 0.023403695354231455 0.00030971041626825396 -0.0045417793043321473 0.0018517228355224532 -0.025746341344385661 -0.0074875105037333209 0.0026305975270599614
leaf_weight=8.1510345488786715 306.2670724093914 224.10495410859585 13.55649797618389 14.329812064766882 10.853096365928648 101.24167071282864 6.706589311361312 5.5093773156404486 42.044850900769234 19.256910189986232 18.600754529237747 12.201840512454508 49.174553468823433 5.1023713797330847 9.9962997734546644 34.888018667697906 14.384402841329573 13.871430888772009 15.434053450822832 26.075129821896553 10.226432263851164 37.6913683116436 13.672400176525114 13.20356737077236 38.047665283083916 389.58909365534782 669.21974511444569 7.9486086517572394 207.20131234079599 334.54149524867535
leaf_count=21 1266 676 35 39 29 256 34 19 155 99 114 65 283 18 27 89 35 42 43 92 31 110 39 41 122 1159 1877 33 864 864
internal_value=-0.000135295 0.00142977 0.0047602 -0.00620322 0.00366654 0.00549965 -0.0047224 -0.00538821 0.00389886 -0.0112929 -0.00470454 0.00240077 -0.0173242 -0.00421354 0.005026 0.0136998 0.000230881 -0.00209099 0.00132397 -0.00212339 0.00272457 -0.00061757 0.0158013 -0.00272455 0.00625928 -0.00386576 0.00216439 -0.0044838 -0.00415465 0.00413262
internal_weight=2673.09 1993.08 527.558 33.3339 19.0041 494.224 680.014 631.263 48.7514 104.743 50.0595 31.4588 54.6839 526.519 480.667 44.8843 1465.52 469.096 996.424 287.871 708.553 261.796 29.1065 454.712 51.2512 403.461 679.446 521.417 513.468 435.783
internal_count=8577 5627 1360 89 50 1271 2950 2761 189 580 278 164 302 2181 1236 116 4267 1399 2868 878 1990 786 82 1364 163 1201 1908 2163 2130 1120
is_linear=0
shrinkage=0.03


Tree=153
num_leaves=31
num_cat=0
split_feature=48 11 92 79 75 109 48 55 92 80 7 55 37 71 23 90 98 6 96 14 8 80 88 108 86 55 77 17 48 14
split_gain=20.3128 7.24685 5.44046 5.37004 5.3542 5.00742 5.15514 4.48726 4.41628 4.18224 4.19819 4.03141 3.99805 4.5003 3.72038 3.63355 4.91546 7.05823 4.47249 4.44683 4.13198 3.89029 3.62924 3.4139 3.01491 2.93436 2.11044 1.93295 2.26083 1.90042
threshold=-28.661921005916835 0.0906926406926407 7.0365880542184067 -0.42614125753660631 30.500000000000004 -0.45000000000000007 44.366274095577872 1.5827114427860698 7.1151757872754589 -2.705203619909502 0.79285714285714304 -0.066043613707165091 -2.4999999999999996 7.5000000000000009 -0.069047619047619038 0.33250155666251563 3.1937500000000005 1.0741758241758244 1.3166666666666669 0.48333333333333339 -0.47499999999999998 0.58835493519441684 0.44354369296631496 0.48684210526315791 2.1000000000000005 -0.077723840345199552 0.34054243628711717 0.26410256410256422 -143.58543738616467 0.28371212121212125
decision_type=2 2 2 2 2 2 2 2 2 2 2 2 2 2 2 2 2 2 2 2 2 2 2 2 2 2 2 2 2 2
left_child=3 8 4 9 5 11 -7 12 15 10 -1 -3 -5 23 -15 18 20 -18 19 -2 -17 -20 -4 -14 -6 -10 -26 -9 -29 -11
right_child=1 2 22 7 24 6 -8 27 25 29 -12 -13 13 14 -16 16 17 -19 21 -21 -22 -23 -24 -25 26 -27 -28 28 -30 -31
leaf_value=0.020047374999084516 -8.6840373340626062e-05 0.0031935984821705793 0.00082680211195809445 -0.016374900282867585 0.034164918323445863 8.6160153729603092e-05 0.0049266105707520477 -0.021727540648602561 0.0035553449781255829 -0.018602450121011391 -0.0096339692398133194 0.026517166974688814 -0.0025283672693424985 -0.0081813866725662845 -0.0020717702921942936 0.012226753806971902 -0.015024857520893923 0.016251692534221141 -0.0057672468717139113 0.020465206615071892 -0.0027219576619002444 0.0061505887307082225 -0.023147186217240455 0.015831658687759067 -0.0014716443573650922 0.032726244396552522 0.022907142851533661 -0.019180065815264307 0.007767767349927901 -0.0035385408373483818
leaf_weight=6.3989125937223461 478.23591428995132 11.941934928297998 11.528351232409479 19.146551564335823 7.5218335092067745 317.27382697165012 526.8379932641983 16.409049227833751 6.4981184154748917 45.0316381752491 13.005903556942938 15.107489511370657 16.344015926122665 106.66541421413422 564.04614029079676 20.445208474993706 7.6789936721324912 42.075219169259071 236.67048616707325 9.6666077673435193 89.449511453509331 27.516805052757263 11.208183228969572 20.606891170144081 6.6556429117917997 5.940948009490965 6.1480452418327332 5.545949250459671 5.6631419956684095 9.0524849295616132
leaf_count=28 1434 37 34 60 26 933 1632 65 20 215 66 52 51 343 1991 65 21 139 724 32 268 82 28 70 20 21 20 27 27 46
internal_value=-0.000151044 0.00160617 0.00349994 -0.00405296 0.00386952 0.0035144 0.00310724 -0.00329887 -0.000267207 -0.0117943 0.000153721 0.0162201 -0.00284786 -0.00248187 -0.0030434 -0.000509439 0.00360114 0.0114245 -0.00138201 0.000320349 5.91543e-05 -0.00452593 -0.0109914 0.00771071 0.0190904 0.0174875 0.0102345 -0.0151679 -0.00556528 -0.0160811
internal_weight=2666.32 1838.4 914.223 827.916 891.487 871.161 844.112 754.427 924.178 73.4889 19.4048 27.0494 726.809 707.662 670.712 911.739 159.649 49.7542 752.09 487.903 109.895 264.187 22.7365 36.9509 20.3255 12.4391 12.8037 27.6181 11.2091 54.0841
internal_count=8577 5588 2782 2989 2720 2654 2565 2634 2806 355 94 89 2515 2455 2334 2765 493 160 2272 1466 333 806 62 121 66 41 40 119 54 261
is_linear=0
shrinkage=0.03


Tree=154
num_leaves=24
num_cat=0
split_feature=86 103 49 51 112 74 109 42 88 19 94 92 51 6 104 55 55 66 75 64 105 80 80
split_gain=3.81867 8.02239 7.06099 6.32436 4.46094 3.86566 3.72593 4.30051 4.9736 3.9374 6.87943 5.06608 4.17686 4.36717 3.22455 2.95671 2.29911 2.12386 1.72245 0.342072 0.0136913 0.0076129 0.003481
threshold=5.1250000000000009 1.6306818181818186 0.46852907849007597 0.9110671936758894 -1.1261747913921825 42.500000000000007 -1.5916666666666663 1.0000000180025095e-35 0.43904797848752186 0.64583333333333337 2.6464285714285718 3.795426061844291 0.2752525252525253 0.74166666666666681 0.80909090909090919 -0.58466062239647132 1.1441558441558444 -0.10205328508983467 16.500000000000004 0.53425358927307343 1.0954545454545457 -2.4992063492063488 -0.97434210526315768
decision_type=2 2 2 2 2 2 2 2 2 2 2 2 2 2 2 2 2 2 2 2 2 2 2
left_child=5 2 -2 17 -3 6 7 8 -1 10 11 -8 -11 -14 -7 -12 -10 -4 -16 20 -6 -9 -22
right_child=1 4 3 -5 19 14 9 21 16 12 15 -13 13 -15 18 -17 -18 -19 -20 -21 22 -23 -24
leaf_value=0.012958592073596328 0.026730162669209738 0.00052337108054989706 -0.0035765873135536722 0.020750742837024667 -0.02835202886990594 0.0048906684838024139 -0.0071556256629504251 -0.024118068061614213 0.0019656183919927288 0.028046921979818496 -0.00019178270009926021 0.00084884802656226153 -0.014876040439345482 0.0074837465378937394 -0.0062293983632381788 -0.022643310765000257 -0.018021328158845464 -0.029173876196480403 -0.027076823398060727 -0.018262884555499865 -0.026062936253116901 -0.025743723624000448 -0.027139212504698404
leaf_weight=11.705484971404074 8.7378517985343951 8.4648626446723956 5.0193082168698337 5.3590604811906806 5.905681297183043 7.0436033904552486 73.253731071949005 5.0033799260854721 7.9314122498035458 7.7321829050779334 7.7725391983985928 2492.31246098876 8.8775244653224927 68.692411497235298 5.5657590478658667 16.455919995903969 14.930227711796759 6.9660582244396201 9.9315376579761487 5.0187944546341887 5.8787927180528694 5.3807395696639997 5.0090044140815664
leaf_count=39 22 29 22 17 21 23 234 24 27 19 22 7554 33 203 21 57 60 25 40 22 22 21 20
internal_value=0.000273617 -0.00745634 0.00473846 -0.00634062 -0.0179616 0.000432465 0.000534995 -0.00803043 -0.00294458 0.000678925 0.000470042 0.000620299 0.00702067 0.00492477 -0.01194 -0.0154408 -0.0110872 -0.0184541 -0.0195896 -0.0251351 -0.027189 -0.0249604 -0.0265581
internal_weight=2798.95 56.3594 26.0823 17.3444 30.2771 2742.59 2720.05 44.9512 34.5671 2675.1 2589.79 2565.57 85.3021 77.5699 22.5409 24.2285 22.8616 11.9854 15.4973 21.8123 16.7935 10.3841 10.8878
internal_count=8577 200 86 64 114 8377 8293 171 126 8122 7867 7788 255 236 84 79 87 47 61 85 63 45 42
is_linear=0
shrinkage=0.03


Tree=155
num_leaves=31
num_cat=0
split_feature=79 49 71 110 74 79 80 92 34 110 92 47 74 2 71 110 103 33 92 33 89 98 96 7 77 55 68 66 20 89
split_gain=20.2567 8.2173 6.49067 6.28366 5.61234 8.27301 6.23276 6.20797 10.4028 7.69502 7.17203 7.65822 6.80416 5.68631 5.54088 6.34328 5.08653 4.99237 4.67012 5.20497 4.94282 4.14946 8.6762 7.3735 8.49091 7.86627 5.8169 5.44811 5.26632 5.7349
threshold=0.06666666666666668 0.36616861490946906 18.500000000000004 0.94590643274853803 8.5000000000000018 0.053842504743833043 0.30016233766233774 6.4433357115843206 0.34464285714285725 -0.14999999999999994 6.0833591617258103 1490.0041374363593 -3.4999999999999996 0.23205128205128209 12.500000000000002 0.89957983193277335 2.3693181818181821 0.30654761904761912 6.8829500287054701 1.1150793650793653 0.25146628826969392 2.5131578947368425 0.89444444444444449 1.4226190476190479 0.28966437833714725 -0.47124917382683401 0.84491830065609841 0.090102185619913247 0.11805555555555559 0.25046739422912284
decision_type=2 2 2 2 2 2 2 2 2 2 2 2 2 2 2 2 2 2 2 2 2 2 2 2 2 2 2 2 2 2
left_child=1 2 -1 18 7 14 -7 10 9 -9 11 -3 -12 -10 -6 -16 17 -5 20 -20 -4 22 26 24 25 -24 -2 -25 -23 -30
right_child=21 4 3 16 5 6 -8 8 13 -11 12 -13 -14 -15 15 -17 -18 -19 19 -21 -22 28 23 27 -26 -27 -28 -29 29 -31
leaf_value=-0.012779701329228713 -0.0088506343740381455 -0.0037563110435729781 0.00073374630706225308 0.0203162746822768 -0.016720392622043199 0.024983990125898588 -0.0040215517357880945 0.027889935726698598 -0.012490495730591264 0.00080638630809516415 -0.0053883538976421596 0.0034375166175809858 0.011937458046090636 0.0067134506497747671 -0.0027223412729637957 0.021553616010172354 0.024087679097503881 0.0010260768562474429 0.0044771656584186121 -0.025428184676104162 0.0081520981214857537 -0.0066572368904336534 0.0039096897973844216 -0.0046472974220283401 -0.0022687105016691769 0.038114566146730672 0.015059038252885138 0.020538853085185875 0.028570732854668549 -0.0067093169132545977
leaf_weight=17.721548467874527 106.84462361037731 182.24949096143246 144.01388393342495 18.867285743355751 24.967497006058693 17.254661187529567 10.866426125168799 12.16534201800823 85.585997000336647 42.168035224080086 24.702133342623711 494.69310636818409 117.13274697959423 16.562295436859131 478.95760932564735 9.8872966915369016 26.554401576519012 33.539030730724335 11.055187791585924 9.9543580114841443 184.26354283094406 464.76853337138891 9.6154235154390353 57.355305716395378 16.159138947725296 16.324089974164963 10.016201242804526 8.9337280094623548 8.1146172434091586 8.480545945465563
leaf_count=48 447 532 370 49 83 52 36 34 242 117 70 1402 331 47 1415 27 70 85 30 27 465 2090 34 223 62 53 41 31 29 35
internal_value=-0.000136006 0.00143176 0.0050117 0.00574793 0.000379458 -0.00206825 0.0137758 0.00173961 -0.00373543 0.00687044 0.00278597 0.00150076 0.00891997 -0.00937677 -0.0029354 -0.00223134 0.013391 0.00797092 0.00402013 -0.00969204 0.0048977 -0.00449169 -0.00113097 0.00498267 0.0148014 0.0254353 -0.00680132 -0.00125298 -0.0060643 0.0105417
internal_weight=2669.77 1963.16 445.969 428.248 1517.19 541.933 28.1211 975.259 156.482 54.3334 818.777 676.943 141.835 102.148 513.812 488.845 78.9607 52.4063 349.287 21.0095 328.277 706.612 225.249 108.388 42.0987 25.9395 116.861 66.289 481.364 16.5952
internal_count=8577 5532 1144 1096 4388 1613 88 2775 440 151 2335 1934 401 289 1525 1442 204 134 892 57 835 3045 891 403 149 87 488 254 2154 64
is_linear=0
shrinkage=0.03


Tree=156
num_leaves=31
num_cat=0
split_feature=48 54 54 80 55 72 72 101 65 15 91 110 8 8 22 64 96 36 37 71 93 0 18 65 71 94 69 78 51 4
split_gain=19.2684 6.62516 5.91992 5.05827 4.59473 4.89079 4.21422 4.58473 5.27869 4.36666 4.25191 4.18633 5.47318 4.2087 4.48083 5.48656 4.37086 4.14696 3.78782 4.02374 3.71142 3.64222 3.42976 4.18166 3.22739 2.99325 3.0459 3.69615 2.59315 2.43269
threshold=-28.661921005916835 -0.092348927875243639 -0.14218328840970348 -1.6121334310850437 1.5563492063492066 62.500000000000007 49.500000000000007 1.1143790849673205 -1.0000000180025095e-35 0.26969696969696971 2.5663823478905421 -1.1026315789473682 -1.7939393939393937 1.2071428571428575 0.13809523809523813 -0.11705038625903529 1.6833333333333336 -1.0000000180025095e-35 -2.4999999999999996 3.5000000000000004 1.7817460317460319 1.5419580419580423 0.45804195804195807 0.49695739084529694 18.500000000000004 1.6055555555555558 0.90492587354950915 0.43614130434782616 0.40312500000000007 1.1291666666666669
decision_type=2 2 2 2 2 2 2 2 2 2 2 2 2 2 2 2 2 2 2 2 2 2 2 2 2 2 2 2 2 2
left_child=3 2 6 22 5 18 7 9 -9 -2 -8 12 -3 14 16 -16 -13 -14 -5 -20 24 -19 23 -1 29 26 -24 -28 -26 -4
right_child=1 11 20 4 -6 -7 10 8 -10 -11 -12 13 17 -15 15 -17 -18 21 19 -21 -22 -23 25 -25 28 -27 27 -29 -30 -31
leaf_value=0.023170869940143494 -0.016656390300654494 -0.006649369980065321 0.013665419604908862 -0.016169086899588802 -0.019006806766894948 0.022007760292785013 -0.0010398121968942268 0.0059708809897647975 -0.0032443088524536051 -0.0020554848037373759 0.032409496509775634 -6.6658624433064308e-05 -0.0022633959148605962 0.0255158148015097 -0.0030558312888497455 0.0042215525307793284 -0.016336037812827265 -0.00015566416308127263 0.013640268193987002 -0.0029112668618876012 -0.030147204409117421 0.024658194614185065 0.012868925952814469 -0.0073545249959191808 0.00050203048014913572 -0.016791954049434708 0.0053273878902229416 -0.019809418292748647 -0.019251790191836 -0.009028781437946538
leaf_weight=5.5502859503030804 19.773346394300461 12.803006082773207 9.0272627025842684 18.983193323016167 15.900523513555525 7.1378016769886008 6.5860519856214506 150.87473984062672 88.914629489183426 272.27034342288971 7.1152206510305405 274.55756220221519 9.3278786242008191 7.0619119256734839 105.94117039442062 777.56242047250271 15.712154373526571 6.4956450760364524 13.48729559779167 664.29392076283693 7.4857871234416953 29.509843245148659 6.670672923326495 14.832809031009672 8.4526002854108828 56.05244454741478 8.5042379349470156 13.820430323481558 20.453316673636436 8.0347934365272504
leaf_count=24 55 38 28 60 61 26 21 485 280 827 25 812 27 24 306 2359 43 19 44 2303 19 113 32 70 27 254 42 73 57 23
internal_value=-0.0001499 0.00155997 -0.00103047 -0.00395812 -0.00305923 -0.00269898 -9.68941e-05 -0.00052011 0.00255386 -0.00304407 0.0163308 0.00281233 0.0106715 0.0024254 0.00228648 0.00334892 -0.000947312 0.0155633 -0.00295208 -0.0025819 -0.0105582 0.0201816 -0.0100951 0.000957494 -0.00736823 -0.0127441 -0.00491889 -0.0102339 -0.0134754 0.00297836
internal_weight=2663.19 1837.96 598.988 825.234 719.803 703.902 545.534 531.833 239.789 292.044 13.7013 1238.97 58.1364 1180.84 1173.77 883.504 290.27 45.3334 696.764 677.781 53.4538 36.0055 105.431 20.3831 45.968 85.0478 28.9953 22.3247 28.9059 17.0621
internal_count=8577 5588 1847 2989 2494 2433 1693 1647 765 882 46 3741 197 3544 3520 2665 855 159 2407 2347 154 132 495 94 135 401 147 115 84 51
is_linear=0
shrinkage=0.03


Tree=157
num_leaves=30
num_cat=0
split_feature=14 98 51 3 112 5 5 99 90 20 98 48 111 111 1 23 85 73 6 9 105 33 88 33 77 102 68 111 112
split_gain=4.02276 5.42933 5.12723 5.11502 4.52633 3.95307 4.53784 8.34931 3.84666 5.55933 5.03877 4.19203 5.30676 6.23239 3.77396 3.69484 8.22016 7.11428 6.20722 4.58123 9.60015 6.13058 5.14654 4.93689 4.60641 4.31993 3.08665 2.94743 2.02866
threshold=0.23205128205128209 1.7434210526315792 0.95553359683794481 1.1291666666666669 0.26190476190476197 -1.4128787878787876 -0.99545454545454526 0.45227272727272733 0.32261510890543155 0.071428571428571438 2.1026315789473689 230.31129603406524 -2.73875 -1.8149999999999999 1.3923076923076925 -0.14523809523809519 0.87500000000000011 1.5000000000000002 1.0333333333333334 0.25833333333333336 1.3166666666666669 0.92261904761904778 0.39028324154209287 -0.88928571428571412 0.33014288331196195 0.97500000000000009 -0.24179640466866267 -0.0024999999999999875 -1.7733111849390919
decision_type=2 2 2 2 2 2 2 2 2 2 2 2 2 2 2 2 2 2 2 2 2 2 2 2 2 2 2 2 2
left_child=8 4 5 -4 -2 28 7 -7 9 11 -11 12 -1 -14 -8 16 17 18 -10 20 21 -17 -21 -24 -22 -19 -12 -28 -3
right_child=1 2 3 -5 -6 6 14 -9 15 10 26 -13 13 -15 -16 19 -18 25 -20 22 24 -23 23 -25 -26 -27 27 -29 -30
leaf_value=0.028862131530253791 -0.028359876749713086 -0.025619239982873711 0.031439402880054597 0.0037755385473115539 0.0075204408378366757 -0.011427835364011327 0.0070595716273606978 0.020791821850791276 -0.017098210783245468 0.012941546122691199 -0.029169351813542944 -0.020119567802888209 -0.025723879878604326 0.0009988535824054256 -0.0013861213757989125 -0.0040670193085822724 0.019248271836326745 0.0056746615642290985 0.014325074647589496 -0.02087484258439962 -0.02927350357577151 0.012053822521794901 0.018127434150756849 0.00078011829703070396 -0.0096727805596184251 -0.014001096387640632 -0.00037090287206723775 -0.019898543106991271 -0.0023266067011364663
leaf_weight=6.1205903589725486 8.4464880526065809 5.9132776707410812 12.191337034106256 11.874421238899229 5.059848576784133 9.4247362017631513 84.332435384392738 31.205554664134979 7.9585247337818172 7.3139658570289603 9.3909084498882276 8.5185660272836667 7.8901049345731726 1755.5816850811243 109.37678922712803 64.82255557179451 10.493767544627188 11.247591525316237 19.56934979557991 9.4847874492406827 13.17625819146633 31.571209013462067 15.410543918609617 352.43455931544304 59.609189927577972 93.758703768253326 15.218822762370108 12.813293740153314 7.8097496777772886
leaf_count=19 33 24 29 36 15 31 240 84 35 21 32 49 36 5245 325 201 31 35 60 34 46 86 43 1117 202 347 51 45 25
internal_value=0.000273791 0.0036474 0.00456885 0.0177896 -0.0149181 0.00328624 0.00420269 0.013318 -0.000109757 0.000612221 -0.00983265 0.000875012 0.000976077 0.000879291 0.00229076 -0.00201837 -0.00631104 -0.00833478 0.00524036 -0.00089492 -0.00499697 0.00121293 0.000944269 0.00150687 -0.0132211 -0.0118936 -0.0142836 -0.00929686 -0.0123634
internal_weight=2798.02 285.635 272.128 24.0658 13.5063 248.063 234.34 40.6303 2512.38 1822.85 44.737 1778.11 1769.59 1763.47 193.709 689.537 143.028 132.534 27.5279 546.509 169.179 96.3938 377.33 367.845 72.7854 105.006 37.423 28.0321 13.723
internal_count=8577 842 794 65 48 729 680 115 7735 5498 149 5349 5300 5281 565 2237 508 477 95 1729 535 287 1194 1160 248 382 128 96 49
is_linear=0
shrinkage=0.03


Tree=158
num_leaves=31
num_cat=0
split_feature=79 48 71 110 74 79 88 9 66 104 73 17 50 103 88 33 100 17 105 88 44 104 109 73 39 88 20 33 33 106
split_gain=19.134 7.78146 6.24837 6.0432 5.38254 7.93309 6.30361 5.73158 8.53032 6.80383 5.6819 5.30611 5.14379 4.93303 4.83876 4.83747 4.76653 4.62103 4.52984 4.00655 5.34166 7.09713 4.69976 4.7991 5.93605 4.26331 4.33295 4.88137 4.76097 4.12285
threshold=0.06666666666666668 -95.317053924325919 18.500000000000004 0.94590643274853803 8.5000000000000018 0.053842504743833043 0.44547718072764975 0.70714285714285718 -0.160327731092437 0.84523809523809534 5.5000000000000009 -0.18257575757575759 0.70185185185185195 2.3693181818181821 0.47992782122323013 0.40000000000000013 0.56696428571428581 -0.044444444444444418 0.80909090909090919 0.48547206979034757 1.0000000180025095e-35 1.738636363636364 0.95000000000000007 6.5000000000000009 1.0000000180025095e-35 0.48149778299426188 -0.033150183150183136 0.33333333333333348 1.6517857142857146 2.7669683257918556
decision_type=2 2 2 2 2 2 2 2 2 2 2 2 2 2 2 2 2 2 2 2 2 2 2 2 2 2 2 2 2 2
left_child=1 2 -1 14 7 10 -7 8 11 -10 -6 -3 -12 15 17 -5 -9 -4 -8 22 21 -21 25 24 29 26 27 -2 -28 -24
right_child=19 4 3 13 5 6 18 16 9 -11 12 -13 -14 -15 -16 -17 -18 -19 -20 20 -22 -23 23 -25 -26 -27 28 -29 -30 -31
leaf_value=-0.012593786044417059 -0.00061733816792478035 -0.012085680652482347 0.017610027550533227 0.018533599494623246 -0.019132051222475237 -0.0018183266465061204 0.0070807347889064896 -0.022944377674685969 -0.0039102659059383482 0.0024207877142413741 -0.0038237652306743869 0.0095973731401759934 0.0037715493046524989 0.023689928600403171 0.024455185567293789 4.1074051086567641e-05 0.0050311076668891914 0.0024368979214202547 0.040377118146853318 0.03860070830443451 -0.0025637667289821302 -0.0030106797376888189 -0.0022350509450576902 -0.016575033143069556 0.018196466997974909 -0.025616041650752611 -0.0030352017752949181 -0.010574308997381394 0.0068302470137638609 -0.023934174601730036
leaf_weight=17.705672860145569 67.64383190125227 10.860112100839613 19.145571649074554 21.879802972078323 18.677872255444527 13.078805088996889 6.2709056437015525 15.202076166868212 207.92780219018459 575.92529487609863 393.82462766766548 156.95253467559814 100.7844811975956 26.349799081683159 10.011805966496466 30.447829782962799 8.572240084409712 319.97926798462868 8.8912258148193342 7.8034681528806669 35.056616917252541 6.9962963163852692 25.514226600527763 58.168207086622715 9.0317290723323804 8.0173195451498014 293.95178517699242 128.47684296965599 51.780740097165108 11.40234415233135
leaf_count=48 271 37 49 57 65 43 19 50 575 1626 1175 462 285 70 26 77 25 817 26 24 142 27 125 346 45 34 1210 539 214 68
internal_value=-0.000137589 0.00138437 0.00487017 0.00559294 0.000360616 -0.00203776 0.0134423 0.0016921 0.00205557 0.000741389 -0.00288947 0.00819414 -0.0022761 0.013104 0.00390034 0.00777337 -0.0128573 0.00329351 0.0266061 -0.00438117 0.00381654 0.0189297 -0.00500612 -0.0108506 -0.00360374 -0.00389949 -0.00357817 -0.00714006 -0.00155764 -0.00893721
internal_weight=2666.33 1962.49 445.52 427.814 1516.97 541.528 28.2409 975.44 951.666 783.853 513.287 167.813 494.609 78.6774 349.137 52.3276 23.7743 339.125 15.1621 703.843 49.8564 14.7998 653.987 104.117 45.9483 549.871 541.853 196.121 345.733 36.9166
internal_count=8577 5532 1144 1096 4388 1613 88 2775 2700 2201 1525 499 1460 204 892 134 75 866 45 3045 193 51 2852 584 238 2268 2234 810 1424 193
is_linear=0
shrinkage=0.03


Tree=159
num_leaves=31
num_cat=0
split_feature=48 11 109 92 77 75 79 111 97 55 93 92 23 97 1 21 77 71 47 80 95 71 55 24 80 75 70 87 92 99
split_gain=18.306 6.61413 5.21672 5.41872 5.15333 5.10347 5.08231 5.08062 4.75922 4.2458 4.22506 4.15649 3.8351 4.82706 4.76874 3.8597 3.80931 6.95235 3.39497 6.72163 4.82377 4.71642 3.2781 6.13665 3.29955 3.19589 3.18771 2.96451 2.47194 2.40733
threshold=-28.661921005916835 0.0906926406926407 -0.45000000000000007 7.0365880542184067 0.34498016478486426 30.500000000000004 -0.42614125753660631 -1.9999999999999996 1.4772727272727275 1.5827114427860698 1.341666666666667 7.1151757872754589 -0.15871212121212117 1.9128787878787883 2.1180555555555558 0.34523809523809529 0.35909882997261644 57.500000000000007 1448.8706244648033 0.62076149425287375 1.3693181818181819 12.500000000000002 -0.77598566308243722 0.50000000000000011 0.90660630449362867 20.500000000000004 37.500000000000007 1.2250000000000003 4.8559213341406453 0.45227272727272733
decision_type=2 2 2 2 2 2 2 2 2 2 2 2 2 2 2 2 2 2 2 2 2 2 2 2 2 2 2 2 2 2
left_child=6 11 4 5 26 8 7 29 -4 12 -7 18 16 15 -15 -14 17 -8 19 20 -2 -21 23 -20 -24 -5 28 -13 -3 -1
right_child=1 2 3 25 -6 10 9 -9 -10 -11 -12 27 13 14 -16 -17 -18 -19 22 21 -22 -23 24 -25 -26 -27 -28 -29 -30 -31
leaf_value=0.020070371701244188 -0.0034249571263164596 0.0046546243141684955 0.00067455876849591601 -0.021520360318450893 0.034004858228759156 0.0028923097600905287 -0.0080839444279948453 -0.014914611622627486 0.0051819553497497225 -0.01482156884717588 0.031265158010192091 0.031171564962384431 -0.00057722124215757963 0.033470143056785848 -0.001459810860852805 -0.0054097156505987691 -0.016316138389338087 0.028363972982634447 0.0034557460659544164 -0.011941094234611437 -0.016272356992234661 0.015509340016764205 0.00014756887896777012 0.034008400614695782 -0.011396806082180369 0.0018421786323641002 -0.0086397301620749611 0.001969278197455977 0.031519669262164866 -0.0076922748227116798
leaf_weight=5.973677530884741 73.8607117831707 7.1295592933893257 419.83155831694603 12.769393905997278 9.454853802919386 8.525219678878786 30.457490146160126 60.749360330402851 423.49260340631008 26.989711046218872 10.592613026499746 6.3986376672983152 402.23777735978365 6.7955009043216688 7.2925685197114944 236.03582261502743 35.277086645364761 5.5717201232910147 40.438694909214973 7.6767629683017757 40.849544405937195 21.161629110574722 697.21254678070545 6.9306899011135092 23.017702132463455 8.9727760851383191 7.3174055516719809 6.1222067922353745 5.4303838014602661 5.3093297034502029
leaf_count=28 228 22 1230 33 33 25 97 304 1335 119 37 22 1409 26 24 828 110 21 124 20 113 67 2127 24 62 26 21 19 20 23
internal_value=-0.000149922 0.00151552 0.00332553 0.00291261 0.0157724 0.00328551 -0.00386909 -0.0114809 0.00293804 -0.00313866 0.0186128 -0.000274596 -0.00270294 -0.0019809 0.015389 -0.00236429 -0.00930866 -0.00244747 -0.000510508 -0.00474511 -0.00800005 0.00820205 0.000281405 0.00792595 -0.000221376 -0.0118789 0.00709999 0.0168928 0.0162699 0.00700639
internal_weight=2659.88 1837.19 913.516 884.184 29.3322 862.442 822.69 72.0324 843.324 750.658 19.1178 923.669 723.668 652.362 14.0881 638.274 71.3063 36.0292 911.148 143.549 114.71 28.8384 767.6 47.3694 720.23 21.7422 19.8773 12.5208 12.5599 11.283
internal_count=8577 5588 2782 2686 96 2627 2989 355 2565 2634 62 2806 2515 2287 50 2237 228 118 2765 428 341 87 2337 148 2189 59 63 41 42 51
is_linear=0
shrinkage=0.03


Tree=160
num_leaves=30
num_cat=0
split_feature=14 98 8 17 52 14 64 89 24 112 87 74 90 96 66 14 79 89 36 111 105 106 48 97 84 84 106 44 101
split_gain=3.84893 5.23434 4.55426 6.68104 5.53317 5.46154 6.4369 5.63076 5.40385 4.40465 3.71579 3.69194 4.1226 4.08534 8.12673 8.30892 4.16273 5.41159 5.34181 3.5976 3.66481 4.5279 4.20084 3.54078 5.72765 2.81505 2.66159 1.75539 0.174865
threshold=0.23205128205128209 1.7434210526315792 0.50555555555555565 -1.0000000180025095e-35 0.32193648938242747 0.37916666666666671 -0.13594787192502941 0.2977667602283956 1.8333333333333337 0.26190476190476197 0.70833333333333337 42.500000000000007 0.32261510890543155 2.1180555555555558 0.26539475638740356 0.047319347319347331 0.35743321718931481 0.28619286510590863 1.5000000000000002 -1.9999999999999996 2.577380952380953 3.7947368421052636 -175.44621511550108 0.80909090909090919 0.22500000000000003 0.36666666666666675 3.1622807017543866 1.0000000180025095e-35 1.1464285714285716
decision_type=2 2 2 2 2 2 2 2 2 2 2 2 2 2 2 2 2 2 2 2 2 2 2 2 2 2 2 2 2
left_child=11 9 4 -4 23 7 -7 -6 10 -2 -5 12 13 16 -15 -16 18 -18 -1 27 22 -22 -21 26 -25 28 -3 -14 -13
right_child=1 2 3 8 5 6 -8 -9 -10 -11 -12 25 19 14 15 -17 17 -19 -20 20 21 -23 -24 24 -26 -27 -28 -29 -30
leaf_value=8.3867254552982644e-05 -0.028124542624308399 0.032469180517031813 -0.030101257803938779 0.0024741878784164178 0.0053297246168867579 -0.020225058723390619 0.0056363437240494526 0.031109776140689081 0.025013735847956724 0.0073276951286572606 -0.015282723444540292 -0.019718318662641985 -0.024910748270359807 0.033481985144895234 0.0096280151985572993 -0.01497447371674366 -0.010669793407047483 0.0083821948874892548 0.0050099422028317443 -0.019927694118693284 0.01947624957801183 -0.003930967602388113 -0.0017979013943099217 0.018340274746066542 -0.01328066105273161 -0.0016969393546062612 0.010467635583119311 -0.0034617344063866966 -0.02745789804565173
leaf_weight=1415.9486685246229 8.3427643179893476 14.04882273077965 6.9690207242965689 38.493152990937233 116.93048979341984 16.23251636326313 18.572549313306808 8.1569510996341688 7.3578443825244895 5.0712605714797965 14.639987185597418 5.2436174452304858 9.0004646107554418 9.4910589158534986 52.810853481292725 16.127488017082214 59.481330931186676 17.326531916856766 230.35105042159557 11.715611562132834 16.029570326209072 13.876368269324301 632.43864430487156 15.573696345090868 7.7067003995180121 10.622779771685599 7.6394747197628012 5.5524788647890082 5.2656595706939697
leaf_count=4162 33 34 23 115 342 53 52 20 21 15 48 21 43 22 145 49 287 66 687 41 45 47 2032 40 24 39 22 29 20
internal_value=0.000274165 0.00357337 0.00447455 -0.00228622 0.00670084 0.00408616 -0.00642499 0.00701084 0.000918279 -0.0147216 -0.00241845 -0.000101221 4.74348e-06 0.000759419 0.00745565 0.00387249 0.000454631 -0.00637199 0.000773126 -0.00196962 -0.00165101 0.00861529 -0.00212764 0.0159977 0.00787254 -0.0125878 0.0247194 -0.0167272 -0.0235962
internal_weight=2797.02 285.735 272.321 67.46 204.861 159.893 34.8051 125.087 60.491 13.414 53.1331 2511.28 2490.15 1801.54 78.4294 68.9383 1723.11 76.8079 1646.3 688.613 674.06 29.9059 644.154 44.9687 23.2804 21.1321 21.6883 14.5529 10.5093
internal_count=8577 842 794 207 587 467 105 362 184 48 163 7735 7655 5418 216 194 5202 353 4849 2237 2165 92 2073 120 64 80 56 72 41
is_linear=0
shrinkage=0.03


Tree=161
num_leaves=31
num_cat=0
split_feature=79 80 23 89 98 23 71 79 34 104 47 79 21 7 53 54 20 90 85 26 0 54 23 34 109 109 34 2 98 22
split_gain=18.1138 7.62873 5.09468 7.75507 4.82169 4.5003 6.33094 4.59836 4.30485 4.11868 7.53525 7.74955 9.38981 6.76682 5.39624 5.85882 5.24147 4.76743 4.30258 3.98262 6.0988 6.25161 4.18467 4.65088 3.97469 4.9103 3.91492 3.82855 5.49109 3.36584
threshold=0.07342687412346853 -0.71746492501209469 0.40138888888888896 0.25685244546843311 4.0562500000000012 0.16794871794871799 30.500000000000004 0.043282265919081832 2.5089285714285716 0.90454545454545465 1486.7993878957411 0.28042850868937835 0.17424242424242428 1.4494949494949496 0.49283071230342285 -0.085410334346504538 0.11805555555555559 0.30500379362670721 0.63333333333333341 -1.8333333333333333 1.2403846153846156 -1.6030303030303028 0.65151515151515171 0.60357142857142876 0.95000000000000007 1.752777777777778 0.47916666666666669 0.40000000000000002 3.297058823529412 0.11805555555555557
decision_type=2 2 2 2 2 2 2 2 2 2 2 2 2 2 2 2 2 2 2 2 2 2 2 2 2 2 2 2 2 2
left_child=1 8 4 -4 5 7 -7 -3 19 10 11 12 -2 -14 15 -12 24 -18 -17 20 21 -1 23 -21 29 -26 -27 -16 -29 -11
right_child=9 2 3 -5 -6 6 -8 -9 -10 16 14 -13 13 -15 27 18 17 -19 -20 22 -22 -23 -24 -25 25 26 -28 28 -30 -31
leaf_value=-0.012275962090848802 0.048670385276065729 -9.0954628770940489e-05 -0.0027576285945111112 0.032744990857668035 -0.017451058754061277 -0.0098690023778399173 0.00026982523490119584 0.0062025490218786082 -0.0073981704601191406 0.0021990218833164241 0.017539318825937695 -0.018224783465512692 0.026440139542395592 -0.0090866645086319624 -0.0083977221470720158 -0.016880031892093052 -0.0045804105953742708 0.032983108207188083 0.012299715674326453 -0.00024949805077954091 -0.0048977347124803039 0.015292657680542074 0.020547414154892897 0.0050801842247232571 -0.014379839278548171 -0.011394605503560248 0.019885085155289476 0.0026523304871320188 0.035997476991684325 -0.0056995748512442624
leaf_weight=8.1404802650213224 7.3681579828262356 849.15990553796291 11.67489415407181 10.533444285392759 14.776114910840986 95.876521214842796 131.38716399669647 119.14722765982151 30.378917872905731 55.380137324333191 6.1563984751701346 5.866500958800315 9.7518598288297671 9.5509981662034971 10.985905483365061 40.795141145586967 6.1450431793928129 6.0196220502257347 5.1184876114130011 254.86090488731861 21.786707013845444 81.70865099132061 12.243837699294088 349.34962940216064 80.342511832714081 7.0266373232007009 7.386947974562645 13.513528168201448 6.6229330375790587 393.99778974801302
leaf_count=22 26 2509 35 28 50 290 377 377 82 219 19 34 33 37 43 176 25 21 23 668 54 210 32 893 462 38 39 54 23 1678
internal_value=-0.000138214 0.00129923 -0.000157485 0.0140813 -0.000418749 -0.000208246 -0.00400748 0.000683442 0.00366648 -0.00439694 0.00075223 0.0129927 0.0198592 0.00886158 -0.00403515 -0.00994216 -0.00546815 0.0140077 -0.0136271 0.00412814 0.00934202 0.0127949 0.00318394 0.00283208 -0.00590356 -0.0114873 0.0046362 0.00584771 0.0136196 -0.00472617
internal_weight=2663.05 1991.02 1232.56 22.2083 1210.35 1195.57 227.264 968.307 758.469 672.029 115.73 32.5375 26.671 19.3029 83.1924 52.07 556.299 12.1647 45.9136 728.09 111.636 89.8491 616.454 604.211 544.134 94.7561 14.4136 31.1224 20.1365 449.378
internal_count=8577 5627 3666 63 3603 3553 667 2886 1961 2950 468 130 96 70 338 218 2482 46 199 1879 286 232 1593 1561 2436 539 77 120 77 1897
is_linear=0
shrinkage=0.03


Tree=162
num_leaves=31
num_cat=0
split_feature=80 5 66 2 37 84 111 50 90 96 20 21 67 48 7 26 53 7 77 95 33 111 70 11 33 77 26 88 53 86
split_gain=17.4322 6.62387 5.57055 6.72667 4.83213 4.35616 5.36709 4.88565 4.61028 6.10737 5.6808 4.43525 7.90993 7.09241 4.20544 4.13798 3.52148 4.93466 4.7273 4.11971 5.0716 3.90279 5.54168 3.64084 3.51869 3.3013 3.80407 2.73957 4.9292 2.80937
threshold=-0.52190945125727717 0.81861471861471879 -0.066442041367802837 0.18852813852813852 1.5000000000000002 0.63333333333333341 0.10000000000000002 0.035185185185185187 0.32468653971244649 2.1742424242424243 0.11805555555555559 0.26969696969696971 0.54460551554982561 -55.055680835797027 1.1909090909090911 -2.4999999999999996 0.74739328771586855 0.34848484848484856 0.66441441441441451 1.2613636363636365 2.7916666666666674 -0.52158057851239648 32.500000000000007 -0.33484848484848478 0.66369047619047639 0.48295234405269283 -0.83333333333333315 0.4416614387285655 0.23294573643410857 2.6333333333333337
decision_type=2 2 2 2 2 2 2 2 2 2 2 2 2 2 2 2 2 2 2 2 2 2 2 2 2 2 2 2 2 2
left_child=15 5 4 -4 25 7 11 -2 9 -9 -10 12 -7 -13 -8 -1 18 -18 19 23 -21 -20 -23 -17 -16 26 -3 28 -5 -29
right_child=1 2 3 27 -6 6 14 8 10 -11 -12 13 -14 -15 24 16 17 -19 21 20 -22 22 -24 -25 -26 -27 -28 29 -30 -31
leaf_value=-0.018472741989328658 0.025301170535596731 -0.012016600773918532 0.018761469474842269 -0.011843680638969536 0.022218359982070144 -0.0059523858152975501 -0.024537136351360189 0.00037865555064506707 0.0047796030972284366 -0.016356788432418643 -0.019152331564277494 0.031234711616515802 0.02743894279664337 0.0015242111486342802 0.0034834336755184556 -0.012190792243764313 0.012142913091458181 -0.010237830314345329 -0.01050586973767214 -0.0012202352962034015 0.025451093162142387 0.026168485008042773 -0.0092592267630321797 -0.0040635135182262088 -0.016759540885613669 -0.006562298302225095 0.008329164947734358 -0.0039810421439762473 0.012516111768187234 -0.019534604075005669
leaf_weight=18.257530450820923 7.5062319934368125 8.6497908234596235 13.409145176410673 12.389252781867983 18.820293560624123 135.10614942014217 16.206586480140686 1032.3119062930346 322.42870044708252 20.005905956029892 9.1809987723827344 7.9251662492752066 6.7015050649642935 82.594015538692474 17.039234474301342 64.559650674462318 9.6071422994136793 115.00644149631262 6.5675855576992062 202.46314261853695 6.6265115588903418 14.130346715450289 5.5284207016229621 214.20719510316849 14.142403095960615 16.42073255777359 188.7161035835743 36.677945464849472 18.851791575551033 14.617141902446745
leaf_count=78 25 24 44 34 68 397 43 3103 988 58 25 29 23 258 53 252 32 513 30 717 25 59 21 760 39 46 630 105 60 38
internal_value=-0.000150629 0.00124226 0.00513629 -0.000946003 0.00764511 0.000476678 -0.00293949 0.00116342 0.0010325 6.04934e-05 0.00411702 -0.00106269 -0.00437439 0.00412544 -0.0121407 -0.00439043 -0.00398788 -0.00851238 -0.00289114 -0.00355815 -0.000374962 0.00951648 0.0162055 -0.00594571 -0.00569775 0.00636218 0.00743749 -0.00414776 0.00285576 -0.00841321
internal_weight=2656.65 1999.7 328.552 95.9453 232.607 1671.15 279.715 1391.43 1383.93 1052.32 331.61 232.327 141.808 90.5192 47.3882 656.954 638.696 124.614 514.083 487.856 209.09 26.2264 19.6588 278.767 31.1816 213.787 197.366 82.5361 31.241 51.2951
internal_count=8577 6090 1049 281 768 5041 842 4199 4174 3161 1013 707 420 287 135 2487 2409 545 1864 1754 742 110 80 1012 92 700 654 237 94 143
is_linear=0
shrinkage=0.03


Tree=163
num_leaves=21
num_cat=0
split_feature=46 46 46 67 110 43 19 90 73 90 71 95 64 89 105 46 74 7 33 77
split_gain=3.73838 6.91585 5.67176 5.01834 4.32878 4.18801 3.99481 3.56475 4.89484 6.46056 5.44934 4.38068 7.21649 6.22013 2.89096 2.70557 1.69401 1.56849 1.23838 0.0265302
threshold=1682.5048272473898 1662.3250862993925 1636.8260527210291 -0.10029704710048225 -0.15000000000000005 1.0000000180025095e-35 0.51666666666666672 0.30526976990214233 44.500000000000007 0.30472369910106128 48.500000000000007 1.2361111111111114 -0.33131368937310129 0.25211866097434471 0.76388888888888895 1672.3274725947351 1.0000000180025095e-35 1.1291666666666669 0.36190476190476195 0.38651515151515153
decision_type=2 2 2 2 2 2 2 2 2 2 2 2 2 2 2 2 2 2 2 2
left_child=1 2 7 15 16 14 -5 8 9 -1 -10 13 -13 -9 -4 -3 -2 -16 -7 -18
right_child=4 3 5 6 -6 18 -8 11 10 -11 -12 12 -14 -15 17 -17 19 -19 -20 -21
leaf_value=0.0019911006540214299 -0.0056093985145922818 0.03652107752661702 0.0025207119707801868 -0.015253334318442264 0.0060330093840429812 0.014912832019387852 0.014335670687352541 -0.0014997333800031867 -0.021139467141872918 0.0190313206974226 -0.0012128286676654923 0.0077114413953122372 -0.00054751009853470803 -0.010636577975956596 -0.0089010500339495383 0.013626780690377783 -0.024233886923623021 -0.026821195087414932 -0.0055056305231542023 -0.027038739583237398
leaf_weight=1107.7911107987165 5.6560658067464891 8.6621166020631808 5.3294892609119442 7.1961371973156956 9.1806119531393033 5.3663039207458478 9.5648542642593366 393.92761509120464 12.952149599790571 20.393170908093452 266.325219810009 110.15224926173687 702.30655544996262 80.814781710505486 5.9901057630777386 10.019062042236326 7.3700347244739515 16.516495935618877 5.3270922750234604 5.1599164456129074
leaf_count=3262 26 22 22 34 35 18 38 1196 40 54 792 314 2249 254 21 34 44 77 22 23
internal_value=0.000273658 0.000382719 0.000211979 0.0135497 -0.0107599 -0.0112168 0.00163197 0.000375393 0.00141888 0.00229912 -0.00213697 -0.000765589 0.000572229 -0.00305509 -0.0173471 0.0242424 -0.0192373 -0.0220518 0.00474104 -0.0253889
internal_weight=2796 2768.63 2733.19 35.4422 27.3666 38.5295 16.761 2694.66 1407.46 1128.18 279.277 1287.2 812.459 474.742 27.8361 18.6812 18.186 22.5066 10.6934 12.53
internal_count=8577 8449 8321 128 128 160 72 8161 4148 3316 832 4013 2563 1450 120 56 93 98 40 67
is_linear=0
shrinkage=0.03


Tree=164
num_leaves=31
num_cat=0
split_feature=79 79 79 19 86 74 5 90 22 11 34 21 96 71 73 77 71 91 106 76 92 102 8 88 98 96 107 21 74 79
split_gain=17.2087 7.10331 5.10352 6.12817 6.87752 6.1807 5.19523 6.85257 10.6066 6.51192 5.10778 5.0084 4.94849 4.11574 7.43947 7.18886 6.69648 5.91859 5.05796 4.80964 4.52627 4.08841 4.03916 5.94806 5.1155 9.22135 8.49325 5.15519 4.17885 4.46643
threshold=0.06666666666666668 -0.2349105812220566 0.051311274202840491 0.48333333333333339 2.7083333333333335 11.500000000000002 0.39583333333333343 0.27043139339179739 0.14835164835164838 0.19696969696969702 2.1982142857142861 0.19090909090909094 1.4772727272727275 86.500000000000014 40.500000000000007 0.45808232931726911 22.500000000000004 2.474865269075063 3.3944444444444448 0.30385951849094073 6.5431919030357992 0.63068181818181823 -1.0696969696969696 0.48547206979034757 2.5131578947368425 0.89444444444444449 0.54195804195804198 0.13809523809523813 -3.4999999999999996 0.29769841269841274
decision_type=2 2 2 2 2 2 2 2 2 2 2 2 2 2 2 2 2 2 2 2 2 2 2 2 2 2 2 2 2 2
left_child=1 13 3 5 21 10 7 -4 -9 -8 -3 -6 -7 14 16 -16 18 -18 -1 -17 -15 -5 -2 24 25 27 -27 -24 -26 -30
right_child=22 2 6 4 11 12 9 8 -10 -11 -12 -13 -14 20 15 19 17 -19 -20 -21 -22 -23 23 -25 28 26 -28 -29 29 -31
leaf_value=-0.0016892540269801306 -0.012161379077656563 0.0048895331982167179 0.039146401023163566 0.010433130574434828 0.010424486285677749 -0.0042726671423901014 -0.021711117273189515 -0.024301956824468757 0.014563767184185355 0.017295259647102219 -0.011053701027414015 -0.00012622782846293931 0.0077328629731256635 0.031035128136400948 -0.026965076154200709 0.0032516540818044782 -0.015462248279184822 0.011555923963644601 0.0088925895538186379 -0.0095504458528551193 0.0079349010301331332 -0.0044994887900998322 0.0056885845234685263 0.0075207431009885386 -0.016415321291490845 -5.3203218369336704e-05 0.018650405070310759 -0.010937336036326458 -0.0035527214705858537 -0.011422722524365561
leaf_weight=120.29983533918858 52.75890576839447 391.0546083599329 7.5139829069375983 17.075444787740707 52.011823177337646 174.95164595544338 10.050269782543184 7.5399610549211493 39.042949497699738 6.2457446455955496 18.962094068527222 182.83737236261368 37.527618259191513 9.7880702018737775 9.9602653086185438 90.097973644733429 7.6595432162284842 154.20042419433594 61.403496891260147 37.364541903138161 34.688084453344345 490.97535783052444 21.994309514760971 41.062647953629494 32.879006147384644 65.526893496513367 32.782393366098404 70.864443078637123 297.79612056910992 82.987493738532066
leaf_count=314 282 1088 20 53 149 514 37 24 117 20 53 523 106 27 26 229 21 395 166 93 89 1468 96 150 147 248 116 298 1219 489
internal_value=-0.000137215 0.001303 0.000210776 -0.000195336 -0.00203509 0.00200027 0.00808805 0.0125612 0.00827292 -0.00676121 0.0041522 0.00221043 -0.00215228 0.00428741 0.00348005 -0.00241925 0.00583972 0.0102774 0.0018867 -0.000501172 0.0130187 -0.00399761 -0.00418017 -0.00352823 -0.00427836 -0.000219875 0.00618374 -0.00699936 -0.00615393 -0.0052679
internal_weight=2659.9 1961.25 1435.79 1365.4 742.9 622.496 70.3929 54.0969 46.5829 16.296 410.017 234.849 212.479 525.462 480.986 137.423 343.563 161.86 181.703 127.463 44.4762 508.051 698.652 645.893 604.831 191.168 98.3093 92.8588 413.663 380.784
internal_count=8577 5532 4172 3954 2193 1761 218 161 141 57 1141 672 620 1360 1244 348 896 416 480 322 116 1521 3045 2763 2613 758 364 394 1855 1708
is_linear=0
shrinkage=0.03


Tree=165
num_leaves=31
num_cat=0
split_feature=48 11 92 75 79 80 3 92 93 92 55 23 97 112 21 7 88 53 45 84 89 74 74 94 48 87 2 48 52 12
split_gain=16.5877 6.01267 4.9026 4.95212 4.78921 4.74091 4.20437 4.1254 4.12478 3.98728 3.95084 3.73129 4.59737 5.22215 3.82924 3.705 3.52093 3.50822 4.10928 3.31375 5.15138 3.78175 7.07964 4.27727 3.75443 2.81312 1.70223 2.86158 1.51908 1.50547
threshold=-28.661921005916835 0.0906926406926407 7.0365880542184067 30.500000000000004 -0.44383394383394376 -2.705203619909502 3.1339285714285716 3.4811217321331038 1.341666666666667 7.1151757872754589 1.5827114427860698 -0.15871212121212117 1.8944444444444446 -0.1999034749034749 0.34523809523809529 0.79285714285714304 0.44354369296631496 0.4474496426250813 1.0000000180025095e-35 0.63333333333333341 0.29278212690887045 15.500000000000002 20.500000000000004 0.74342105263157909 -23.494859737602948 1.2250000000000003 -0.89523809523809506 -147.35622398529412 0.76396691635455694 0.13809523809523813
decision_type=2 2 2 2 2 2 2 2 2 2 2 2 2 2 2 2 2 2 2 2 2 2 2 2 2 2 2 2 2 2
left_child=4 9 3 6 5 15 7 -3 -5 19 11 17 14 -14 -13 -1 -4 18 -6 21 24 23 -23 -2 -21 -11 27 -12 -8 -17
right_child=1 2 16 8 10 -7 28 -9 -10 25 26 12 13 -15 -16 29 -18 -19 -20 20 -22 22 -24 -25 -26 -27 -28 -29 -30 -31
leaf_value=0.019725062971576768 0.011983084667888676 -0.012194640424822449 0.0010102509658418096 0.0036839412002469007 -0.012623883050553019 -0.016636452951121272 0.029117137252438665 0.0031832643104522333 0.030761504373961419 0.030338278874465243 -0.022863985954237949 -0.00053299275201043627 0.027409706817208213 -0.0038277715737204247 -0.0053482493917243459 0.0018132055988340598 -0.022671169302000523 -0.015738810080643914 0.0079162137841750028 0.012563537583830881 0.017957488701093271 0.015802815281136279 0.00037894826507258106 -0.0011260885436047854 -0.0070868223710686814 0.00194259182700008 -0.021141473750141127 0.0055464816001151414 0.0097407750083919435 -0.019349777131845131
leaf_weight=6.4243942052125957 23.261676862835884 15.999987691640852 11.489265292882921 9.4834976494312304 17.599313005805016 46.451816990971565 7.0740857720375043 838.84189474582672 10.862739115953444 6.4466779381036741 5.4649974405765533 397.37775911390781 10.108479857444765 9.2005733549594861 237.44698018580675 6.232490658760069 11.118669033050535 35.853602766990662 17.465314269065857 9.3476452678441984 8.6777000129222852 38.357244312763214 88.764721602201462 605.10816136002541 137.04026879370213 6.1216162294149399 14.687312275171278 7.6673242598772067 7.5046095848083496 5.8788365721702576
leaf_count=28 73 43 34 28 55 232 27 2557 38 22 29 1400 39 28 843 33 28 113 60 32 29 124 261 1844 402 19 61 37 27 31
internal_value=-0.000150753 0.0014326 0.00315971 0.00351026 -0.00370423 -0.011518 0.00316788 0.00289544 0.0181405 -0.000274401 -0.00302975 -0.00260406 -0.00189544 0.0125254 -0.00233407 0.00130927 -0.0106364 -0.00914018 -0.00239308 -0.000506042 -0.00450075 0.000313876 0.00503288 -0.000640799 -0.00583204 0.0165076 -0.0141244 -0.0062765 0.0191429 -0.0084593
internal_weight=2653.36 1835.5 912.375 889.767 817.859 64.9875 869.421 854.842 20.3462 923.126 752.872 725.052 654.134 19.3091 634.825 18.5357 22.6079 70.9182 35.0646 910.557 155.066 755.492 127.122 628.37 146.388 12.5683 27.8196 13.1323 14.5787 12.1113
internal_count=8577 5588 2782 2720 2989 324 2654 2600 66 2806 2665 2538 2310 67 2243 92 62 228 115 2765 463 2302 385 1917 434 41 127 66 54 64
is_linear=0
shrinkage=0.03


Tree=166
num_leaves=31
num_cat=0
split_feature=14 98 93 5 80 69 5 90 86 0 65 70 23 97 19 100 46 90 7 2 84 16 111 90 16 46 88 92 3 7
split_gain=3.67258 5.0323 5.86098 4.73895 4.27833 3.64343 6.81982 5.41527 3.55048 5.92471 6.60056 5.76342 6.14774 3.89514 3.50717 6.02183 5.7091 5.31634 6.88091 5.55499 5.21541 7.76225 5.39549 5.12942 4.80537 4.16329 3.08293 2.97029 1.59153 1.45786
threshold=0.23205128205128209 1.7434210526315792 0.64852941176470602 -1.4976190476190474 0.56750471401634206 -0.39557501341921625 -0.13333333333333333 0.33950098557941705 4.5833333333333348 2.0333333333333337 -0.44252033200503321 18.500000000000004 -0.13636363636363633 0.95833333333333337 0.51666666666666672 0.58114035087719318 1423.6330271025038 0.32296680099788916 0.89444444444444449 0.56904761904761914 0.63333333333333341 0.59166666666666679 0.22793685121107274 0.32818958039222362 0.21825396825396828 1386.6315853200838 0.44435379263092784 6.3604381731226871 1.1380952380952383 1.1291666666666669
decision_type=2 2 2 2 2 2 2 2 2 2 2 2 2 2 2 2 2 2 2 2 2 2 2 2 2 2 2 2 2 2
left_child=8 4 -3 28 -2 6 -5 -7 14 10 -10 13 -13 -12 15 17 23 18 -1 -19 22 -22 -18 25 26 -16 -17 -26 -4 -11
right_child=1 2 3 5 -6 7 -8 -9 9 29 11 12 -14 -15 16 24 20 19 -20 -21 21 -23 -24 -25 27 -27 -28 -29 -30 -31
leaf_value=-0.0063644435842329069 -0.028193102586293695 0.025929387509849897 -0.026244391830569487 0.033984275292657531 0.0066562657913486513 0.003522942509412211 0.0059758540184005173 -0.022825837895235779 0.017576932666825248 -0.0055728439198395683 -0.0019841931716112005 -0.021490023022680795 0.0034302254744834485 -0.022931877197993115 0.013541309147689123 -0.009824357442912714 0.0015022324707793572 -0.0019225483476083207 0.0018005067452587056 -0.012233403897383307 0.0070782250599488788 -0.021427324733070161 -0.0069487855819846348 -0.02759859340166285 -0.02123792262761439 -0.0081453134577615521 0.016024482502588526 -0.00069730363334700324 -0.0034287218380053331 -0.023882747404394968
leaf_weight=106.64590580761433 8.0826076120138151 10.900428473949431 5.9694346040487272 9.8843340724706632 5.2168777436017981 195.77739404141903 37.538946747779846 7.2811601907014838 13.579833149909971 5.1944888532161739 12.960468783974646 10.324260219931601 65.017551064491272 20.827158242464066 9.9570942521095258 8.6162987947464007 823.32104079425335 246.88003974407911 720.31206051260233 58.091082587838173 213.86420254409313 8.9575820416212064 74.111908048391342 9.756087586283682 29.095757722854614 39.861656919121742 8.0159340351819974 8.0998494923114759 5.1046579778194427 15.872610807418821
leaf_count=328 31 28 23 23 17 567 110 25 37 17 39 37 202 70 27 29 2547 771 2155 229 606 30 232 35 101 118 25 26 18 74
internal_value=0.000273783 0.00349627 0.00437585 0.0034776 -0.014523 0.00432667 0.0118136 0.00257814 -9.31803e-05 -0.00467047 -0.00214714 -0.00460156 1.5347e-05 -0.0148966 0.00018502 -0.000967218 0.00134305 -0.000501008 0.000747541 -0.00388657 0.00182429 0.00593228 0.00080433 -0.00770641 -0.010771 -0.00381089 0.00263354 -0.0167649 -0.0157274 -0.0193681
internal_weight=2795.12 285.756 272.456 261.556 13.2995 250.482 47.4233 203.059 2509.36 143.776 122.709 109.129 75.3418 33.7876 2365.59 1185.76 1179.83 1131.93 826.958 304.971 1120.25 222.822 897.433 59.5748 53.8278 49.8188 16.6322 37.1956 11.0741 21.0671
internal_count=8577 842 794 766 48 725 133 592 7735 476 385 348 239 109 7259 3664 3595 3483 2483 1000 3415 636 2779 180 181 145 54 127 41 91
is_linear=0
shrinkage=0.03


Tree=167
num_leaves=31
num_cat=0
split_feature=79 79 79 19 86 46 35 35 36 5 90 22 55 4 55 33 65 19 72 8 111 23 76 109 8 109 89 33 3 66
split_gain=16.3113 6.6965 4.90226 5.86643 6.57689 7.53375 5.71946 5.54292 5.26173 4.97543 6.46334 10.2083 4.53737 4.26961 4.63378 6.80694 4.32889 4.00312 6.7957 6.82163 5.08234 4.80024 4.23905 4.6256 4.84998 3.99905 4.33269 3.83297 6.10943 5.98341
threshold=0.06666666666666668 -0.2349105812220566 0.051311274202840491 0.48333333333333339 2.7083333333333335 1421.3706810725459 -0.85119047619047616 -0.63392857142857117 -3.4999999999999996 0.39583333333333343 0.27043139339179739 0.14835164835164838 -0.11050061050061048 1.1055555555555558 0.10396294390118375 0.20000000000000007 -0.23495401958468318 0.51666666666666672 4.5000000000000009 -0.7126984126984125 -0.21999999999999989 -1.0000000180025095e-35 0.29774569402228984 0.95000000000000007 0.5565656565656566 1.804761904761905 0.29385811665518174 0.28869047619047628 1.1909090909090911 -0.032892239586148835
decision_type=2 2 2 2 2 2 2 2 2 2 2 2 2 2 2 2 2 2 2 2 2 2 2 2 2 2 2 2 2 2
left_child=1 13 3 6 5 -5 12 -8 -6 10 -4 -12 -3 14 15 -1 -15 18 19 -2 25 -21 -20 24 -24 26 -19 28 29 -22
right_child=17 2 9 4 8 -7 7 -9 -10 -11 11 -13 -14 16 -16 -17 -18 20 22 21 27 -23 23 -25 -26 -27 -28 -29 -30 -31
leaf_value=-0.017325860843366708 -0.0083652380506035063 0.00038502670899625213 0.037928373981655487 0.012199873146267456 -0.01945516056095763 -0.0047481749726216681 -0.011537727895851455 0.0012471493459510943 0.0030848118594371948 -0.0066534613062038039 -0.024055074755425825 0.014217028909684595 0.011338567515814092 0.02158972122310571 -0.019167751904216018 0.018975842322927209 0.0043927369335966925 -0.015208130197863956 -0.015049990206788686 0.0060148875062117357 0.029827414665396637 0.031370556701130189 0.00040733800902343367 -0.010671501342411963 -0.020474486356102363 0.011028293892667806 0.009943380528290767 -0.0066422409088085048 -0.0035392860785426745 -0.0024903204605606663
leaf_weight=8.11851714551449 12.530740588903425 54.855143755674362 7.6006812304258338 24.819987624883652 9.7233770638704282 482.44133262336254 32.765401586890221 445.40558360517025 225.26754216849804 16.239343583583832 7.4662624746561042 39.224199935793877 89.67875948548317 13.547210916876791 14.256786316633223 10.877323821187018 478.09388700127602 89.826959304511547 25.403626427054405 13.718100860714911 11.49789707362652 13.172103494405748 225.3070700392127 48.754396602511406 10.475685015320776 6.3877389803528777 6.6182959079742423 163.62525231391191 59.457112282514572 9.3477253466844541
leaf_count=21 49 158 20 66 27 1455 92 1266 645 57 24 117 245 35 39 29 1236 477 96 51 41 42 938 291 40 33 35 675 242 35
internal_value=-0.000137494 0.00126333 0.00020307 -0.000195448 -0.00199686 -0.00391892 0.0019518 0.000371099 0.00215216 0.00791549 0.0122733 0.00809694 0.00718136 0.00416293 -0.00624084 0.00346108 0.0048666 -0.00408241 -0.00181591 0.00991621 -0.0063659 0.0184353 -0.0033081 -0.00225978 -0.000520429 -0.0119596 -0.0134822 -0.00400774 0.00136033 0.0153353
internal_weight=2656.5 1960.38 1435.49 1364.96 742.252 507.261 622.705 478.171 234.991 70.5305 54.2911 46.6905 144.534 524.894 33.2526 18.9958 491.641 696.123 349.362 39.4209 346.761 26.8902 309.941 284.537 235.783 102.833 96.4453 243.928 80.3027 20.8456
internal_count=8577 5532 4172 3954 2193 1521 1761 1358 672 218 161 141 403 1360 89 50 1271 3045 1507 142 1538 93 1365 1269 978 545 512 993 318 76
is_linear=0
shrinkage=0.03


Tree=168
num_leaves=31
num_cat=0
split_feature=80 64 97 21 78 21 55 113 94 7 53 76 88 78 97 95 97 17 4 7 17 4 111 10 53 7 95 33 76 11
split_gain=15.8316 6.57566 4.46946 5.96917 4.89036 5.67294 4.35711 5.29864 4.68322 6.42314 6.45794 5.60471 5.48115 4.52299 4.30684 5.32593 5.27857 5.38928 4.27436 4.23009 7.53224 4.92539 3.95391 3.88479 3.58473 4.82914 4.08794 6.38747 3.61426 4.87981
threshold=-0.52190945125727717 0.1952319267241627 1.0871212121212122 0.12916666666666668 0.095238095238095274 0.21825396825396828 -0.79830508474576256 1.2071428571428575 1.2565789473684212 1.5166666666666668 0.50343679138322006 0.4755097960815674 0.44344182205213512 0.28869047619047633 1.2792207792207795 2.4494949494949503 1.3693181818181819 -0.069047619047619038 1.1291666666666669 1.7303030303030307 -0.094318181818181815 1.1483516483516485 0.0051530612244897927 0.39230769230769241 0.74739328771586855 0.34848484848484856 1.2361111111111114 2.7916666666666674 0.2994252873563219 -0.39761904761904759
decision_type=2 2 2 2 2 2 2 2 2 2 2 2 2 2 2 2 2 2 2 2 2 2 2 2 2 2 2 2 2 2
left_child=24 6 3 -3 5 -5 7 19 9 12 -11 13 -8 -10 15 22 17 -16 -17 20 -2 -21 -4 -18 26 -26 -1 28 29 -28
right_child=1 2 14 4 -6 -7 8 -9 11 10 -12 -13 -14 -15 16 18 23 -19 -20 21 -22 -23 -24 -25 25 -27 27 -29 -30 -31
leaf_value=-0.0054993187342123068 0.03399692866216808 -0.013740690884824677 0.010900652950486945 0.029775704572619535 -0.014004076824716076 0.00065729393946047706 0.0043059596250585915 -0.010724017800365311 -0.0029991786729321656 0.0081855415012795363 -0.015486855264191302 -0.019699291244708993 -0.003993608946582663 0.0049642397675243432 -0.013495123635590411 0.0056868020023326978 0.0065687638177739267 0.0070035681062005813 0.034301812252126508 0.00064814390368301124 0.0013876078557968857 0.013194978458303312 -0.0075821570511039041 0.0013142341419932712 0.011693816617964609 -0.010359246590055557 0.01410793011333189 0.02673519938307619 -0.0046746242296415823 -0.00072832757119963194
leaf_weight=288.7211611866951 12.197454258799555 30.236441433429718 40.30644366145134 9.369269862771036 9.5592664927244169 16.853304773569107 111.44347020983696 19.738794788718224 540.9174569696188 142.62513476610184 11.18514011800289 16.640426650643349 200.38337720930576 72.833406358957291 31.422197386622429 7.3087651282548931 290.22148989140987 18.24566987156868 13.152970060706137 113.69036459922791 13.355168074369429 37.429332450032234 14.047110259532927 224.65458008646965 9.6638210266828519 118.76451582461596 26.400238484144211 7.6809248626232138 119.54919537901878 81.69484555721283
leaf_count=1069 43 81 125 32 26 49 341 53 1646 442 32 42 585 240 84 23 944 55 47 332 40 119 39 670 32 543 115 29 406 293
internal_value=-0.000150746 0.00117433 0.00350407 -0.00392746 0.00436494 0.0110612 -9.71768e-05 0.00401757 -0.00083455 0.00144718 0.00646408 -0.00251994 -0.00102743 -0.00205417 0.00427143 0.0110351 0.00337508 -0.00596486 0.0240808 0.00566458 0.0169536 0.00375574 0.00612396 0.00427607 -0.00420801 -0.00869982 -0.00310719 -0.000172291 -0.00108017 0.00289516
internal_weight=2650.29 1997.82 705.378 66.0183 35.7818 26.2226 1292.44 196.411 1096.03 465.637 153.81 630.391 311.827 613.751 639.359 74.8153 564.544 49.6679 20.4617 176.672 25.5526 151.12 54.3536 514.876 652.475 128.428 524.046 235.325 227.644 108.095
internal_count=8577 6090 2175 188 107 81 3915 587 3328 1400 474 1928 926 1886 1987 234 1753 139 70 534 83 451 164 1614 2487 575 1912 843 814 408
is_linear=0
shrinkage=0.03


Tree=169
num_leaves=30
num_cat=0
split_feature=14 5 112 15 75 90 90 112 104 86 9 65 13 102 36 79 4 101 23 105 14 53 86 47 46 54 90 36 47
split_gain=3.51812 4.72504 4.13461 5.02354 5.58141 4.98649 4.30281 5.60175 4.87971 3.40141 5.31079 6.04897 4.24947 4.40385 3.46092 10.3703 5.75747 5.05081 3.86261 3.82165 7.96306 8.0764 5.654 5.93021 5.47577 3.56062 2.26418 1.45714 0.0239959
threshold=0.23205128205128209 -1.4128787878787876 1.475779967159278 0.36038961038961043 27.500000000000004 0.30526976990214233 0.27735609006673395 -0.34042879085982519 0.61250000000000016 4.5833333333333348 0.65476190476190488 -0.44252033200503321 0.12916666666666668 1.1464285714285716 1.5000000000000002 0.35743321718931481 1.6961538461538463 0.65833333333333344 -0.36277056277056269 1.4772727272727275 0.015268065268065277 0.36198686371100169 4.416666666666667 1624.3102368548186 1566.0262228556121 -0.76330532212885138 0.32899727850867921 1.0000000180025095e-35 1536.6220155922285
decision_type=2 2 2 2 2 2 2 2 2 2 2 2 2 2 2 2 2 2 2 2 2 2 2 2 2 2 2 2 2
left_child=9 26 3 4 5 -3 7 -5 -8 14 11 -11 -13 -14 19 17 18 -16 -17 22 21 -21 23 -1 -22 -19 -2 -12 -29
right_child=1 2 -4 6 -6 -7 8 -9 -10 10 27 12 13 -15 15 16 -18 25 -20 20 24 -23 -24 -25 -26 -27 -28 28 -30
leaf_value=0.0005150685765945368 -0.0030840993761162951 0.0061327047865383632 0.025144409954509582 -0.020504148482132081 -0.024386671971192903 -0.0047082923723930107 0.031565952404008425 0.014506646835824493 0.0092818730828116668 0.016428741195591418 -0.010076205199125476 -0.028460350942338519 0.0070632838478388391 -0.00691022893389363 0.026486956331639798 -0.0015886952349601347 0.011716910709784995 -0.015906016816546392 -0.01979606900887557 -0.015921968075679138 -0.0089786930360639915 0.0017299679622010888 0.019379367349096042 -0.017259615072722678 0.0057791342000819076 0.0047922197101313837 -0.025879710442870397 -0.024877168620670451 -0.027691993417527896
leaf_weight=1421.7790201604366 9.7496862858533877 95.224510759115219 8.3594947308301908 9.0724971145391482 7.6881315112113944 63.749355405569077 10.172480672597883 7.5240930616855612 67.719027459621429 13.861549496650694 9.1938203573226946 6.3327101320028296 27.794865101575851 75.262542828917503 9.4990423470735532 16.052910260856148 9.9061516225337964 7.6712736636400214 30.241427928209308 25.238922774791718 179.39955002069473 308.09047620743513 14.121745631098745 17.096199586987495 25.893848702311516 299.98558011651039 6.5600660666823378 5.4261760488152486 5.4768049418926239
leaf_count=4254 33 269 24 28 26 199 27 20 189 38 36 22 87 241 25 75 36 23 166 85 565 934 39 54 81 922 27 31 21
internal_value=0.000273405 0.00342695 0.00437583 0.00371102 0.000578088 0.00178541 0.00923703 -0.00463194 0.0121921 -8.59358e-05 -0.00457314 -0.00224144 -0.00460727 -0.00314153 0.000186047 0.00283665 -0.00904076 0.00494135 -0.0134825 -0.000310845 -0.00246925 0.000393405 0.000489272 0.000303876 -0.00711727 0.00427612 -0.0122529 -0.0188732 -0.0262911
internal_weight=2794.14 285.819 269.51 261.15 166.662 158.974 94.4881 16.5966 77.8915 2508.32 143.348 123.252 109.39 103.057 2364.98 373.356 56.2005 317.156 46.2943 1991.62 538.623 333.329 1453 1438.88 205.293 307.657 16.3098 20.0968 10.903
internal_count=8577 842 782 758 494 468 264 48 216 7735 476 388 350 328 7259 1247 277 970 241 6012 1665 1019 4347 4308 646 945 60 88 52
is_linear=0
shrinkage=0.03


Tree=170
num_leaves=31
num_cat=0
split_feature=80 48 101 107 96 100 7 98 107 112 33 74 66 94 40 35 23 23 80 48 92 5 5 53 55 88 98 12 55 45
split_gain=15.6817 6.30452 5.58178 6.57112 5.39765 6.38421 10.2691 5.76079 6.79276 7.82931 7.55965 5.26124 6.35474 8.97872 6.37841 6.6502 6.24753 5.52228 6.48644 5.81546 5.26628 6.94967 6.08988 5.24166 6.45946 6.55844 5.13924 6.17916 5.10802 5.0186
threshold=0.21272727272727279 -95.317053924325919 1.5358974358974362 0.51315789473684215 0.89444444444444449 0.59411764705882364 1.5358974358974362 2.3944444444444448 0.54195804195804198 0.46613171355498745 0.038690476190476199 11.500000000000002 -0.160327731092437 0.91287878787878796 1.0000000180025095e-35 -2.0874999999999999 0.46089743589743598 -0.069047619047619038 -1.0304856811145509 -82.066577258618153 6.7516859225392514 0.60000000000000031 0.13095238095238096 0.43643578643578645 0.2215007215007215 0.43672235417965971 3.4852941176470593 0.13809523809523813 -0.20766968880176426 1.5000000000000002
decision_type=2 2 2 2 2 2 2 2 2 2 2 2 2 2 2 2 2 2 2 2 2 2 2 2 2 2 2 2 2 2
left_child=1 23 4 26 5 -2 -7 8 9 -6 -10 12 13 -3 15 -14 -16 20 -19 -20 21 -13 -22 -1 25 -25 27 -4 -15 -9
right_child=2 11 3 -5 7 6 -8 29 10 -11 -12 17 14 28 16 -17 -18 18 19 -21 22 -23 -24 24 -26 -27 -28 -29 -30 -31
leaf_value=0.022141965125650951 -0.010423923699353216 -0.0049061773012821375 0.024020624252795154 -0.0061760061326022334 -0.010010595099742265 0.02767952228760277 -0.020619636982812724 -0.0050388699619725794 -0.0068066179068070123 0.015080050497803523 0.028238635218670878 -0.0064966949541829747 -0.0078443275815913444 0.028344719521892575 -0.0048971115401792243 0.0030923449318296182 0.012217930310750667 0.020340381470132844 -0.021872752962290784 -0.0043930708034790175 0.034537447049332058 0.019191226187940891 0.0051993207327189353 0.012448267896153269 0.0050923591068351799 -0.014506026059973063 -0.0055905052783884711 0.004104471183533397 0.0083593886615174039 0.019067677853564207
leaf_weight=14.633844092488287 188.90856455266476 47.715763688087463 23.046158030629158 53.797103777527809 34.295680612325668 10.209158495068552 6.4742713943123809 364.11306013911963 8.1117110550403613 16.615664958953857 17.471236035227776 47.736878573894501 55.139002829790115 12.600819692015646 241.1935738325119 540.97141580283642 20.855034992098808 8.9824287146329862 18.365646511316299 254.62729686498642 9.0713684707880038 11.827095404267309 21.365613371133804 11.064365059137343 386.58707778155804 30.574588656425476 20.333720423281193 35.799535065889359 132.95095980167389 7.9419276714324942
leaf_count=38 887 146 88 222 125 42 30 1554 32 62 60 136 152 35 687 1507 55 22 53 780 27 34 63 28 994 80 84 139 384 31
internal_value=-0.000137339 0.00136045 -0.00368862 0.00191458 -0.00482766 -0.00885288 0.00893626 -0.0029827 0.00451531 -0.00182189 0.0171267 0.000387863 0.00147271 0.00638728 0.000365894 0.00208072 -0.00353502 -0.00267857 -0.00474367 -0.00556902 0.00379144 -0.00139607 0.0139432 0.00448647 0.00388313 -0.00734369 0.00741159 0.0119044 0.0100896 -0.00452429
internal_weight=2653.38 1866.26 787.118 132.977 654.141 205.592 16.6834 448.549 76.4943 50.9113 25.5829 1423.4 1051.43 193.268 858.159 596.11 262.049 371.976 281.975 272.993 90.001 59.564 30.437 442.86 428.226 41.639 79.1794 58.8457 145.552 372.055
internal_count=8577 5221 3356 533 2823 959 72 1864 279 187 92 4081 2966 565 2401 1659 742 1115 855 833 260 170 90 1140 1102 108 311 227 419 1585
is_linear=0
shrinkage=0.03


Tree=171
num_leaves=31
num_cat=0
split_feature=48 54 54 68 101 15 72 109 72 67 22 111 53 8 45 111 88 3 75 93 17 2 103 17 55 17 91 55 67 47
split_gain=15.044 5.42085 5.74286 4.17276 4.30425 4.90269 4.18772 3.99352 5.24793 5.9092 5.30494 8.81299 4.13791 3.78857 4.35958 3.77981 3.71089 3.68161 4.27722 3.63648 3.57629 3.52507 3.94208 3.33729 4.11068 3.30295 3.50771 2.91003 2.87381 3.74308
threshold=-28.661921005916835 -0.092348927875243639 -0.14218328840970348 0.11324138092012949 1.1143790849673205 0.70714285714285718 49.500000000000007 -0.69999999999999973 5.5000000000000009 -0.62513440860215042 1.0000000180025095e-35 -0.020408163265306107 0.66849816849816857 1.2071428571428575 1.5000000000000002 -1.9999999999999996 0.44847466734619268 3.1339285714285716 18.500000000000004 1.7817460317460319 0.53055555555555578 0.30839160839160845 1.788888888888889 0.16538461538461544 -0.30407264722069344 0.11666666666666668 2.6376900289145517 0.8175416133162613 0.39485760421770316 1493.1777818544485
decision_type=2 2 2 2 2 2 2 2 2 2 2 2 2 2 2 2 2 2 2 2 2 2 2 2 2 2 2 2 2 2
left_child=7 2 3 4 6 -6 -2 15 23 27 11 -11 -12 14 17 16 -1 18 -3 28 21 22 -17 -9 -25 26 -16 -10 29 -4
right_child=1 13 19 -5 5 -7 -8 8 9 10 12 -13 -14 -15 25 20 -18 -19 -20 -21 -22 -23 -24 24 -26 -27 -28 -29 -30 -31
leaf_value=0.027793173411806177 -0.0026389264406948836 0.0018048435491624039 -0.017486962824369061 -0.016149103289519715 0.0047239146733580378 -0.010321472214039439 0.02055204643384503 -0.015903058529015687 0.0065876869297927399 -0.002085910571427495 -0.0014709738778883325 0.03653410705349646 0.011367317721984823 0.024366941115752817 0.0085994851117157968 0.0038186673695914794 -0.0045142299378157702 0.017134280507088526 0.0068585380909820665 -0.029882190733620043 -0.019889380867422791 -0.024430221764666023 -0.0073984262122742742 0.016122673974991404 -0.0075375223851686475 -0.016310765775536199 -0.0079360303670554765 -0.017975260018138834 0.0090138512211986998 0.0024790695590449084
leaf_weight=5.5042002052068693 285.9682779610157 969.44085861742496 24.91692727804184 14.14566884934902 215.79283857345581 21.428258985280991 7.1838483065366736 35.811835080385208 5.2551094144582775 12.403078109025957 394.60711374878883 9.3093732446432096 23.967141941189766 7.0850963592529288 19.716464683413506 33.442432463169098 7.642673522233963 15.881724908947943 178.47377106547356 7.4175080358982077 19.311480470001698 9.3800036460161191 179.78131763637066 7.7697797417640677 44.226534560322762 17.549892649054527 27.862057566642761 24.952570453286171 8.0662760734558088 12.787529081106184
leaf_count=26 869 2926 70 39 688 72 25 113 19 44 1322 37 92 24 61 130 33 58 545 19 95 29 760 29 165 48 79 95 24 41
internal_value=-0.000148066 0.00135818 -0.00098743 -6.83733e-05 0.000360518 0.00336486 -0.00207062 -0.00354387 -0.00212303 -0.000866507 1.41346e-05 0.0144727 -0.000735866 0.00249246 0.00236635 -0.00665392 0.00901191 0.00278904 0.00259057 -0.0103963 -0.00750528 -0.00643093 -0.00563912 -0.00885574 -0.00400199 -0.0051869 -0.00108374 -0.0137021 -0.00723851 -0.0107154
internal_weight=2647.08 1833.72 597.707 544.519 530.373 237.221 293.152 813.365 558.303 470.494 440.287 21.7125 418.574 1236.01 1228.92 255.062 13.1469 1163.8 1147.91 53.1882 241.915 222.604 213.224 87.8081 51.9963 65.1284 47.5785 30.2077 45.7707 37.7045
internal_count=8577 5588 1847 1693 1654 760 894 2989 1916 1609 1495 81 1414 3741 3717 1073 59 3529 3471 154 1014 919 890 307 194 188 140 114 135 111
is_linear=0
shrinkage=0.03


Tree=172
num_leaves=21
num_cat=0
split_feature=74 35 35 48 12 95 74 14 48 4 102 96 47 68 89 48 70 20 21 89
split_gain=3.53895 3.32997 5.55146 9.83256 6.47397 5.73066 4.80466 6.07391 6.07912 5.74809 6.26297 5.63358 5.59913 3.56596 3.33305 3.30619 3.23974 3.23464 2.7305 1.61532
threshold=42.500000000000007 -3.5178571428571423 -2.4910714285714279 49.535936355959741 0.13809523809523813 0.58571428571428574 8.5000000000000018 -0.30238095238095231 192.92285405067915 1.1291666666666669 1.2182539682539686 1.0454545454545456 1415.694279299342 -0.30592227678283562 0.20036496350364966 100.42557851109997 86.500000000000014 -0.045454545454545435 0.22649572649572652 0.2627834325891128
decision_type=2 2 2 2 2 2 2 2 2 2 2 2 2 2 2 2 2 2 2 2
left_child=1 14 3 4 13 -6 9 11 -9 10 -4 -8 -11 -3 18 -5 -2 -16 -1 -18
right_child=16 2 6 15 5 -7 7 8 -10 12 -12 -13 -14 -15 17 -17 19 -19 -20 -21
leaf_value=0.015821035884887442 0.0055887050924476175 -0.019150412921894382 0.0068648816534165723 -0.030391487371162783 0.03649137131249687 0.012133989907302212 0.0016298310769535963 0.0024287820801252658 -0.017254666336683235 0.013412879167299649 -0.00032953198623701815 -0.02299384347915116 -0.0025170251210445212 0.0061621069348382655 -0.0044166879423914885 -0.0014227028749132812 -0.0064075743266854375 -0.029203267511664268 -0.011606636908888036 -0.026565003971263431
leaf_weight=6.6813756674528104 6.8193401098251369 7.7523628324270275 149.11773440241814 6.9915340691804868 10.39192360639572 53.185358971357346 16.53033222258091 1031.5204367041588 14.31751376390457 20.265985876321793 403.78828983008862 16.923152610659599 986.58941655606031 14.15443731844425 9.1347776576876623 7.1944188475608826 5.6229111254215232 9.8455677032470721 6.3917667269706726 9.837828725576399
leaf_count=20 21 25 438 24 25 147 57 3070 76 59 1259 60 3075 42 32 28 22 35 21 41
internal_value=0.000272202 0.00036796 0.000480474 0.0074306 0.0112691 0.0161153 0.000217986 0.00175681 0.00215932 -0.000846816 0.00161079 -0.0108266 -0.00219639 -0.00279547 -0.00924545 -0.0156999 -0.0116364 -0.0172741 0.002411 -0.019234
internal_weight=2793.06 2770.78 2738.72 99.67 85.4841 63.5773 2639.05 1079.29 1045.84 1559.76 552.906 33.4535 1006.86 21.9068 32.0535 14.186 22.2801 18.9803 13.0731 15.4607
internal_count=8577 8493 8385 291 239 172 8094 3263 3146 4831 1697 117 3134 67 108 52 84 67 41 63
is_linear=0
shrinkage=0.03


Tree=173
num_leaves=31
num_cat=0
split_feature=112 21 19 43 2 46 65 112 11 35 77 73 66 67 69 51 21 71 3 17 110 37 90 95 34 83 8 74 86 46
split_gain=14.6379 6.60676 6.0691 5.37571 5.15672 5.02966 5.73425 4.66346 6.7288 4.44563 9.42925 4.79923 4.43533 4.37779 6.31176 5.08116 8.56788 7.39977 4.97368 4.35345 5.93006 7.62194 8.87532 5.84221 5.50978 7.82399 5.25346 4.31267 3.8228 3.66757
threshold=0.11438923395445134 0.48333333333333339 0.48333333333333339 1.0000000180025095e-35 -1.6833333333333329 1421.3706810725459 0.85755723564854835 -0.56021978021978003 -0.084523809523809515 -0.33630952380952378 0.13921188630490958 2.5000000000000004 0.11695444739844842 -0.14749264497300515 -0.072348773119321072 0.28801843317972359 0.24038461538461542 70.500000000000014 0.63068181818181823 -0.066666666666666666 -0.69999999999999973 1.0000000180025095e-35 0.25886211698072797 1.788888888888889 1.6380952380952383 0.77500000000000013 0.46249999999999997 11.500000000000002 1.9000000000000001 1412.2851816452205
decision_type=2 2 2 2 2 2 2 2 2 2 2 2 2 2 2 2 2 2 2 2 2 2 2 2 2 2 2 2 2 2
left_child=2 19 4 -3 -1 12 9 8 -8 10 -7 -11 -4 14 28 16 -15 -17 -16 26 24 22 -22 -23 25 -21 -2 29 -6 -14
right_child=1 3 5 -5 13 6 7 -9 -10 11 -12 -13 27 15 18 17 -18 -19 -20 20 21 23 -24 -25 -26 -27 -28 -29 -30 -31
leaf_value=0.021006958567154826 -0.0059252952598148308 0.0024679442137787422 0.030037221164224588 0.036584115221265597 0.035692207721734544 0.025965330309457819 0.0053688516957995812 0.021532635228206396 -0.022218731587579147 -0.010334052112206258 -0.0053088923521506697 0.001019490147154003 0.0030904385138359716 -0.0052003928451202228 0.027389025626546281 0.00021235985892740323 0.014580063177965662 -0.023270042639910674 0.0039980734685005296 0.018836599757620861 0.019999031227873235 0.0088384669881116634 -0.007883939097689396 -0.0046706256806156848 -0.012567175758496711 -0.016429029721181571 0.018945982919006076 -0.011334586531101361 0.0087127851992715426 0.018651938193793592
leaf_weight=14.717245668172835 484.11887327581644 11.678629383444788 6.8932969570159903 6.4539502561092368 9.6138487756252307 8.9267674982547742 100.01406992971897 14.06478990614414 8.6448350548744184 36.285145238041878 309.53378380835056 437.84538002312183 42.466359823942184 30.663037180900574 8.3977121114730817 318.26010756194592 55.162818282842636 12.553866699337958 317.53065595030785 34.424632683396339 10.872561782598494 69.826591849327087 186.6913975328207 49.050737395882607 9.2656298428773862 6.776535525918006 7.7661118060350409 12.319171309471129 9.2982712686061841 20.073985755443573
leaf_count=40 2212 38 18 20 28 29 265 39 24 108 892 1263 112 86 21 918 147 37 841 124 36 237 659 175 38 28 27 33 26 56
internal_value=-0.000138983 -0.00330948 0.00142891 0.014611 0.00341808 -0.000119623 -0.00075641 0.005278 0.003174 -0.00169077 -0.00443224 0.000150605 0.00700993 0.00307814 0.00557843 0.00100872 0.00751309 -0.00067876 0.00460075 -0.00368785 -0.00121472 -0.00273782 -0.00634945 0.00326439 0.00833555 0.0130363 -0.00553262 0.0048895 0.0224276 0.00808532
internal_weight=2650.19 876.926 1773.27 18.1326 776.198 997.068 915.315 122.724 108.659 792.591 318.461 474.131 81.7528 761.48 344.84 416.64 85.8259 330.814 325.928 858.793 366.908 316.441 197.564 118.877 50.4668 41.2012 491.885 74.8595 18.9121 62.5403
internal_count=8577 3594 4983 58 2144 2839 2620 328 289 2292 921 1371 219 2104 916 1188 233 955 862 3536 1297 1107 695 412 190 152 2239 201 54 168
is_linear=0
shrinkage=0.03


Tree=174
num_leaves=31
num_cat=0
split_feature=80 64 8 78 74 99 108 74 75 3 86 95 73 94 74 79 76 96 54 74 88 92 70 88 46 88 79 78 79 79
split_gain=14.4174 5.99355 4.82836 7.44103 5.25942 5.75126 5.91614 5.10162 5.86861 5.08022 6.81834 5.07884 7.05864 4.89985 4.68782 4.48911 4.46687 4.26287 5.1716 4.62071 4.82786 4.365 8.61217 4.23721 3.51783 3.9407 3.34604 3.77536 3.75515 4.7616
threshold=-0.52190945125727717 0.1952319267241627 0.059981684981684998 0.28869047619047633 18.500000000000004 0.54772727272727284 0.48684210526315791 19.500000000000004 15.500000000000002 1.2071428571428573 2.7083333333333335 1.2111111111111115 44.500000000000007 1.7182539682539686 3.5000000000000004 -0.2167989417989418 0.28281378178835115 1.5857142857142861 0.21231060606060609 -6.4999999999999991 0.4075928478923842 5.2806591939842535 44.500000000000007 0.43422095253982823 1540.1729549444187 0.44681763439290539 -0.38688172043010749 0.37797619047619058 -0.36341022161917685 -0.3742724867724867
decision_type=2 2 2 2 2 2 2 2 2 2 2 2 2 2 2 2 2 2 2 2 2 2 2 2 2 2 2 2 2 2
left_child=26 2 4 11 5 15 -7 8 -6 10 -5 12 -4 -11 -13 -2 -9 18 21 -20 -21 -3 -23 -19 -25 -26 27 -1 29 -28
right_child=1 17 3 9 7 6 -8 16 -10 13 -12 14 -14 -15 -16 -17 -18 23 19 20 -22 22 -24 24 25 -27 28 -29 -30 -31
leaf_value=0.0035504653072621776 0.02207783608681153 -0.00053951058846022986 -0.001889840750787578 0.0057809865214624714 0.040664492215369857 0.0042924938326284433 -0.017276210520297482 -0.011631536294357779 0.00064443789464294033 -0.009818813224945629 0.034112991566501737 0.00050861123465478439 0.021884879204762023 0.01867840329793077 -0.0094107201039030069 0.00061882806501951688 0.0066099198792370579 0.012433674913057706 0.027155307326149951 -0.0059564339125269868 0.0040132036109603248 0.044913592404433746 0.0070042702626053367 -0.012014561025963245 0.019013179801408944 -0.0076685190323203213 -0.004419271758538749 -0.011627808372386595 -0.0035129196304350733 0.029720389348226545
leaf_weight=17.842529818415642 8.8920878320932371 10.007078200578691 120.37944966554642 26.973546206951141 7.9238856434822065 17.719069793820381 32.326302945613861 13.534929513931273 5.6486591845750809 22.168401151895527 10.668442040681837 56.530787155032158 12.396520435810087 7.1919628232717505 177.56488656997681 659.1241721957922 112.52308882772923 12.413767606019972 7.3447605669498435 47.529954344034195 544.7667250931263 9.4867198169231433 12.499839812517164 39.83564804494381 8.4348412007093447 12.169357120990751 7.7214665114879608 85.060509517788887 530.69245548546314 7.0194154083728773
leaf_count=72 31 30 374 88 29 53 89 40 17 67 39 174 44 25 521 1981 343 40 27 136 1693 35 38 112 30 34 31 432 1919 33
internal_value=-0.000147413 0.00111504 -9.90631e-05 -0.00267803 0.00120554 0.000169603 -0.00963959 0.00653294 0.0240088 0.00651519 0.0138108 -0.00435701 0.000329867 -0.00283828 -0.00701534 0.000904473 0.00465132 0.0033409 0.00413346 0.00350643 0.00321317 0.0158855 0.0233613 -0.00353046 -0.00680934 0.0032543 -0.00403417 -0.00899602 -0.00309806 0.0118376
internal_weight=2644.39 1996.05 1291.57 433.874 857.692 718.062 50.0454 139.631 13.5725 67.0024 37.642 366.872 132.776 29.3604 234.096 668.016 126.058 704.489 631.635 599.641 592.297 31.9936 21.9866 72.8536 60.4398 20.6042 648.336 102.903 545.433 14.7409
internal_count=8577 6090 3915 1332 2583 2154 142 429 46 219 127 1113 418 92 695 2012 383 2175 1959 1856 1829 103 73 216 176 64 2487 504 1983 64
is_linear=0
shrinkage=0.03


Tree=175
num_leaves=18
num_cat=0
split_feature=46 46 85 46 67 19 105 108 36 2 41 67 46 5 21 80 77
split_gain=3.40339 6.82683 6.0344 5.32641 4.62237 3.83333 3.61412 3.22959 3.07815 6.72723 4.65446 2.73529 2.577 1.98015 1.42556 0.277355 0.0204015
threshold=1682.5048272473898 1662.3250862993925 0.45000000000000007 1636.8260527210291 -0.10029704710048225 0.51666666666666672 0.78888888888888908 0.6515151515151516 1.5000000000000002 1.6299603174603177 1.5000000000000002 -0.38324135393671815 1672.3274725947351 1.5891025641025645 0.19090909090909094 1.674377173721866 0.46954236239950536
decision_type=2 2 2 2 2 2 2 2 2 2 2 2 2 2 2 2 2
left_child=1 3 13 7 12 -6 -5 8 10 -10 -1 -8 -3 15 -13 16 -2
right_child=2 4 -4 6 5 -7 11 -9 9 -11 -12 14 -14 -15 -16 -17 -18
leaf_value=-7.326640938027809e-05 -0.024783699899072417 0.035599053805656401 0.016305157212156401 0.0069820134616709415 -0.01484648868305328 0.014315805838360835 0.0018143921597321359 -0.017098917810392845 0.0039539584392528889 -0.016030498675472956 0.017354869144081787 -0.026519735265078018 0.013308903809631045 -0.0022033081473309935 -0.01158093127167426 -0.017568621756107742 -0.027426603392522127
leaf_weight=2318.5966216102242 5.1595174223184639 8.7238237410783785 5.9476357251405707 8.0015192031860334 7.0468419492244747 9.5605393052101117 6.3325794786214855 9.4996723681688291 334.16548755764961 15.880238108336924 13.87397065758705 13.979574635624887 10.040603861212729 5.3523262888193122 9.764760881662367 5.0357092693448058 5.3591148406267166
leaf_count=6973 29 22 19 32 34 38 21 35 1037 79 37 68 34 30 39 28 22
internal_value=0.000271105 0.000374314 -0.0103574 0.000204651 0.0134693 0.00194166 -0.010937 0.000362249 0.000424085 0.00304734 3.03994e-05 -0.0157041 0.0236719 -0.0179425 -0.0203762 -0.0233584 -0.0261302
internal_weight=2792.32 2765.47 26.8543 2730.09 35.3718 16.6074 38.0784 2692.02 2682.52 350.046 2332.47 30.0769 18.7644 20.9067 23.7443 15.5543 10.5186
internal_count=8577 8449 128 8321 128 72 160 8161 8126 1116 7010 128 56 109 107 79 51
is_linear=0
shrinkage=0.03


Tree=176
num_leaves=31
num_cat=0
split_feature=80 19 109 12 96 111 86 46 47 91 42 93 102 112 50 102 90 47 64 98 102 24 88 40 17 109 48 90 113 100
split_gain=14.0559 6.78424 5.86565 8.85491 5.85554 5.8123 5.881 5.7785 6.05757 5.58876 7.91951 7.09138 5.49086 6.21411 5.43343 6.52474 5.35856 5.32854 5.28577 6.52249 7.89809 6.3826 5.9392 4.96998 4.49199 4.40361 5.67736 4.09211 4.07818 3.93918
threshold=-0.16652968036529678 0.48333333333333339 0.50000000000000011 0.17424242424242428 0.88194444444444453 -0.007499999999999985 1.1000000000000003 1421.3706810725459 1612.7002755925146 2.9538016896398402 1.0000000180025095e-35 1.6282894736842108 0.63068181818181823 -0.57142857142857117 0.22335600907029482 1.8062500000000001 0.33229084649279395 1412.1352366660124 0.097827715355805159 3.6961538461538468 1.4868421052631582 2.1666666666666674 0.44598233290762029 1.0000000180025095e-35 -0.066666666666666666 -0.46153846153846151 -182.50195632715221 0.33676723266626246 -0.40476190476190471 0.59411764705882364
decision_type=2 2 2 2 2 2 2 2 2 2 2 2 2 2 2 2 2 2 2 2 2 2 2 2 2 2 2 2 2 2
left_child=1 18 3 17 5 16 -7 23 9 11 -11 -9 -10 -14 -6 -16 -5 -2 19 20 21 -1 -22 25 -20 26 -3 29 -26 -4
right_child=2 7 27 4 14 6 -8 8 12 10 -12 -13 13 -15 15 -17 -18 -19 24 -21 22 -23 -24 -25 28 -27 -28 -29 -30 -31
leaf_value=0.005546386243481658 -0.019449108957723619 -0.0072173952990561945 -0.0053794524454925594 -0.014428462342831063 -0.009773101896000053 -0.0098418247557392462 0.0039705130166880452 -0.0052951920084282327 0.024517097770783265 -0.0019501278258819085 0.0095394018086536001 0.013558349906101504 0.00024658082258559332 0.022698830847221785 0.001908772911916663 -0.0067603940123514231 0.016683786465795297 0.0045837300168161026 0.014706986862974518 0.026862450625084706 0.0026418486090771048 0.018862009255042628 -0.013777641554157291 0.023852561489263777 0.0012615928622805451 -0.0048536331375239432 0.020561624226633931 -0.014086056966370615 -0.016192481081673895 0.0078859767021105202
leaf_weight=372.61806674301624 8.6019410640001279 9.605816036462782 280.29468318074942 87.721491381525993 57.870940208435059 52.213571235537529 59.197711884975433 327.01310960948467 12.766625091433523 174.24300970137119 78.235891297459602 18.998189806938171 76.798377871513367 12.967655166983603 352.77313539385796 100.36613763868809 5.2822958678007117 238.99888995289803 9.5723923295736295 12.553189784288405 54.705911293625832 35.483041897416115 31.097042933106422 14.729630082845686 23.232220038771629 25.810883894562725 21.3128901720047 45.399308860301971 25.026578053832054 21.706998899579048
leaf_count=976 32 25 1351 344 230 183 199 907 34 485 213 55 198 35 1125 371 22 815 26 33 143 93 83 38 66 72 55 208 68 92
internal_value=-0.00013871 0.00202568 -0.00234661 -0.0011411 -0.00283345 -0.00712467 -0.00250272 0.000199052 -0.000629362 -0.00178363 0.00161014 -0.00426001 0.00610818 0.00349005 -0.00111687 -1.1367e-05 -0.0126614 0.0037488 0.00452624 0.00550739 0.00496462 0.00670414 -0.00330897 0.00832589 -0.00406617 0.00429445 0.0119312 -0.00568838 -0.00778993 -0.00442597
internal_weight=2647.2 1336.77 1310.43 963.026 715.425 204.415 111.411 772.482 701.023 598.49 252.479 346.011 102.533 89.766 511.01 453.139 93.0038 247.601 564.288 506.457 493.904 408.101 85.803 71.4592 57.8312 56.7296 30.9187 347.401 48.2588 302.002
internal_count=8577 3605 4972 3321 2474 748 382 2117 1927 1660 698 962 267 233 1726 1496 366 847 1488 1328 1295 1069 226 190 160 152 80 1651 134 1443
is_linear=0
shrinkage=0.03


Tree=177
num_leaves=31
num_cat=0
split_feature=80 64 8 74 99 107 67 74 103 97 64 33 2 7 97 15 64 97 67 13 20 110 101 97 97 53 7 77 20 94
split_gain=13.6239 5.68554 4.62475 5.03085 5.55461 5.71937 5.22352 4.8821 4.51378 4.174 4.16971 4.53071 6.48586 4.47137 4.14202 5.82975 7.11251 5.03042 5.6324 4.53624 4.41412 3.78683 3.64732 4.41845 4.33016 3.35815 4.59368 4.3322 3.62092 4.82523
threshold=-0.52190945125727717 0.1952319267241627 0.059981684981684998 18.500000000000004 0.54772727272727284 0.51315789473684215 0.32757652279742339 19.500000000000004 2.1909090909090914 1.0871212121212122 0.23498312020647763 1.3273809523809528 0.25416666666666671 1.3923076923076925 1.2792207792207795 0.16025641025641027 0.33555478377796027 1.3693181818181819 -0.31575336241366775 0.095454545454545472 0.061111111111111123 -0.60208333333333319 1.3867521367521369 1.9045454545454548 1.720779220779221 0.74739328771586855 0.34848484848484856 0.68834459459459463 -0.038278388278388274 2.2361111111111116
decision_type=2 2 2 2 2 2 2 2 2 2 2 2 2 2 2 2 2 2 2 2 2 2 2 2 2 2 2 2 2 2
left_child=25 2 3 4 6 -6 -2 -5 -9 10 -3 13 -13 -12 15 20 -17 18 -16 -19 -11 -4 23 -23 -24 27 -27 28 29 -1
right_child=1 9 21 7 5 -7 -8 8 -10 14 11 12 -14 -15 17 16 -18 19 -20 -21 -22 22 24 -25 -26 26 -28 -29 -30 -31
leaf_value=-0.0018471550384068203 -0.00084827897733032631 0.0140830458778986 -0.015279914045577129 0.023445427956302136 -0.017038926376720321 0.0041787145929495766 0.0049513913986462153 0.0060254256422008559 -0.01710428444472321 0.0068081717330052529 -0.0039107025453425344 -0.0095511644638417454 0.022901851842526452 -0.026143893037699126 0.019070169585409955 0.0054905078862641848 0.027874955356928213 -0.0030566195683070707 -0.010074125056782663 0.0051182244149564566 -0.021448986788931024 0.00031900331828150336 -0.0093164844377517739 -0.017526233746761901 0.010044665240467682 0.01154378219086755 -0.0099774574896059499 0.02203130422083702 -0.0050249044693944948 0.011711486343134124
leaf_weight=152.81093382835388 469.05550003051758 9.8295607864856702 20.299430578947067 13.616882741451262 32.162736177444458 17.74089041352272 199.08749036490917 118.04582478106022 8.1155476719140989 16.535312891006473 17.405956149101257 14.347514465451242 9.0311580300331098 15.294508159160612 6.936243772506713 26.414717778563499 24.741393581032753 70.867430090904236 42.753146648406982 442.85424016416073 7.1168672889471045 300.75748491287231 87.554090321063995 13.028210312128065 11.797259032726286 9.6677849143743497 116.37632634490728 6.2134162187576285 333.10449504852295 27.942149132490158
leaf_count=555 1413 31 57 46 89 53 599 361 22 50 50 40 30 37 23 80 86 215 116 1399 18 936 266 35 38 32 543 29 1222 106
internal_value=-0.000147279 0.00107871 -0.000103819 0.00117239 0.000158744 -0.00949599 0.000879857 0.00637953 0.00453757 0.00324729 -0.00394034 -0.00709948 0.0029854 -0.0143095 0.00398955 0.0106221 0.0163166 0.0031089 -0.00600581 0.00399051 -0.00169432 -0.0026296 -0.00200803 -0.000421921 -0.00701749 -0.00393349 -0.00832674 -0.00286874 -0.00316983 0.00024884
internal_weight=2641.5 1995.39 1291.26 857.825 718.047 49.9036 668.143 139.778 126.161 704.128 65.9087 56.0791 23.3787 32.7005 638.219 74.8083 51.1561 563.411 49.6894 513.722 23.6522 433.436 413.137 313.786 99.3513 646.115 126.044 520.071 513.858 180.753
internal_count=8577 6090 3915 2583 2154 142 2012 429 383 2175 188 157 70 87 1987 234 166 1753 139 1614 68 1332 1275 971 304 2487 575 1912 1883 661
is_linear=0
shrinkage=0.03


Tree=178
num_leaves=22
num_cat=0
split_feature=50 74 22 74 74 49 46 46 72 94 78 35 15 106 36 68 87 66 55 86 80
split_gain=3.80165 4.88416 4.22668 3.47701 3.32938 5.83796 6.51257 6.30275 5.79531 5.09847 8.32504 7.79645 7.89945 6.82665 5.59741 3.70755 3.14416 4.46408 1.95837 0.259139 0.0185829
threshold=0.042572463768115944 28.500000000000004 0.12916666666666668 42.500000000000007 8.5000000000000018 0.75223223210772561 1662.3250862993925 1672.3274725947351 1.5000000000000002 1.2696969696969698 0.5913729128014843 -2.4910714285714279 0.59166666666666679 3.1464285714285718 1.5000000000000002 0.18971741955612934 1.1000000000000003 -0.10498125795772849 -0.42761904761904757 2.7083333333333335 0.83225108225108246
decision_type=2 2 2 2 2 2 2 2 2 2 2 2 2 2 2 2 2 2 2 2 2
left_child=1 2 -1 4 9 6 8 -8 -6 10 15 12 -11 -12 -13 -2 17 -5 -7 20 -4
right_child=3 -3 19 16 5 18 7 -9 -10 11 13 14 -14 -15 -16 -17 -18 -19 -20 -21 -22
leaf_value=0.0055438400032229631 -0.006080085487627113 0.015571457192372771 -0.028112916577899778 0.016134972952660448 0.025763919687307225 -0.025042960614985389 0.040362305766270166 0.003946194401962878 0.0015249359265960955 0.01636302790573152 0.023309913914058636 -0.00055979828827397123 -0.005072130154866324 -0.011013442673002329 0.007140846815542572 -0.0011697171811029176 -0.026900338760114793 -0.017625706017155005 -0.0020274957757430885 -0.01904043507315106 -0.02567109396775287
leaf_weight=5.6627713888883653 253.31949958950281 5.1355766952037802 6.2416302561759966 6.1614842116832742 8.9541587680578214 9.5541246235370618 7.7627062946558025 9.527172312140463 1036.8205414712429 53.533177986741066 19.026728689670566 910.60639559477568 21.764208570122719 7.1844365894794455 93.693167820572853 305.02491906285286 7.7280327081680289 8.2376355826854706 5.1053612306714049 5.4201857745647422 5.0943527966737747
leaf_count=20 777 16 24 19 23 55 20 35 3087 146 50 2708 66 24 274 1092 33 32 26 25 25
internal_value=0.00026995 -0.0108181 -0.0168633 0.000380488 0.000476074 0.00177511 0.0020344 0.0202961 0.00173248 -0.000365198 -0.00262184 0.000856678 0.0101673 0.0139019 0.000158611 -0.00339754 -0.011464 -0.00317928 -0.0170275 -0.0244358 -0.0270156
internal_weight=2791.56 27.5545 22.4189 2764 2741.88 1077.72 1063.06 17.2899 1045.77 1664.15 584.556 1079.6 75.2974 26.2112 1004.3 558.344 22.1272 14.3991 14.6595 16.7562 11.336
internal_count=8577 110 94 8467 8383 3246 3165 55 3110 5137 1943 3194 212 74 2982 1869 84 51 81 74 49
is_linear=0
shrinkage=0.03


Tree=179
num_leaves=31
num_cat=0
split_feature=80 19 76 53 2 109 87 54 50 96 112 86 14 35 92 74 77 12 97 92 9 79 13 97 106 26 34 110 78 79
split_gain=13.2958 6.51635 5.92452 6.2701 6.23708 5.72193 6.30213 5.69822 8.85394 6.48198 5.28021 5.05397 4.86219 6.20118 4.85592 7.65687 5.59132 4.65445 5.80488 5.03677 4.5745 8.32811 6.60136 4.75329 4.41258 4.27078 4.24782 4.21522 4.07185 9.804
threshold=-0.16652968036529678 0.48333333333333339 0.16172624237140368 0.73935688405797106 -0.21428571428571422 0.95000000000000007 1.4500000000000002 0.44519519519519524 0.22048611111111113 0.61250000000000016 -0.57142857142857117 6.5833333333333348 -0.066666666666666666 -1.540674603174603 6.4010873210180046 11.500000000000002 0.56691542288557228 0.21825396825396828 1.3875000000000002 6.6864847774674381 0.74166666666666681 0.28584255250921931 0.46410256410256417 2.477272727272728 2.2330316742081453 1.5000000000000004 -0.2071428571428571 0.42857142857142871 0.29398148148148157 -0.14166666666666666
decision_type=2 2 2 2 2 2 2 2 2 2 2 2 2 2 2 2 2 2 2 2 2 2 2 2 2 2 2 2 2 2
left_child=1 12 28 7 10 11 -7 9 -9 -4 -5 20 13 -1 15 -15 -16 24 19 -19 21 23 25 -2 -14 -22 -26 -20 29 -3
right_child=5 2 3 4 -6 6 -8 8 -10 -11 -12 -13 17 14 16 -17 -18 18 27 -21 22 -23 -24 -25 26 -27 -28 -29 -30 -31
leaf_value=0.015312642267208703 -0.0017641251626514247 -0.011736812585232391 -0.019643303915876428 0.0041144836285352407 -0.021696257442824787 -0.0035925148741345384 -0.017909352241112678 -0.01356885675606536 0.032781595179159483 -0.0026798021886806148 0.024928612591543366 0.024189882937876772 0.028847695662939155 -0.0013375895902728511 0.0094666138703956848 -0.021451448494290662 -0.014480653294781331 0.0080665037310947395 -0.013257605949431943 -0.0039655342953774184 0.0068769920408304026 -0.012197170369981782 0.030947382927196954 0.019386015222038561 -0.00522619168222869 -0.012663098049262873 0.011798589212133474 0.0054989693241051006 0.008091565379089255 0.015906395908079927
leaf_weight=21.585413247346878 1032.5741171464324 32.915543630719185 21.274102538824081 113.01822300255299 7.6925877332687369 81.948060251772404 41.779531307518482 6.0329410880804053 9.629365459084509 430.84478572010994 12.148337662219999 6.7750160545110694 11.56648840010166 73.121743336319923 47.017725974321365 22.206344708800316 10.788400977849959 188.79652680456638 26.897001057863235 37.53823609650135 42.82102569937706 70.855709038674831 8.3035407215356809 9.6527504175901395 15.416235461831091 13.160983003675936 91.338492408394814 17.999786138534546 120.71499000489712 17.786679312586784
leaf_count=55 3591 94 63 295 22 412 278 21 27 1197 32 24 31 192 124 57 28 496 75 104 171 370 30 35 41 61 237 48 317 49
internal_value=-0.000137865 0.00196667 0.000175709 -0.00122821 0.00452323 -0.0022882 -0.00842693 -0.00286174 0.0149279 -0.00347801 0.00613465 -0.00164678 0.00441713 0.00025893 -0.001863 -0.00602304 0.00499732 0.00628213 0.00411626 0.00607096 -0.00179545 -0.00224485 0.0059857 -0.00156824 0.011247 0.00228325 0.00934007 -0.00573782 0.00509501 -0.00203939
internal_weight=2644.2 1336.33 772.058 600.64 132.859 1307.87 123.728 467.781 15.6623 452.119 125.167 1184.14 564.272 174.72 153.134 95.3281 57.8061 389.553 271.232 226.335 1177.37 1113.08 64.2855 1042.23 118.321 55.982 106.755 44.8968 171.417 50.7022
internal_count=8577 3605 2117 1657 349 4972 690 1308 48 1260 327 4282 1488 456 401 249 152 1032 723 600 4258 3996 262 3626 309 232 278 123 460 143
is_linear=0
shrinkage=0.03


Tree=180
num_leaves=31
num_cat=0
split_feature=78 65 98 3 91 86 80 98 44 7 110 96 80 50 8 34 88 66 88 17 37 103 92 88 103 36 33 90 107 103
split_gain=12.9301 5.4073 5.31535 5.04518 4.86817 4.9863 4.48902 4.46873 4.19761 6.70631 7.63648 5.95428 4.84836 4.6349 3.88098 3.68022 5.93642 5.1389 5.9037 4.30691 5.37596 6.04827 5.79528 3.60582 6.61045 3.502 4.83572 3.20524 2.87379 2.67592
threshold=-0.042572463768115958 0.48549955200321743 1.6770833333333337 2.0801282051282057 3.147752705925519 1.9000000000000001 0.79016974071103996 1.8786764705882355 1.0000000180025095e-35 2.0333333333333337 -0.049999999999999871 1.6515151515151518 0.37257348232042342 0.052777777777777785 0.5565656565656566 -0.083333333333333329 0.44547718072764975 -0.17612571929915097 0.43981873234985275 0.16538461538461544 1.5000000000000002 3.3166666666666669 5.9309171654189532 0.39028324154209287 1.720779220779221 -2.4999999999999996 -0.052777777777777805 0.32439867350835866 0.54195804195804198 2.4494949494949503
decision_type=2 2 2 2 2 2 2 2 2 2 2 2 2 2 2 2 2 2 2 2 2 2 2 2 2 2 2 2 2 2
left_child=2 3 6 23 -5 -6 -1 -4 12 11 -11 -10 14 -14 -9 16 17 -3 -19 20 21 -17 -22 24 -2 27 -27 -25 -21 -30
right_child=1 15 7 4 5 -7 -8 8 9 10 -12 -13 13 -15 -16 19 -18 18 -20 28 22 -23 -24 25 -26 26 -28 -29 29 -31
leaf_value=0.031423183940736461 0.0020209686582702388 -0.010250064845037437 -0.010676027420522321 -0.0010480581476049356 0.0089428271913892746 0.046694597288472042 0.0018474911316111039 -0.005536259583055563 0.0033288981423436827 0.0090821778542477319 0.044472640463996009 -0.0065231663174473457 0.016032555564455531 0.0012644318281884424 0.0055350224962562016 -0.01028453850726541 -0.0089258484182044677 0.0083467275280607895 0.047963270097359997 -0.01449827394714546 -0.0042064301818380452 0.018635032920800904 0.021666964753879445 -0.010912296641279618 0.036970213958032877 0.0032108745268729106 -0.0024294108976626611 -1.2260306695087883e-05 0.0022218140530689025 -0.012238352435514039
leaf_weight=10.070414170622827 29.31945227086544 5.647363334894183 25.706930562853813 13.243186652660372 7.4792416244745237 5.4384132921695709 8.5318344831466657 171.35793827474117 619.37828847765923 69.566196411848068 5.9572682976722708 60.612873211503029 20.407576218247414 304.64445766806602 34.18039782345295 65.665355779230595 20.766560599207878 8.8255944997072202 5.4921898618340483 82.485206626355648 17.346033707261089 7.2247395962476721 14.144629657268522 69.136424452066422 5.8411494046449652 170.26441572606564 696.15676707029343 37.42215122282505 22.606649801135063 23.481165543198586
leaf_count=35 93 22 71 39 25 21 25 506 1899 230 23 178 67 894 112 233 79 43 27 373 58 27 55 241 23 562 2278 132 103 103
internal_value=-0.000147751 -0.00226584 0.00193463 -0.00127361 0.0117332 0.0248366 0.0178584 0.00170882 0.00195637 0.00339266 0.0118738 0.00245071 -8.87785e-05 0.00219161 -0.00369514 -0.00601563 0.00230393 0.0139845 0.0235433 -0.0074703 -0.00294305 -0.00741808 0.0074151 -0.00161113 0.00782701 -0.0019522 -0.00132101 -0.00708433 -0.0111457 -0.00514546
internal_weight=2638.4 1307.99 1330.41 1034.3 26.1608 12.9177 18.6022 1311.81 1286.1 755.515 75.5235 679.991 530.59 325.052 205.538 273.685 40.7317 19.9651 14.3178 232.954 104.381 72.8901 31.4907 1008.14 35.1606 972.98 866.421 106.559 128.573 46.0878
internal_count=8577 4537 4040 3414 85 46 60 3980 3909 2330 253 2077 1579 961 618 1123 171 92 70 952 373 260 113 3329 116 3213 2840 373 579 206
is_linear=0
shrinkage=0.03


Tree=181
num_leaves=21
num_cat=0
split_feature=50 74 17 18 112 83 50 35 35 49 12 74 100 101 106 49 92 64 95 2
split_gain=3.64026 4.72912 4.17723 3.64568 4.22938 3.99309 4.25758 3.36165 5.5604 9.66726 6.65725 4.70765 5.79281 5.16183 4.05934 2.29304 3.0404 2.01769 0.260719 0.0157971
threshold=0.042572463768115944 28.500000000000004 -0.050641025641025648 0.57738095238095244 -0.73333333333333295 0.22500000000000003 0.48563869992441427 -3.5178571428571423 -2.4910714285714279 0.57080879327902334 0.13809523809523813 8.5000000000000018 0.55277777777777792 1.1846590909090911 2.897368421052632 0.51480148726243125 4.5695295849856103 -0.12034395846539291 2.2792207792207795 0.78093434343434365
decision_type=2 2 2 2 2 2 2 2 2 2 2 2 2 2 2 2 2 2 2 2
left_child=1 2 18 7 -5 6 -6 15 9 10 -9 13 -13 -10 -11 16 17 -2 19 -1
right_child=3 -3 -4 4 5 -7 -8 8 11 14 -12 12 -14 -15 -16 -17 -18 -19 -20 -21
leaf_value=-0.027719472269444108 0.0057072174306870543 0.015267910584867548 0.0060090009125103525 0.011554789012328906 0.0061478934440266876 -0.029240103766982561 -0.019286402988069322 -0.0032077305097619763 0.0015580755715327366 -0.029779509869236966 0.016397711498903213 0.0021049893160680301 -0.021559566595394073 -0.0020431752864774866 0.0027867171034306176 0.0028689163926950033 -0.029307660898495801 -0.018100603768501224 -0.018684410502910431 -0.025464133893185796
leaf_weight=6.2158386409282773 6.6003192067146319 5.1531260460615149 5.5116687864065161 7.705356925725936 11.963924869894983 9.766479477286337 11.73164542019367 20.742633834481239 570.30249448865652 7.8193977773189527 62.723547235131264 1051.4631035625935 9.3928467929363233 963.21540757268667 6.1574146151542664 9.4339590519666654 8.1205797046422941 6.2256093919277227 5.3867531418800345 5.0789601430296898
leaf_count=25 21 16 17 23 36 36 38 64 1737 29 168 3173 31 3007 22 33 29 20 25 27
internal_value=0.000269458 -0.0106223 -0.0166339 0.000377243 -0.00848359 -0.0130979 -0.00644459 0.000511245 0.000623243 0.0076587 0.0115255 0.000358996 0.00189546 -0.0007039 -0.0154326 -0.00941222 -0.0149434 -0.00584892 -0.0241152 -0.0267053
internal_weight=2790.71 27.3463 22.1932 2763.36 41.1674 33.462 23.6956 2722.2 2691.82 97.443 83.4662 2594.37 1060.86 1533.52 13.9768 30.3805 20.9465 12.8259 16.6816 11.2948
internal_count=8577 110 94 8467 133 110 74 8334 8231 283 232 7948 3204 4744 51 103 70 41 77 52
is_linear=0
shrinkage=0.03


Tree=182
num_leaves=31
num_cat=0
split_feature=79 23 92 19 98 26 71 101 106 94 1 66 76 71 6 111 104 101 76 79 112 12 88 54 20 90 111 68 20 50
split_gain=12.678 5.50996 6.13132 5.13784 6.47386 6.3398 6.01307 5.96697 5.89143 8.78166 5.68537 4.43993 5.29682 4.03929 5.00237 5.47421 3.84951 6.23944 10.6537 7.17341 6.70624 6.19406 11.1702 5.07776 4.97087 5.10433 4.32127 4.27525 4.42077 4.34651
threshold=0.07342687412346853 0.39523809523809533 6.6789706502493589 0.48333333333333339 2.5358974358974362 1.8333333333333337 92.500000000000014 0.75735294117647067 2.2052631578947373 1.341666666666667 1.0690476190476192 -0.60543428591514625 0.55338145896656543 1.5000000000000002 1.4641025641025642 -0.14999999999999983 0.90454545454545465 1.0250000000000001 0.56386946386946402 0.13249190423103469 0.54881017381017372 0.13809523809523813 0.44910842032748666 1.2865353037766833 0.11805555555555559 0.30526976990214233 -0.0075000000000000075 1.6074929971988798 -0.169047619047619 0.13188405797101452
decision_type=2 2 2 2 2 2 2 2 2 2 2 2 2 2 2 2 2 2 2 2 2 2 2 2 2 2 2 2 2 2
left_child=1 3 13 7 8 6 -6 -1 9 -5 -10 -9 -13 -3 -15 -16 17 18 19 -2 -21 22 -19 -23 27 -26 -24 28 -18 -30
right_child=16 2 -4 4 5 -7 -8 11 10 -11 -12 12 -14 14 15 -17 24 21 -20 20 -22 23 26 -25 25 -27 -28 -29 29 -31
leaf_value=-0.017004352185544986 0.0019803654646974363 0.023882542652890446 0.025808944969799397 0.01020972283648347 0.00092325309689709665 -0.017323889048336951 0.018995621698750513 -0.020306325618436108 0.0010820397387471036 -0.011816494681262897 -0.0087461259194792085 0.0025403635426234912 0.018030468332019677 0.011687357450903237 0.0043740937329864405 -0.013057287604992663 -0.017662544607939888 -0.0079122173533519424 -0.013263346420037422 0.053555240242364584 0.014819814404264818 -0.014209442009528863 0.045300432326355486 0.017001420654563917 -0.0047043475680521619 0.034305349196023974 0.0092276098379993725 0.018532235275519237 -0.010251091976235902 -0.0034434402993513062
leaf_weight=14.043697744607924 10.132326662540438 9.1762826889753324 13.850970119237898 51.91887828707695 637.85442735254765 16.703303173184395 17.011370822787285 7.4684649109840384 71.878975585103035 23.739444509148598 201.40158082544804 787.11824928224087 20.382218837738037 40.075008779764175 47.934111163020134 24.502758413553238 25.757081247866154 18.345473885536197 11.14245944470167 8.0523394793272036 8.0379914790391904 40.624023869633675 6.7057083174586296 5.3039215654134741 6.2230448052287084 5.86294174939394 5.3920608013868314 6.723345771431922 107.71675751358271 390.09610472619534
leaf_count=44 37 25 38 160 1813 59 49 25 212 67 594 2181 58 108 126 68 116 81 56 26 33 168 24 23 26 20 20 22 608 1690
internal_value=-0.000137118 0.00105784 0.0068964 0.000629966 -0.000795164 0.000927196 0.00139272 0.00238429 -0.00411002 0.00329852 -0.0061611 0.0027184 0.00293135 0.0047437 0.00318277 -0.00152231 -0.00375242 0.00126564 0.0113112 0.0217534 0.0342048 -0.00364924 0.00684467 -0.0106051 -0.0048047 0.0142194 0.0292225 -0.00523828 -0.00554352 -0.00491648
internal_weight=2641.18 1985.06 135.539 1849.52 1020.51 671.569 654.866 829.013 348.939 75.6583 273.281 814.969 807.5 121.688 112.512 72.4369 656.116 113.736 37.3651 26.2227 16.0903 76.3712 30.4432 45.9279 542.379 12.086 12.0978 530.293 523.57 497.813
internal_count=8577 5627 365 5262 2954 1921 1862 2308 1033 227 806 2264 2239 327 302 194 2950 468 152 96 59 316 125 191 2482 46 44 2436 2414 2298
is_linear=0
shrinkage=0.03


Tree=183
num_leaves=31
num_cat=0
split_feature=80 5 37 26 84 111 35 51 34 51 34 15 101 67 17 54 88 21 66 2 92 90 53 77 7 92 50 95 33 11
split_gain=12.3839 5.09966 4.97739 4.06494 3.74838 5.12842 4.91702 5.07817 4.53254 4.53861 7.17505 4.74666 4.52696 4.41206 4.15727 4.74779 3.80123 3.67519 3.27202 6.19215 4.0407 3.96493 2.93022 4.54352 4.20724 4.18779 7.07011 3.77701 4.55377 3.49186
threshold=-0.52190945125727717 0.81861471861471879 1.5000000000000002 -2.4999999999999996 0.63333333333333341 0.10000000000000002 1.18452380952381 0.56904761904761914 1.2196428571428575 0.85449735449735453 1.3410714285714287 0.60769230769230786 2.0250000000000004 0.10834686147186147 0.13076923076923083 -0.31782106782106773 0.46516683518705765 0.26969696969696971 -0.066442041367802837 0.18852813852813852 3.3497501700808394 0.2631841318150811 0.74739328771586855 0.66441441441441451 0.34848484848484856 5.7446031891748186 0.72111111111111115 1.2613636363636365 2.7916666666666674 -0.33484848484848478
decision_type=2 2 2 2 2 2 2 2 2 2 2 2 2 2 2 2 2 2 2 2 2 2 2 2 2 2 2 2 2 2
left_child=3 4 18 -1 8 6 17 -8 12 11 -11 -10 16 -14 15 -7 -2 -6 20 -20 -3 -22 23 27 -24 26 -25 29 -29 -5
right_child=1 2 -4 22 5 14 7 -9 9 10 -12 -13 13 -15 -16 -17 -18 -19 19 -21 21 -23 24 25 -26 -27 -28 28 -30 -31
leaf_value=-0.018020175692674324 -0.001334400244083224 -0.01380951257740605 0.017963033861228397 -0.011572571053920776 -0.0058175738243521121 0.014505892712075388 0.0015639322725275872 0.029390282993899956 0.0031233421121909248 0.039963523239892031 0.0076285352293993117 -0.016506553898313178 0.017216871194391959 -0.0051842545208984547 -0.025278635721359612 -0.012344646102238373 0.003396998583549565 0.0023738728162744889 0.017739946724114931 -0.0045095988728319093 0.02482187321183596 0.0054215365759340724 0.011351838309357582 0.037753642131099115 -0.0092791343792142864 -0.0028913989696494457 -0.0068694905682849241 -0.00078961165866273109 0.02433736382519449 -0.0034997419893604332
leaf_weight=17.521249562501907 796.09947893023491 9.3346073031425458 22.831647127866745 62.559279099106789 123.37208744883537 7.788123592734336 16.834197878837589 9.0895462036132795 296.91656088829041 7.0128364264965048 51.770499467849731 11.516516327857969 25.502385258674622 11.472962781786917 14.410439908504484 24.800740703940392 189.12838965654373 82.098180785775185 13.150423392653463 78.207643017172813 9.973455995321272 192.0579209625721 9.6832984238862974 8.6366130560636538 109.43398922681808 12.255459830164908 5.0723571479320517 199.96797962486744 6.7091185748577109 210.41677097976208
leaf_count=78 2384 25 81 252 365 26 52 32 908 25 160 33 84 34 39 70 571 258 43 225 36 639 32 35 513 53 22 717 25 760
internal_value=-0.000145868 0.0010214 0.00445586 -0.0037687 0.000350991 -0.0028263 -0.000991226 0.0113206 0.000987614 0.00384641 0.0114861 0.00239039 -3.93796e-05 0.0102661 -0.011861 -0.00592787 -0.000426141 -0.00254458 0.00343714 -0.00130692 0.00548765 0.00637925 -0.00336901 -0.00237177 -0.007602 0.00985131 0.021243 -0.00303342 2.60562e-05 -0.00534983
internal_weight=2635.62 1993.37 325.556 642.256 1667.81 278.393 231.394 25.9237 1389.42 367.216 58.7833 308.433 1022.2 36.9753 46.9993 32.5889 985.228 205.47 302.724 91.3581 211.366 202.031 624.735 505.618 119.117 25.9644 13.709 479.653 206.677 272.976
internal_count=8577 6090 1049 2487 5041 842 707 84 4199 1126 185 941 3073 118 135 96 2955 623 968 268 700 675 2409 1864 545 110 57 1754 742 1012
is_linear=0
shrinkage=0.03


Tree=184
num_leaves=31
num_cat=0
split_feature=14 98 51 3 112 45 94 11 98 3 90 74 103 51 101 6 46 74 106 47 14 109 88 20 108 95 72 102 80 88
split_gain=3.31343 4.78611 4.48831 4.63417 4.12423 3.90219 5.74593 9.08057 5.36957 7.8224 4.46481 3.35067 3.50835 5.28226 6.37691 6.01166 7.96129 5.22424 4.73607 4.30657 12.2765 7.177 6.20828 5.29757 5.27676 3.86538 3.67168 2.91124 3.91131 2.19516
threshold=0.23205128205128209 1.7434210526315792 0.95553359683794481 1.1291666666666669 0.26190476190476197 1.0000000180025095e-35 1.3944444444444446 -0.49615384615384611 2.3514705882352946 1.1909090909090911 0.27043139339179739 42.500000000000007 2.2792207792207795 0.19615384615384621 2.4058823529411768 1.8397435897435901 1469.9723117478059 16.500000000000004 3.8062500000000004 1529.8058806665294 0.12344322344322346 -0.70294117647058807 0.44781464231179607 0.061111111111111123 0.54195804195804198 2.7638888888888893 25.500000000000004 1.3245614035087721 -0.028571428571428574 0.43553507782314832
decision_type=2 2 2 2 2 2 2 2 2 2 2 2 2 2 2 2 2 2 2 2 2 2 2 2 2 2 2 2 2 2
left_child=11 4 5 -4 -2 8 7 -7 29 -10 -8 12 19 14 26 17 -17 -15 -16 23 21 -21 -22 24 -1 -25 -14 28 -13 -3
right_child=1 2 3 -5 -6 6 10 -9 9 -11 -12 27 13 15 18 16 -18 -19 -20 20 22 -23 -24 25 -26 -27 -28 -29 -30 -31
leaf_value=9.5494548249837714e-06 -0.027707898293584908 -0.0049469880303830141 0.029375689048029705 0.00313691386959142 0.0068145923402401576 -0.0059167928338627676 -0.018722618792665294 0.016233839489370371 0.015962611539949462 -0.005687555687781602 0.0024956343149151565 -0.02072854036374688 -0.015226692958974407 -0.0047269150364475628 0.007361887700801025 -0.0030360053151601367 0.026662714325916707 0.018589039406053273 -0.0082996346846588524 0.014576277333181916 -0.011778297040296468 0.0035224495155188897 0.0034969348394040547 -0.0041694919477084005 0.0069805626274703813 0.014263831428612305 -0.00397193923376801 -0.026117745162698248 0.012741605466582337 -0.023851992179054874
leaf_weight=1223.8005054220557 8.0551756769418699 10.512945026159288 12.348354890942575 11.892150133848189 5.077685520052909 22.084550231695175 10.4549703001976 67.768474593758583 23.656612753868103 41.138787344098091 61.006182536482811 5.9580723345279694 66.512340515851974 79.974928855895996 41.002908796072006 15.206295996904371 17.441250503063202 9.6976203173398954 30.160076685249805 62.634903460741043 66.892992898821831 338.87573954463005 37.298250749707222 334.51003887504339 106.20920723676682 10.561553083360193 42.923163816332817 8.1097552776336652 6.6490435749292391 11.657488256692885
leaf_count=3782 33 30 29 36 15 70 33 182 62 129 185 22 222 257 128 48 47 27 107 174 208 997 107 1060 315 43 133 37 21 38
internal_value=0.000268097 0.00332926 0.00418172 0.0165032 -0.0143601 0.00297873 0.00574021 0.0107895 -0.0021436 0.00221686 -0.000608657 -8.10581e-05 1.916e-05 -0.00300612 -0.00626644 0.00180755 0.0128299 -0.00220542 0.00072427 0.000439383 0.00286572 0.00524683 -0.00631009 -0.000293121 0.000566226 -0.00360531 -0.0108123 -0.012096 -0.00307625 -0.0148875
internal_weight=2790.07 285.653 272.521 24.2405 13.1329 248.28 161.314 89.853 86.9658 64.7954 71.4612 2504.42 2483.7 302.919 180.598 122.32 32.6475 89.6725 71.163 2180.78 505.702 401.511 104.191 1675.08 1330.01 345.072 109.436 20.7169 12.6071 22.1704
internal_count=8577 842 794 65 48 729 470 252 259 191 218 7735 7655 969 590 379 95 284 235 6686 1486 1171 315 5200 4097 1103 355 80 43 68
is_linear=0
shrinkage=0.03


Tree=185
num_leaves=31
num_cat=0
split_feature=80 19 76 103 80 33 71 53 79 90 14 35 75 80 101 66 12 90 95 86 68 79 48 66 36 9 34 67 3 66
split_gain=12.0312 6.02391 5.63725 6.0523 8.24235 6.69408 7.36832 6.08588 5.09558 4.84904 4.69322 5.91135 4.63607 4.49889 4.55375 6.41993 4.91114 4.37716 4.341 4.19031 4.15578 4.13663 3.96993 3.81089 3.98197 3.78089 3.70101 4.21669 5.2348 3.01637
threshold=-0.16652968036529678 0.48333333333333339 0.16172624237140368 1.8944444444444446 -0.21010186757215615 -0.18749999999999994 5.5000000000000009 0.76457516339869291 0.28584255250921931 0.23877476216657506 -0.066666666666666666 -1.540674603174603 26.500000000000004 -2.0930735930735929 2.3717105263157898 -0.11529016809090063 0.21825396825396828 0.29736953804110827 1.2928571428571431 6.5833333333333348 1.6074929971988798 -0.12121212121212117 -102.83405181907493 0.70890400748053217 -1.4999999999999998 0.39230769230769241 -1.0499999999999998 -1.01525561465721 0.5277777777777779 -0.22271358719360343
decision_type=2 2 2 2 2 2 2 2 2 2 2 2 2 2 2 2 2 2 2 2 2 2 2 2 2 2 2 2 2 2
left_child=1 10 26 4 7 18 -7 -4 9 25 11 22 21 -12 16 -16 -15 -6 -5 23 29 -13 -1 24 -11 -2 -3 -28 -29 -10
right_child=8 2 3 5 17 6 -8 -9 20 19 13 12 -14 14 15 -17 -18 -19 -20 -21 -22 -23 -24 -25 -26 -27 27 28 -30 -31
leaf_value=-0.00089996841610248538 0.0041229901795537165 0.024613662162859797 -0.0064531858705043476 -0.016309580462550037 0.00087854413014289742 -0.018035848337648427 0.0049959087114242462 0.017930351173064435 -0.011042667423282637 0.0031544529580195867 0.020502556331481275 -0.0074089982646232721 0.0171342839947995 0.011791160180799209 -0.026635091128358032 0.005126964467623279 0.0039261199192724607 0.032797906144664643 -0.00011574908420198242 0.022773741196823013 0.015165015220122265 0.0030958780722427524 0.025358821015724141 -0.020956359697958147 -0.0024053024909153485 0.030132374735198197 -0.016398461168935327 -0.0072550079249067492 0.0075661731241678503 -0.0021941239217750184
leaf_weight=8.6474572420120257 16.968194752931598 8.1942707449197751 261.6950266212225 26.862490892410278 7.6932082474231702 13.189326345920561 239.66468426585197 9.5485206842422468 105.79081202298403 131.7304290086031 18.467745840549469 87.651052355766296 10.672171801328657 100.62878884375095 9.4043923467397708 14.648388177156447 246.44963109493256 7.7735178470611572 33.44962403178215 6.2288771122694007 7.1999345719814292 54.848238989710808 12.929195404052733 9.3661068230867368 967.1434093490243 7.1495120823383322 8.6763367950916273 25.738490998744965 128.64840334653854 51.576288759708405
leaf_count=22 48 21 744 72 26 43 635 25 656 437 52 226 28 262 23 39 656 22 90 20 23 147 33 32 3469 23 25 70 344 264
internal_value=-0.000137782 0.0018633 0.000139646 -0.00123087 -0.00438019 0.0016524 0.00379453 -0.00559482 -0.00218851 -0.00147531 0.00421853 0.000133585 -0.00193733 0.00605077 0.00533163 -0.00729168 0.00620644 0.0169211 -0.00732834 -0.00176332 -0.00712287 -0.00336565 0.0148349 -0.00190123 -0.00173881 0.0118333 0.00494025 0.00395162 0.00509527 -0.0081426
internal_weight=2638.63 1335.48 771.134 599.876 286.71 313.166 252.854 271.244 1303.15 1138.59 564.347 174.748 153.171 389.599 371.131 24.0528 347.078 15.4667 60.3121 1114.47 164.567 142.499 21.5767 1108.24 1098.87 24.1177 171.258 163.063 154.387 157.367
internal_count=8577 3605 2117 1657 817 840 678 769 4972 4029 1488 456 401 1032 980 62 918 48 162 3958 943 373 55 3938 3906 71 460 439 414 920
is_linear=0
shrinkage=0.03


Tree=186
num_leaves=31
num_cat=0
split_feature=80 94 76 80 75 46 1 105 19 97 55 37 99 96 111 75 16 95 101 95 92 47 109 67 70 46 25 35 112 21
split_gain=11.7365 5.0352 5.31531 4.61405 4.97107 4.57276 4.37712 4.0226 3.73355 3.55371 6.27905 5.50158 4.90411 4.68179 5.68301 4.65368 4.58694 4.23578 6.83627 5.07785 3.65762 4.27233 3.62854 3.10664 4.4988 6.39585 4.55564 3.87032 6.95747 5.2253
threshold=-0.52190945125727717 1.1937500000000003 0.19189852700491003 2.0059523809523814 36.500000000000007 1519.4272452704552 1.3798076923076925 1.0416666666666667 0.51666666666666672 1.6515151515151518 -0.79830508474576256 -1.4999999999999998 0.46410256410256417 1.0954545454545457 0.065000000000000044 -7.4999999999999991 0.46410256410256417 1.5227272727272729 1.4868421052631582 1.8819444444444446 5.5154408213148463 1476.4969310993768 0.70294117647058829 -0.56064164695837115 58.500000000000007 1483.3782133403804 2.1666666666666674 0.41369047619047616 -0.083333333333333412 1.0000000180025095e-35
decision_type=2 2 2 2 2 2 2 2 2 2 2 2 2 2 2 2 2 2 2 2 2 2 2 2 2 2 2 2 2 2
left_child=23 2 -2 4 6 -5 -4 -6 -7 10 12 20 22 14 -12 -15 -14 18 -13 -19 -11 -22 -3 -1 27 -26 -27 28 -25 -29
right_child=1 9 3 5 7 8 -8 -9 -10 11 13 17 16 15 -16 -17 -18 19 -20 -21 21 -23 -24 24 25 26 -28 29 -30 -31
leaf_value=-0.0078001696540139073 0.020553657870176274 0.0083224465175414444 0.0035740619646324454 -0.0089655899757915183 0.0079866591484668362 0.024704226713861955 -0.0011752200664799123 0.035168337040603709 0.0066904143363308586 -0.014948328399692574 -0.00086398166150128256 0.0060195341103281962 0.024301996990298169 0.023208894400385156 0.010820978178538663 -0.0038323782745374861 -0.00095012338291135181 -0.0059271767165434246 0.030696617367213561 0.0069092243028743621 0.0082030810616623134 -0.013259051040689909 0.028977233149789613 -0.0061466717089208268 0.032069299275799761 -0.0094459381496663376 0.015674767329475998 0.023365759844346308 0.019093800737323429 -0.0008770038189621648
leaf_weight=130.94377417862415 14.959094971418379 41.295917510986328 385.0575707256794 8.3154254108667356 19.90257024765015 20.070382118225098 319.62798836827278 6.5004103630781165 21.392066493630409 21.012902110815048 187.29471151530743 34.71957203745842 6.9419653862714759 5.7860289663076392 46.825174644589424 568.71085825562477 96.027517378330231 40.68138062953949 14.250513330101965 87.156682282686234 24.003977656364441 12.79831290245056 9.396563768386839 302.66755972057581 7.6379742473363867 15.702966630458834 11.082844167947767 8.4421304166316968 10.158651441335676 153.4266011044383
leaf_count=559 50 127 1174 23 60 89 942 23 82 58 565 107 24 20 151 1727 282 117 50 274 76 36 33 1146 31 54 43 35 39 580
internal_value=-0.000144746 0.000990447 0.00283983 0.00250048 0.00189874 0.0113382 0.0014199 0.0146788 0.0154102 -0.000239213 -0.00104639 0.00307132 0.00451273 -0.00210279 0.00147307 -0.00356003 0.000752316 0.00569825 0.0132007 0.00282435 -0.00496227 0.00073944 0.0121511 -0.00367898 -0.00261902 0.00785318 0.000947955 -0.00337844 -0.00532702 0.000387358
internal_weight=2632.79 1992.73 795.826 780.866 731.089 49.7779 704.686 26.403 41.4624 1196.9 962.279 234.623 153.662 808.617 234.12 574.497 102.969 176.808 48.9701 127.838 57.8152 36.8023 50.6925 640.063 509.119 34.4238 26.7858 474.695 312.826 161.869
internal_count=8577 6090 2443 2393 2199 194 2116 83 171 3647 2929 718 466 2463 716 1747 306 548 157 391 170 112 160 2487 1928 128 97 1800 1185 615
is_linear=0
shrinkage=0.03


Tree=187
num_leaves=31
num_cat=0
split_feature=14 51 0 111 24 14 92 111 111 90 88 55 51 51 3 88 10 104 46 22 6 71 95 89 95 87 93 94 109 36
split_gain=3.17996 4.42871 4.97142 4.86564 8.85163 5.38825 4.95799 4.46757 5.98906 4.30401 5.1648 4.28263 5.30765 3.68483 3.52016 3.22412 4.02223 3.28574 4.29439 4.664 3.57878 3.15208 9.07734 5.11535 3.24802 5.50975 5.39981 2.81134 2.71818 2.661
threshold=0.23205128205128209 0.82971014492753636 1.4833333333333336 -0.0024999999999999875 2.1666666666666674 0.39761904761904771 6.2116030863880871 0.12499999999999999 0.33425669436749783 0.27783028775467344 0.44910842032748666 -0.85480093676814972 0.9920634920634922 0.58012820512820518 1.4833333333333336 0.39028324154209287 0.29285714285714287 2.3484848484848491 1461.4317982608156 0.42261904761904767 1.3205128205128207 92.500000000000014 0.89444444444444449 0.26248076585868502 1.2361111111111114 0.36666666666666675 1.7029411764705884 1.0250000000000001 -0.40192307692307699 -1.0000000180025095e-35
decision_type=2 2 2 2 2 2 2 2 2 2 2 2 2 2 2 2 2 2 2 2 2 2 2 2 2 2 2 2 2 2
left_child=15 3 11 4 5 6 -2 9 14 10 -5 12 -3 -10 -9 16 27 21 -19 20 -20 24 -23 -24 25 -17 -26 -1 -18 -11
right_child=1 2 -4 7 -6 -7 -8 8 13 29 -12 -13 -14 -15 -16 17 28 18 19 -21 -22 22 23 -25 26 -27 -28 -29 -30 -31
leaf_value=0.016069073457034878 0.011366507925104187 -0.0073101793657519495 -0.0075188236595809437 0.022380939742953441 0.030443828034201387 -0.0093266752819467051 -0.0021490712677272356 0.022221096820081315 -0.023415640537832492 -0.0041100760584082824 -0.010050048637037349 0.028136800548335613 0.019986317037512431 0.0067030883870646497 -0.0021386098972592184 0.0015189172692620216 -0.003201472320368672 -0.025872028653246757 -0.014422184450710879 -0.021399690293348334 0.0067264030515658624 0.024493796565806056 -0.0035614455086114523 -0.023098315971157902 0.0024994211176063218 -0.0033707698859998343 -0.0013763730859409711 -0.0049836510323266426 -0.025567566584369129 -0.020890083374994269
leaf_weight=6.9566400200128546 60.793226137757301 11.19145746529102 10.290121048688887 7.2636696100235012 11.35902690887451 26.18121275305748 40.835870236158371 15.11675100028515 8.6467472165822965 13.075948551297186 11.287030398845671 15.711081117391588 15.009135842323303 6.3337321877479544 8.254321873188017 392.43759892880917 7.6678090095520046 9.1218597143888456 9.6309514269232732 10.251085877418516 28.54639707505703 7.3632190227508536 31.057381495833397 19.720503151416779 1022.2700861468911 439.87301290035248 473.30656588822603 31.823903873562813 13.500952571630476 24.334499567747116
leaf_count=22 174 37 36 19 28 84 124 38 31 39 35 37 37 19 25 1151 25 32 46 38 89 22 98 68 2985 1302 1708 101 48 79
internal_value=0.000267263 0.0032659 0.0111654 0.00149973 0.00506488 0.00280935 0.00593578 -0.00376106 0.00412616 -0.00916637 0.00264855 0.0157528 0.00832675 -0.0106815 0.0136176 -7.49195e-05 -0.00694832 9.37086e-05 -0.00698964 -0.003433 0.00139128 0.000264557 -0.006635 -0.0111489 0.00043688 -0.00106526 0.00127284 -0.00120711 -0.0174661 -0.015025
internal_weight=2789.21 285.684 52.2018 233.482 139.169 127.81 101.629 94.3127 38.3516 55.9611 18.5507 41.9117 26.2006 14.9805 23.3711 2503.53 59.9493 2443.58 57.5503 48.4284 38.1773 2386.03 58.1411 50.7779 2327.89 832.311 1495.58 38.7805 21.1688 37.4104
internal_count=8577 842 147 695 410 382 298 285 113 172 54 111 74 50 63 7735 196 7539 205 173 135 7334 188 166 7146 2453 4693 123 73 118
is_linear=0
shrinkage=0.03


Tree=188
num_leaves=31
num_cat=0
split_feature=112 21 43 19 2 88 3 106 52 78 66 55 78 66 98 54 97 109 21 93 7 102 6 112 86 44 98 54 26 52
split_gain=11.5104 6.12857 5.08544 5.0512 4.7208 4.66649 5.26908 5.26817 5.57846 6.09549 5.5755 5.08858 4.82464 4.16131 4.0154 3.92937 8.38911 7.00968 6.06632 5.12971 4.49752 3.82325 5.00235 4.62463 3.76615 5.33531 4.592 2.9213 2.12192 3.62781
threshold=0.11438923395445134 0.48333333333333339 1.0000000180025095e-35 0.48333333333333339 -1.6833333333333329 0.43170256753394931 0.59166666666666679 3.8062500000000004 0.23103087388801677 0.19047619047619052 -0.0059793390759136358 1.3366666666666669 0.037749287749287742 0.50007476076555024 3.6754385964912282 0.18624359479700436 0.88194444444444453 -0.19999999999999998 0.36038961038961043 1.0250000000000001 2.2583333333333337 1.531372549019608 1.2792207792207795 -0.060695187165775481 2.6333333333333337 1.0000000180025095e-35 3.9750000000000005 0.30461293743372225 -0.83333333333333315 0.43356164383561652
decision_type=2 2 2 2 2 2 2 2 2 2 2 2 2 2 2 2 2 2 2 2 2 2 2 2 2 2 2 2 2 2
left_child=3 13 -3 4 -1 6 -5 8 9 -7 -10 12 -9 15 21 16 18 -18 -2 -17 -21 23 -23 -6 26 -26 -8 -13 -16 -30
right_child=1 2 -4 5 14 7 24 11 10 -11 -12 27 -14 -15 28 19 17 -19 -20 20 -22 22 -24 -25 25 -27 -28 -29 29 -31
leaf_value=0.020031313757226932 -0.0028612127531708847 0.0023948529702517087 0.035459870532156615 -0.017089331951854431 0.00444207117013635 -0.0090275076015279183 0.00043695021537013137 0.018442704963112684 0.00045426295129794995 0.0081184025788600001 -0.0054321607003431013 0.023449350385968997 -0.0069725153843340475 -0.018659117599248463 0.0010693842474655171 0.018065510491124676 0.025644550402921362 0.00072183206546148752 -0.020454500347985634 -0.0047353033895952109 -0.021298534974051878 0.010992617961409001 -0.0054971833685474357 -0.0024911507724995913 0.01749152148740539 0.0011070800761613564 0.02491692578453715 0.0034122727537262728 0.035992007950517262 0.0079337936057418124
leaf_weight=14.480986863374708 45.572576344013214 11.673397406935694 6.5270866453647605 10.402086183428763 517.51900923252106 24.009467825293541 125.11686255037785 8.9783612638711912 239.27088905870914 83.765865921974182 366.85863348841667 18.561143592000011 26.752928927540779 15.667304292321203 7.0490389168262508 8.6281662136316282 10.545649796724318 275.33601852506399 28.777342587709427 448.18869742751122 15.256798334419726 20.010095924139023 95.950238525867462 103.98380194604397 40.684942811727524 31.921091869473457 7.2986980378627768 10.118578121066092 7.6062573492527035 9.1200163215398771
leaf_count=40 157 38 20 31 1392 69 353 28 718 221 1044 54 76 58 19 30 33 965 105 2085 103 58 273 314 111 86 20 28 20 28
internal_value=-0.000138247 -0.00297187 0.0142527 0.00124885 0.00306304 -0.00016732 0.00374029 -0.00124888 -0.00199024 0.00429875 -0.00310848 0.00696813 -0.000586319 -0.00334157 0.00274025 -0.00305323 -0.000693538 0.00164119 -0.00967074 -0.00485387 -0.00528057 0.00234903 -0.00265171 0.00328207 0.00479711 0.0102881 0.00178628 0.01638 0.014875 0.0206932
internal_weight=2635.63 866.173 18.2005 1769.46 775.719 993.74 215.424 778.316 713.905 107.775 606.13 64.411 35.7313 847.973 761.238 832.305 360.232 285.882 74.3499 472.074 463.445 737.463 115.96 621.503 205.022 72.606 132.416 28.6797 23.7753 16.7263
internal_count=8577 3594 58 4983 2144 2839 601 2238 2052 290 1762 186 104 3536 2104 3478 1260 998 262 2218 2188 2037 331 1706 570 197 373 82 67 48
is_linear=0
shrinkage=0.03


Tree=189
num_leaves=31
num_cat=0
split_feature=78 98 95 65 3 43 95 35 52 66 50 110 94 111 69 93 98 65 101 105 75 106 52 78 48 105 48 94 39 50
split_gain=11.1771 5.04329 5.58422 4.95507 4.70934 4.53059 4.3569 5.2653 3.87069 4.05843 3.79822 3.7907 3.55224 4.98846 8.38643 5.00025 5.18903 3.5441 5.0934 5.88135 5.48751 4.17999 5.39927 3.81811 3.51675 3.40878 2.93764 3.50906 7.21412 2.79146
threshold=-0.042572463768115958 1.6770833333333337 0.9545454545454547 0.48549955200321743 2.0801282051282057 1.0000000180025095e-35 0.9545454545454547 1.3412698412698416 0.27297565822155995 0.55404685891723404 0.035185185185185187 0.43452380952380953 1.6055555555555558 -0.77152777777777759 1.0825203252032523 1.8973684210526318 3.1937500000000005 -0.22477687089142326 1.2426470588235297 0.78888888888888908 8.5000000000000018 2.7669683257918556 0.29217479674796754 0.1481481481481482 -12.417118277931761 1.5857142857142861 -109.45244645371564 1.9750000000000003 1.0000000180025095e-35 0.82971014492753636
decision_type=2 2 2 2 2 2 2 2 2 2 2 2 2 2 2 2 2 2 2 2 2 2 2 2 2 2 2 2 2 2
left_child=1 2 -1 4 17 24 7 29 9 -8 -10 -12 13 14 -5 25 -17 21 19 -19 -20 23 -23 -2 -6 -15 -14 -28 -29 -3
right_child=3 6 -4 12 5 -7 8 -9 10 -11 11 -13 26 15 -16 16 -18 18 20 -21 -22 22 -24 -25 -26 -27 27 28 -30 -31
leaf_value=0.035741335584580515 -0.012371338711649573 -0.0086413026364172522 0.0026761437979840978 0.043769050131701862 0.034284176444010966 -0.0092520361436427678 0.034250056473962912 0.017195857230583138 0.020389696920655235 0.0029558376598965287 0.0021600584025425304 -0.0046667704599367976 -0.016652175119739234 0.00043589862495524781 -0.0070963611089977828 0.020179560035304966 -0.0033469643860936211 -0.0049209198035974743 0.0014597146849823614 0.0075229873243978559 -0.0042923409542100907 -0.0054509601494777968 0.013499412589096031 -0.0032696525222496646 0.0081995251316807037 -0.010272254780707424 -0.013714987693917406 0.023226831735691941 -0.010809859957928134 0.010055483568941915
leaf_weight=8.2360108345747012 72.451347559690475 77.858640447258949 10.403552979230879 5.2489251196384412 7.8900675773620668 7.0212669968605033 6.8362558633089057 9.0071803480386716 9.8786952346563321 8.2074901014566404 1111.8248445391655 78.361358061432838 40.30437857657671 36.883328497409821 6.5671660825610161 13.24363926053047 23.250003099441528 47.410797342658043 261.5723252594471 122.51355277001858 347.67530629038811 33.108866393566132 22.883892714977264 97.038634955883026 11.333671212196348 97.436676099896431 23.947879761457443 9.2516689896583575 14.216281667351721 7.9177254587411872
leaf_count=29 217 229 31 29 29 20 24 29 34 25 3376 238 209 141 35 47 80 150 882 407 1165 108 77 323 36 393 89 43 57 25
internal_value=-0.000144434 0.00179119 0.0172862 -0.00212064 -0.00117261 0.0113726 0.00157069 -0.00462419 0.00205392 0.0171767 0.00186435 0.00171058 -0.00573566 -0.00335239 0.015499 -0.00465644 0.00519087 -0.00150033 -0.000541802 0.004051 -0.00182277 -0.0048126 0.00229394 -0.00716032 0.0189055 -0.00733187 -0.0106975 -0.00563596 0.00260828 -0.00691547
internal_weight=2629.78 1328.53 18.6396 1301.25 1030.9 26.245 1309.89 94.7835 1215.11 15.0437 1200.06 1190.19 270.35 182.63 11.8161 170.814 36.4936 1004.65 779.172 169.924 609.248 225.483 55.9928 169.49 19.2237 134.32 87.7202 47.4158 23.468 85.7764
internal_count=8577 4040 60 4537 3414 85 3980 283 3697 49 3648 3614 1123 725 64 661 127 3329 2604 557 2047 725 185 540 65 534 398 189 100 254
is_linear=0
shrinkage=0.03


Tree=190
num_leaves=31
num_cat=0
split_feature=86 89 101 48 8 14 98 51 3 80 34 96 96 14 68 54 102 91 71 8 79 109 4 11 48 48 105 51 68 112
split_gain=3.28173 5.2218 4.27613 9.11615 4.03203 3.25843 4.66427 4.13238 4.15321 4.05845 3.72865 8.09519 7.37782 3.66423 7.49648 6.41314 7.9309 5.39281 5.15702 5.13069 4.48171 7.35736 6.85729 5.95703 7.48715 5.75438 5.36861 4.13971 1.73714 0.862074
threshold=5.1250000000000009 0.28952513414340503 1.5477272727272731 -22.718422461457518 -0.53741258741258735 0.23205128205128209 1.7434210526315792 0.95553359683794481 1.1291666666666669 0.56750471401634206 -0.42261904761904751 0.61250000000000016 0.91287878787878796 0.075595238095238118 -0.29208592503609393 -0.036590807675145019 0.97500000000000009 2.4694780489332389 24.500000000000004 -0.13333333333333333 -0.027703900709219822 -0.52899159663865536 2.5857142857142863 -0.11111111111111112 -10.980612734163968 -28.661921005916835 2.8730158730158735 0.085144927536231887 -0.025774177949039908 0.31205501224476573
decision_type=2 2 2 2 2 2 2 2 2 2 2 2 2 2 2 2 2 2 2 2 2 2 2 2 2 2 2 2 2 2
left_child=5 2 3 -2 -5 13 9 10 -9 -7 12 -12 -8 20 18 16 -16 -17 19 -15 23 22 -22 24 -1 -25 -23 -20 -4 -6
right_child=1 -3 28 4 29 6 7 8 -10 -11 11 -13 -14 14 15 17 -18 -19 27 -21 21 26 -24 25 -26 -27 -28 -29 -30 -31
leaf_value=-0.00094302724172665045 0.026256741572269773 0.018505558164645389 -0.025985530301319431 0.008769726767877184 -0.028956282248887778 -0.027776583813900808 -0.029778191973827105 0.028245393843660264 0.0033351142273424571 0.0064464041226891117 0.023132118656613347 0.0027693545428359909 0.0021508214047392046 -0.015492949673050344 -0.01136228851293232 0.0091522053662201567 0.0081938980204262699 -0.0049676992770894182 0.0079950073501838699 0.0019998343444918888 -0.017045123416726156 -0.00024383950686675122 0.014231058729874718 0.0081238727757181571 0.013177992626369145 0.0001375479670519241 0.027124053341570753 -0.016461385463222816 -0.0092103502982740903 -0.013040211825222718
leaf_weight=442.36602711677551 7.3969911783933666 6.3997398465871802 14.45618422329426 5.2576792389154479 7.5207656919956172 7.7930813133716565 8.7605177164077741 12.42687973380089 11.690730601549147 5.1993280351161957 19.35925255715847 190.21932439506054 25.391041234135628 20.564004674553871 22.16097754240036 27.979807659983635 118.26291663944721 187.34943985939026 6.9340058714151374 56.693682342767715 40.13753554224968 1064.3321069031954 7.4857631027698508 227.2012864202261 36.588050097227097 126.35609972476959 6.4902585446834555 61.277156233787537 9.0237291157245618 5.1670032516121864
leaf_count=1325 19 18 57 22 26 31 31 29 35 17 49 557 76 67 71 84 325 604 23 164 131 3447 21 616 102 363 16 193 36 22
internal_value=0.000265897 -0.00697466 -0.0103147 -0.00176869 -0.0133206 0.000412197 0.00347311 0.00432461 0.0161704 -0.0140812 0.00315244 0.00465031 -0.00603957 6.16402e-05 -0.0022263 0.000119791 0.00510764 -0.00313296 -0.00796383 -0.00265629 0.000649438 -0.000591091 -0.0121289 0.00231604 0.0001357 0.00526968 -7.79626e-05 -0.0139753 -0.0195385 -0.0224746
internal_weight=2788.24 55.2221 48.8224 25.3424 17.9454 2733.02 280.84 267.848 24.1176 12.9924 243.73 209.579 34.1516 2452.18 501.222 355.753 140.424 215.329 145.469 77.2577 1950.96 1118.45 47.6233 832.511 478.954 353.557 1070.82 68.2112 23.4799 12.6878
internal_count=8577 200 182 89 70 8377 825 777 64 48 713 606 107 7552 1531 1084 396 688 447 231 6021 3615 152 2406 1427 979 3463 216 93 48
is_linear=0
shrinkage=0.03


Tree=191
num_leaves=31
num_cat=0
split_feature=79 86 23 92 19 101 78 92 75 80 8 97 80 96 87 68 103 58 76 90 75 86 89 4 98 71 86 92 54 107
split_gain=10.8942 5.17126 6.83834 5.75519 5.35481 7.90598 6.44556 8.317 4.90401 4.66417 5.18284 7.45346 9.08858 7.15231 5.53801 5.59969 4.57089 4.55298 4.44428 4.39263 4.18545 3.67411 5.54073 7.39384 6.19969 5.99508 6.39651 5.53952 4.47729 4.31068
threshold=0.077853192559074927 2.7083333333333335 0.39523809523809533 6.7086942120556854 0.48333333333333339 0.75735294117647067 0.4467120181405897 6.4899642329139136 16.500000000000004 0.57619047619047625 0.33333333333333337 0.80909090909090919 -1.0304856811145509 1.5857142857142861 1.2916666666666667 0.03444055307548733 1.9545454545454548 1.0000000180025095e-35 0.46926177878558833 0.32354992206087463 4.5000000000000009 1.7750000000000001 0.29511927598486648 1.3205128205128207 2.0250000000000004 21.500000000000004 4.5833333333333348 6.5301482329940557 0.50280898876404512 0.5590277777777779
decision_type=2 2 2 2 2 2 2 2 2 2 2 2 2 2 2 2 2 2 2 2 2 2 2 2 2 2 2 2 2 2
left_child=1 2 4 16 5 -1 18 -8 -7 10 11 13 -13 -3 15 -12 19 -18 -6 -4 -16 29 24 28 27 -26 -27 -23 -24 -2
right_child=21 9 3 -5 6 8 7 -9 -10 -11 14 12 -14 -15 20 -17 17 -19 -20 -21 -22 22 23 -25 25 26 -28 -29 -30 -31
leaf_value=-0.022807365311632133 0.00043414864135299044 -0.013504529892648401 -0.0091118027850876256 0.032108040521119818 -0.0050026776966078891 0.0035854688060379929 0.0068694930295183148 -0.01134491453368844 -0.0037093723427953969 0.028698405246494845 0.004662187973351618 0.018404029610999621 0.00083686687634300838 0.0075693666629807997 -0.00050310441357414692 -0.010045269768014965 0.022980439467968499 0.0044537503862346443 0.0028630706905618179 0.010755549006934869 0.013644579896768816 0.032609262105852001 0.011203249530235113 0.03622571471821661 -0.014019965375692887 -0.0063578333303648026 0.013463635584449971 -0.0077642587369955345 -0.023857162710114042 -0.0087499506530404753
leaf_weight=11.743718236684797 253.02436798065901 55.451411500573158 27.618537619709969 7.7783162146806708 481.36771655082703 404.53342653810978 112.9737256616354 28.192391723394394 104.32990585267544 6.3319428861141196 159.7019054889679 29.448406726121902 265.22630774974823 19.623806193470955 23.512366190552711 27.278260767459869 18.995271071791649 32.134401932358742 74.678853452205658 15.714770063757895 94.29675829410553 6.6459043622016889 8.1058004200458544 6.3508383333683005 92.310923688113689 182.00168748944998 15.935508310794829 5.6663873195648193 5.5040264949202529 56.214206397533417
leaf_count=37 1097 157 72 22 1448 1134 300 78 289 21 422 74 781 53 63 71 51 86 227 45 260 25 35 25 471 846 78 24 33 252
internal_value=-0.000137334 0.000947038 -0.000148276 0.00730381 -0.000773911 0.00152822 -0.0024929 0.00323188 0.00208984 0.00307061 0.00283004 0.000442523 0.00259245 -0.00799605 0.00572643 0.00251654 0.00526137 0.0113366 -0.00394628 -0.00190693 0.010821 -0.0035718 -0.00581201 0.0094969 -0.00682198 -0.00770645 -0.00476205 0.0140285 -0.00297573 -0.00123536
internal_weight=2632.69 2000.93 1320.06 102.241 1217.82 520.607 697.213 141.166 508.863 680.871 674.539 369.75 294.675 75.0752 304.789 186.98 94.463 51.1297 556.047 43.3333 117.809 631.76 322.521 19.9607 302.56 290.248 197.937 12.3123 13.6098 309.239
internal_count=8577 5691 3789 276 3513 1460 2053 378 1423 1902 1881 1065 855 210 816 493 254 137 1675 117 323 2886 1537 93 1444 1395 924 49 68 1349
is_linear=0
shrinkage=0.03


Tree=192
num_leaves=30
num_cat=0
split_feature=78 98 95 79 89 65 92 98 6 52 54 46 65 88 5 93 106 3 67 35 21 35 93 86 51 34 34 92 92
split_gain=10.523 4.83198 5.34807 4.82903 4.45243 4.62622 4.39946 4.21861 3.88772 5.02168 5.82672 4.20429 3.83633 6.33268 3.72712 6.58454 3.84872 4.34386 3.51132 6.99618 4.23774 3.45064 3.44074 2.06278 1.50262 1.48991 1.38176 1.1392 0.232899
threshold=-0.042572463768115958 1.6770833333333337 0.9545454545454547 -0.42614125753660631 0.20695704779189356 -0.56337868480725617 5.5471267646873921 1.8786764705882355 2.2583333333333337 0.27297565822155995 -0.86425061425061422 1417.7368245899399 0.48549955200321743 0.39028324154209287 0.33333333333333326 2.3944444444444448 3.1715686274509807 1.5773809523809526 -0.89385846051442963 -0.96071428571428552 0.76388888888888895 2.4482142857142866 1.1380952380952383 1.9000000000000001 0.88675213675213682 -1.0000000180025095e-35 0.9910714285714286 4.4829865921051741 4.3372693810700085
decision_type=2 2 2 2 2 2 2 2 2 2 2 2 2 2 2 2 2 2 2 2 2 2 2 2 2 2 2 2 2
left_child=1 2 -1 18 14 6 28 23 9 10 -9 -11 13 -7 16 26 17 -5 19 -2 25 -14 -18 24 -3 -20 -16 -27 -6
right_child=3 7 -4 4 5 12 -8 8 -10 11 -12 -13 21 -15 15 -17 22 -19 20 -21 -22 -23 -24 -25 -26 27 -28 -29 -30
leaf_value=0.034924072874526577 0.028345403708645078 -0.026034814632199987 0.0025880648204924892 -0.00059145134926016061 -0.02831911680692014 0.015094178136383637 0.0025600935027682834 0.0041629850350495025 -0.01400401960777853 -0.018350982676802793 0.03935582474363556 0.001857009478594799 -0.0065705333263967923 -0.001485709944666398 0.041030764550571523 -0.0044297897571215338 0.020194145245406862 -0.026181530812708284 -0.0031420288015037616 -0.012713269020548798 0.013515929828215782 0.017486420385826769 0.0023772749836001965 0.00016476688788541629 -0.0074390034809727413 -0.024134092083506517 0.020107916232963874 -0.013846503609008161 -0.020853916105999449
leaf_weight=8.2549759000539797 6.2040728330612174 8.3267104625701922 10.406069844961165 48.442778468132019 8.3057131767272967 21.239587396383286 7.9936195462942115 10.992436274886133 13.929259419441221 9.3355180919170362 6.8866821080446234 1242.9589568078518 178.56324324756861 869.68154856562614 5.7433173954486865 8.3305465281009656 14.356860950589178 6.8091682791709891 8.868229500949381 9.3851533085107786 5.2908883243799201 5.5323778688907614 30.434578627347946 9.9378369450569135 7.3740991950035086 12.992550075054167 5.6210406869649887 38.084631145000458 6.8740995377302161
leaf_count=29 24 21 31 154 22 72 27 34 39 28 25 3783 698 2873 21 25 54 19 46 44 25 23 102 30 20 56 19 213 20
internal_value=-0.000143073 0.00173428 0.0168924 -0.00206328 -0.00159204 -0.00219098 -0.015453 0.00151831 0.00175889 0.00193175 0.0177186 0.00170636 -0.0019051 -0.00109044 0.00390124 0.0158304 0.00155283 -0.00374513 -0.00916436 0.00362693 -0.012221 -0.00584758 0.00808806 -0.0105311 -0.017301 -0.0144926 0.0306819 -0.0164634 -0.0249385
internal_weight=2627.16 1328.4 18.661 1298.75 1217.93 1098.19 23.1734 1309.74 1284.1 1270.17 17.8791 1252.29 1075.02 890.921 119.738 19.6949 100.043 55.2519 80.8255 15.5892 65.2363 184.096 44.7914 25.6386 15.7008 59.9454 11.3644 51.0772 15.1798
internal_count=8577 4040 60 4537 4129 3735 69 3980 3909 3870 59 3811 3666 2945 394 65 329 173 408 68 340 721 156 71 41 315 40 269 42
is_linear=0
shrinkage=0.03


Tree=193
num_leaves=24
num_cat=0
split_feature=50 74 22 18 112 14 53 75 73 18 14 52 93 48 86 103 79 87 1 34 112 22 11
split_gain=3.40498 4.64248 4.07951 3.44994 4.06312 3.21564 4.0737 3.81893 4.94218 4.876 3.28752 9.54037 7.03993 6.19301 3.6038 5.73881 3.39724 2.88851 3.92428 3.13771 1.35647 0.259272 0.0151912
threshold=0.042572463768115944 28.500000000000004 0.12916666666666668 0.57738095238095244 -0.73333333333333295 0.23205128205128209 0.87577160493827166 4.5000000000000009 45.500000000000007 0.44949494949494956 0.072077922077922088 0.34902177925433747 1.8062500000000001 6.7859564470294353 5.1250000000000009 1.5505050505050508 -0.027703900709219822 1.2916666666666667 1.1909090909090911 1.112698412698413 0.33836485152274637 0.39230769230769241 0.19696969696969702
decision_type=2 2 2 2 2 2 2 2 2 2 2 2 2 2 2 2 2 2 2 2 2 2 2
left_child=1 2 -1 5 -5 10 7 8 -7 -9 14 13 -13 -12 16 -16 -2 18 20 -20 -6 22 -4
right_child=3 -3 21 4 17 6 -8 9 -10 -11 11 12 -14 -15 15 -17 -18 -19 19 -21 -22 -23 -24
leaf_value=0.0056361037380110064 0.0023459253250839728 0.015309613353004068 -0.027724977554581615 0.011318882243131625 -0.028932624273187411 0.0067378909463867336 -0.015328146691311082 -0.015641968180583721 0.030558339838274978 0.0029350931587218479 -0.011876554946228244 0.0021044793521145899 -0.0097445995749227445 0.0060630127854218833 0.0050541126369934332 -0.018857820828137126 -0.00021233742296842929 -0.028925743432914874 0.018321495617405533 -0.011112738752998083 -0.0090026038404851568 -0.018468440657558555 -0.025499441816481595
leaf_weight=5.632355645298964 820.96138992160559 5.1441296935081473 5.431154593825342 7.7233680337667456 6.8787284344434756 99.73521026968956 9.9015631675720197 13.946767732501028 8.5076925307512266 144.10179375112057 108.96295715868473 319.10635091364384 52.560574777424335 20.591811507940292 15.841569893062113 21.017479948699474 1084.0722093135118 7.71231685578823 6.485775485634802 6.5525519996881485 5.5560357272624969 5.1976001486182204 5.613287940621376
leaf_count=20 2368 16 21 23 25 289 38 45 22 417 344 933 196 58 56 83 3485 27 18 22 18 25 28
internal_value=0.000264303 -0.0103339 -0.0163644 0.000368044 -0.00827917 0.000498131 0.00356638 0.00426894 0.00861013 0.00129579 0.000151266 -0.00201485 0.000428801 -0.00902519 0.000710362 -0.00858076 0.000890129 -0.0128403 -0.00797022 0.003529 -0.0200276 -0.0239937 -0.0265939
internal_weight=2787.23 27.0185 21.8744 2760.22 40.9088 2719.31 276.193 266.291 108.243 158.049 2443.11 501.222 371.667 129.555 1941.89 36.859 1905.03 33.1854 25.4731 13.0383 12.4348 16.242 11.0444
internal_count=8577 110 94 8467 133 8334 811 773 311 462 7523 1531 1129 402 5992 139 5853 110 83 40 43 74 49
is_linear=0
shrinkage=0.03


Tree=194
num_leaves=31
num_cat=0
split_feature=80 8 105 110 48 111 41 64 80 34 23 75 86 99 13 75 35 37 8 38 81 67 46 87 4 78 48 76 111 93
split_gain=10.3705 4.87187 5.77262 5.08196 7.13019 6.89511 5.96852 5.25664 5.17212 5.49267 4.96818 4.67246 4.31929 6.53477 8.98104 5.41354 5.4034 7.31363 5.43655 4.28598 6.32656 6.36615 6.00143 6.2341 4.83913 6.83291 4.14827 6.32308 4.47506 3.83019
threshold=0.21272727272727279 -0.62361111111111089 1.1547619047619049 -0.041883116883116737 -56.126703804944661 0.044382887042166794 1.0000000180025095e-35 -0.2737508774699367 0.1858733054663865 1.7327380952380955 0.13030303030303036 9.5000000000000018 2.5500000000000003 0.54772727272727284 0.27922077922077926 16.500000000000004 0.91071428571428603 -1.4999999999999998 -0.19999999999999998 1.0000000180025095e-35 1.0000000180025095e-35 0.21079327760362246 1522.0677559200572 1.7083333333333337 1.3923076923076925 -0.66145833333333315 9.5726480019935725 0.39800871805032695 0.18842455621301785 0.87867647058823539
decision_type=2 2 2 2 2 2 2 2 2 2 2 2 2 2 2 2 2 2 2 2 2 2 2 2 2 2 2 2 2 2
left_child=1 2 10 4 5 7 -7 -3 9 -6 -1 -10 13 15 -15 -5 18 -18 -14 24 21 22 23 -21 26 -26 -2 28 -28 -23
right_child=19 3 -4 12 8 6 -8 -9 11 -11 -12 -13 16 14 -16 -17 17 -19 -20 20 -22 29 -24 -25 25 -27 27 -29 -30 -31
leaf_value=0.014508289337091392 -0.015269206171024908 -0.02829354333329729 0.019191290332703132 0.00091659058980556203 -0.0063100181731341369 0.0047277116517820917 0.025410301356735526 0.0032288937365029897 -0.007442939000948565 0.0044201059103869461 -0.018386838328108262 0.026222226649510339 -0.0050593510129049455 0.019351679178251559 -0.0056063266456525462 -0.0053828101540033917 -0.020349510323819063 0.0013028215342032609 0.0067847036349371866 0.0049430746639872241 0.023465820189097212 0.01670745052779404 -0.0023398234578181879 0.027665944693200425 0.029324051904037439 -0.0016348957127382091 -0.0014047827322488178 -0.0087696840411955971 0.021983619310572092 -0.0084341970037454337
leaf_weight=7.7048265188932445 44.371233880519867 7.7160420864820507 27.971981689333916 682.71732032299042 280.5950839817524 37.838311612606049 18.794836565852165 12.432646736502646 6.1027843654155722 50.692197605967522 8.9114271998405439 9.4652472436428052 38.727587550878525 35.967104524374008 20.300167098641396 149.70153705775738 16.420922875404358 96.830828338861465 350.99028892815113 59.231171905994415 9.902036175131796 5.790784239768981 95.2955556884408 13.307982772588728 6.717522680759429 143.02194080501795 101.85208278894424 188.6218978241086 7.9364647120237342 93.631346561014652
leaf_count=23 167 20 80 1903 846 98 53 36 19 155 28 30 106 97 58 413 44 264 948 203 31 19 448 41 34 592 382 980 29 430
internal_value=-0.000137209 0.00107476 0.0108717 0.000834124 -0.00204283 0.00622935 0.0115916 -0.00884278 -0.003874 -0.00466814 -0.00313363 0.0130252 0.0017099 0.000452547 0.0103473 -0.000216289 0.0039315 -0.00183666 0.00560772 -0.00306585 -8.15754e-05 -0.000954021 0.00260963 0.0091118 -0.00474521 -0.000246034 -0.00671061 -0.00543802 0.000285933 -0.00696984
internal_weight=2629.56 1859.88 44.5882 1815.29 423.637 76.7818 56.6331 20.1487 346.855 331.287 16.6163 15.568 1391.66 888.686 56.2673 832.419 502.97 113.252 389.718 769.68 277.159 267.257 167.835 72.5392 492.521 149.739 342.782 298.41 109.789 99.4221
internal_count=8577 5221 131 5090 1257 207 151 56 1050 1001 51 49 3833 2471 155 2316 1362 308 1054 3356 1172 1141 692 244 2184 626 1558 1391 411 449
is_linear=0
shrinkage=0.03


Tree=195
num_leaves=31
num_cat=0
split_feature=80 94 90 87 33 104 88 72 96 74 13 88 73 94 22 34 104 65 75 90 109 109 36 90 50 83 67 70 46 46
split_gain=10.0185 4.63781 5.52757 6.01127 5.42854 5.42377 5.04659 7.48998 4.9818 4.81049 4.64573 6.83769 5.95552 4.63643 4.33991 5.26341 5.99888 5.20959 5.40178 4.71056 4.31148 4.27267 4.17195 4.15823 3.54601 2.93954 2.92912 4.34353 6.0222 4.404
threshold=-0.52190945125727717 1.1937500000000003 0.33168723276268519 1.2250000000000003 1.1690476190476191 1.8090909090909093 0.47828094263117754 25.500000000000004 2.1742424242424243 8.5000000000000018 0.27922077922077926 0.42728621526841115 41.500000000000007 1.7182539682539686 0.13809523809523813 1.2196428571428575 1.6833333333333336 0.72486699091199713 21.500000000000004 0.32694927688115705 0.64852941176470602 -0.43898809523809518 -1.0000000180025095e-35 0.3198246220634281 0.21286231884057974 0.70833333333333337 -0.56064164695837115 58.500000000000007 1483.3782133403804 1522.0677559200572
decision_type=2 2 2 2 2 2 2 2 2 2 2 2 2 2 2 2 2 2 2 2 2 2 2 2 2 2 2 2 2 2
left_child=26 5 8 9 13 14 7 22 10 21 11 -3 -12 -5 17 24 -17 18 -2 -19 -11 -4 -7 -10 -16 -6 -1 -28 -29 -30
right_child=1 2 3 4 25 6 -8 -9 23 20 12 -13 -14 -15 15 16 -18 19 -20 -21 -22 -23 -24 -25 -26 -27 27 28 29 -31
leaf_value=-0.0074641730824821385 -0.0060351489232700825 -0.01067881590197077 0.022818675580438139 0.012340630192564876 0.029071687475704839 0.043530066980531239 -0.007461519119610612 0.0031753942434152517 -0.019755737923268152 -0.0020111779307682861 0.00058267167906421143 -0.0011488883291500484 0.012967952867255909 -0.0087942415593412291 0.0047126007963155126 0.0098124738831457062 -0.019949435376299687 -0.00083900880683793677 0.012097094058057513 0.031898012863272429 -0.027724016591301987 0.0015833571583243177 0.017495352271903988 0.004985572318524454 -0.00095751208863369055 0.0066932322981343891 -0.0031488639495983444 0.031226667251084275 -0.011241559355770569 0.013156848074933716
leaf_weight=128.88790804892778 136.92571970820427 76.964242845773697 9.2740001082420331 26.345777571201324 17.983056262135509 6.7574272304773322 13.094611808657644 37.105187654495239 22.577354952692989 16.693677783012394 273.82026198506355 566.58848099410534 40.053453728556633 14.473883405327795 172.04309757053852 124.55789493024349 6.4088613390922538 8.7726122438907606 16.577072575688362 7.2045629024505606 9.0512411892414075 105.94604529440403 30.736965864896774 8.3840247541666013 234.65999083220959 7.4801602363586417 470.94511774927378 7.7219889760017386 13.123052582144739 13.516173943877218
leaf_count=559 395 226 32 85 63 25 38 123 64 50 841 1722 131 42 544 400 17 26 53 25 22 319 107 27 690 23 1800 31 45 52
internal_value=-0.000143638 0.000902568 -0.000278134 0.00417645 0.0116275 0.00267863 0.00971585 0.012731 -0.00121218 0.000672934 -0.000829176 -0.0022886 0.00216316 0.0048466 0.00180594 0.00312543 0.00835607 -0.00238011 -0.00407701 0.013923 -0.0110511 0.00329258 0.0221875 -0.013056 0.00144105 0.0224977 -0.00342725 -0.00239756 0.00789956 0.00113767
internal_weight=2624.67 1990.48 1195.64 207.248 66.2829 794.844 87.6942 74.5996 988.388 140.965 957.426 643.553 313.874 40.8197 707.15 537.67 130.967 169.48 153.503 15.9772 25.7449 115.22 37.4944 30.9614 406.703 25.4632 634.194 505.306 34.3612 26.6392
internal_count=8577 6090 3647 636 213 2443 293 255 3011 423 2920 1948 972 127 2150 1651 417 499 448 51 72 351 132 91 1234 86 2487 1928 128 97
is_linear=0
shrinkage=0.03


Tree=196
num_leaves=23
num_cat=0
split_feature=50 74 17 18 102 110 35 35 49 12 74 4 99 106 89 13 91 20 89 13 91 113
split_gain=3.28248 4.48413 4.02068 3.30428 3.89313 4.67708 3.21529 5.24759 9.13886 6.16557 4.38072 5.97408 5.58443 3.96099 2.92552 2.63853 2.04042 1.98122 1.82783 0.246401 0.0153772 0.0100154
threshold=0.042572463768115944 28.500000000000004 -0.050641025641025648 0.57738095238095244 1.0954545454545457 -0.383974358974359 -3.5178571428571423 -2.4910714285714279 0.57080879327902334 0.13809523809523813 8.5000000000000018 1.1291666666666669 0.44722222222222224 2.897368421052632 0.21315636182075395 0.12916666666666668 2.8177812823262873 -0.045454545454545435 0.26399105145413876 0.32051282051282054 2.5663823478905421 0.33333333333333326
decision_type=2 2 2 2 2 2 2 2 2 2 2 2 2 2 2 2 2 2 2 2 2 2
left_child=1 2 19 6 18 -6 14 8 9 -8 11 -9 -12 -10 15 -2 21 -16 -5 20 -1 -7
right_child=3 -3 -4 4 5 16 7 10 13 -11 12 -13 -14 -15 17 -17 -18 -19 -20 -21 -22 -23
leaf_value=-0.027308484771612875 0.0093939915301289364 0.014935893944236164 0.005997381465644885 -0.0060198834012634601 0.004360713872323561 -0.029655394070457929 -0.0030588355837296503 0.0018388499600478698 -0.029459941519082287 0.015831330641158218 -0.021303183933026458 -0.002076111138854299 0.0020301444918699473 0.0028209603820899577 -0.0067091492554866199 -0.015971277964340773 -0.007129259894164186 -0.028992653981606602 0.016032051314976342 -0.018168243194130029 -0.025081836583954905 -0.028017509265481848
leaf_weight=5.4930690377950757 9.7012469619512576 5.167129933834075 5.4986014515161505 6.7487093508243543 8.1517174988985079 7.7478793859481829 20.644731596112251 544.52035457640886 7.7075148671865445 63.019228905439377 9.3131796866655332 986.04456119984388 1051.3837499916553 6.1512861251831055 6.5342023745179176 5.9572892487049094 5.3742268085479727 7.9720627367496473 6.7828688323497772 5.0077087804675093 5.6753839179873466 5.933055579662323
leaf_count=22 29 16 17 22 25 26 64 1667 29 168 31 3077 3173 22 23 22 18 29 19 25 30 23
internal_value=0.000262771 -0.0101776 -0.0161644 0.000364318 -0.00811631 -0.0146567 0.000491385 0.000600655 0.00743231 0.01117 0.000343544 -0.000683308 0.00182527 -0.0151319 -0.0092486 -0.000256224 -0.0227923 -0.0189553 0.00503392 -0.0236977 -0.026177 -0.0289451
internal_weight=2786.53 26.8419 21.6748 2759.69 40.7385 27.2069 2718.95 2688.78 97.5228 83.664 2591.26 1530.56 1060.7 13.8588 30.1648 15.6585 19.0552 14.5063 13.5316 16.1762 11.1685 13.6809
internal_count=8577 110 94 8467 133 92 8334 8231 283 232 7948 4744 3204 51 103 51 67 52 41 77 52 49
is_linear=0
shrinkage=0.03


Tree=197
num_leaves=31
num_cat=0
split_feature=79 23 86 35 47 47 92 88 23 67 3 92 34 72 0 88 36 8 19 72 104 96 12 109 34 111 91 92 89 109
split_gain=9.86297 4.65175 5.72103 6.60733 5.57632 6.45725 6.30105 5.54696 10.806 5.48746 5.3359 5.02996 4.89548 4.79101 4.36401 3.96568 5.78414 3.88469 3.75924 6.10092 8.22173 5.13617 4.61011 7.71823 6.82415 4.4879 4.47864 4.44961 5.86788 4.05545
threshold=0.06666666666666668 0.39523809523809533 2.9000000000000004 0.91071428571428603 1429.2530847614105 1460.7458734764452 6.4142779581694773 0.44667533853754399 -0.13636363636363633 -0.069177932779898019 1.966666666666667 6.6789706502493589 -0.6583333333333331 64.500000000000014 0.93095238095238109 0.44138430061380313 -3.4999999999999996 1.0861111111111115 0.51666666666666672 4.5000000000000009 1.3166666666666669 1.6515151515151518 0.13809523809523813 0.54545454545454564 -0.10357142857142863 -0.21999999999999989 2.554097225562455 4.5695295849856103 0.2429355609363433 1.804761904761905
decision_type=2 2 2 2 2 2 2 2 2 2 2 2 2 2 2 2 2 2 2 2 2 2 2 2 2 2 2 2 2 2
left_child=1 2 4 12 6 9 14 10 -9 -6 -5 15 -4 -7 -1 17 -17 -3 19 20 -2 -22 23 26 -25 29 -21 -24 -29 -20
right_child=18 11 3 7 5 13 -8 8 -10 -11 -12 -13 -14 -15 -16 16 -18 -19 25 22 21 -23 27 24 -26 -27 -28 28 -30 -31
leaf_value=0.0088865732108375332 0.026066707678421626 -0.0047952796345068684 0.024945525001003492 0.004712629672325737 0.017003267690016508 -9.6970310253579665e-05 -0.002947843772582932 0.020315741907860726 -0.016798249759093657 -0.010796218086283846 -0.01956006510761291 0.023706653865422343 0.0041161954833627773 -0.018666622395164197 0.042097109120510345 -0.009346394440653244 0.013470049723301705 0.018872056435920079 -0.012537463293841871 0.034166486335817987 -0.01134059136629458 0.019783159234503463 -0.02511945543208011 0.013355835566284618 -0.012161827769994825 -0.0032965054696722567 0.0079678046021712939 0.0037410143354293032 -0.0074367340623486535 0.012645018512304916
leaf_weight=6.722377613186838 16.672236129641533 46.884648695588112 10.381873756647108 70.757018953561783 6.9217398017644873 1081.1316622197628 12.0856407135725 8.4462441802024824 43.033578380942345 83.278253585100174 9.2122900635004026 13.491596773266791 465.04139938950539 12.650691285729406 7.5722945779561996 12.245894446969031 54.51567667722702 7.2002124190330496 91.064512230455875 6.9519970417022696 15.499934896826746 6.8946207612752906 9.4112620651721937 12.909961253404616 35.012689754366875 238.13209703564644 37.822889275848866 60.965040847659111 137.8257863894105 6.1438205465674391
leaf_count=20 54 127 27 195 18 3095 37 24 120 248 28 37 1294 42 21 33 146 20 512 26 65 23 47 67 200 993 148 274 603 33
internal_value=-0.000135224 0.000946118 0.000547891 0.00292507 -0.00064402 -0.000947971 0.0129977 -0.00302808 -0.010709 -0.00866295 0.00191647 0.00633307 0.00457105 -0.000311747 0.0264791 0.00439344 0.00928489 -0.00164449 -0.0032602 -0.00103717 0.0101162 -0.00175851 -0.00248526 0.00307986 -0.00528758 -0.0055139 0.0120356 -0.00496301 -0.00400875 -0.0109459
internal_weight=2626.88 1951.57 1817.24 606.872 1210.36 1183.98 26.3803 131.449 51.4798 90.2 79.9693 134.338 475.423 1093.78 14.2947 120.846 66.7616 54.0849 675.307 339.966 39.0668 22.3946 300.9 92.6975 47.9227 335.34 44.7749 208.202 198.791 97.2083
internal_count=8577 5532 5169 1688 3481 3403 78 367 144 266 223 363 1321 3137 41 326 179 147 3045 1507 142 88 1365 441 267 1538 174 924 877 545
is_linear=0
shrinkage=0.03


Tree=198
num_leaves=31
num_cat=0
split_feature=48 44 98 80 109 77 78 109 86 111 109 48 78 104 36 52 69 70 43 79 111 34 71 111 21 21 35 2 48 79
split_gain=9.56716 4.63024 7.31796 6.09887 4.4646 6.31162 5.19642 4.44716 4.4291 4.16785 4.94998 4.36565 7.31228 4.21901 3.99039 4.94997 8.14877 4.20972 3.95349 3.82207 5.52695 3.70177 3.55273 4.36069 4.05903 6.70333 4.01453 3.49552 4.51433 5.07425
threshold=-28.661921005916835 1.0000000180025095e-35 3.7182539682539688 0.37257348232042342 0.50000000000000011 0.35329985652797707 -0.74456521739130421 0.46153846153846168 3.3666666666666671 -1.0000000180025095e-35 0.47320574162679424 -19.327870716550702 0.076923076923076969 1.6833333333333336 -3.4999999999999996 0.37203684979215823 -0.73687722355769214 95.500000000000014 1.0000000180025095e-35 -0.44383394383394376 -1.9999999999999996 0.63809523809523816 7.5000000000000009 0.18842455621301785 0.25833333333333336 0.34523809523809529 2.1982142857142866 -0.86190476190476162 -53.94054923548287 -0.19796915559627423
decision_type=2 2 2 2 2 2 2 2 2 2 2 2 2 2 2 2 2 2 2 2 2 2 2 2 2 2 2 2 2 2
left_child=19 3 14 9 5 7 -6 -5 -8 10 13 12 -11 -2 -3 16 -16 -17 -13 20 -1 -7 27 24 26 -26 -24 -21 -29 -30
right_child=1 2 -4 4 6 21 8 -9 -10 11 -12 18 -14 -15 15 17 -18 -19 -20 22 -22 -23 23 -25 25 -27 -28 28 29 -31
leaf_value=0.0096161830177766815 -0.006159337618697254 -0.012940411753728684 0.012810569156843551 0.0013947406807404787 0.019148390376938468 0.031474420666159381 -0.0048761930230698516 0.018403593257925354 0.0082918291849892623 -0.011208868532511998 0.01625799838083368 -1.3172352276722211e-05 0.017950703826258199 -0.020485016373161146 0.033579067173879422 0.00089943221588305593 0.005419800967938153 0.01366004426897559 -0.0078744483438970281 0.021518621157894373 -0.014384005975945779 0.009686393883723882 -0.0065701860925842679 -0.011507523565938772 0.0031345887775150873 -0.0043352776964341658 0.010505524946260437 -0.013448475892456622 -0.01000789948105384 0.023186675374067371
leaf_weight=10.46811620891094 112.06911334395409 16.306588038802147 57.280506178736687 132.32710582017899 10.634804800152777 11.727297902107241 128.61135563254356 15.450199812650679 27.992335379123688 11.260782614350317 7.6680364310741416 201.62079222500324 24.753960773348808 22.160820126533508 10.244870394468306 820.04784855246544 95.141086086630821 23.947154387831688 80.588381335139275 10.266145616769789 49.334063082933426 17.476805359125137 201.36601763218641 48.102508351206779 223.85094347596169 209.13093607872725 13.203890934586523 11.515717491507528 6.6454301774501827 11.013265922665598
leaf_count=50 348 49 204 386 39 40 365 50 87 32 25 620 88 63 36 2479 305 79 239 38 274 54 716 167 832 771 49 33 22 37
internal_value=-0.000142053 0.00105311 0.00239219 -0.000649938 0.00237032 0.00569155 -0.00114439 0.00317303 -0.00252246 -0.00290941 -0.00718523 -0.0010028 0.00883334 -0.00852445 0.00177422 0.00202696 0.00815724 0.0012615 -0.00225806 -0.0028895 -0.0101829 0.0184357 -0.00229617 -0.00279277 -0.0021454 -0.000473369 -0.00551941 0.00646286 0.0011649 0.0106947
internal_weight=2622.21 1827.31 1022.97 804.342 344.22 176.981 167.238 147.777 156.604 460.122 141.898 318.224 36.0147 134.23 965.688 949.381 105.386 843.995 282.209 794.897 59.8022 29.2041 735.095 695.654 647.552 432.982 214.57 39.4406 29.1744 17.6587
internal_count=8577 5588 3152 2436 1021 530 491 436 452 1415 436 979 120 411 2948 2899 341 2558 859 2989 324 94 2665 2535 2368 1603 765 130 92 59
is_linear=0
shrinkage=0.03


Tree=199
num_leaves=17
num_cat=0
split_feature=74 50 74 79 93 36 79 78 4 4 77 98 104 75 89 79
split_gain=3.16302 3.21291 4.34275 3.95223 3.16754 3.67248 8.94245 5.54327 5.3827 4.06576 9.0184 4.92652 3.07343 1.70582 1.15456 0.0171651
threshold=42.500000000000007 0.042572463768115944 28.500000000000004 0.12562367011519557 3.1125000000000003 1.5000000000000002 0.35743321718931481 0.61167800453514753 1.6961538461538463 1.2071428571428573 0.35025773195876292 1.7434210526315792 0.80909090909090919 16.500000000000004 0.21602469135802471 0.2564739133756016
decision_type=2 2 2 2 2 2 2 2 2 2 2 2 2 2 2 2
left_child=1 2 3 -1 5 9 7 -7 -8 10 -3 -11 -2 -14 -6 -5
right_child=12 4 -4 15 14 6 8 -9 -10 11 -12 -13 13 -15 -16 -17
leaf_value=0.0010867140154944429 0.0053541031490223047 -3.969681715866121e-06 0.014619056561904967 -0.026804711524475142 -0.0059731743855490757 0.004370839309265716 -0.012660036909010835 0.028624250652810514 0.013279846348883335 -0.01337000021848298 0.0068126470348053442 -0.00076830471590366299 -0.0053631893035513576 -0.026501314711110419 -0.026109443845191052 -0.024676099773999188
leaf_weight=7.7885582447052064 6.9436397105455425 803.24225973337889 5.1864450424909583 6.4972216933965665 5.049778148531912 328.68918026983738 43.439300544559956 8.7059567868709546 8.6298829615116102 28.541868321597576 223.21844999492168 1282.7058122232556 5.3957103937864295 9.4597262144088727 5.2033928036689758 7.1744944304227829
leaf_count=25 23 2434 16 29 20 996 232 22 32 100 635 3885 21 40 27 40
internal_value=0.000260431 0.000350202 -0.0100166 -0.0159705 0.000451115 0.000513688 0.00321084 0.00499666 -0.00836079 6.43392e-05 0.0014784 -0.00104261 -0.0111223 -0.0188236 -0.0161922 -0.0256877
internal_weight=2785.87 2764.07 26.6467 21.4603 2737.43 2727.17 389.464 337.395 52.0692 2337.71 1026.46 1311.25 21.7991 14.8554 10.2532 13.6717
internal_count=8577 8493 110 94 8383 8336 1282 1018 264 7054 3069 3985 84 61 47 69
is_linear=0
shrinkage=0.03


Tree=200
num_leaves=31
num_cat=0
split_feature=80 101 107 7 75 12 101 45 65 107 77 8 8 105 6 103 66 66 50 90 43 46 46 101 23 8 102 71 35 14
split_gain=9.39711 5.11901 6.11123 5.14795 5.13558 8.2287 5.12383 5.19942 5.00568 7.4603 5.52288 4.76945 4.68145 5.48106 4.94819 5.85847 6.61928 8.14814 5.24729 5.1374 5.97845 4.8707 5.39512 4.9803 4.79994 4.42684 4.29319 5.30254 4.13736 4.12929
threshold=0.21272727272727279 1.5358974358974362 0.51315789473684215 1.6547619047619049 -1.0000000180025095e-35 0.11805555555555557 1.1213235294117649 1.5000000000000002 -0.10509426468028658 0.54772727272727284 0.29603547209181019 -1.0696969696969696 -0.62361111111111089 1.1547619047619049 0.86190476190476206 2.0416666666666674 -0.30118080381323803 -0.35965391353898218 0.13188405797101452 0.2667104686815594 1.0000000180025095e-35 1434.8024882022034 1392.7588652339675 1.648529411764706 0.13030303030303036 -0.63484848484848477 1.2817460317460319 12.500000000000002 0.44642857142857162 -0.068686868686868699
decision_type=2 2 2 2 2 2 2 2 2 2 2 2 2 2 2 2 2 2 2 2 2 2 2 2 2 2 2 2 2 2
left_child=12 6 4 -4 -3 -6 7 8 10 -10 -2 -8 13 24 19 16 17 -16 -18 -14 -21 22 -17 -23 -1 -7 28 -28 -13 -5
right_child=1 2 3 29 5 25 11 -9 9 -11 -12 26 14 -15 15 21 18 -19 -20 20 -22 23 -24 -25 -26 -27 27 -29 -30 -31
leaf_value=0.014215346109016791 -0.0014697070083350406 -0.009304288874268752 -0.013826492183364779 -0.012648136132229572 0.034062519182410017 0.018238416090490497 -0.024275272986755542 0.020443645116301725 -0.0021934177354616647 0.034131357858593073 -0.010807080004170713 -0.019629896074899233 0.004778677579415456 0.018694313660239475 0.0018435863712393246 -0.0063621572926489565 -0.024490155812200879 0.02841835514913927 -0.00019808219155696333 -0.0060677156814254495 -0.028927314927606494 0.015924401903342798 0.017119308793338599 0.0020725227030828105 -0.018151134627379266 3.2856318974509239e-05 -0.01308217697512994 -0.00077010919620342487 -0.0038809237736764373 0.014136224679085893
leaf_weight=7.7238417267799404 291.21878304332495 13.163973376154898 29.223846614360809 7.8153636753559139 11.670413866639135 18.263917826116085 14.310228176414965 9.1325758472084981 13.440207153558731 8.1889069080352783 70.888679072260857 36.517839930951595 28.777287542819977 28.063935562968254 29.093208238482475 11.025927066802977 8.057264715433119 16.14716649055481 1186.4083004742861 54.854408428072929 12.675985649228094 24.815461486577988 43.7449811398983 398.41257977485657 8.8471125960350019 35.164915986359119 42.229771323502064 123.70008494704962 25.493318781256676 15.36433783918619
leaf_count=23 1299 56 122 39 41 77 83 38 54 34 305 154 84 80 87 28 25 45 3360 168 38 70 118 1067 28 137 197 548 111 61
internal_value=-0.000134519 -0.00293121 0.0024764 -0.00545229 0.0077853 0.0112411 -0.00404375 -0.00192783 -0.00246025 0.0115594 -0.00329766 -0.00747523 0.00101776 0.0106161 0.000781583 0.00115259 6.4678e-05 0.0113286 -0.000361944 -0.00583552 -0.0103586 0.00397412 0.0123923 0.00288471 -0.00306488 0.00625618 -0.00642052 -0.00390358 -0.0131554 0.0051055
internal_weight=2624.43 765.787 130.667 52.4035 78.2632 65.0992 635.12 392.869 383.737 21.6291 362.107 242.251 1858.65 44.6349 1814.01 1717.7 1239.71 45.2404 1194.47 96.3077 67.5304 477.999 54.7709 423.228 16.571 53.4288 227.941 165.93 62.0112 23.1797
internal_count=8577 3356 533 222 311 255 2823 1730 1692 88 1604 1093 5221 131 5090 4800 3517 132 3385 290 206 1283 146 1137 51 214 1010 745 265 100
is_linear=0
shrinkage=0.03


Tree=201
num_leaves=31
num_cat=0
split_feature=80 90 96 46 89 96 72 74 4 103 90 67 67 22 109 0 7 74 91 106 88 89 4 34 34 93 51 91 92 74
split_gain=9.10417 4.10353 8.18676 4.64312 6.46073 6.41122 6.72359 5.23238 7.85433 5.4442 4.25509 5.39615 6.71836 5.38867 4.85263 5.64855 4.89414 3.72183 3.062 4.51575 4.1258 5.03051 4.2254 3.95871 5.1597 5.73611 3.37568 4.63296 5.07444 3.32635
threshold=-0.52190945125727717 0.32516020604752216 2.1742424242424243 1531.8601751997819 0.2627834325891128 1.3693181818181819 11.500000000000002 3.5000000000000004 1.3038461538461541 2.4365079365079372 0.3178366617676725 0.41532502765846685 0.70025960781576568 0.40833333333333338 0.85357142857142876 2.6076923076923082 1.7303030303030307 -4.4999999999999991 2.472247068177301 2.757352941176471 0.47264225916370017 0.26693720983833263 1.591666666666667 0.59226190476190499 1.8660714285714288 1.8480769230769234 0.10102040816326532 2.5679698963046995 6.6637708581706061 27.500000000000004
decision_type=2 2 2 2 2 2 2 2 2 2 2 2 2 2 2 2 2 2 2 2 2 2 2 2 2 2 2 2 2 2
left_child=18 2 10 7 5 6 -5 8 17 -10 14 13 -13 -12 15 -2 -16 -3 19 20 22 -22 -1 26 29 -26 -20 -28 -29 -25
right_child=1 3 -4 4 -6 -7 -8 -9 9 -11 11 12 -14 -15 16 -17 -18 -19 23 -21 21 -23 -24 24 25 -27 27 28 -30 -31
leaf_value=0.034622255987355431 0.00052847561700131987 -0.012619257737973393 -0.016245167721480241 0.02393562881769706 -0.015088183787912086 0.021759380046040545 0.0036265682963655516 -0.0037911213280909218 0.017990659052700794 -0.005579798111766985 -0.0037907567444846143 0.017390542636650793 -0.016227935194371212 -0.019958903326619721 0.010522606754447009 -0.026341703106449697 -0.001444743486933676 0.0021414521454780097 -0.0077616442328040528 0.025777310179852474 -0.013395786903880562 0.014894864396099137 -0.002625412216395832 -0.0084855408440816932 -0.0021077642259784701 0.023186893573600133 0.017675857934600296 0.00089048249375856144 -0.020177986459677954 0.011724997023171682
leaf_weight=5.4154230356216413 1148.2473563551903 18.126205116510391 27.142094075679779 16.54888816177845 11.191678673028944 27.34946297109127 129.29985852539539 123.20631052553654 45.839893132448196 10.920504078269003 137.89636173844337 20.110033661127094 7.2890940010547629 21.436624005436897 88.47164948284626 7.0845138430595389 47.144423082470894 101.25110197067261 51.555012345314026 7.2922677546739569 21.188048914074901 7.7170712500810614 5.5503126531839371 258.83378230035305 65.380563713610172 9.2046355605125409 13.732301339507101 166.60137797147036 10.966031953692434 7.5427400618791571
leaf_count=21 3478 51 79 60 31 92 407 368 151 32 414 70 19 59 297 18 158 306 242 29 73 31 20 1036 252 35 52 633 35 28
internal_value=-0.000141866 0.000854383 8.17172e-05 0.00325803 0.00700292 0.0084304 0.00593096 0.000951249 0.00426848 0.0134558 0.00038161 -0.00385122 0.00844689 -0.00596602 0.000993877 0.000363707 0.00636238 -9.98085e-05 -0.00328158 0.00407122 0.000101238 -0.00584277 0.0157693 -0.00387557 -0.00596045 0.00101388 -0.000948461 0.000887682 -0.000410643 -0.00791326
internal_weight=2619.54 1988.56 1504.82 483.734 184.39 173.198 145.849 299.344 176.138 56.7604 1477.68 186.732 27.3991 159.333 1290.95 1155.33 135.616 119.377 630.98 47.1631 39.8709 28.9051 10.9657 583.816 340.962 74.5852 242.855 191.3 177.567 266.377
internal_count=8577 6090 4592 1498 590 559 467 908 540 183 4513 562 89 473 3951 3496 455 357 2487 174 145 104 41 2313 1351 287 962 720 668 1064
is_linear=0
shrinkage=0.03


Tree=202
num_leaves=20
num_cat=0
split_feature=74 50 74 22 87 66 35 35 46 91 74 99 71 71 48 92 64 13 11
split_gain=3.03345 3.0772 4.18314 3.92459 3.05506 4.207 2.99227 4.55081 6.88193 5.96399 4.58701 5.4821 3.88451 3.58893 2.83796 2.69599 1.48065 0.245982 0.0175642
threshold=42.500000000000007 0.042572463768115944 28.500000000000004 0.12916666666666668 1.1000000000000003 -0.10498125795772849 -3.5178571428571423 -2.422619047619047 1531.8601751997819 3.1205891071765439 8.5000000000000018 0.44722222222222224 66.500000000000014 38.500000000000007 10.28813277728341 4.5695295849856103 -0.12034395846539291 0.26969696969696971 0.19696969696969702
decision_type=2 2 2 2 2 2 2 2 2 2 2 2 2 2 2 2 2 2 2
left_child=1 2 3 -1 5 -2 14 8 9 -8 12 -12 -9 -10 15 16 -3 18 -5
right_child=4 6 -4 17 -6 -7 7 10 13 -11 11 -13 -14 -15 -16 -17 -18 -19 -20
leaf_value=0.0057923590404106119 0.015879042496290224 0.0022988876128699014 0.014253415816083517 -0.027315172472394084 -0.026487027643060893 -0.017076961937250099 0.014722486077179514 -0.0011714881777371278 -0.027323171816202294 -0.0012798212751484643 -0.021127552281443692 0.0020197832372295076 0.0046586451573808673 0.0011680676969241402 0.0043792379328899686 -0.028815350442976818 -0.017654229303994084 -0.01811170990525237 -0.024856735641137676
leaf_weight=5.599797844886786 6.1630646437406549 7.3633659332990673 5.206597074866294 5.382882282137869 7.4499356448650351 8.0261713564395905 64.621030300855637 1425.5269762501121 7.2498742789030102 31.024529352784157 9.2900837510824186 1048.2112339138985 110.85225540399551 8.8199124783277494 10.079155340790747 7.9238228797912589 6.1366556733846691 5.1485727205872527 5.087424710392952
leaf_count=20 19 24 16 21 33 32 171 4439 32 94 31 3151 328 29 35 29 20 26 27
internal_value=0.000258149 0.000345759 -0.00984258 -0.0157552 -0.0109304 -0.00276259 0.000444122 0.000551156 0.00647976 0.00953182 0.000295818 0.00181644 -0.000750835 -0.0116857 -0.00874834 -0.0149244 -0.00677113 -0.0234806 -0.0261206
internal_weight=2785.16 2763.52 26.4253 21.2187 21.6392 14.1892 2737.1 2705.6 111.715 95.6456 2593.88 1057.5 1536.38 16.0698 31.503 21.4238 13.5 15.6189 10.4703
internal_count=8577 8493 110 94 84 51 8383 8275 326 265 7949 3182 4767 61 108 73 44 74 48
is_linear=0
shrinkage=0.03


Tree=203
num_leaves=31
num_cat=0
split_feature=78 51 65 26 108 65 9 55 110 83 96 33 33 74 107 80 103 79 55 95 46 84 23 95 14 91 22 17 110 102
split_gain=8.97941 6.27683 6.0211 6.93747 6.06055 7.50141 6.36242 10.7125 6.07699 7.03591 8.52353 7.1871 5.98931 5.83338 5.62993 7.96645 5.94917 5.66011 5.50437 6.90548 5.24276 6.87884 4.91191 4.89436 4.61801 4.50905 4.37648 5.19708 4.34163 3.56724
threshold=-0.34960317460317453 0.64258064516129043 0.36719916762991084 1.5000000000000004 0.45227272727272733 0.088443723251771425 0.20714285714285716 0.12823920265780733 0.14285714285714288 0.22500000000000003 1.4494949494949496 0.078571428571428639 0.020833333333333291 39.500000000000007 0.52786377708978338 0.81833084867340777 1.4772727272727275 -1.0000000180025095e-35 0.52041666666666686 1.2928571428571431 1505.4069527939905 0.63333333333333341 0.14112554112554115 2.3875000000000006 0.19267399267399271 3.0625738770685582 0.72077922077922085 -0.41602564102564094 -0.60208333333333319 1.3660287081339715
decision_type=2 2 2 2 2 2 2 2 2 2 2 2 2 2 2 2 2 2 2 2 2 2 2 2 2 2 2 2 2 2
left_child=1 29 4 14 5 20 7 -7 18 11 -11 -10 -8 22 15 16 -4 23 25 -20 24 -22 26 -16 -2 -6 27 -3 -19 -1
right_child=2 13 3 -5 8 6 12 -9 9 10 -12 -13 -14 -15 17 -17 -18 28 19 -21 21 -23 -24 -25 -26 -27 -28 -29 -30 -31
leaf_value=-0.019907576429421925 0.0036434989111477039 -0.012625780806155172 0.026192198925501248 -0.016947690068545289 -0.006127415960322161 -0.027080500096970078 0.0055563302387681172 0.012772181190725013 -0.0085200576321732037 -0.00052515829031548993 0.013747117659135753 0.00086628836030983069 -0.012462668780256559 0.024484330357265823 0.00029121738759095366 0.035120271712820485 0.0045702578741032562 0.0067599433564867629 0.038904618030793772 0.0010026088307066479 0.0070859196339714582 0.030705968534471124 -0.016054011711274335 0.016808643149335559 -0.006725023486558704 -2.7583916794514932e-05 0.019908385128984116 -0.00082979239104347873 -0.019961608635501487 -0.0058952235319615518
leaf_weight=33.211184225976467 284.35629495978355 40.439510881900787 11.855191797018049 15.123396322131155 394.29726163297892 7.3716660887002936 21.534923896193504 34.388742297887802 98.6540367603302 81.17031067609787 70.254892557859421 287.01032806932926 72.474999845027924 6.9354352653026572 186.95283199846745 8.255733445286749 337.37079545855522 7.5036162286996868 5.7852701395750072 17.15436864644289 89.760582081973553 12.662120997905729 24.985802918672562 17.671747729182243 44.743310779333115 150.77167216688395 7.8750954568386069 199.19097322225571 20.214907482266426 32.209407225251198
leaf_count=174 831 245 34 52 1343 22 68 93 279 246 196 806 227 26 498 27 903 28 16 56 342 40 101 48 139 513 35 938 71 180
internal_value=-0.000132471 -0.0046439 0.000550674 0.00311548 -0.000377085 0.00214352 -0.00400666 0.00573727 -0.00167102 0.000616788 0.00609657 -0.00153477 -0.00833504 -0.0026855 0.00362991 0.00599283 0.00530426 -5.66419e-06 -0.00383429 0.0105613 0.00407856 0.010006 -0.00337702 0.00171769 0.00223383 -0.00444014 -0.00209727 -0.00282046 -0.0127279 -0.0130087
internal_weight=2622.19 344.847 2277.34 604.948 1672.39 567.293 135.77 41.7604 1105.1 537.09 151.425 385.664 94.0099 279.427 589.825 357.482 349.226 232.343 568.009 22.9396 431.522 102.423 272.491 204.625 329.1 545.069 247.506 239.63 27.7185 65.4206
internal_count=8577 1699 6878 1661 5217 1762 410 115 3455 1527 442 1085 295 1345 1609 964 937 645 1928 72 1352 382 1319 546 970 1856 1218 1183 99 354
is_linear=0
shrinkage=0.03


Tree=204
num_leaves=28
num_cat=0
split_feature=78 79 90 34 24 96 6 68 46 97 1 67 21 21 6 91 66 113 110 6 90 110 46 78 34 97 33
split_gain=8.62884 4.3656 3.74403 5.89025 3.89437 5.59688 3.52961 4.54906 4.30956 3.70026 4.36567 3.38385 5.09709 4.17798 3.11345 3.09949 3.36035 4.11483 2.94888 2.91731 2.63255 2.62555 2.54875 1.69217 1.49218 1.63786 0.943815
threshold=-0.042572463768115958 -0.42614125753660631 0.33607914450114001 -0.86190476190476184 1.1666666666666667 1.0454545454545456 2.2583333333333337 -0.51708511396011392 1417.7368245899399 2.7136363636363643 1.4226190476190479 -0.89385846051442963 0.19090909090909094 0.76388888888888895 1.9128787878787883 2.4664209219834112 -0.13813082488497339 0.20000000000000015 0.33333333333333337 1.7416666666666669 0.33551021713749557 -0.12916666666666662 1522.0677559200572 -0.099999999999999992 0.44821428571428573 0.61250000000000016 1.8839285714285716
decision_type=2 2 2 2 2 2 2 2 2 2 2 2 2 2 2 2 2 2 2 2 2 2 2 2 2 2 2
left_child=6 11 15 -4 18 -6 7 14 -9 19 -11 12 -2 24 23 16 22 -18 -5 -10 21 -17 -3 -1 25 -13 -26
right_child=1 2 3 4 5 -7 -8 8 9 10 -12 13 -14 -15 -16 20 17 -19 -20 -21 -22 -23 -24 -25 26 -27 -28
leaf_value=-0.0055277279623829534 0.026180245073948529 -0.01678747453356276 0.026779127731537004 0.0032444375818870014 -0.0070463994525235239 0.028336497170666674 -0.013552140451705641 -0.018562134853027289 0.0018496988727751437 0.01991215029730322 -0.0010621883231752465 0.0050146131235838335 -0.0094670041640599594 0.013838164131470536 0.027361524981866805 0.00043189440834263596 0.0033904854835744508 0.023510268760257344 -0.0083116965135666444 -0.0029052158684318343 -0.019183791994765182 -0.0032041670505413246 0.0020738049797208594 0.016251972955105585 -0.019831351080323831 -0.013117314592382575 -0.006003861321335755
leaf_weight=6.560334324836731 5.7705958783626548 11.531430378556253 9.1880923062562925 56.02476067841053 6.5079964399337795 10.539204418659208 13.769148245453833 9.5835226476192457 1113.7226036041975 21.099715352058411 15.486775085330008 6.2755633667111423 9.6420397013425809 5.249999836087226 10.148980483412741 234.17803657054901 64.537556782364845 10.659485220909117 30.798629656434059 129.64729644358158 8.4254162907600385 754.86652059853077 14.627116292715071 6.2877646982669848 31.006246790289879 15.702476397156714 5.1856703758239737
leaf_count=20 24 34 32 177 20 39 39 29 3384 85 47 34 44 25 35 749 219 37 105 381 27 2646 44 20 166 88 27
internal_value=-0.000141497 -0.00188772 -0.00144273 0.00375571 0.00171912 0.0148286 0.00155787 0.00171638 0.00148053 0.00163059 0.0110339 -0.00872849 0.00387957 -0.0117926 0.0149417 -0.0019776 0.00302076 0.00624255 -0.000854839 0.0013539 -0.0024855 -0.00234325 -0.00624078 0.0051311 -0.0141058 -0.00793996 -0.0178501
internal_weight=2617.02 1290.72 1211.88 113.059 103.871 17.0472 1326.31 1312.54 1289.54 1279.96 36.5865 78.8326 15.4126 63.42 22.9971 1098.83 101.356 75.197 86.8234 1243.37 997.47 989.045 26.1585 12.8481 58.17 21.978 36.1919
internal_count=8577 4537 4129 373 341 59 4040 4001 3926 3897 132 408 68 340 75 3756 334 256 282 3765 3422 3395 78 40 315 122 193
is_linear=0
shrinkage=0.03


Tree=205
num_leaves=25
num_cat=0
split_feature=86 103 79 51 112 108 94 102 95 37 66 66 67 78 17 35 17 23 109 66 33 111 55 15
split_gain=3.01246 7.26648 5.70564 5.17503 4.49663 3.02511 2.75062 7.00646 7.6226 8.02265 6.45551 6.99585 6.8884 6.31409 5.10364 5.09933 8.37708 5.32783 2.96694 4.65549 2.00258 0.362711 0.00838641 0.00264719
threshold=5.1250000000000009 1.6306818181818186 -0.050403538123121726 0.9110671936758894 -1.1261747913921825 0.6515151515151516 1.2696969696969698 1.4472222222222224 1.3875000000000002 1.0000000180025095e-35 -0.24516497994060157 -0.39768886970769807 0.72998380745708724 0.5913729128014843 -0.50151515151515136 -2.4910714285714279 0.32517482517482527 -0.47272727272727261 0.54545454545454564 0.14377779086714174 0.86190476190476206 -0.25499999999999989 0.77888888888888907 0.39230769230769241
decision_type=2 2 2 2 2 2 2 2 2 2 2 2 2 2 2 2 2 2 2 2 2 2 2 2
left_child=5 2 -2 20 -3 6 7 8 9 -1 11 -9 -12 -10 18 16 -16 -17 -8 -20 -4 -6 23 -23
right_child=1 4 3 -5 21 -7 14 10 13 -11 12 -13 -14 -15 15 17 -18 -19 19 -21 -22 22 -24 -25
leaf_value=-0.0087405679803140221 0.025747418385158725 0.0018335559434216231 -0.027789706433775378 0.019901737162488629 -0.017691814502857995 -0.016702233227199999 0.030279154430802892 -0.0053802443887951256 0.0026294803428433852 0.0020462015668210052 -0.010895427839599245 0.0060529363129446382 0.014265191858879787 0.024721493781181873 0.012504752390039727 -0.017118662991888679 -0.013698230733357802 0.00082347488798418958 -0.0099798733943356512 0.027711209056949845 -0.0035975635019504515 -0.026817380800167791 -0.02582102699973092 -0.027778533767244047
leaf_weight=123.16473230719566 8.0766559541225451 8.1314414888620394 6.0081958174705523 5.3680709525942794 5.2595953717827824 9.2816495746374112 8.1007495820522326 119.0277601480484 459.65708655118942 125.0703513994813 134.61319001764059 80.907793864607811 10.561392471194265 11.94607764482498 68.888517662882805 15.040741860866545 13.063023775815962 1538.6462259814143 6.6406937390565854 5.3059549629688263 6.3176741898059845 5.0694856196641904 5.118167743086814 5.249447375535965
leaf_count=375 20 29 26 17 23 35 20 492 1452 369 447 263 33 30 188 50 44 4539 28 12 23 21 22 19
internal_value=0.000255984 -0.00672137 0.00485409 -0.00468298 -0.0170691 0.000395532 0.000453863 -0.000735532 0.000949343 -0.00330578 -0.00424988 -0.000753586 -0.009065 0.00318909 0.00121889 0.00103449 0.00832801 0.000649783 0.0162637 0.00676015 -0.0153899 -0.0244957 -0.0268139 -0.0273063
internal_weight=2784.51 54.5987 25.7706 17.6939 28.8281 2729.92 2720.63 1064.95 719.838 248.235 345.11 199.936 145.175 471.603 1655.69 1635.64 81.9515 1553.69 20.0474 11.9466 12.3259 20.6967 15.4371 10.3189
internal_count=8577 200 86 66 114 8377 8342 3461 2226 744 1235 755 480 1482 4881 4821 232 4589 60 40 49 85 62 40
is_linear=0
shrinkage=0.03


Tree=206
num_leaves=31
num_cat=0
split_feature=78 65 8 46 108 65 9 55 110 83 96 33 33 55 104 3 22 46 84 37 23 6 74 98 72 66 106 104 65 104
split_gain=8.57573 5.72145 6.22523 8.24595 5.82758 7.18859 6.1109 10.3225 5.79724 6.77368 8.13088 6.91294 5.791 5.42227 5.2561 7.29317 5.16003 5.01963 6.5143 5.55691 4.92294 4.89753 4.54472 4.51206 5.57814 4.40553 5.78154 4.14654 6.36713 6.25772
threshold=-0.34960317460317453 0.36719916762991084 -0.63484848484848477 1493.9992544044583 0.45227272727272733 0.088443723251771425 0.20714285714285716 0.12823920265780733 0.14285714285714288 0.22500000000000003 1.4494949494949496 0.078571428571428639 0.020833333333333291 0.71525096525096543 0.61250000000000016 1.0871212121212122 0.72077922077922085 1505.4069527939905 0.63333333333333341 -3.4999999999999996 -1.0000000180025095e-35 0.86190476190476206 35.500000000000007 2.5857843137254908 36.500000000000007 0.22470256081028397 2.5477272727272733 1.5505050505050508 0.88900793657502342 1.1339285714285716
decision_type=2 2 2 2 2 2 2 2 2 2 2 2 2 2 2 2 2 2 2 2 2 2 2 2 2 2 2 2 2 2
left_child=16 4 23 14 5 17 7 -7 13 11 -11 -10 -8 21 15 -4 22 19 -19 -2 -16 -6 25 -3 -25 -1 -27 29 -29 -5
right_child=1 2 3 27 8 6 12 -9 9 10 -12 -13 -14 -15 20 -17 -18 18 -20 -21 -22 -23 -24 24 -26 26 -28 28 -30 -31
leaf_value=-0.006581886944722672 -0.018659650850637303 0.027866337098838095 -0.011019197738915021 -0.0001150382115474788 -0.013312477141101054 -0.026749500666292187 0.0054623384861927898 0.012500875133438869 -0.0083768848619614963 -0.00050693396262936196 0.013423823376234637 0.0008350165194504777 -0.012257486321025142 0.025333460190967327 0.023602894682523183 0.0098309096788904461 0.0193302220744168 0.0069308127345022565 0.029802517957569073 0.0029137146720150508 0.0064825766001834154 -0.0032026224675410979 0.012717976209547085 -0.0088775216904912243 0.024300219484089555 0.03288704317185031 -0.0048008453964363393 -0.0022792021033409145 0.034050298826037786 -0.011795453140341907
leaf_weight=307.82000658661127 11.121471121907232 14.956776440143583 35.599385395646095 193.57779777050018 47.073840208351612 7.3117520958185187 21.558382913470268 34.407579600811005 98.466622427105904 81.133411109447479 70.450488269329071 287.05789598822594 72.152360692620277 5.7094383537769309 16.183721393346786 26.219134211540222 7.9559560120105735 90.041584223508835 12.800976566970347 318.15845383703709 229.16826197504997 514.09697650372982 12.387517876923082 10.372374773025514 8.1399233341217023 5.9937471002340308 9.4222903549671155 10.834164038300516 7.2453275620937339 52.469237223267555
leaf_count=1557 33 42 92 536 192 22 68 93 279 246 196 806 227 18 42 71 35 342 40 937 602 1718 47 39 28 22 38 37 20 152
internal_value=-0.000130728 0.0005361 0.00303658 0.00229987 -0.000368578 0.00210193 -0.00392903 0.00562183 -0.00163865 0.000594741 0.00596756 -0.00151779 -0.008181 -0.00375474 0.00564203 -0.00217603 -0.00454864 0.00399207 0.00977769 0.00218507 0.00761185 -0.00405069 -0.00511469 0.0156118 0.00571085 -0.0057981 0.00985219 -0.00158695 0.0122798 -0.00260587
internal_weight=2619.89 2276.31 604.766 571.297 1671.54 567.553 135.43 41.7193 1103.99 537.108 151.584 385.525 93.7107 566.88 307.171 61.8185 343.58 432.122 102.843 329.28 245.352 561.171 335.624 33.4691 18.5123 323.236 15.416 264.127 18.0795 246.047
internal_count=8577 6878 1661 1552 5217 1762 410 115 3455 1527 442 1085 295 1928 807 163 1699 1352 382 970 644 1910 1664 109 67 1617 60 745 57 688
is_linear=0
shrinkage=0.03


Tree=207
num_leaves=31
num_cat=0
split_feature=80 94 104 88 72 75 76 2 96 36 75 75 98 103 103 103 20 20 34 79 79 79 111 88 34 14 2 88 66 66
split_gain=8.21989 4.03613 5.03069 4.8452 7.12518 4.12974 4.46213 4.15727 3.98127 3.96507 3.47512 3.31726 3.33217 4.40038 4.43264 4.41613 3.74626 3.36421 2.84109 2.63403 3.90498 4.50429 3.61911 4.20102 3.22354 3.04759 2.98289 2.70391 2.60146 4.56334
threshold=-0.52190945125727717 1.1937500000000003 1.8090909090909093 0.47828094263117754 25.500000000000004 22.500000000000004 0.18257575757575759 0.12916666666666668 0.52272727272727282 -1.0000000180025095e-35 24.500000000000004 -7.4999999999999991 3.226495726495727 1.4226190476190479 0.86607142857142871 2.2361111111111116 0.14642857142857146 -0.089898989898989881 -0.14285714285714285 -0.38688172043010749 -0.36341022161917685 -0.3742724867724867 -1.9999999999999996 0.44822791659419875 -1.0000000180025095e-35 0.28371212121212125 -1.4615384615384612 0.48678388448998605 0.035338726238457914 0.04711038961038972
decision_type=2 2 2 2 2 2 2 2 2 2 2 2 2 2 2 2 2 2 2 2 2 2 2 2 2 2 2 2 2 2
left_child=19 2 5 4 9 6 -2 -8 -7 -4 -10 -3 16 14 -14 -15 17 -13 -6 22 21 -21 23 -1 26 27 -24 -26 -22 -30
right_child=1 11 3 -5 18 8 7 -9 10 -11 -12 12 13 15 -16 -17 -18 -19 -20 20 28 -23 24 -25 25 -27 -28 -29 29 -31
leaf_value=0.024220152920439678 0.021548698212237136 0.015802599890156449 0.042242706662510413 -0.0075843362633799295 -0.011113773368413906 -0.0056567362612050783 -0.0035692670737840649 0.0019667478387941206 0.024529944144182525 0.016863596305803464 0.0074873865477518781 0.0051269523728411353 0.0073675736049949227 0.0088778868943970007 -0.0037500180226996286 -0.0053254751931333241 -0.021090175360551598 -0.0017479181210863282 0.007826642248131857 -0.0031509242048426748 -0.0056350007231040413 0.030558441472340128 -0.010657487880309416 -0.0070112930877275024 -0.019069816267099939 0.0003563664806022114 0.017244016645351714 -0.00030188809771069895 0.023241725035018847 -0.0016753964053160325
leaf_weight=6.3550404906272915 9.1140063852071744 11.40629145503044 6.7681142836809149 13.075871229171751 9.646546319127081 17.17563259601593 170.31364293396473 431.10719206929207 12.889495864510534 30.542776823043823 65.429290160536766 69.642325803637505 43.195279717445374 109.67952230572701 127.68473222851753 24.015520304441452 8.6042055785655958 799.41547042131424 27.296912029385567 7.3711677342653275 181.11939765512943 6.9136175811290723 7.1344634592533112 9.9378678202629072 45.339770868420601 12.29047406464815 6.6746785715222341 8.1507777422666532 6.7505395561456671 329.46605968475342
leaf_count=30 31 37 25 38 30 48 503 1320 45 107 203 215 138 349 382 70 23 2433 93 31 671 33 38 43 253 65 39 36 27 1221
internal_value=-0.000141424 0.000803873 0.00246234 0.00925483 0.0122201 0.00162216 0.000714749 0.000399029 0.00742363 0.0214673 0.0102922 -0.000298433 -0.000453777 0.00224986 -0.000939698 0.00632655 -0.00139202 -0.001197 0.00288099 -0.00313473 -0.00230927 0.0131639 -0.00771144 0.00517052 -0.0103485 -0.0131148 0.00282876 -0.01621 -0.00273652 -0.00117511
internal_weight=2614.51 1987 793.359 87.3302 74.2543 706.029 610.535 601.421 95.4944 37.3109 78.3188 1193.64 1182.24 304.575 170.88 133.695 877.662 869.058 36.9435 627.504 531.621 14.2848 95.8831 16.2929 79.5902 65.781 13.8091 53.4905 517.336 336.217
internal_count=8577 6090 2443 293 255 2150 1854 1823 296 132 248 3647 3610 939 520 419 2671 2648 123 2487 1983 64 504 73 431 354 77 289 1919 1248
is_linear=0
shrinkage=0.03


Tree=208
num_leaves=31
num_cat=0
split_feature=86 103 48 8 112 14 98 80 67 3 75 14 111 91 14 72 33 95 97 112 85 79 109 4 11 48 48 18 90 111
split_gain=2.9015 7.03444 6.00083 5.01939 4.42325 2.9571 4.27834 3.98882 3.82686 6.35789 6.07462 5.08825 4.67481 4.13436 3.44822 7.26116 7.22632 6.16971 5.05905 6.45417 6.09092 3.99287 7.05377 6.54338 5.41929 7.0761 5.4352 4.64616 1.21304 0.358995
threshold=5.1250000000000009 1.6306818181818186 -22.718422461457518 -0.53741258741258735 -1.1261747913921825 0.23205128205128209 1.7434210526315792 0.56750471401634206 0.56462962962962981 0.93095238095238109 1.0000000180025095e-35 0.39761904761904771 0.15759083044982708 2.4664209219834112 0.075595238095238118 25.500000000000004 -0.90535714285714275 1.1547619047619049 1.0954545454545457 0.1304025764895331 0.29166666666666669 -0.027703900709219822 -0.52899159663865536 2.5857142857142863 -0.11111111111111112 -10.980612734163968 -28.661921005916835 0.48333333333333339 0.29044663371332563 -0.25499999999999989
decision_type=2 2 2 2 2 2 2 2 2 2 2 2 2 2 2 2 2 2 2 2 2 2 2 2 2 2 2 2 2 2
left_child=5 2 -2 -4 -3 14 7 -7 11 -10 -11 13 -13 -8 21 16 -16 -18 19 -17 -20 24 23 -23 25 -1 -26 -24 -5 -6
right_child=1 4 3 28 29 6 8 -9 9 10 -12 12 -14 -15 15 18 17 -19 20 -21 -22 22 27 -25 26 -27 -28 -29 -30 -31
leaf_value=-0.00093653426940233642 0.024756078400584105 0.0018555371475943903 0.016108441286478106 -0.0075142645487614604 -0.017507756201596489 -0.027493383110032573 -0.013939768452996401 0.0066901863074394679 0.03800482764846061 0.020789195688231975 -0.011198307695615983 -0.010723684174611255 0.013507355203202497 0.006026896297120294 0.018980819029560312 0.0029038680839358821 -0.012083792434304366 -0.0028803194707876004 0.0033061157904359182 0.022894186812947161 -0.011150034923242368 -0.016736762088357972 0.0018113815830911712 0.013821714964629297 0.0077755297580873886 0.012768884699218564 2.0827045062698878e-05 -0.0021526793519017853 -0.027618361219416795 -0.026637675358956354
leaf_weight=441.76285888254642 8.8582668304443377 8.1252838075160998 6.0688375905156162 5.1905708163976652 5.1996971890330341 7.5965517237782461 9.8353737443685514 5.1583936512470245 7.5844655185937908 11.603424474596979 9.9036719202995283 37.35465445369482 8.8666682094335538 182.87574264407158 10.903436735272406 48.312788918614388 97.325836449861526 200.81599375605583 83.280058391392231 20.791557416319847 38.292599439620972 39.757935300469398 568.16501528024673 7.4952973872423163 228.04463841021061 36.7224011272192 126.4495407640934 500.54081751406193 5.6320700794458389 15.227381482720373
leaf_count=1325 22 29 23 18 23 31 33 17 17 29 34 121 24 519 29 140 305 616 264 53 124 131 1805 21 616 102 363 1658 23 62
internal_value=0.000254107 -0.00661257 0.00475747 -0.00573025 -0.0168666 0.000390719 0.0033068 -0.0136688 0.00411465 0.0143879 0.00605946 0.00286381 -0.00607543 0.00500786 5.63427e-05 -0.00216691 -0.00500743 -0.00588471 0.00243695 0.00891839 -0.00124724 0.000626402 -0.00054676 -0.0118896 0.00219811 0.000115318 0.0050094 -4.52325e-05 -0.0179764 -0.0243137
internal_weight=2783.74 54.3021 25.7497 16.8915 28.5524 2729.44 280.779 12.7549 268.024 29.0916 21.5071 238.932 46.2213 192.711 2448.66 499.722 309.045 298.142 190.677 69.1043 121.573 1948.94 1115.96 47.2532 832.979 478.485 354.494 1068.71 10.8226 20.4271
internal_count=8577 200 86 64 114 8377 825 48 777 80 63 697 145 552 7552 1531 950 921 581 193 388 6021 3615 152 2406 1427 979 3463 41 85
is_linear=0
shrinkage=0.03


Tree=209
num_leaves=31
num_cat=0
split_feature=79 23 86 74 91 12 97 92 73 47 7 47 47 92 71 6 46 78 86 109 89 71 86 46 106 94 65 47 72 102
split_gain=8.24923 4.4661 5.81137 7.87325 7.23147 5.5881 5.69585 5.5505 5.19739 5.13302 4.96713 4.82123 6.05312 6.04021 3.88637 4.57896 5.0659 3.64543 3.58186 6.81987 6.40713 6.33876 7.13347 5.78616 5.17048 6.53499 4.88596 4.77956 4.50472 4.43018
threshold=0.077853192559074927 0.39523809523809533 2.9000000000000004 3.5000000000000004 3.2444167359379334 0.25833333333333336 0.80909090909090919 6.6789706502493589 88.500000000000014 1677.5376189149611 1.5505050505050508 1429.2530847614105 1461.383080896285 6.4142779581694773 1.5000000000000002 1.4641025641025642 1448.755635929786 0.55777777777777793 1.7750000000000001 0.95000000000000007 0.29511927598486648 20.500000000000004 4.5833333333333348 1465.8897257265683 2.9198717948717952 1.6449579831932775 -0.18913157057834726 1445.9580797552314 11.500000000000002 1.6754385964912284
decision_type=2 2 2 2 2 2 2 2 2 2 2 2 2 2 2 2 2 2 2 2 2 2 2 2 2 2 2 2 2 2
left_child=1 2 8 4 10 9 -7 14 11 -5 -4 13 -13 -1 -3 17 -17 -16 24 20 21 23 -23 -20 25 29 -22 -27 -29 -2
right_child=18 7 3 5 -6 6 -8 -9 -10 -11 -12 12 -14 -15 15 16 -18 -19 19 -21 26 22 -24 -25 -26 27 -28 28 -30 -31
leaf_value=0.024279391353739091 -0.0023331135983460415 0.022793933630397167 0.012799317193706887 0.0056788330776349656 -0.019765018270797408 -0.010259029578327902 0.00026701957481664043 0.024094315957679319 -0.025621586448653158 -0.013682022257753466 0.0016337921455392981 -0.0080173349328414249 -0.000260276875747509 -0.003775481179524095 0.016292763794564017 0.011455686944336036 -0.0067497463348037655 -0.0039543529307289839 0.01483383777489059 -0.016369752384641976 -0.00070714045522173171 -0.0035319417287681819 0.018911870932765067 -0.014935705231931835 -0.0064262755931093936 0.037061143999679524 0.031026061708193168 0.019816544876554855 -0.011593089395450912 0.009718338826390319
leaf_weight=15.416809394955637 146.74906624853611 9.1765074431896192 118.79731716215611 186.36029575765133 7.9950375109910956 61.545268714427948 186.37533263862133 13.825919285416601 7.5238164067268363 13.197184383869169 51.361526638269424 98.646349504590034 1101.390148088336 12.512461811304091 28.6939847022295 18.552967846393585 53.205545738339424 11.098897635936735 6.4462792277336112 43.798558726906776 9.4853117838501948 168.7422281652689 13.786629408597944 66.433012723922729 99.799626722931862 7.1487280577421215 8.0923165082931501 10.871312290430071 6.6069388538599005 33.770178221166134
leaf_count=45 646 25 320 520 22 170 540 38 20 35 144 294 3177 39 79 50 144 29 26 307 44 744 60 323 455 25 33 36 26 161
internal_value=-0.000128987 0.000811057 0.000429463 0.00278524 0.00811892 0.000661744 -0.00234603 0.00608919 -0.000763462 0.00439846 0.00942906 -0.000611155 -0.000897929 0.0117107 0.00402721 0.00248342 -0.00204278 0.0106455 -0.00314641 -0.00538052 -0.00361738 -0.00482309 -0.00183673 -0.0123025 -0.000825573 0.00189906 0.0139021 0.0163957 0.00794342 -7.86188e-05
internal_weight=2617.41 1995.68 1861.12 625.632 178.154 447.478 247.921 134.554 1235.49 199.557 170.159 1227.97 1200.04 27.9293 120.728 111.551 71.7585 39.7929 621.73 316.784 272.986 255.408 182.529 72.8793 304.946 205.146 17.5776 24.627 17.4783 180.519
internal_count=8577 5691 5326 1751 486 1265 710 365 3575 555 464 3555 3471 84 327 302 194 108 2886 1537 1230 1153 804 349 1349 894 77 87 62 807
is_linear=0
shrinkage=0.03


Tree=210
num_leaves=31
num_cat=0
split_feature=80 90 79 46 89 74 109 113 94 0 65 19 92 0 97 102 55 99 110 35 35 18 97 1 91 35 23 45 108 34
split_gain=7.82205 3.88411 4.54809 5.33025 5.95591 5.13894 7.69499 4.22644 4.11162 4.73754 6.64548 5.47977 5.91242 4.8425 4.35954 4.06638 3.94395 7.85272 6.41842 4.93812 4.89352 4.72035 3.43411 3.20907 2.8771 3.92606 5.93845 4.73683 5.12162 3.80596
threshold=-0.52190945125727717 0.32516020604752216 -0.13668361643045182 1528.1916413921742 0.2627834325891128 4.5000000000000009 -0.46153846153846151 0.43484848484848493 1.2696969696969698 2.577380952380953 0.11308373756006464 0.51666666666666672 5.3205649864913136 1.1180555555555558 2.1742424242424243 1.5751879699248124 -0.77598566308243722 0.46410256410256417 -0.53030303030302994 1.2728174603174607 2.2589285714285716 0.51666666666666672 1.591666666666667 1.7071428571428573 2.472247068177301 0.2232142857142857 0.22678571428571428 1.0000000180025095e-35 0.48684210526315791 0.59226190476190499
decision_type=2 2 2 2 2 2 2 2 2 2 2 2 2 2 2 2 2 2 2 2 2 2 2 2 2 2 2 2 2 2
left_child=24 8 22 5 7 6 -4 -5 9 11 14 13 -13 -2 -11 -7 17 19 -18 -10 -19 -20 23 -3 25 26 27 -1 -29 -26
right_child=1 2 3 4 -6 15 -8 -9 16 10 -12 12 -14 -15 -16 -17 18 20 21 -21 -22 -23 -24 -25 29 -27 -28 28 -30 -31
leaf_value=-0.00025738619042302296 0.0084706415170095525 0.024215044634945129 0.022351081363767334 0.002033593757236953 -0.014982446786991406 -0.011660742469632486 0.0008341199894607769 0.011312095072918898 0.0088070501898774942 -0.005236798352375456 -0.021568402098573518 0.013724175741554885 0.0030860529075639022 -0.0018553799804336489 0.023295955000523276 0.00048002304861160128 -0.017612563115379749 -0.0038260105951000529 -0.0044346440632764307 0.034747716977133157 0.02317983267769904 0.0010185308401810646 0.036531263212164003 -0.0038878403958852803 -0.00076736678723204551 -0.0067719381673810048 -0.0072592151647415679 0.054264741604932373 0.015129251130758564 -0.0057010582881586369
leaf_weight=6.1787506341934266 46.938923254609108 6.8660301864147204 16.59444859623909 73.94681091606617 11.172513648867605 50.145376265048981 151.73667415976524 109.77438916265965 27.348417580127716 19.134499013423923 18.733706995844841 55.102050274610519 320.54873909056187 316.33592428267002 6.4419912695884696 49.179819732904434 24.566552489995956 76.506910681724548 314.15282639861107 8.7073113620281202 6.5562551170587531 262.01513932645321 5.7873874157667151 7.8243106305599213 241.36976207792759 18.366309940814972 10.306785210967062 5.2774406820535642 7.0035651922225952 337.47495459765196
leaf_count=23 153 24 56 218 31 147 455 374 87 56 48 179 976 953 27 148 67 223 949 31 22 821 21 24 962 64 37 23 27 1351
internal_value=-0.000139197 0.000782448 0.00312274 0.00251024 0.00628427 -0.000237821 0.00295531 0.00757755 3.03788e-05 0.0015346 -0.00799336 0.00210595 0.0046465 -0.00052115 0.00194979 -0.00564937 -0.00160629 0.00338044 -0.0025951 0.0150716 -0.00169441 -0.00195479 0.016958 0.009247 -0.00306342 0.0040641 0.0109825 0.0211675 0.0319467 -0.00364378
internal_weight=2612.09 1986.12 483.028 462.55 194.894 267.656 168.331 183.721 1503.09 783.236 44.3102 738.926 375.651 363.275 25.5765 99.3252 719.853 119.119 600.735 36.0557 83.0632 576.168 20.4777 14.6903 625.978 47.1329 28.7665 18.4598 12.281 578.845
internal_count=8577 6090 1498 1429 623 806 511 592 4592 2392 131 2261 1155 1106 83 295 2200 363 1837 118 245 1770 69 48 2487 174 110 73 50 2313
is_linear=0
shrinkage=0.03


Tree=211
num_leaves=24
num_cat=0
split_feature=108 14 51 6 111 104 52 0 103 77 93 88 23 17 77 104 71 14 104 73 48 90 12
split_gain=2.90788 3.06953 4.80057 4.49871 4.64591 5.91591 4.83125 4.35238 4.81066 4.99014 3.46346 4.98035 4.77879 5.45179 4.27871 4.06686 3.88517 3.45474 3.25519 2.73025 2.5306 2.35205 1.74527
threshold=0.6515151515151516 0.23205128205128209 0.82971014492753636 2.0333333333333337 -0.044999999999999964 1.2928571428571431 0.31464011180992318 1.4833333333333336 1.2111111111111115 0.13423423423423428 0.52500000000000013 0.39028324154209287 0.65151515151515171 0.28106060606060607 0.2983765383608275 2.3484848484848491 2.5000000000000004 -0.46410256410256406 1.3166666666666669 1.5000000000000002 -19.995581989352896 0.325994219197838 0.17424242424242428
decision_type=2 2 2 2 2 2 2 2 2 2 2 2 2 2 2 2 2 2 2 2 2 2 2
left_child=1 10 3 4 5 -3 -6 8 9 -4 12 14 13 18 19 17 -17 -13 -1 -12 -14 -5 -16
right_child=-2 2 7 21 6 -7 -8 -9 -10 -11 11 15 20 -15 22 16 -18 -19 -20 -21 -22 -23 -24
leaf_value=0.016969541402254196 -0.016573456857663274 0.0027877910590782917 0.01877534087681677 -0.027823437113017425 0.013076915284311666 0.018937142622328627 -0.0044826542336171039 -0.0063460883815259191 0.029268673264268297 -0.0087259488613568078 -0.0090855492003093039 -0.011155133042387667 -0.01990062740943882 0.028132866529011136 -0.010563520615576 -0.019591976413099871 -0.002453964143100994 0.00033018288858210307 -0.010907942470681074 0.0087257621591186312 0.0064798408620430356 -0.0014484361236307265 -0.028611652060162966
leaf_weight=7.2320645898580569 9.2146152257919294 80.390539646148682 15.029579699039461 6.8851782530546171 16.580389186739922 27.364402011036873 94.332620412111282 9.672909811139105 15.35585482418537 9.8166378587484342 21.966008439660072 23.812712430953979 6.527049794793129 14.628957182168959 8.8037594109773654 17.80783674120903 35.915884971618652 2319.0487437099218 7.8741941899061203 11.964372903108595 6.5636815279722196 5.4531189352273941 10.66225855052471
leaf_count=19 35 241 39 25 46 75 282 34 37 30 72 82 26 37 30 69 127 7136 25 36 19 17 38
internal_value=0.000251361 0.000307256 0.00328037 0.001458 0.00245246 0.00688892 -0.00185767 0.011721 0.0160681 0.00790969 -2.77446e-05 -0.000175589 0.00843011 0.0150794 -0.0092373 2.63079e-05 -0.00813471 0.000213447 0.0024383 -0.00280501 -0.00667348 -0.0161666 -0.0204492
internal_weight=2782.9 2773.69 280.881 231.006 218.668 107.755 110.913 49.875 40.2021 24.8462 2492.81 2449.98 42.8259 29.7352 53.3964 2396.59 53.7237 2342.86 15.1063 33.9304 13.0907 12.3383 19.466
internal_count=8577 8542 826 686 644 316 328 140 106 69 7716 7590 126 81 176 7414 196 7218 44 108 45 42 68
is_linear=0
shrinkage=0.03


Tree=212
num_leaves=31
num_cat=0
split_feature=79 46 51 24 11 76 79 93 111 55 88 46 93 87 33 105 96 105 64 98 97 72 51 19 72 8 76 23 111 79
split_gain=7.82781 4.38064 5.82143 7.37961 9.02142 7.13026 6.37759 5.32209 6.74455 5.30093 5.92266 5.65301 5.16774 5.72156 6.88789 6.84524 5.02082 4.92192 4.90966 7.04561 4.64682 4.58781 4.17963 3.65443 5.81881 6.03692 4.35952 4.24537 4.22528 4.15447
threshold=0.06666666666666668 1421.3706810725459 0.85092592592592597 1.1666666666666667 -0.043055555555555534 0.26111660079051385 0.043282265919081832 1.6754385964912284 -0.070000000000000021 0.33508771929824566 0.41809127216052994 1584.1324797703689 0.94868421052631591 0.90000000000000013 0.30654761904761912 1.2928571428571431 0.88194444444444453 1.1909090909090911 -0.35427763124308687 2.5857843137254908 0.95833333333333337 15.500000000000002 0.52277432712215333 0.51666666666666672 4.5000000000000009 -0.7126984126984125 0.29774569402228984 -1.0000000180025095e-35 -0.21999999999999989 0.50134099616858252
decision_type=2 2 2 2 2 2 2 2 2 2 2 2 2 2 2 2 2 2 2 2 2 2 2 2 2 2 2 2 2 2
left_child=1 12 6 4 -4 -6 9 8 -8 10 -3 -11 18 14 -14 -16 -9 -15 19 21 -19 -1 -21 24 25 -2 -26 -27 -25 -28
right_child=23 2 3 -5 5 -7 7 16 -10 11 -12 -13 13 17 15 -17 -18 20 -20 22 -22 -23 -24 28 26 27 29 -29 -30 -31
leaf_value=-0.021979601684102505 -0.0074801123879264832 0.0049681881121188933 -0.013916223290958939 -0.02110839216411239 0.00047026329704495835 0.032025585377025573 0.03433137388837279 0.018133219274278994 0.0083714299896183036 0.0027971610695442769 -0.0023233507206367496 -0.0079136736252094254 0.0089054243126953838 -0.0069319520494045992 -0.0043296641146666386 -0.039426130564359972 -0.01584366323149072 -0.0038209082452163837 0.026061629947950988 0.021998171970969191 0.022191152814766562 0.0044531935788016458 0.0041833013153761041 -0.010518799466419523 -0.014289374447756192 0.0062687938950644747 -0.00026184464898166009 0.030114929753125068 -0.0030219611254794581 -0.018008531232553561
leaf_weight=9.5652022212743777 12.036425203084944 116.45487755537033 28.394781798124313 24.610388949513435 22.956972435116771 8.9600477218627912 10.496474042534826 5.5534263700246838 63.481621786952019 722.5186862051487 720.8731545060873 47.248292729258537 11.108214288949968 15.466708585619925 10.839520275592806 9.2865030467510206 13.261367216706274 8.9940184652805346 15.068177178502081 26.37184864282608 19.760930195450783 15.463290646672247 21.528447806835175 94.883225403726101 24.470220625400543 13.560993656516073 260.35623899847269 13.318267181515695 235.83994814753532 12.43921874463558
leaf_count=28 49 335 88 89 70 28 29 16 196 1937 2120 143 32 41 28 24 47 23 40 68 54 41 55 545 96 51 1178 42 993 91
internal_value=-0.00012845 0.000831835 0.000401341 -0.00726415 -0.00161497 0.00932877 0.00078429 0.0084315 0.0120548 0.000342744 -0.00130925 0.00213973 0.00553257 -0.000227961 -0.0100575 -0.0205238 -0.00581495 0.00671476 0.0104721 0.0072511 0.0140551 -0.00564869 0.0139914 -0.00293378 -0.000731133 0.0101773 -0.00215918 0.0180842 -0.00517278 -0.00107108
internal_weight=2615.17 1948.26 1784.81 84.9222 60.3118 31.917 1699.89 92.7929 73.9781 1607.1 837.328 769.767 163.453 75.4559 31.2342 20.126 18.8148 44.2217 87.997 72.9288 28.7549 25.0285 47.9003 666.905 336.181 38.9157 297.266 26.8793 330.723 272.795
internal_count=8577 5532 5098 275 186 98 4823 288 225 4535 2455 2080 434 202 84 52 63 118 232 192 77 69 123 3045 1507 142 1365 93 1538 1269
is_linear=0
shrinkage=0.03


Tree=213
num_leaves=29
num_cat=0
split_feature=78 98 95 79 98 90 34 35 93 3 44 7 110 108 80 79 98 67 35 93 47 71 102 48 86 47 47 48
split_gain=7.44576 4.41702 5.05142 4.05431 4.0344 3.57157 5.52626 3.5682 3.92988 4.9837 3.52824 5.97291 7.30101 4.71027 3.7243 5.83143 3.91926 3.23939 6.50596 2.97912 2.79915 5.37315 3.28337 2.05577 2.39654 1.81778 2.98044 0.129725
threshold=-0.042572463768115958 1.6770833333333337 0.9545454545454547 -0.42614125753660631 1.8786764705882355 0.33607914450114001 -0.86190476190476184 -3.5178571428571423 2.5192307692307696 2.0333333333333337 1.0000000180025095e-35 2.0333333333333337 -0.049999999999999871 0.46862745098039221 0.29181148626282694 1.0000000180025095e-35 2.8062500000000004 -0.89385846051442963 -0.96071428571428552 0.2678571428571429 1557.2542664730008 29.500000000000004 1.1937500000000003 56.901752554186153 0.87500000000000011 1522.754493777177 1546.8459485763046 -29.975737702395232
decision_type=2 2 2 2 2 2 2 2 2 2 2 2 2 2 2 2 2 2 2 2 2 2 2 2 2 2 2 2
left_child=1 2 -1 17 23 7 -7 -5 9 -9 14 13 -13 -12 15 -6 -16 18 -2 -19 22 -22 -8 24 -3 27 -27 -21
right_child=3 4 -4 5 10 6 20 8 -10 -11 11 12 -14 -15 16 -17 -18 19 -20 25 21 -23 -24 -25 -26 26 -28 -29
leaf_value=0.033449577513206513 0.027454816153627357 -0.014894329715680511 0.0020268030429390388 0.015756631699772428 0.0069875788303433257 0.025966398041734645 -0.010347707627344859 -0.0022444588653987786 -0.020395939873789008 0.0087790781325717444 -0.001391896528171236 0.0080789556684009618 0.042669757656103119 0.0038033296940416972 0.004583752013352 -0.006601507495172354 -0.0017715841046216682 0.010494241226037818 -0.012265231041778086 -0.019094321582441866 0.029455829978762435 -0.0031993315863717794 0.0030015983688775169 -0.020692528002512558 0.0091020067589114521 0.0045251961673385037 -0.014568567717173696 -0.025099617861842487
leaf_weight=8.2585998326540011 6.2607408314943305 7.836697995662691 10.405733883380888 10.247733175754545 35.40405398607254 9.2447243481874448 22.50958988070488 1035.8245342820883 10.384371295571325 38.274628728628159 247.73425172269344 68.585524246096611 5.9696637243032447 429.14510680735111 174.09488147497177 144.09020648896694 175.23354886472225 5.0999252945184699 9.1143862754106504 5.1390763968229285 8.7092178165912646 9.4615272283554059 62.973063498735428 10.57671734690666 7.1753768026828766 9.4146923124790174 33.674552515149117 8.7488417029380781
leaf_count=29 24 21 31 36 119 32 70 3555 29 136 746 230 23 1331 523 424 513 24 44 24 34 35 202 27 23 46 211 35
internal_value=-0.000138665 0.00143977 0.0159308 -0.00176553 0.00123265 -0.00133879 0.00374157 -0.00186272 -0.00202921 -0.00185164 0.0014684 0.00278958 0.0108487 0.0019019 -0.000408941 -0.00392115 0.00139573 -0.00841924 0.00390874 -0.0114726 0.00175936 0.0124523 -0.000513587 -0.0105621 -0.00342471 -0.0134388 -0.0103967 -0.0228774
internal_weight=2609.59 1324.51 18.6643 1285.08 1305.85 1207.63 112.898 1094.73 1084.48 1074.1 1280.26 751.435 74.5552 676.879 528.823 179.494 349.328 77.4522 15.3751 62.0771 103.653 18.1707 85.4827 25.5888 15.0121 56.9772 43.0892 13.8879
internal_count=8577 4040 60 4537 3980 4129 373 3756 3720 3691 3909 2330 253 2077 1579 543 1036 408 68 340 341 69 272 71 44 316 257 59
is_linear=0
shrinkage=0.03


Tree=214
num_leaves=22
num_cat=0
split_feature=46 46 85 46 71 96 76 43 46 88 103 72 105 72 48 105 3 16 35 77 53
split_gain=2.80485 6.87738 5.6715 4.71899 4.42058 4.4116 6.80975 4.02047 3.13665 8.28442 4.32132 3.31516 6.86697 5.00949 2.87614 2.87456 2.20316 1.97497 1.80855 0.951112 0.0246705
threshold=1682.5048272473898 1662.3250862993925 0.45000000000000007 1636.8260527210291 32.500000000000007 0.78888888888888908 0.73375527426160347 1.0000000180025095e-35 1611.9034782863262 0.4075928478923842 1.6833333333333336 38.500000000000007 0.9545454545454547 25.500000000000004 135.65163487744624 0.76388888888888895 2.5166666666666671 0.43650793650793657 -1.0345238095238092 0.26120401337792648 0.4692170240415855
decision_type=2 2 2 2 2 2 2 2 2 2 2 2 2 2 2 2 2 2 2 2 2
left_child=1 3 16 8 19 -6 14 15 11 -10 -11 13 -13 -1 -7 -5 20 -9 -17 -3 -2
right_child=2 4 -4 7 5 6 -8 17 9 10 -12 12 -14 -15 -16 18 -18 -19 -20 -21 -22
leaf_value=-0.00010808127262780572 -0.023875744078520257 0.0060777426761828846 0.016163256548210801 0.0034114069500546318 0.037904012280653945 0.012562329521110872 0.037695621867207769 -0.0071437349589918804 0.030082934994545171 -0.0054510573644235682 0.011502102907884866 -0.0073428751401819377 0.0003353823047077773 0.0034004055507091103 -0.01856083473127753 -0.0076172358111656928 -0.0044505969857310482 0.018910470453449797 -0.026899499598006599 -0.012275381197706454 -0.026583966465734268
leaf_weight=1661.5493183135986 7.1478924453258568 5.066808454692362 5.9333430528640738 5.202074974775317 8.4907439798116702 5.3898951709270495 5.71647024154663 5.4803793132305128 11.360000297427176 31.024683654308319 23.999626412987709 152.94017316401005 333.24209897220135 469.83382708579302 5.3000632077455521 6.1091448143124607 7.5308761745691291 5.0141990631818771 15.447308808565138 5.0984451919794083 5.2512921839952469
leaf_count=5039 47 26 19 22 21 15 16 21 33 123 75 492 1009 1390 25 26 39 19 72 25 23
internal_value=0.000249378 0.00034165 -0.00958405 0.000171547 0.0135434 0.0203499 0.0112652 -0.0104325 0.000318731 0.00675869 0.0019433 0.000155406 -0.00208 0.000665316 -0.00286848 -0.0166045 -0.0172492 0.00530469 -0.0214349 -0.00312738 -0.0250227
internal_weight=2782.13 2756.27 25.8634 2721.2 35.0624 24.8972 16.4064 37.2531 2683.95 66.3843 55.0243 2617.57 486.182 2131.38 10.69 26.7585 19.9301 10.4946 21.5565 10.1653 12.3992
internal_count=8577 8449 128 8321 128 77 56 160 8161 231 198 7930 1501 6429 40 120 109 40 98 51 70
is_linear=0
shrinkage=0.03


Tree=215
num_leaves=31
num_cat=0
split_feature=78 19 46 105 89 88 111 96 66 40 2 73 77 102 33 67 37 93 99 109 68 97 66 97 23 93 78 33 48 90
split_gain=7.4587 5.08179 5.79085 6.12573 6.39165 6.61382 6.43905 5.67867 4.51461 4.85364 4.51389 4.39661 5.24399 4.48509 4.53079 4.42658 4.34406 4.33237 4.22954 4.21577 4.17225 4.14121 4.20039 4.0496 3.44446 3.91066 5.2873 4.38144 0.758257 0.537635
threshold=-0.34960317460317453 0.48333333333333339 1421.3706810725459 1.5857142857142861 0.25146628826969392 0.4453354769560558 -0.39944598337950116 0.36931818181818188 0.11695444739844842 1.0000000180025095e-35 -1.6833333333333329 10.500000000000002 0.28637566137566145 1.3603896103896107 1.9250000000000003 0.21079327760362246 -1.0000000180025095e-35 1.5131578947368423 0.45227272727272733 -0.46153846153846151 0.11726588299117181 0.59166666666666679 0.22470256081028397 1.738636363636364 0.21547619047619052 2.1909090909090914 -0.60434782608695636 0.28869047619047628 39.327887340054879 0.31953342855199623
decision_type=2 2 2 2 2 2 2 2 2 2 2 2 2 2 2 2 2 2 2 2 2 2 2 2 2 2 2 2 2 2
left_child=21 10 8 7 5 -5 -6 20 -3 19 29 13 18 16 -15 -14 -12 -9 -13 -10 -4 -1 24 -24 25 27 -27 -23 -26 -2
right_child=1 2 3 4 6 -7 -8 17 9 -11 11 12 15 14 -16 -17 -18 -19 -20 -21 -22 22 23 -25 28 26 -28 -29 -30 -31
leaf_value=0.021672165474030742 0.024582541252797935 0.029421668595700681 -0.02677363610480292 -0.0073419041267414617 -0.004284590121340014 0.0028757198794614322 0.011165661824694735 -0.001091901005918145 0.0095142601549159499 0.021621455339468777 0.017744033586455186 0.018292258614126092 0.0024630032052872209 -0.011147192288942355 0.015116403840797243 -0.0070106831745064191 -0.001030947171209296 -0.0065284343409547762 0.0050924889149234478 -0.0060243876293561054 -0.004765053229645975 0.0020157144950961885 0.020482173094265078 -0.011889459804689169 -0.027112274088415912 -0.00082921692216158258 -0.021390299696841416 -0.0062003305479129255 -0.012078453924894962 0.012890166398331959
leaf_weight=5.4482015371322623 7.3041188120841962 7.3089589178562155 14.880499571561815 91.232377998530865 32.385630883276463 152.0224042981863 96.959727212786674 628.51026310026646 29.799009546637535 12.740793377161024 12.909197986125944 31.14068977534771 665.56708609312773 60.682544365525246 6.5497121810913077 47.560729309916496 78.757446721196175 166.97136355936527 73.20958998054266 33.246413424611092 16.183181598782539 88.825377844274044 11.010971918702127 5.0837302953004828 7.3219843953847867 19.25597033649683 27.093267314136028 170.63488955050707 5.1383026614785194 6.86680868268013
leaf_count=22 20 19 51 278 85 442 275 1907 79 34 37 96 1930 201 21 145 237 620 223 93 65 400 39 23 30 151 175 836 23 20
internal_value=-0.000127055 0.000492752 -0.000754066 -0.00128478 0.00190879 -0.000956386 0.00729721 -0.00272441 0.00690464 0.00473306 0.00210673 0.00186275 0.0027503 -0.00270339 -0.00858861 0.00183117 0.00161309 -0.00223303 0.00903162 0.0013201 -0.0153079 -0.00427254 -0.00469529 0.0102572 -0.00545143 -0.00482145 -0.0128481 -0.00338759 -0.0209127 0.0189168
internal_weight=2612.6 2272.79 1282.24 1199.15 372.6 243.255 129.345 826.545 83.0952 75.7862 990.548 976.377 817.478 158.899 67.2323 713.128 91.6666 795.482 104.35 63.0454 31.0637 339.813 334.364 16.0947 318.27 305.81 46.3492 259.46 12.4603 14.1709
internal_count=8577 6878 3948 3723 1080 720 360 2643 225 206 2930 2890 2394 496 222 2075 274 2527 319 172 116 1699 1677 62 1615 1562 326 1236 53 40
is_linear=0
shrinkage=0.03


Tree=216
num_leaves=31
num_cat=0
split_feature=80 26 90 96 89 89 65 112 95 90 22 26 109 107 110 91 96 110 91 18 103 23 17 16 71 69 110 109 40 95
split_gain=7.12067 3.94147 3.64661 7.7621 4.09938 5.2158 5.06213 5.46361 4.92019 4.05403 4.90976 4.85439 4.91149 4.42787 3.89754 3.8811 3.86421 3.25764 2.83151 4.00414 5.46777 5.46139 5.22094 4.93143 2.75548 2.42044 2.2793 5.02235 2.27909 1.74752
threshold=-0.52190945125727717 -2.4999999999999996 0.32516020604752216 2.1742424242424243 0.16603045093611132 0.17303635183382021 0.41327428444043529 -0.13191850594227519 2.4365079365079372 0.3178366617676725 0.40833333333333338 -1.1666666666666663 0.85357142857142876 0.55277777777777792 -0.17564788153023456 2.7116114158982145 0.73863636363636376 -0.50634920634920622 3.2006928710996037 0.48333333333333339 3.3166666666666669 0.27386363636363642 0.28528138528138536 0.21825396825396828 25.500000000000004 0.15784513372864398 0.16715686274509814 -0.66515151515151494 1.0000000180025095e-35 2.1055555555555561
decision_type=2 2 2 2 2 2 2 2 2 2 2 2 2 2 2 2 2 2 2 2 2 2 2 2 2 2 2 2 2 2
left_child=1 -1 3 9 8 14 15 -8 -4 11 13 16 -13 -11 17 -7 -2 -6 19 20 23 22 -21 -3 -12 -23 27 28 -20 -28
right_child=2 18 4 -5 5 6 7 -9 -10 10 24 12 -14 -15 -16 -17 -18 -19 26 21 -22 25 -24 -25 -26 -27 29 -29 -30 -31
leaf_value=-0.017389477350596066 -0.0024237191043334052 -0.0040849554727402579 -0.00067324094539296462 -0.015966907355407303 0.020088607830013511 -0.0064740915155979597 0.035690656814214711 0.0069825422068798227 -0.028784478334810969 -0.0031057947153981954 -0.0078291289216101869 -0.00029538669481804264 0.0058886662992053132 0.019260354785153515 0.030132960009938044 0.0030389710963442448 0.01107664908584444 -0.006931921281101986 -0.016881871131299731 -0.0050546905828075554 0.024892353685940408 -0.0013409865486073446 0.0056466194666899535 0.0043962288937708701 -0.028256992614478383 -0.017629939924299065 -0.012458984654437755 0.02387889668293873 0.004458509497532074 0.00050247324741607897
leaf_weight=16.531204000115395 26.257934629917145 122.59999410063028 22.062886491417888 26.874912202358246 8.3022858053445834 43.348350912332535 8.1667281687259692 22.144908115267754 7.5112999677658072 153.25210367143154 14.206601202487947 1062.9064081013203 129.69036862254143 8.4030618220567685 11.09728594124317 352.15990114212036 69.817518293857574 7.7775049507617977 10.204521015286449 159.50319532305002 8.3323128372430784 10.767675086855887 55.242391817271709 124.22048977017403 10.216581895947455 34.566051617264748 55.610071942210197 6.1510264277458182 8.0626949518918991 11.256791457533835
leaf_count=78 79 518 65 79 28 125 29 68 19 464 42 3204 439 29 39 1103 229 22 38 600 38 38 238 474 27 147 221 24 31 42
internal_value=-0.000138611 -0.00293645 0.000739924 1.08477e-05 0.00300861 0.0037151 0.00290185 0.0147172 -0.00781298 0.000302016 -0.0038373 0.000899715 0.000377106 -0.00194317 0.0164573 0.00199632 0.00738693 0.00701926 -0.00254251 -0.00167972 0.000990375 -0.00429924 -0.00230182 0.000183478 -0.0163744 -0.013761 -0.0074123 0.000432296 -0.00746276 -0.010277
internal_weight=2607.25 623.048 1984.2 1501.63 482.571 452.997 425.82 30.3116 29.5742 1474.75 186.078 1288.67 1192.6 161.655 27.1771 395.508 96.0755 16.0798 606.517 515.232 255.153 260.079 214.746 246.82 24.4232 45.3337 91.2851 24.4182 18.2672 66.8669
internal_count=8577 2487 6090 4592 1498 1414 1325 97 84 4513 562 3951 3643 493 89 1228 308 50 2409 2053 1030 1023 838 992 69 185 356 93 69 263
is_linear=0
shrinkage=0.03


Tree=217
num_leaves=17
num_cat=0
split_feature=74 87 50 2 93 50 86 105 79 90 95 89 54 109 64 52
split_gain=2.87255 2.99571 2.89602 4.09142 2.94549 3.34769 4.74095 7.35903 4.73636 3.476 4.59201 4.36813 2.72074 1.84684 1.14668 0.00594823
threshold=42.500000000000007 1.1000000000000003 0.042572463768115944 0.22222222222222218 3.1125000000000003 0.088932806324110686 3.2250000000000005 1.8819444444444446 0.30467205750224624 0.30526976990214233 1.7071428571428573 0.25211866097434471 0.037855266300453792 0.84807692307692328 1.7049249377624667 0.71902412280701766
decision_type=2 2 2 2 2 2 2 2 2 2 2 2 2 2 2 2
left_child=2 12 3 -1 5 6 7 -4 -8 10 -7 -11 -2 15 -6 -5
right_child=1 -3 4 13 14 9 8 -9 -10 11 -12 -13 -14 -15 -16 -17
leaf_value=0.0055125065405988785 -0.015488034116288503 -0.026278779924200156 0.0063003091544454508 -0.026480972672634828 -0.025965759096724484 0.0003992807501279918 0.0043252066347757396 0.035275401405738697 -0.020642283798582985 -0.00010789394563176302 0.0046085066603863056 -0.0050200683336712286 0.010863238191197609 -0.0039655335275704771 -0.0056856960683924953 -0.025089685564130548
leaf_weight=9.9608217179775256 7.2213676571846026 7.3126676827669135 66.781279571354389 5.7020496875047701 5.0030669271945936 1045.0864852666855 19.705984070897106 8.9455832093954069 10.471990332007406 1080.9167361110449 300.28238435834646 191.84250725805759 6.8917367607355118 5.0846357345581046 5.0340704172849655 5.3704686611890793
leaf_count=31 30 33 256 27 27 3019 64 24 64 3380 917 612 21 24 20 28
internal_value=0.000247391 -0.0106949 0.00033233 -0.00960999 0.000427307 0.000487078 0.00571615 0.00972312 -0.00433871 0.000275559 0.00133877 -0.000848304 -0.00262013 -0.0189329 -0.0157944 -0.0258062
internal_weight=2781.61 21.4258 2760.19 26.118 2734.07 2724.03 105.905 75.7269 30.178 2618.13 1345.37 1272.76 14.1131 16.1572 10.0371 11.0725
internal_count=8577 84 8493 110 8383 8336 408 280 128 7928 3936 3992 51 79 47 55
is_linear=0
shrinkage=0.03


Tree=218
num_leaves=27
num_cat=0
split_feature=112 80 5 90 91 26 98 89 110 71 91 35 112 8 21 101 75 87 94 101 96 100 64 5 80 80
split_gain=7.12878 7.46851 4.16205 6.97311 5.50631 5.09431 4.99363 3.93414 3.90137 5.08301 5.10844 4.71761 6.27554 4.17731 3.892 4.30186 3.84029 3.71503 3.41675 3.37792 3.09494 5.72075 4.45624 2.96066 2.14099 0.0117084
threshold=0.11438923395445134 -0.37489495798319322 0.66190476190476211 0.3335440370838601 2.5854460847240057 1.8333333333333337 2.4472222222222229 0.2293068919305537 0.64473684210526327 86.500000000000014 2.9953271028037389 -2.4910714285714279 -0.12499999999999988 -0.62361111111111089 0.48333333333333339 1.0250000000000001 18.500000000000004 0.70833333333333337 2.1464285714285718 1.8973684210526318 0.88194444444444453 0.58114035087719318 0.12682054204660601 0.7357142857142861 -0.49965986394557815 0.062843406593406606
decision_type=2 2 2 2 2 2 2 2 2 2 2 2 2 2 2 2 2 2 2 2 2 2 2 2 2 2
left_child=2 17 5 4 23 8 -7 -6 11 10 -10 12 -1 -13 18 -16 -9 -2 20 -11 21 -3 -22 -4 -8 -26
right_child=1 14 3 -5 7 6 24 16 9 19 -12 13 -14 -15 15 -17 -18 -19 -20 -21 22 -23 -24 -25 25 -27
leaf_value=-0.014778733855616457 0.0045730334009556938 -0.0067410628162784406 0.0095339644498290427 -0.015496394901244234 -0.00022371019020921335 0.0086223159318227945 -0.0092940652504508083 0.02360528473684631 -0.00045784700741809912 0.026890365445070306 0.0067054822954647668 0.0092311505869051968 0.0074681524691822881 9.4468172298658093e-05 0.023098388163106495 -0.008038437597253879 0.00033532743233810624 0.031769403541542361 -0.022389284093456974 0.0054674775045727049 0.0010112095506595786 0.0088527770772820064 -0.004535832674325677 -0.017382330899086581 -0.028505075097332317 -0.02658871428138599
leaf_weight=40.125234454870224 10.265811294317247 256.60675889253616 6.7140738219022742 10.236916512250898 11.527598038315771 8.2589524239301699 11.296708062291147 35.976320758461952 212.66601477563381 13.231568440794947 154.83030384778976 46.864751234650612 15.947333842515944 1154.2780510634184 10.622547641396524 6.3991997241973868 7.7595525979995719 8.0771809965372068 8.183042645454405 13.265414863824843 282.65480078756809 23.077528350055218 241.88671430945396 8.1332034915685636 6.3870848119258863 5.2098428159952164
leaf_count=112 31 1162 22 38 36 24 30 112 563 36 418 150 47 3260 35 20 24 23 32 39 1023 101 1167 27 24 21
internal_value=-0.00012517 -0.00238575 0.000962052 0.00763254 0.0110096 0.000643477 -0.0113752 0.0153674 0.000870228 0.00347512 0.00256014 5.3893e-05 -0.0084516 0.000450952 -0.00280448 0.0113927 0.0194768 0.0165487 -0.00310195 0.0161652 -0.0029057 -0.00545437 -0.00154675 -0.00521054 -0.0185894 -0.0276442
internal_weight=2610.48 847.774 1762.71 80.3477 70.1107 1682.36 31.1526 55.2635 1651.21 393.993 367.496 1257.22 56.0726 1201.14 829.431 17.0217 43.7359 18.343 812.409 26.497 804.226 279.684 524.542 14.8473 22.8936 11.5969
internal_count=8577 3594 4983 259 221 4724 99 172 4625 1056 981 3569 159 3410 3540 55 136 54 3485 75 3453 1263 2190 49 75 45
is_linear=0
shrinkage=0.03


Tree=219
num_leaves=31
num_cat=0
split_feature=78 98 95 36 98 10 13 65 90 75 3 87 79 47 65 49 34 44 7 110 108 34 75 105 50 110 70 103 2 103
split_gain=6.81402 4.22638 4.83625 3.89111 3.8617 3.82238 3.86033 3.68489 3.95082 3.91958 3.80667 4.31937 3.62498 3.7164 3.54552 3.41795 4.10519 3.39686 5.74796 6.97915 4.52394 3.38573 3.68375 3.41283 3.2358 6.00061 3.77966 3.13056 2.69712 2.06044
threshold=-0.042572463768115958 1.6770833333333337 0.9545454545454547 -2.4999999999999996 1.8786764705882355 0.48333333333333339 0.12916666666666668 0.48549955200321743 0.32646221504599637 -7.4999999999999991 2.0871212121212124 0.90000000000000013 -0.24390243902439024 1540.4648966987818 0.45898890047706559 0.45470497746596128 1.3410714285714287 1.0000000180025095e-35 2.0333333333333337 -0.049999999999999871 0.46862745098039221 0.020833333333333402 2.5000000000000004 2.1547619047619051 0.052777777777777785 -0.20000000000000009 85.500000000000014 1.6833333333333336 -0.94401709401709388 2.3484848484848491
decision_type=2 2 2 2 2 2 2 2 2 2 2 2 2 2 2 2 2 2 2 2 2 2 2 2 2 2 2 2 2 2
left_child=1 2 -1 5 -3 6 -2 9 21 -5 14 -12 28 -14 -11 27 -17 24 20 -20 -19 23 -23 -9 25 -6 -26 -8 -10 -7
right_child=3 4 -4 7 17 29 15 8 12 10 11 -13 13 -15 -16 16 -18 18 19 -21 -22 22 -24 -25 26 -27 -28 -29 -30 -31
leaf_value=0.032693071825679966 0.016557551855954714 -0.0103795235402575 0.0019475049388676684 0.019779537670883734 0.022223811791687823 -0.023118737026385405 0.0049300330708809664 0.010604807091980448 0.00018095420479089745 -0.0010623576812217011 0.0012729464359019257 0.026620847711548726 -0.0059023543071213998 0.015376287147123836 0.013528866609970344 -0.018857571833580774 0.0054426340473747109 -0.0014028622573542793 0.0078942478825413352 0.041677171207327071 0.0036909399278100457 -0.018992178473498839 -0.0065869403541531837 -0.0075708374183458939 -0.00043611306248166239 -0.010701661824524308 -0.01450945738338478 -0.010014401505974522 -0.018330010828041619 -0.0060966578433954144
leaf_weight=8.2567605376243609 7.6030176728963843 25.542720764875412 10.409700930118559 8.6783970445394498 14.383921489119532 16.956715680658821 32.127291321754456 17.985635161399841 24.387599729001522 866.06615310907364 15.916894167661669 9.7604788243770582 10.829516366124151 23.23974646627903 15.251788973808287 26.293761536478996 8.2106650471687299 247.45615963637829 68.459584340453148 5.9847765415906897 428.89035613834858 26.702510327100754 111.51485436409712 19.248087175190449 488.66854211688042 7.6211105436086646 17.800817355513573 20.772229745984077 9.9843451380729658 10.279897615313528
leaf_count=29 28 71 31 30 51 75 122 79 117 2862 49 34 34 86 60 80 28 746 230 23 1331 111 478 90 1459 21 48 80 39 55
internal_value=-0.000136603 0.0013733 0.0155472 -0.00169559 0.00117053 -0.00678633 -0.00394597 -0.00115891 -0.00443577 -0.000286111 -0.000478105 0.0109082 0.00167766 0.0086125 -0.000809847 -0.00572951 -0.0130751 0.00140115 0.00269812 0.0106101 0.00182726 -0.00682054 -0.00898354 0.00120885 -0.000441437 0.0108206 -0.000930747 -0.000938247 -0.0051961 -0.0166941
internal_weight=2605.28 1323.47 18.6665 1281.81 1304.81 122.244 95.007 1159.57 243.892 915.674 906.995 25.6774 68.4412 34.0693 881.318 87.4039 34.5044 1279.27 750.791 74.4444 676.347 175.451 138.217 37.2337 528.474 22.005 506.469 52.8995 34.3719 27.2366
internal_count=8577 4040 60 4537 3980 468 338 4069 1034 3035 3005 83 276 120 2922 310 108 3909 2330 253 2077 758 589 169 1579 72 1507 202 156 130
is_linear=0
shrinkage=0.03


Tree=220
num_leaves=23
num_cat=0
split_feature=108 14 5 75 96 103 16 92 46 93 88 23 17 77 104 22 14 104 73 49 74 12
split_gain=2.80232 2.94537 4.03861 4.65015 6.98672 5.88061 5.15537 5.02281 4.80737 3.33469 4.76994 4.53689 5.14441 4.15447 3.82585 4.33491 3.34186 3.13218 2.57394 2.45563 2.39986 1.72091
threshold=0.6515151515151516 0.23205128205128209 -1.4128787878787876 4.5000000000000009 1.0954545454545457 2.8944444444444448 0.25833333333333336 6.4528369766649591 1529.3931045569079 0.52500000000000013 0.39028324154209287 0.65151515151515171 0.28106060606060607 0.2983765383608275 2.3484848484848491 0.42261904761904767 -0.46410256410256406 1.3166666666666669 1.5000000000000002 0.4712557731233516 2.5000000000000004 0.17424242424242428
decision_type=2 2 2 2 2 2 2 2 2 2 2 2 2 2 2 2 2 2 2 2 2 2
left_child=1 9 20 4 8 6 -5 -6 -4 11 13 12 17 18 16 -16 -12 -1 -11 -13 -3 -15
right_child=-2 2 3 5 7 -7 -8 -9 -10 10 14 19 -14 21 15 -17 -18 -19 -20 -21 -22 -23
leaf_value=0.016612687902481604 -0.016342091528118888 -0.021479784479708552 -0.0058579534441072188 0.0077028872015462747 0.011959114088782728 0.027586132310842094 -0.0041679877705594571 0.036846779839191102 0.018290867660473518 -0.0088693977371765067 -0.011003054901769201 -0.019691474308575319 0.027317442669057963 -0.010352798028246813 -0.0036066095442850222 -0.024866755666126245 0.00031870562428442951 -0.010732244070364005 0.0084180109757803472 0.0063811285844886005 0.0024170463767360451 -0.028359579553486197
leaf_weight=7.2561372220516223 9.1370670050382596 9.1664501875638944 33.084234982728958 48.217133194208145 55.063096985220909 7.0699350982904425 103.82297918200493 8.4134360402822477 9.563964515924452 21.850185811519623 23.703944176435471 6.4354021400213224 14.743172094225882 8.7480463087558764 42.576647609472275 10.826423481106756 2318.0956313535571 7.8467716425657272 12.013087913393973 6.5705948024988174 6.4391199201345435 10.522103905677794
leaf_count=19 35 38 106 134 150 20 310 20 27 72 82 26 37 30 153 43 7136 25 36 19 21 38
internal_value=0.000244697 0.00029937 0.00321187 0.0040845 0.00894835 0.000840364 -0.000403326 0.0152578 -0.00044252 -2.89663e-05 -0.000174176 0.00826755 0.0147114 -0.00906474 2.30456e-05 -0.00791669 0.000204106 0.00240553 -0.00273664 -0.00651967 -0.0116196 -0.0201851
internal_weight=2781.17 2772.03 280.84 265.235 106.125 159.11 152.04 63.4765 42.6482 2491.19 2448.34 42.8521 29.8461 53.1334 2395.2 53.4031 2341.8 15.1029 33.8633 13.006 15.6056 19.2702
internal_count=8577 8542 826 767 303 464 444 170 133 7716 7590 126 81 176 7414 196 7218 44 108 45 59 68
is_linear=0
shrinkage=0.03


Tree=221
num_leaves=31
num_cat=0
split_feature=78 51 23 92 86 75 111 67 92 93 103 78 75 89 11 96 22 17 107 23 88 65 8 80 33 102 17 67 97 86
split_gain=6.87143 5.98636 4.91108 5.59665 4.66329 5.68813 7.55424 5.24385 5.91467 5.35641 5.21752 7.17567 6.60384 6.01409 5.13444 4.41966 4.19356 4.5592 4.17919 4.1154 3.85332 4.94831 4.23131 4.20575 3.80436 3.62387 3.99245 5.08248 5.37801 3.39152
threshold=-0.34960317460317453 0.64258064516129043 0.36515151515151523 6.7086942120556854 2.5500000000000003 16.500000000000004 0.26250000000000007 -0.069177932779898019 2.8029010331479989 0.60769230769230786 2.2792207792207795 0.76428571428571435 15.500000000000002 0.22503561253561258 -0.21130952380952375 1.5857142857142861 0.72077922077922085 -0.41602564102564094 0.55277777777777792 -0.2696969696969696 0.44138430061380313 0.79274265665595423 1.0861111111111115 -0.31957446808510631 0.93095238095238109 1.3660287081339715 -0.20256410256410257 0.15753194733961187 1.788888888888889 3.3666666666666671
decision_type=2 2 2 2 2 2 2 2 2 2 2 2 2 2 2 2 2 2 2 2 2 2 2 2 2 2 2 2 2 2
left_child=1 25 4 20 5 7 15 8 -2 -9 11 14 13 -12 -6 -7 17 -3 19 -19 22 24 23 -4 -22 -1 27 28 -27 -14
right_child=2 16 3 -5 10 6 -8 9 -10 -11 12 -13 29 -15 -16 -17 -18 18 -20 -21 21 -23 -24 -25 -26 26 -28 -29 -30 -31
leaf_value=-0.019521599421672222 -0.025460967669451835 -0.012234628033946688 -0.0087014814104883643 0.024909770987531114 0.0062174339339462724 -0.0078873252388148712 0.019752635808842057 -0.017523943755095025 0.0023570205581375991 -0.0015785978903429965 0.018001168503456042 -0.029446487771983023 0.0064498592065785178 -0.0010635277859529955 -0.00036317977345961324 0.0018152308957176556 0.01926592153983555 0.011099187642403018 -0.01220955563922986 -0.0014143113000942226 -0.0011625412208402179 0.02413313635907709 0.018958041850684029 0.014441811000236227 0.015196254308289255 0.03979637259100726 -0.018849478171139411 -0.012898652068678783 -0.0039005107123562719 0.021624772311604035
leaf_weight=32.051268026232719 6.965501829981803 39.585548013448715 42.30831877887249 12.658689841628073 136.24059295654297 205.44062671065331 10.768707096576689 19.727891653776169 553.56601389497519 487.3848115131259 18.119414106011391 7.0153553187847129 22.790062546730042 83.606198519468307 492.29964485764503 53.193553239107132 7.9539358243346205 27.4197658598423 27.303242087364197 172.2113743647933 36.098926812410355 14.819449573755263 7.7533252239227286 8.4841816276311857 19.818783178925514 5.0579281151294762 11.879276588559149 9.1995518878102285 5.081775538623333 31.681952819228172
leaf_count=174 24 248 114 34 368 651 32 58 1616 1577 51 19 62 228 1572 146 35 142 130 790 97 42 22 25 53 21 63 59 37 87
internal_value=-0.000124461 -0.00411692 0.000469367 0.00587241 0.000109109 -0.000971383 -0.00486672 1.15422e-05 0.00201134 -0.00219891 0.00193376 0.000726445 0.0068462 0.00233228 0.00106322 -0.00589179 -0.00219933 -0.00283993 -0.00120116 0.000304445 0.00400837 0.00872023 -0.00168467 -0.00483572 0.00463547 -0.0124357 -0.00516085 0.00324748 0.0178965 0.0152759
internal_weight=2608.49 337.744 2270.74 141.942 2128.8 1337.05 269.403 1067.64 560.532 507.113 791.753 635.556 156.198 101.726 628.54 258.634 274.474 266.52 226.934 199.631 129.283 70.7372 58.5458 50.7925 55.9177 63.2698 31.2185 19.3393 10.1397 54.472
internal_count=8577 1699 6878 387 6491 4104 829 3275 1640 1635 2387 1959 428 279 1940 797 1345 1310 1062 932 353 192 161 139 150 354 180 117 58 149
is_linear=0
shrinkage=0.03


Tree=222
num_leaves=31
num_cat=0
split_feature=48 44 93 80 109 77 78 109 86 48 111 109 64 7 103 96 8 112 90 109 86 33 37 34 67 53 5 79 111 21
split_gain=6.48586 3.89896 5.7986 5.00665 4.29976 5.94831 4.78934 4.2408 4.1896 4.136 6.56443 4.18204 4.16136 4.10772 5.72086 4.9657 5.45182 3.95472 3.85388 3.77173 3.66929 3.44099 3.25872 5.20127 7.58868 6.1794 4.8582 4.457 5.21092 4.71069
threshold=-28.661921005916835 1.0000000180025095e-35 3.1339285714285716 0.37257348232042342 0.50000000000000011 0.35329985652797707 -0.74456521739130421 0.46153846153846168 3.3666666666666671 -20.895148009496094 0.12018518518518526 0.74705882352941189 0.34423633193656084 2.0333333333333337 1.9545454545454548 1.6125000000000003 -0.5079365079365078 -0.030303030303030439 0.35407448377581124 0.049999999999999885 1.7083333333333337 -0.052777777777777805 -2.4999999999999996 -0.32738095238095227 -0.014658835227572274 0.41886116886116892 0.19999999999999987 -0.38688172043010749 -1.9999999999999996 0.25833333333333336
decision_type=2 2 2 2 2 2 2 2 2 2 2 2 2 2 2 2 2 2 2 2 2 2 2 2 2 2 2 2 2 2
left_child=22 3 13 9 5 7 -6 -5 -8 10 17 19 -13 15 21 18 -17 -2 -3 -11 -7 -15 -1 24 26 -26 -24 28 -25 -29
right_child=1 2 -4 4 6 20 8 -9 -10 11 -12 12 -14 14 -16 16 -18 -19 -20 -21 -22 -23 23 27 25 -27 -28 29 -30 -31
leaf_value=-0.015022010812215819 0.0063042177651901872 0.0016461109669463783 0.026445907843199903 0.0010906064701701119 0.018235649132387954 0.0039230884852798223 -0.0050496466259562301 0.017693839791287476 0.0077815258875434095 -0.0017915689507337189 0.032219292737375504 0.030356035169507054 -0.0033300699886511529 0.021695806039252863 -0.012989380944297021 -0.023484111844629736 -0.0023863837621128274 -0.017819476201848483 0.01387525575834893 -0.007687328989707541 0.025884594067082944 0.0071421529504471417 -0.0037649987608641992 0.011362402088977836 0.0083081353683975671 0.043548274597559937 0.020708664305245549 -0.0058211393215921023 -0.013410506325195493 -0.00028314298562711026
leaf_weight=18.046969175338745 26.754761829972267 818.92385186254978 8.7119585275650007 132.31007389724255 10.433885738253592 10.959010660648348 128.22587533295155 15.463527172803877 27.882621273398399 236.83640058338642 7.2270511090755454 6.3788218945264799 6.8391069173812866 20.258434429764748 10.016790345311163 13.006296679377554 72.302353382110596 7.9284630417823783 23.868521332740784 166.17967477440834 18.248131215572357 52.543649539351463 49.118657469749451 8.7686067968606931 11.751641079783441 7.2356698662042609 8.5742393583059293 208.4709507226944 59.474475145339966 410.31279519200325
leaf_count=60 91 2509 35 386 39 33 365 50 87 741 26 22 20 73 28 35 219 22 79 493 61 174 188 44 41 30 31 738 353 1504
internal_value=-0.000136295 0.000844793 0.00207557 -0.000720623 0.0020173 0.00527315 -0.00144262 0.00282802 -0.00275786 -0.00277355 0.00620939 -0.00367804 0.0129265 0.00186555 0.00826727 0.0012943 -0.00560298 0.000789626 0.00199245 -0.00422263 0.0176443 0.011192 -0.00242199 -0.00212425 0.00528643 0.0217374 -0.000127756 -0.00295136 -0.0102274 -0.00214892
internal_weight=2603.05 1821.3 1019.63 801.667 343.523 176.981 166.542 147.774 156.108 458.144 41.9103 416.234 13.2179 1010.92 82.8189 928.101 85.3087 34.6832 842.792 403.016 29.2071 72.8021 781.754 763.707 76.6802 18.9873 57.6929 687.027 68.2431 618.784
internal_count=8577 5588 3152 2436 1021 530 491 436 452 1415 139 1276 42 3117 275 2842 254 113 2588 1234 94 247 2989 2929 290 71 219 2639 397 2242
is_linear=0
shrinkage=0.03


Tree=223
num_leaves=23
num_cat=0
split_feature=74 54 86 111 101 49 51 25 47 74 2 69 22 47 107 50 105 17 90 86 74 26
split_gain=2.80743 3.47996 2.832 4.10118 4.60263 6.78763 5.51416 4.11275 2.81694 6.98188 5.54047 9.8185 5.49437 5.10953 6.72129 5.7012 3.75984 6.9852 6.04202 2.80171 0.255565 0.242551
threshold=40.500000000000007 0.15300120048019211 5.1250000000000009 0.035078125000000022 1.5477272727272731 0.46852907849007597 0.9110671936758894 2.1666666666666674 1463.3959591145688 33.500000000000007 -0.20000000000000001 -0.18836973336973337 0.63961038961038974 1470.3058086472604 0.56696428571428581 0.9076704545454547 0.90454545454545465 0.25357142857142861 0.30526976990214233 2.1000000000000005 6.5000000000000009 1.0000000180025095e-35
decision_type=2 2 2 2 2 2 2 2 2 2 2 2 2 2 2 2 2 2 2 2 2 2
left_child=2 19 8 4 5 -4 -7 20 9 10 11 -1 -12 14 15 -10 17 -15 -18 -2 -6 -21
right_child=1 -3 3 -5 7 6 -8 -9 13 -11 12 -13 -14 16 -16 -17 18 -19 -20 21 -22 -23
leaf_value=0.0035650424298121226 -0.0028041746444642892 0.0076193214617706426 0.030209646057963682 -0.024094749792056135 -0.017368899168653709 -0.01654419370982977 0.021014785659003936 0.0056773018325487687 -0.0056981080588639202 0.028575030618816749 0.0011140415071254021 0.027966355634261138 -0.021891769027077852 -0.00065893059171402756 0.02087913265365245 -0.027436100648090538 0.0029732639658307208 -0.011818886020508569 -0.0007596565062034065 -0.028088642601047011 -0.025838466073324962 -0.019653892412147073
leaf_weight=67.933974742889404 9.4776986390352302 8.3779978156089765 7.4264469444751766 9.7335686832666379 5.1998124718666103 10.929378323256971 5.1878793984651557 7.0338301211595526 90.934309147298336 9.010574743151663 449.84530326724052 18.989375606179237 9.5411394461989385 409.07622278481722 7.6331636905670157 12.330944970250128 750.58920583873987 57.582673460245132 812.83306387066841 7.0812668055295926 8.3640862554311735 5.4144014120101929
leaf_count=185 34 26 18 36 22 47 16 25 298 22 1426 45 32 1261 22 38 2186 177 2574 27 36 24
internal_value=0.000242217 -0.00883188 0.00034236 -0.00646812 -0.0025813 0.00647964 -0.00445458 -0.0129382 0.000478441 0.00238241 0.0019504 0.00889578 0.000636227 -1.54054e-05 -0.00628587 -0.00829385 0.000327135 -0.002036 0.0010325 -0.0151044 -0.0225916 -0.0244338
internal_weight=2780.53 30.3514 2750.17 53.875 44.1414 23.5437 16.1173 20.5977 2696.3 555.32 546.31 86.9234 459.386 2140.98 110.898 103.265 2030.08 466.659 1563.42 21.9734 13.5639 12.4957
internal_count=8577 111 8466 200 164 81 63 83 8266 1710 1688 230 1458 6556 358 336 6198 1438 4760 85 58 51
is_linear=0
shrinkage=0.03


Tree=224
num_leaves=31
num_cat=0
split_feature=109 45 42 51 36 46 70 26 55 2 4 104 33 38 88 91 106 47 55 65 7 49 78 78 74 78 93 95 93 74
split_gain=6.62 7.04429 7.91287 5.29845 5.55396 5.91942 5.00488 5.39883 4.58662 6.49586 4.82611 4.57141 4.53788 4.42144 4.7671 5.59436 7.48156 4.46403 4.94245 4.31112 4.64128 4.2361 4.63254 8.4141 4.99644 4.39725 3.93208 3.90632 3.72538 3.60761
threshold=0.50000000000000011 1.5000000000000002 1.0000000180025095e-35 0.89897959183673481 1.5000000000000002 1420.0323291263483 84.500000000000014 -0.49999999999999994 0.13660287081339714 -0.066666666666666805 2.1291666666666669 0.58571428571428574 0.40000000000000013 1.0000000180025095e-35 0.44653125627780516 2.7636989157631366 2.3038461538461541 1483.1225028132797 -0.19900990099009899 0.032127728603325585 1.3923076923076925 0.24145865712754108 -0.23809523809523803 -0.30217391304347813 10.500000000000002 0.73993558776167478 1.7817460317460319 1.2928571428571431 1.531372549019608 19.500000000000004
decision_type=2 2 2 2 2 2 2 2 2 2 2 2 2 2 2 2 2 2 2 2 2 2 2 2 2 2 2 2 2 2
left_child=3 13 -3 4 21 -6 7 27 9 -7 -10 -9 -13 17 29 16 -16 18 28 -19 -21 25 23 -23 -24 -1 -17 -5 -2 -15
right_child=1 2 -4 6 5 8 -8 11 10 -11 -12 12 -14 14 15 26 -18 19 -20 20 -22 22 24 -25 -26 -27 -28 -29 -30 -31
leaf_value=0.015619666480930709 0.0043649066359519699 0.00044253971732865371 0.045086139174921408 0.0264449928226686 0.026830900276617289 0.0041498684555479493 0.021693556051710455 -0.027478368991090477 0.0044958337416171543 -0.014046231196404274 -0.0067419517094632663 0.00021940573195277903 -0.011212650376118833 -0.0070595756448738065 0.0036164165304335607 -0.020984908643129054 0.048300081069826355 -0.016138954718853578 0.016673480761570877 -0.010709116423870036 0.016968771725878726 0.00086358818467382125 0.0017467190658039362 0.014153608129640186 -0.0018812284225568749 -0.0025979505819523083 0.0059073267353204548 -0.0069869357493409744 -0.008538272990772082 0.015050201766189044
leaf_weight=36.554930806159973 26.474155068397522 10.609802916646002 5.3876919373869887 7.5707462579011899 5.6656103432178488 23.753526344895363 6.1333239227533332 9.7760990709066373 73.727873340249062 68.79919795691967 64.46739199757576 55.756254009902477 71.098438613116741 66.796825543045998 7.5562904477119428 6.1557205170393017 6.0906490087509155 69.9630416482687 9.9015240669250471 16.462621957063678 8.1532332450151426 118.9347136542201 1136.4777764827013 67.042497351765633 488.50568298995495 17.697616070508957 23.862725958228111 5.381302148103714 84.144708640873432 7.3752743229269973
leaf_count=103 107 42 19 25 15 68 23 33 233 272 184 200 282 338 30 26 23 338 44 71 32 483 3211 235 1428 49 111 24 492 36
internal_value=-0.000122285 -0.00396791 0.0154778 0.000472162 0.000867789 -0.00346406 -0.00486743 -0.0059565 -0.00420789 -0.00937623 -0.000746536 -0.00771129 -0.00618794 -0.00490227 -0.000231375 0.00763289 0.0235588 -0.00746112 -0.00363258 -0.0123398 -0.00154168 0.00141685 0.00116939 0.00565448 0.000656078 0.00967693 0.000392681 0.0125547 -0.00545019 -0.0048611
internal_weight=2606.28 348.934 15.9975 2257.34 2101.63 236.414 155.716 149.583 230.748 92.5527 138.195 136.631 126.855 332.937 117.837 43.6654 13.6469 215.099 120.52 94.5789 24.6159 1865.21 1810.96 185.977 1624.98 54.2525 30.0184 12.952 110.619 74.1721
internal_count=8577 1709 61 6868 6281 772 587 564 757 340 417 515 482 1648 564 190 53 1084 643 441 103 5509 5357 718 4639 152 137 49 599 374
is_linear=0
shrinkage=0.03


Tree=225
num_leaves=31
num_cat=0
split_feature=80 26 94 76 75 1 98 50 48 18 19 16 20 112 83 33 26 104 20 2 91 18 23 103 17 16 4 110 36 89
split_gain=6.19288 3.8243 3.42569 4.76708 4.20104 4.45305 4.88062 4.55151 3.44591 3.21721 6.57094 5.18429 4.94233 7.47817 4.80086 4.48538 4.99872 4.07395 3.76858 3.13794 2.7216 3.85365 5.29746 5.2484 5.07008 4.64791 2.51264 4.00481 5.92972 2.63608
threshold=-0.52190945125727717 -2.4999999999999996 1.1937500000000003 0.19189852700491003 36.500000000000007 1.3798076923076925 2.5313725490196082 0.8047619047619049 26.546610555184774 0.51666666666666672 0.42261904761904767 0.22649572649572652 -0.070436507936507894 -0.2264285714285714 0.45000000000000007 -0.27678571428571425 0.83333333333333359 1.0954545454545457 0.071611721611721621 0.12916666666666668 3.2006928710996037 0.48333333333333339 0.27386363636363642 3.3166666666666669 0.28528138528138536 0.21825396825396828 1.851648351648352 0.098295454545454478 1.0000000180025095e-35 0.17110088791661307
decision_type=2 2 2 2 2 2 2 2 2 2 2 2 2 2 2 2 2 2 2 2 2 2 2 2 2 2 2 2 2 2
left_child=1 -1 3 -2 5 6 -5 -7 -6 11 -11 14 13 -13 -4 16 -12 -14 -17 -10 21 23 24 25 -23 -3 -22 28 -28 -29
right_child=2 20 9 4 8 7 -8 -9 19 10 15 12 17 -15 -16 18 -18 -19 -20 -21 26 22 -24 -25 -26 -27 27 29 -30 -31
leaf_value=-0.017147990357837692 0.018950046530851253 -0.003865278297966348 0.0030578514747480537 0.00070685003310681934 0.029016210348698175 -0.00054225093490305838 0.0072021108385247881 -0.021266511302721128 -0.0057830368862241584 -0.015757984009669889 0.01569439859600889 0.02476304887612998 -0.0082106286022247399 0.00029681565883863152 0.028668130052754079 0.00064412136290475919 -0.0065466438998919201 -0.0021955898168264419 0.015669981240010677 0.019548637777659143 -0.013698308422200229 -0.0048649084638167535 -0.013503481678375612 0.024441055041714774 0.0056985769506449754 0.0043870081368729474 -0.0054341263106671483 0.0091207663914224003 0.03331777719834917 -0.011330728075994431
leaf_weight=16.178484924137592 15.026631847023962 121.54913868755102 81.854321464896202 242.42946936190128 8.7686832696199435 314.81654697656631 182.49498131871223 9.8356036245822889 9.449038505554201 19.039233431220055 39.588687792420387 12.715312153100966 141.41336043179035 97.139206394553185 7.1642743349075309 406.90713287889957 11.807257547974585 357.6145873516798 15.598331540822981 8.2381668984889966 33.418331816792488 158.41547386348248 44.623105846345425 8.3851778432726842 55.120998784899712 124.18279945850372 8.8715058043599111 6.7553879320621482 5.9287383258342734 35.374760366976261
leaf_count=78 50 518 253 714 30 938 631 27 26 53 131 45 424 292 25 1261 34 1078 51 27 113 600 185 38 238 474 35 27 25 156
internal_value=-0.000134287 -0.0027542 0.000683721 0.00221402 0.00188996 0.00147528 0.00349641 -0.00117011 0.0136391 -0.000332836 0.00152255 -0.00164333 -0.00263198 0.0031287 0.00511898 0.0022168 0.0105849 -0.00390012 0.00119886 0.00601569 -0.00236777 -0.00152109 -0.00410263 0.00110151 -0.00213811 0.000305087 -0.00716843 -0.00333537 0.0100893 -0.00805142
internal_weight=2600.7 618.804 1981.9 791.059 776.032 749.577 424.924 324.652 26.4559 1190.84 492.941 697.901 608.882 109.855 89.0186 473.901 51.3959 499.028 422.505 17.6872 602.625 512.277 258.16 254.117 213.536 245.732 90.3487 56.9304 14.8002 42.1301
internal_count=8577 2487 6090 2443 2393 2310 1345 965 83 3647 1530 2117 1839 337 278 1477 165 1502 1312 53 2409 2053 1023 1030 838 992 356 243 60 183
is_linear=0
shrinkage=0.03


Tree=226
num_leaves=21
num_cat=0
split_feature=74 102 66 35 35 48 69 65 65 106 74 4 4 103 109 55 17 89 20 21
split_gain=2.72881 2.99233 4.11534 2.77917 4.21379 6.93924 5.17722 6.11546 4.94599 3.85486 3.39369 5.8958 7.17727 5.69285 8.01336 6.67464 4.757 3.0823 2.96889 2.40695
threshold=42.500000000000007 1.3245614035087721 -0.11776900034461733 -3.5178571428571423 -2.5624999999999996 49.535936355959741 0.089372082521789201 0.38767251504918515 -0.23495401958468318 2.897368421052632 4.5000000000000009 1.1291666666666669 1.9045454545454548 2.1055555555555561 -0.74166666666666647 -0.035190918472652211 0.05677655677655679 0.20036496350364966 -0.045454545454545435 0.22649572649572652
decision_type=2 2 2 2 2 2 2 2 2 2 2 2 2 2 2 2 2 2 2 2
left_child=3 2 -2 17 5 6 8 -8 -5 -7 11 16 -13 14 -12 -15 -6 19 -19 -1
right_child=1 -3 -4 4 10 9 7 -9 -10 -11 13 12 -14 15 -16 -17 -18 18 -20 -21
leaf_value=0.015146170541326495 0.016606303744417364 -0.025525012421332698 -0.016657986765386542 0.0031852860633600944 -0.00014891915945060456 -0.029509256083510585 -0.013833699117640508 0.013096191564121288 0.024401607919789636 0.0038399795511642968 0.013758910127248822 -0.0047767490212099958 0.0018607832838151209 0.016205654626443456 0.0014261206459297911 -0.0045315295199026655 0.007169402843687723 -0.0041474423058336105 -0.028293640193663875 -0.010775146798342027
leaf_weight=6.6902902573347109 5.9712763726711282 7.6219299435615531 7.6171894222497949 15.139787152409552 302.46874314546585 6.5968689545989019 13.816972762346269 16.83798722922802 28.51397879421711 5.9178102761507034 49.27754083275795 480.48789239674807 211.0055568665266 14.926534518599508 1255.8962166234851 217.79881596565247 108.65336668491364 8.974032439291479 9.3658978939056379 6.2226398885250092
leaf_count=20 18 37 29 41 964 25 43 51 70 21 136 1535 675 39 3793 690 302 32 35 21
internal_value=0.000239813 -0.0104796 -0.00204042 0.000322233 0.000424164 0.00692717 0.0104077 0.000958203 0.0170435 -0.0137394 0.000210337 -0.00105984 -0.00275134 0.00112101 0.00189175 -0.00320149 0.0017852 -0.00857305 -0.0164785 0.00265489
internal_weight=2779.8 21.2104 13.5885 2758.59 2727.34 86.8234 74.3087 30.655 43.6538 12.5147 2640.51 1102.62 691.493 1537.9 1305.17 232.725 411.122 31.2529 18.3399 12.9129
internal_count=8577 84 47 8493 8385 251 205 94 111 46 8134 3476 2210 4658 3929 729 1266 108 67 41
is_linear=0
shrinkage=0.03


Tree=227
num_leaves=31
num_cat=0
split_feature=50 73 103 19 73 90 48 51 47 25 103 104 9 89 90 91 105 13 51 91 73 99 97 87 34 9 89 72 50 79
split_gain=6.33503 5.12571 4.88273 5.23551 7.04658 8.037 6.68504 6.00744 6.07314 5.42203 4.94103 4.90332 6.02282 4.7318 9.33006 8.05437 7.14844 6.12411 4.86462 4.58929 4.72294 4.50982 4.41096 4.22584 4.13746 3.97367 3.77608 3.50205 3.28479 4.2744
threshold=0.14400921658986179 50.500000000000007 1.8944444444444446 0.51666666666666672 10.500000000000002 0.24816166531495001 -38.86888741232962 0.52086956521739147 1473.9624029694844 1.5000000000000002 1.8660714285714288 1.9545454545454548 0.19090909090909094 0.2627834325891128 0.33078385492834167 2.703273707507607 1.5227272727272729 0.19090909090909094 0.06458333333333334 2.7197202048551841 44.500000000000007 0.41421568627450983 0.95833333333333337 1.2916666666666667 0.27678571428571436 0.12916666666666668 0.30778410134018735 63.500000000000007 0.042572463768115944 0.32644217107132717
decision_type=2 2 2 2 2 2 2 2 2 2 2 2 2 2 2 2 2 2 2 2 2 2 2 2 2 2 2 2 2 2
left_child=1 21 3 4 5 22 -7 9 -9 -6 11 23 -13 15 17 16 18 26 -4 -17 -21 -1 -2 -5 -3 -19 -15 -26 29 -23
right_child=2 24 13 10 7 6 -8 8 -10 -11 -12 12 -14 14 -16 19 -18 25 -20 20 -22 28 -24 -25 27 -27 -28 -29 -30 -31
leaf_value=0.016624818797193772 0.0038068396604130101 0.024799263776248689 0.018236115587611321 -0.0027395925529724954 -0.0027002720061035795 0.0084049190843827129 -0.0058922888470866724 0.0026077272237038261 0.012574788008470937 0.0049558553203279199 -0.025518946672875562 0.0053380847022023005 -0.014771607555163956 0.00086451680420068062 0.037412142710871732 0.019900454372157882 -0.023358922354082538 -0.0040236668069600036 -0.007176787516843636 0.0034979911614661857 -0.0036587614941547011 -0.0047956533647618748 0.028274328424839582 0.0025037674528049741 0.012839023398747068 0.011961378072814331 -0.02133068410347632 -0.011062213578994208 -0.0094589473986889643 0.027511285672051539
leaf_weight=6.9598066434264174 18.962531372904781 7.9989411085844067 8.5169830918312055 524.73359232395887 199.3660781532526 33.421888470649719 246.65590643137693 130.77687568217516 94.979716330766678 142.93747322261333 8.1961230635642988 17.988167986273766 52.595525719225407 78.403770789504051 8.2879971563816053 12.863100588321684 21.272801041603088 16.439108714461327 33.226838827133179 334.81812032312155 110.33827850222588 13.843686342239382 10.197305992245672 187.86301301419735 9.9990203231573123 94.179511860013008 7.564247101545333 12.309290684759615 153.50397659093142 5.0231071040034285
leaf_count=32 56 30 21 1687 592 95 907 448 281 410 22 62 243 206 22 35 61 42 101 962 297 67 32 660 31 260 21 47 820 27
internal_value=-0.000121876 -0.00512265 0.000315925 -0.000577573 0.00101843 -0.00262565 -0.00418619 0.00300217 0.00680104 0.000496737 -0.00234685 -0.00210435 -0.00964668 0.00236984 0.00623246 0.000851027 -0.00920479 0.00491794 -0.0019918 0.00223456 0.00172409 -0.0070511 0.0123632 -0.00135728 0.00628818 0.00958583 -0.00108842 -0.000349213 -0.00800706 0.00380577
internal_weight=2604.22 209.638 2394.58 1668.67 877.298 309.238 280.078 568.06 225.757 342.304 791.376 783.18 70.5837 725.911 204.875 521.036 63.0166 196.587 41.7438 458.019 445.156 179.331 29.1598 712.597 30.3073 110.619 85.968 22.3083 172.371 18.8668
internal_count=8577 1054 7523 5495 2821 1090 1002 1731 729 1002 2674 2652 305 2028 551 1477 183 529 122 1294 1259 946 88 2347 108 302 227 78 914 94
is_linear=0
shrinkage=0.03


Tree=228
num_leaves=29
num_cat=0
split_feature=78 79 89 90 104 35 65 91 91 72 89 93 89 95 6 68 67 35 21 89 80 78 14 109 107 107 101 48
split_gain=5.94277 3.58158 3.74342 4.63482 6.6131 4.78758 4.59306 3.61125 4.30777 3.38084 3.30287 3.95197 3.4298 4.83503 3.91271 3.82846 3.17636 6.1578 4.0027 3.14718 3.13329 3.02969 4.88844 3.4134 1.51685 2.90129 0.304932 0.00430403
threshold=-0.042572463768115958 -0.42614125753660631 0.20695704779189356 0.33312629399585925 1.788888888888889 1.6464285714285716 -0.56337868480725617 3.1963330251841895 3.147752705925519 5.5000000000000009 0.16603045093611132 3.1464285714285718 0.17303635183382021 2.5505050505050506 2.2583333333333337 -0.51708511396011392 -0.89385846051442963 -0.96071428571428552 0.76388888888888895 0.16929280397022337 -0.45012019230769224 0.25198412698412703 -0.39230769230769219 -0.59861111111111098 0.56696428571428581 0.54195804195804198 0.75735294117647067 -29.975737702395232
decision_type=2 2 2 2 2 2 2 2 2 2 2 2 2 2 2 2 2 2 2 2 2 2 2 2 2 2 2 2
left_child=10 16 3 7 5 -5 9 8 -3 26 -1 12 13 19 15 -14 17 -2 24 -12 -9 22 -8 -23 25 -18 -4 -26
right_child=1 2 6 4 -6 -7 21 20 -10 -11 11 -13 14 -15 -16 -17 18 -19 -20 -21 -22 23 -24 -25 27 -27 -28 -29
leaf_value=-0.013359608504213373 0.027112818449499854 -0.0038620127230926571 -0.019439488840963335 0.0022387287625699149 0.034952928717101872 0.025871323491943432 0.022107556608702263 -0.024005210859746218 0.023053275666110172 0.00065644256096704791 -0.0056940980746656312 0.021142492981721724 0.013822976571881482 0.036683429506595575 -0.016004505543466281 0.0010330154525841078 -0.014947378673886638 -0.011762649794496125 0.014123058230839052 0.020927599892145453 0.00061891375330979986 -0.0031211297776582336 -0.0032832384359313153 0.0020808417167055464 -0.02303640786187627 0.0038145197982483487 -0.028059515210248256 -0.024248409679713631
leaf_weight=13.731011733412741 6.2657480835914603 19.694839492440227 7.7177479267120379 56.498674511909485 7.6448898464441291 8.9350945204496366 6.909176141023635 11.004319027066233 7.3486512005329123 7.9844670146703711 10.169151663780218 9.0904095172882062 21.426428899168968 5.7346091121435157 11.940141782164572 1243.071764215827 35.044727951288223 8.8416784256696683 5.204167202115058 6.5843638181686392 8.0550261437892896 175.53296639770269 555.69697949290276 321.37233812361956 5.409591019153595 9.4096203520894033 7.0831449925899506 5.1450632065534574
leaf_count=37 24 62 22 183 28 32 24 37 27 27 29 36 70 22 34 3790 202 44 25 22 25 733 1790 1119 28 64 20 21
internal_value=-0.000132809 -0.00159251 -0.00119468 0.00385154 0.0085505 0.0054658 -0.00175036 -0.00359689 0.0034518 -0.0150771 0.00127725 0.0014309 0.00129295 0.0129071 0.00108834 0.00124974 -0.00793849 0.0043608 -0.0110244 0.0047686 -0.0135983 -0.00146377 -0.00297142 0.000243233 -0.0134035 -0.0109761 -0.0235647 -0.0236272
internal_weight=2598.55 1276.8 1201.48 119.181 73.0787 65.4338 1082.3 46.1028 27.0435 22.7854 1321.75 1308.02 1298.93 22.4881 1276.44 1264.5 75.3206 15.1074 60.2132 16.7535 19.0593 1059.51 562.606 496.905 55.009 44.4543 14.8009 10.5547
internal_count=8577 4537 4129 394 243 215 3735 151 89 69 4040 4003 3967 73 3894 3860 408 68 340 51 62 3666 1814 1852 315 266 42 49
is_linear=0
shrinkage=0.03


Tree=229
num_leaves=20
num_cat=0
split_feature=50 2 18 111 5 111 50 54 15 95 97 104 41 36 78 34 109 72 52
split_gain=2.65223 3.93894 3.0169 4.46228 3.04106 5.26801 2.86291 4.68925 3.98809 4.69438 5.98303 4.23708 3.69258 3.65893 3.4036 2.9828 1.83255 0.920887 0.00488069
threshold=0.042572463768115944 0.22222222222222218 0.57738095238095244 -0.21999999999999989 0.25595238095238099 0.024999999999999942 0.088932806324110686 1.251760563380282 0.32051282051282054 2.6306818181818188 2.3875000000000006 1.3166666666666669 1.5000000000000002 1.5000000000000002 -0.61381475667189944 -0.93749999999999989 0.84807692307692328 34.500000000000007 0.71902412280701766
decision_type=2 2 2 2 2 2 2 2 2 2 2 2 2 2 2 2 2 2 2
left_child=1 -1 6 -4 5 -5 8 12 9 11 -11 -2 13 -8 -9 -16 18 -6 -3
right_child=2 16 3 4 17 -7 7 14 -10 10 -12 -13 -14 -15 15 -17 -18 -19 -20
leaf_value=0.0054517278976502943 0.0038280075724926024 -0.026190826514276393 0.0095424424999072475 -0.019977517885477438 -0.028749862656695914 0.015113718672748942 -4.5817797137661332e-05 -0.024290445323876076 0.024469610837636848 0.024025276197848298 -0.0019356727275643977 -0.012752254601810847 0.016492239161035399 0.0034714287663310411 0.012766147844381317 -0.0074514523227384244 -0.0036550092681900863 -0.012956428955815547 -0.024916437431161197
leaf_weight=9.9596499204635638 47.174644961953163 5.5673768222331983 10.0160895884037 8.6256153732538241 9.6729362607002241 6.954696297645568 2221.606646977365 9.4007966592907888 8.8973027318716031 18.545804917812347 14.036473028361796 19.649473689496517 12.859709739685057 302.425408244133 7.5416109859943381 50.852018170058727 5.0280660539865485 5.0613496601581565 5.2601635232567787
leaf_count=31 165 27 30 29 36 20 6660 58 27 62 68 99 35 926 27 207 24 18 28
internal_value=0.000237128 -0.00933398 0.000326867 -0.00781791 -0.0135539 -0.00431359 0.000447946 0.000249224 0.00522717 0.00350488 0.0128413 -0.00104738 0.000457309 0.000375613 -0.0075374 -0.00484032 -0.0186216 -0.0233247 -0.0255717
internal_weight=2779.14 25.8153 2753.32 40.3307 30.3146 15.5803 2712.99 2604.69 108.304 99.4064 32.5823 66.8241 2536.89 2524.03 67.7944 58.3936 15.8556 14.7343 10.8275
internal_count=8577 110 8467 133 103 49 8334 7913 421 394 130 264 7621 7586 292 234 79 54 55
is_linear=0
shrinkage=0.03


Tree=230
num_leaves=31
num_cat=0
split_feature=109 45 42 51 70 26 90 73 53 90 78 110 23 15 78 110 35 52 80 51 89 112 89 78 93 48 38 88 90 48
split_gain=6.10903 6.74587 7.3612 4.92673 4.81957 5.16293 4.7152 6.18192 4.79522 4.64089 5.61854 4.55106 4.44486 4.22751 5.07232 4.96863 5.37769 5.11842 4.94302 4.99452 4.77775 4.1662 8.4048 4.19784 3.90631 6.03524 3.65584 7.99853 4.4608 3.4082
threshold=0.50000000000000011 1.5000000000000002 1.0000000180025095e-35 0.89897959183673481 84.500000000000014 -0.49999999999999994 0.32899727850867921 3.5000000000000004 0.38858363858363865 0.3409898875698763 0.27525252525252536 -0.14999999999999994 -0.34935897435897428 0.29285714285714287 -0.39009661835748782 -0.63007518796992468 1.6726190476190481 0.52928921568627463 0.75809822361546508 0.76095238095238105 0.26915909620312145 0.37241581415174757 0.23259848317502396 -0.23809523809523803 1.3245614035087721 32.308982489464718 1.0000000180025095e-35 0.44653125627780516 0.31625919300337907 28.850425059307558
decision_type=2 2 2 2 2 2 2 2 2 2 2 2 2 2 2 2 2 2 2 2 2 2 2 2 2 2 2 2 2 2
left_child=3 9 -3 13 5 11 8 -8 -7 10 26 -5 29 14 24 16 17 -15 19 -16 -20 23 -23 -17 25 -1 28 -28 -2 -11
right_child=1 2 -4 4 -6 6 7 -9 -10 12 -12 -13 -14 15 18 21 -18 -19 20 -21 -22 22 -24 -25 -26 -27 27 -29 -30 -31
leaf_value=-0.020005463682836469 -0.010277275570088435 0.00052332797614321744 0.043323675027514996 -0.003451442018414528 0.021251832819214604 -0.0071985410211885094 0.016470457629829512 -0.021474449367213107 -0.02402511339683765 -0.015558807801528249 0.019607065682621681 0.032323088002019044 -0.023483746293768933 0.0099326367941772915 -0.0017653055812145843 0.0089028337885462255 -0.016527471308143631 0.039472595865025377 0.0044574063037501645 0.021679301066990578 0.03032395355155933 0.016414873175622912 -0.012105175544526498 0.0012610935597114096 -0.01618019301343579 0.014754810495110102 -0.0060991905588065505 0.011823350708372517 -0.00085989542069887738 0.016984744503077114
leaf_weight=7.4987955838441875 118.88415829092264 10.582355685532095 5.4942524954676619 7.2797034829854965 6.1773560047149649 98.226984620094299 14.184302523732187 5.3110823482275 18.042383000254631 6.2473922073841077 9.1298572272062284 5.7113191187381727 21.498439759016037 46.933654442429543 458.31525734066963 67.943355321884155 6.0842071101069441 5.948127068579196 32.370572574436665 8.3266357183456403 8.018724858760832 11.569036975502966 47.410043299198151 1354.0520500987768 34.57969032227993 11.224124059081076 61.187005817890167 35.3626699000597 73.105190671980381 5.3994076177477837
leaf_count=25 620 42 19 31 23 374 54 21 66 24 30 18 114 158 1441 224 23 24 145 29 32 39 171 3748 175 47 316 153 364 27
internal_value=-0.000120634 -0.00382695 0.0151505 0.000449463 -0.00471319 -0.00579144 -0.0075203 0.00613321 -0.00980965 -0.0047492 -0.0035635 0.0122763 -0.0153976 0.000830302 -0.00140098 0.00164219 0.0101822 0.0132553 -0.000475518 -0.00134697 0.00959284 0.00130216 -0.00651083 0.00162622 -0.0102042 0.000832826 -0.00429666 0.000465191 -0.00669135 -0.000471753
internal_weight=2602.1 346.891 16.0766 2255.21 154.933 148.756 135.765 19.4954 116.269 330.814 297.669 12.991 33.1452 2100.27 560.334 1539.94 58.966 52.8818 507.031 466.642 40.3893 1480.97 58.9791 1422 53.3026 18.7229 288.539 96.5497 191.989 11.6468
internal_count=8577 1709 61 6868 587 564 515 75 440 1648 1483 49 165 6281 1894 4387 205 182 1647 1470 177 4182 210 3972 247 72 1453 469 984 51
is_linear=0
shrinkage=0.03


Tree=231
num_leaves=31
num_cat=0
split_feature=48 44 93 1 68 111 3 8 96 7 70 48 111 94 20 90 77 37 34 67 53 105 79 111 76 79 111 2 112 51
split_gain=5.69262 3.66712 5.42156 4.34607 4.01503 6.58819 7.67996 5.09734 4.55468 6.26725 4.23471 3.39086 5.74005 4.18281 4.96416 4.95245 3.84654 3.1791 5.004 7.17835 5.79277 4.34791 4.18318 5.0834 4.00435 6.7882 3.74447 3.43993 3.08502 3.0209
threshold=-28.661921005916835 1.0000000180025095e-35 3.1339285714285716 2.1909090909090914 -0.39993796526054587 0.010000000000000011 0.87083333333333346 -0.33333333333333309 1.6125000000000003 2.0333333333333337 95.500000000000014 -20.895148009496094 0.12018518518518526 1.2696969696969698 -0.035714285714285691 0.33031118690734257 0.29080338266384781 -2.4999999999999996 -0.32738095238095227 -0.014658835227572274 0.41886116886116892 1.2111111111111115 -0.38688172043010749 -1.9999999999999996 0.18257575757575759 -0.35739694095858471 0.18842455621301785 0.30839160839160845 -1.9311742088139601 0.12372448979591838
decision_type=2 2 2 2 2 2 2 2 2 2 2 2 2 2 2 2 2 2 2 2 2 2 2 2 2 2 2 2 2 2
left_child=17 3 4 11 5 6 -3 -7 10 -10 -6 12 16 14 -13 -15 -2 -1 19 24 21 -21 23 -20 -19 -26 27 -24 -5 -28
right_child=1 2 -4 28 8 7 -8 -9 9 -11 -12 13 -14 15 -16 -17 -18 18 22 20 -22 -23 26 -25 25 -27 29 -29 -30 -31
leaf_value=-0.01479270982711621 -0.011262063569845783 0.0020100946120908806 0.025731190412637543 0.0019705686933408142 0.0016186660061968815 0.021123661565272341 0.034250701100518019 -0.009660076715670169 -0.0087031302860797813 0.014836981192550074 0.014036361655355392 0.0062601576544209269 0.031603781035677361 -0.0047193848189115697 -0.001436390619454831 0.0025518463430721466 0.0099693030976537519 -0.016438970222659808 0.011395421390112192 0.02545669955978138 0.042099599112067447 -0.011047709095127553 -0.0007350417217352141 -0.013130699652923234 0.032910315796772643 -0.00069893128478252587 0.0049108167126541832 -0.0095663243715308141 -0.019518122461326486 -0.014830020577402221
leaf_weight=17.852850392460823 11.62788739800453 11.816654205322267 8.5779746770858747 8.9345775395631808 849.30381871759892 6.6387910544872311 15.20706371963024 17.877799198031425 71.578221514821053 11.866426616907118 25.457212626934052 132.22398465871811 7.5850884616374961 307.42966446280479 175.56579320132732 116.15610229969025 22.619526892900467 10.837765902280806 8.7496906667947751 6.198099762201311 7.3517643660306922 5.5803695768117905 531.51857846975327 58.171001709997654 6.2458411902189246 40.344526514410973 8.8363786637783033 42.899735108017921 18.387159869074821 33.149507731199265
leaf_count=60 36 40 35 32 2612 23 55 53 208 40 86 409 27 923 524 354 76 44 44 23 30 18 1960 353 32 143 36 136 55 110
internal_value=-0.000131155 0.000787374 0.00198172 -0.000731911 0.00177997 0.00993669 0.0201529 -0.00132422 0.00134123 -0.00535556 0.00198004 -0.000316396 0.00799054 -0.000791528 0.00186998 -0.00272546 0.0027607 -0.00227928 -0.00198528 0.00528789 0.0212041 0.00816175 -0.00280015 -0.00992398 -1.40551e-05 0.00380668 -0.00202675 -0.0013946 -0.012491 -0.0106754
internal_weight=2596.59 1818.85 1018.32 800.53 1009.75 51.5403 27.0237 24.5166 958.206 83.4446 874.761 773.208 41.8325 731.376 307.79 423.586 34.2474 777.736 759.883 76.5584 19.1302 11.7785 683.325 66.9207 57.4281 46.5904 616.404 574.418 27.3217 41.9859
internal_count=8577 5588 3152 2436 3117 171 95 76 2946 248 2698 2349 139 2210 933 1277 112 2989 2929 290 71 41 2639 397 219 175 2242 2096 87 146
is_linear=0
shrinkage=0.03


Tree=232
num_leaves=20
num_cat=0
split_feature=46 46 85 46 73 98 43 46 88 103 50 36 66 67 3 96 13 33 69
split_gain=2.64763 6.67246 5.40691 4.44921 4.36904 4.28827 3.90118 2.99011 7.61016 4.1453 3.66992 3.08511 2.76641 2.46955 2.17735 1.52696 1.37053 1.18829 0.0236613
threshold=1682.5048272473898 1662.3250862993925 0.45000000000000007 1636.8260527210291 20.500000000000004 3.4472222222222229 1.0000000180025095e-35 1611.9034782863262 0.4075928478923842 1.6833333333333336 0.048809523809523817 1.5000000000000002 -0.70043627855855406 -0.10029704710048225 2.5166666666666671 0.6515151515151516 0.21825396825396828 0.36190476190476195 0.041063620053889534
decision_type=2 2 2 2 2 2 2 2 2 2 2 2 2 2 2 2 2 2 2
left_child=1 3 14 7 -3 13 12 10 -9 -10 16 -12 -5 -6 18 -14 -1 -8 -2
right_child=2 4 -4 6 5 -7 17 8 9 -11 11 -13 15 -15 -16 -17 -18 -19 -20
leaf_value=-0.0055491388122631043 -0.02372413305390824 -0.0062431644638297071 0.015644472784210099 0.0030538984203262263 0.038530664449625322 0.0031141464123521818 0.015343247202875717 0.028736303920892995 -0.0053465784746085853 0.011267374095437484 -0.00017518428801781245 0.0029624461357787195 -0.0078750778708457456 0.015838550468904616 -0.0042583116850228621 -0.026092297581906433 -0.026383356088299677 -0.0048743144292068231 -0.026406733345858562
leaf_weight=5.2554671317338926 6.9337760061025673 7.9313670322298995 5.9535731524229041 5.2907169610261908 9.307955205440523 9.713308818638323 5.2679304108023626 11.533114999532698 30.862064473330975 24.048101618885994 2281.6515679657459 321.81992889940739 5.6584138721227708 8.048557713627817 7.4567690864205352 15.44167487323284 6.1871179640293121 5.1981750726699829 5.1623092889785767
leaf_count=21 47 41 19 26 22 37 18 33 123 75 6865 1015 20 28 39 74 29 22 23
internal_value=0.000234005 0.000323137 -0.00938706 0.000155548 0.0133381 0.0190754 -0.0101968 0.000297848 0.00658263 0.00192956 0.000138155 0.000212664 -0.0163433 0.0280079 -0.0170088 -0.021207 -0.0168144 0.00530184 -0.024869
internal_weight=2778.72 2753.22 25.5064 2718.21 35.0012 27.0698 36.8569 2681.36 66.4433 54.9102 2614.91 2603.47 26.3908 17.3565 19.5529 21.1001 11.4426 10.4661 12.0961
internal_count=8577 8449 128 8321 128 87 160 8161 231 198 7930 7880 120 50 109 94 50 40 70
is_linear=0
shrinkage=0.03


Tree=233
num_leaves=31
num_cat=0
split_feature=110 49 21 99 21 70 73 44 75 14 89 72 51 71 6 94 13 66 35 78 14 95 4 76 92 92 98 94 96 108
split_gain=5.86602 5.38343 5.0662 5.44001 5.3883 4.93632 5.84476 4.72792 6.1672 5.77345 5.45082 12.0128 8.11514 5.36243 5.35299 8.15155 5.29506 5.27164 5.45889 7.66514 6.44991 5.1473 4.55056 4.50513 4.07761 5.08141 4.01669 3.88896 4.382 3.84756
threshold=0.099999999999999936 0.41556964564707261 0.51666666666666672 0.45227272727272733 0.37980769230769235 10.500000000000002 25.500000000000004 1.0000000180025095e-35 -3.4999999999999996 0.2022727272727273 0.2301765546854517 17.500000000000004 0.16496598639455784 11.500000000000002 1.8397435897435901 1.6961538461538463 0.26969696969696971 -0.37061480336958524 -0.67857142857142838 0.70185185185185206 0.11590909090909093 1.0454545454545456 2.4833333333333338 0.28024390243902447 6.959873120617643 6.5475022567614491 3.3416666666666672 2.1519230769230773 1.6306818181818186 0.44722222222222224
decision_type=2 2 2 2 2 2 2 2 2 2 2 2 2 2 2 2 2 2 2 2 2 2 2 2 2 2 2 2 2 2
left_child=1 5 4 29 27 -1 -7 10 -9 14 11 12 22 -14 15 -10 -16 -12 20 -20 -19 -11 -2 -23 25 -8 -6 28 -3 -4
right_child=7 2 3 -5 26 6 24 8 9 21 17 -13 13 -15 16 -17 -18 18 19 -21 -22 23 -24 -25 -26 -27 -28 -29 -30 -31
leaf_value=0.019355530826406515 0.02598548218144817 -0.002051749642562278 0.0018248168793780115 -0.0017412059354268319 -0.0077807316120500408 -0.012348061202564159 0.0029656678554719116 -0.014655609835954753 -0.00026778713775446627 0.0096418386238236575 0.028622844921459559 -0.020497947250738439 0.0030193809453011558 -0.010440305252456619 -0.013080771347976278 0.0090525010584269362 0.0046181730974232723 -0.0040186077532132353 0.0076644747466804095 -0.007050558394875798 0.0078776681238775272 -0.030493697864580935 -0.0019885294807009319 -0.0081219996695411148 -0.013831594163996439 0.019964958883070177 0.015934157666187665 -0.020705731923935607 0.0056594473395847984 0.026957086983344196
leaf_weight=16.909493252635002 16.942294195294384 824.11029535531998 8.7142426222562808 29.299067243933678 198.88132590055466 20.899022653698921 61.967862501740456 27.169521562755108 331.69229059666395 9.6396296471357328 7.9539482295513144 26.105682343244553 77.176767647266388 40.683044016361237 44.078511983156204 113.30385876446962 23.231051921844482 125.65447342395782 320.33514368534088 35.378172412514687 60.896817833185196 11.604102045297621 7.5728637725114814 26.837512016296387 9.1120810657739622 21.253668636083603 6.6425799876451483 9.5212984234094602 72.128985293209553 14.781972557306288
leaf_count=47 47 3359 27 89 670 57 161 82 989 26 22 79 225 109 123 320 67 351 892 95 167 30 21 78 26 57 25 35 261 40
internal_value=-0.000119085 -0.00155054 -0.00219748 0.00688253 -0.00262885 0.00423614 0.0019783 0.00129918 -0.000696961 -2.01968e-05 0.00293108 -0.00179033 0.00163988 -0.00162666 0.000912667 0.00210532 -0.0069722 0.0043768 0.00402116 0.00620096 -0.00013525 -0.00995986 0.0173442 -0.0148752 0.00522096 0.00730706 -0.00701426 -0.00163377 -0.00143116 0.0176361
internal_weight=2600.48 1294.22 1164.08 52.7953 1111.28 130.142 113.233 1306.26 587.556 560.387 718.699 168.481 142.375 117.86 512.306 444.996 67.3096 550.219 542.265 355.713 186.551 48.0812 24.5152 38.4416 92.3336 83.2215 205.524 905.761 896.239 23.4962
internal_count=8577 4854 4506 156 4350 348 301 3723 1715 1633 2008 481 402 334 1499 1309 190 1527 1505 987 518 134 68 108 244 218 695 3655 3620 67
is_linear=0
shrinkage=0.03


Tree=234
num_leaves=28
num_cat=0
split_feature=80 26 72 93 73 75 55 70 22 85 9 91 18 103 95 66 91 66 4 110 70 66 6 89 76 8 80
split_gain=5.48031 3.73905 3.27691 2.90644 2.81405 6.28856 5.47123 4.48487 5.56878 4.08237 3.85355 2.6252 3.70983 4.98473 3.65221 3.6496 3.24097 2.94076 2.43357 3.88866 5.41983 2.9478 2.6075 2.59845 2.06525 0.893013 0.145366
threshold=-0.52190945125727717 -2.4999999999999996 90.500000000000014 3.0916666666666672 18.500000000000004 -3.4999999999999996 1.1441558441558444 52.500000000000007 0.12916666666666668 0.70833333333333337 0.32051282051282054 3.2006928710996037 0.48333333333333339 3.3166666666666669 0.9545454545454547 0.035338726238457914 2.472247068177301 0.037705410080837172 1.851648351648352 0.098295454545454478 21.500000000000004 0.57353724981234488 1.9309523809523812 0.22870308808759252 0.87026647966339421 0.99184149184149206 -1.2212883589220007
decision_type=2 2 2 2 2 2 2 2 2 2 2 2 2 2 2 2 2 2 2 2 2 2 2 2 2 2 2
left_child=1 25 3 4 5 10 -7 9 -9 -6 -2 12 13 15 16 -3 -14 -16 22 20 -20 -21 -13 -24 -5 26 -1
right_child=2 11 -4 24 7 6 -8 8 -10 -11 -12 18 14 -15 17 -17 -18 -19 19 21 -22 -23 23 -25 -26 -27 -28
leaf_value=-0.018412288415484503 0.02669336428396955 -0.0043307283488400175 0.021884420199729106 0.023252159115496107 -0.0035960500716116679 0.00080615174456215939 0.023517575691434547 -0.007582495645100505 0.0029192443621162624 0.0052633176961468017 0.0071608909449282559 -0.026015237870374984 0.013146445971060714 0.023826472868234975 -0.0070766939840580679 0.0032380034506606899 -0.011448466393921847 0.00096655275374240722 -0.0042330957157406838 -0.012037250655110293 0.0331558835724459 0.0073765039386113618 -0.014957245580511319 0.0065219339329303638 -0.00087507587326750823 -0.007015457166479477 -0.025465645009410166
leaf_weight=5.1156010925769797 12.23891545832157 91.6473174020648 6.5131414681673041 8.641286373138426 445.23566019535065 996.37086337804794 9.6387237012386304 52.095131427049637 355.96576631069183 52.311094969511032 35.337984398007393 10.226936399936674 5.1979634016752234 8.4604756906628591 61.182371899485588 153.16109778732061 66.667000196874142 123.47547923028469 9.1383896991610509 32.742745727300644 5.6446154713630667 8.9669075384736043 15.173538640141489 7.6118868291378012 5.0643010437488547 5.3818930536508551 5.4117091745138159
leaf_count=29 43 364 26 36 1362 3049 32 149 1096 167 114 33 21 38 234 628 270 498 36 140 24 43 50 30 16 30 19
internal_value=-0.000128528 -0.00260165 0.000640123 0.000569989 0.000473682 0.00152779 0.00102375 -0.000752666 0.00157854 -0.00266459 0.0121855 -0.00222059 -0.00138861 0.00118696 -0.00393152 0.000404547 -0.00966953 -0.0016984 -0.00695923 -0.00317775 0.0100432 -0.0078636 -0.0134303 -0.00778173 0.014337 -0.0169562 -0.0220382
internal_weight=2594.62 615.206 1979.41 1972.9 1959.19 1053.59 1006.01 905.608 408.061 497.547 47.5769 599.297 509.792 253.269 256.523 244.808 71.865 184.658 89.505 56.4927 14.783 41.7097 33.0124 22.7854 13.7056 15.9092 10.5273
internal_count=8577 2487 6090 6064 6012 3238 3081 2774 1245 1529 157 2409 2053 1030 1023 992 291 732 356 243 60 183 113 80 52 78 48
is_linear=0
shrinkage=0.03


Tree=235
num_leaves=17
num_cat=0
split_feature=108 86 103 49 102 104 89 19 20 79 50 15 94 5 106 105
split_gain=2.68789 2.65746 6.55697 5.50594 4.80794 3.24623 2.60134 2.68936 5.21514 3.97616 3.56052 4.39841 3.38659 2.34509 1.08963 0.0105934
threshold=0.6515151515151516 5.1250000000000009 1.6306818181818186 0.46852907849007597 0.97500000000000009 1.8944444444444446 0.40212765957446811 0.64583333333333337 -0.20512820512820507 -0.42614125753660631 0.90550595238095244 0.65476190476190488 2.6464285714285718 0.31269841269841275 3.5477272727272733 1.0954545454545457
decision_type=2 2 2 2 2 2 2 2 2 2 2 2 2 2 2 2
left_child=1 6 3 -3 -4 13 7 8 9 -1 11 -9 -10 -5 15 -6
right_child=-2 2 4 5 14 -7 -8 10 12 -11 -12 -13 -14 -15 -16 -17
leaf_value=0.0022433503541354834 -0.016099755355860407 0.023636426225124678 0.0095238217897291155 0.00038700038203484395 -0.027056071943701854 0.013493385474539184 -0.018047606692147552 0.0074429826635978788 0.00052507476426011856 -0.021359569675938047 0.021475665417274425 -0.0086301395845755011 -0.01103444407022061 -0.027103103250320889 -0.010462077760679148 -0.025499193857844479
leaf_weight=10.158943802118303 9.0419902652502042 8.9221735596656817 5.2226660251617458 5.0805204808712023 6.027832165360457 5.4372662454843512 6.8517858386039725 59.76270766556263 2566.7482888251543 17.469742894172668 11.061892941594122 20.606015220284462 23.014540866017342 6.2024943232536316 5.2681913077831259 11.32035309076309
leaf_count=32 35 22 17 16 24 20 23 187 7859 66 29 68 78 28 24 49
internal_value=0.000230266 0.000283588 -0.00633885 0.00460622 -0.0164203 -0.00554856 0.000414007 0.000460705 0.000284033 -0.0126809 0.0055183 0.00332194 0.000422348 -0.0147248 -0.0224114 -0.0260401
internal_weight=2778.2 2769.16 53.4815 25.6425 27.839 16.7203 2715.67 2708.82 2617.39 27.6287 91.4306 80.3687 2589.76 11.283 22.6164 17.3482
internal_count=8577 8542 200 86 114 64 8342 8319 8035 98 284 255 7937 44 97 73
is_linear=0
shrinkage=0.03


Tree=236
num_leaves=31
num_cat=0
split_feature=36 51 46 77 1 35 96 7 47 48 7 88 51 93 50 106 69 14 46 64 66 14 105 6 50 5 102 67 70 25
split_gain=5.75008 7.33363 4.78704 4.79954 5.86077 4.48126 5.04901 6.93571 4.42938 4.36189 4.3605 5.17832 4.27044 6.36772 3.84933 5.00922 6.43963 4.22521 3.92579 4.02362 3.78573 3.53599 3.34296 3.15732 3.03041 3.01479 3.35516 2.93042 2.64265 2.93478
threshold=1.5000000000000002 0.90238095238095251 1420.0323291263483 0.13921188630490958 1.2928571428571431 -1.1232142857142855 1.9545454545454548 2.2792207792207795 1459.0223432577839 -198.85459937119251 1.8257575757575759 0.44598233290762029 0.95553359683794481 1.1213235294117649 0.13188405797101452 3.1291666666666669 0.17939133520246789 0.14112554112554115 1621.2287299516254 0.28288212929424056 0.68348235453498629 0.25677655677655681 0.6515151515151516 1.8619047619047622 0.044466403162055343 1.2047619047619051 1.8973684210526318 0.017011980267794161 86.500000000000014 0.83333333333333337
decision_type=2 2 2 2 2 2 2 2 2 2 2 2 2 2 2 2 2 2 2 2 2 2 2 2 2 2 2 2 2 2
left_child=1 9 -2 25 10 12 28 23 -6 20 24 -12 27 -14 15 17 -17 -11 21 -20 -1 -16 -10 -8 -5 26 -4 -3 29 -7
right_child=2 5 3 4 8 6 7 -9 22 14 11 -13 13 -15 18 16 -18 -19 19 -21 -22 -23 -24 -25 -26 -27 -28 -29 -30 -31
leaf_value=0.01246121944601941 0.022679128922255286 0.010669597520877335 0.038771959927234381 0.0082429153028143187 0.023807182415321555 -0.014446905231269392 0.030687087622424392 -0.021003249324238703 0.01897721189503301 -0.012569642634908345 0.0072824225527241999 -0.017001462248956673 0.032413084639399209 -0.0017343839300454427 0.0013096114714131373 -0.018466201390692088 0.018980992368314371 0.0070711700339937348 0.034745137523209679 -0.0011336877926972665 -0.010950580608183325 -0.0029152266889835303 -0.003427032703605809 0.0017895247090312337 -0.01546688369106807 -0.0035987182855257804 0.0050592224838865571 -0.015601287107049647 0.0097901562940712668 -0.0031471769575221642
leaf_weight=46.717254936695099 6.0622161626815787 5.6247267127037075 5.0484632179141062 5.1677314117550841 5.8421273678541175 80.795157052576542 7.5443285852670687 6.0014457106590262 6.1928242295980445 57.440759941935539 22.214052729308605 12.267401807010172 8.6897111535072344 11.313908226788042 1732.1456351876259 5.8704329729080227 13.964533030986784 11.899779409170149 6.236545726656912 5.1246224790811539 7.1702345311641684 198.75061605870724 186.65417600423098 6.1986804306507111 79.316526733338833 7.7090264186263076 5.6083534955978394 11.919340096414087 5.484385445713996 27.805321797728539
leaf_count=133 16 17 19 37 22 357 25 22 24 293 106 68 30 56 5266 35 45 49 19 23 19 599 635 20 366 48 33 50 24 121
internal_value=-0.000117841 0.000431576 -0.00374231 -0.00421899 -0.0050811 -0.00553403 -0.0081036 0.00590324 -0.00192795 0.000921845 -0.0103473 -0.00135701 0.00362457 0.0130995 0.000698377 -0.00539619 0.00789798 -0.00919901 0.000978199 0.0185615 0.00934606 0.000874741 -0.00270757 0.0176531 -0.0140166 0.0106921 0.02103 -0.00717869 -0.0105277 -0.0115538
internal_weight=2598.78 2256.7 342.083 336.021 317.655 171.377 133.829 19.7445 198.689 2085.32 118.966 34.4815 37.5477 20.0036 2031.43 89.1755 19.835 69.3405 1942.26 11.3612 53.8875 1930.9 192.847 13.743 84.4843 18.3658 10.6568 17.5441 114.085 108.6
internal_count=8577 7203 1374 1358 1258 722 569 67 681 6481 577 174 153 86 6329 422 80 342 5907 42 152 5865 659 45 403 100 52 67 502 478
is_linear=0
shrinkage=0.03


Tree=237
num_leaves=31
num_cat=0
split_feature=94 5 94 43 53 53 35 7 15 94 35 53 90 17 87 94 5 35 111 100 7 21 71 13 20 80 17 74 10 80
split_gain=5.28168 4.74885 4.34934 5.16978 4.14722 5.63934 4.4026 5.29709 4.58635 4.30589 6.45916 4.64743 4.09004 6.57636 7.6734 6.0428 4.18814 3.62691 5.46558 4.7186 3.59152 3.41637 3.54746 3.45278 3.36401 4.20938 3.33054 3.32724 2.949 2.25367
threshold=1.1937500000000003 -0.86282051282051253 1.151923076923077 1.0000000180025095e-35 0.51126331811263326 0.50510257211288156 0.35952380952380975 1.7416666666666669 0.27922077922077926 1.0690476190476192 1.0019841269841272 0.541917670682731 0.33312629399585925 0.36043956043956044 1.2250000000000003 1.7947368421052634 -0.72916666666666652 -0.14285714285714271 0.060000000000000074 0.59411764705882364 0.93095238095238109 0.30384615384615393 17.500000000000004 0.12916666666666668 -0.4416666666666666 -1.7847490347490345 0.30940170940170947 45.500000000000007 0.79285714285714304 -0.9165426587301585
decision_type=2 2 2 2 2 2 2 2 2 2 2 2 2 2 2 2 2 2 2 2 2 2 2 2 2 2 2 2 2 2
left_child=2 17 4 -4 5 6 8 -8 -1 21 11 -11 24 14 16 -16 -14 19 26 -2 -15 23 -23 -6 -3 -26 28 -27 -19 -28
right_child=1 12 3 -5 9 -7 7 -9 -10 10 -12 -13 13 20 15 -17 -18 18 -20 -21 -22 22 -24 -25 25 27 29 -29 -30 -31
leaf_value=0.0075730568351182904 -0.011170097293845981 0.017393326068700973 0.0016064701167362843 0.035995371145948481 -0.0097870444046966581 0.026395338497022896 -0.0031104657695957432 0.0081271293751510581 0.00056768519264269255 -0.0080258789352358473 -0.014722333286446929 0.013932285482797112 0.022796852371788062 0.0074416995525117867 0.017462970311730937 -0.0035287234088557822 -0.0024174424727815579 -0.00033942786612153224 0.02295545544071699 0.0090666858568795843 0.040595389669104094 0.0027043562982489652 -0.01548365422029041 0.00070024249452017222 -0.017637006257957812 -0.0012747918073131546 -0.0057954968032866766 0.015933623487255934 0.022775335821140746 -0.026426990223897429
leaf_weight=203.42714071273804 99.503482304513454 8.7067662179470044 8.6039769873023015 7.2493392825126639 35.824260413646698 9.072847902774809 176.91425108909607 47.992372453212738 143.40130870044231 10.822121068835257 12.015704303979872 43.721175789833069 6.1669291853904715 5.5645997673273069 41.458420649170876 17.573605477809906 153.57437826693058 22.225787743926052 7.8952624276280394 11.576290428638456 6.2366302162408829 13.263321518898008 35.440796926617622 133.71211794018745 14.068387560546396 1252.5245286673307 42.355672620236874 10.194481894373892 6.3973157331347457 5.3691356778144828
leaf_count=670 425 30 28 28 107 32 525 164 431 31 38 166 24 21 139 56 470 92 33 52 27 46 123 418 68 4038 214 33 31 17
internal_value=-0.000126521 -0.00109825 0.00176013 0.0173317 0.00147494 0.00292904 0.00255665 -0.000712498 0.00467658 -0.00149048 0.00518908 0.00957549 -0.000531021 0.00314819 0.00197147 0.0112138 -0.00144403 -0.005501 -0.000806783 -0.0090611 0.0249625 -0.00352761 -0.0105306 -0.0015158 -0.00119095 -0.00131768 -0.00326407 -0.00113586 0.00482676 -0.00811658
internal_weight=2592.85 1711.39 881.461 15.8533 865.607 580.808 571.735 224.907 346.828 284.799 66.559 54.5433 1516.07 230.575 218.773 59.032 159.741 195.323 84.2432 111.08 11.8012 218.24 48.7041 169.536 1285.49 1276.79 76.3479 1262.72 28.6231 47.7248
internal_count=8577 5770 2807 56 2751 1822 1790 689 1101 929 235 197 4906 737 689 195 494 864 387 477 48 694 169 525 4169 4139 354 4071 123 231
is_linear=0
shrinkage=0.03


Tree=238
num_leaves=21
num_cat=0
split_feature=74 70 35 35 46 91 97 106 35 101 103 55 35 74 101 71 89 20 21 34
split_gain=2.6278 2.93529 2.59581 4.04175 6.4625 5.53634 7.75454 6.91762 3.9362 9.02116 6.53275 5.92277 4.15812 5.65331 4.77155 3.35474 2.97694 2.91642 2.35407 1.70315
threshold=42.500000000000007 86.500000000000014 -3.5178571428571423 -2.422619047619047 1531.8601751997819 3.1205891071765439 1.0871212121212122 3.1291666666666669 -1.2404761904761903 1.6961538461538463 1.5227272727272729 0.26500600240096045 -0.65178571428571408 4.5000000000000009 2.4852941176470593 38.500000000000007 0.20036496350364966 -0.045454545454545435 0.22649572649572652 1.2817460317460319
decision_type=2 2 2 2 2 2 2 2 2 2 2 2 2 2 2 2 2 2 2 2
left_child=2 -2 16 4 5 6 -4 -7 9 10 -5 -11 14 -14 -10 -6 18 -18 -1 -3
right_child=1 19 3 8 15 7 -8 -9 12 11 -12 -13 13 -15 -16 -17 17 -19 -20 -21
leaf_value=0.015059049607460805 0.0060724858295731635 -0.025666409508703882 0.0043201516798920736 -0.002408792780140018 -0.026920566422377501 -0.018222326075841028 0.02511924110902311 0.010535698354319226 0.004208280981426565 0.019896463105862877 -0.012741380430982465 0.0012474730910127501 -0.0020741747071875718 0.0013154982908539356 -0.014282547130084956 0.00062992462964081076 -0.0039332513919879825 -0.027994356282765559 -0.010611495491015361 -0.0040796217039045374
leaf_weight=6.6825035959482211 6.6932643353939083 9.2444022595882398 34.951464727520943 160.44123511761427 7.1477704271674183 12.947432681918146 29.963126584887505 17.9851194024086 353.22873740643263 18.655080646276474 83.852726146578789 85.912501029670238 703.48509898036718 1195.1036391854286 13.023051545023916 8.9692957550287229 8.9275051057338732 9.2121222913265211 6.1961678266525269 5.1064265817403784
leaf_count=20 21 43 95 494 33 42 76 52 1070 51 270 273 2240 3610 49 30 32 35 21 20
internal_value=0.000227457 -0.0103335 0.000308077 0.000406283 0.00598788 0.00894341 0.0139205 -0.00150154 0.000167182 -0.00279918 -0.0059554 0.00457449 0.000624101 5.95209e-05 0.00355079 -0.0115885 -0.00832154 -0.0161526 0.00270847 -0.0179852
internal_weight=2777.73 21.0441 2756.68 2725.67 111.964 95.8471 64.9146 30.9326 2613.7 348.862 244.294 104.568 2264.84 1898.59 366.252 16.1171 31.0183 18.1396 12.8787 14.3508
internal_count=8577 84 8493 8385 328 265 171 94 8057 1088 764 324 6969 5850 1119 63 108 67 41 63
is_linear=0
shrinkage=0.03


Tree=239
num_leaves=31
num_cat=0
split_feature=109 73 51 74 26 10 43 36 8 17 112 6 86 46 1 79 47 92 46 76 41 7 8 110 36 110 13 19 92 92
split_gain=5.52749 6.60498 5.21932 4.88725 5.41558 7.02581 6.0314 4.49563 5.29962 8.46656 5.79379 5.17898 5.20155 5.12644 5.47651 5.70901 5.08132 4.89363 3.55011 3.49337 3.356 4.05304 5.91485 8.02585 3.56532 3.24871 2.67155 2.88937 2.41806 4.58426
threshold=0.95000000000000007 5.5000000000000009 0.89342403628117928 35.500000000000007 -0.49999999999999994 0.12916666666666668 1.0000000180025095e-35 1.5000000000000002 -0.62361111111111089 -0.14415584415584409 1.1068770633988028 0.86190476190476206 2.7083333333333335 1421.3706810725459 1.2928571428571431 0.32644217107132717 1554.2680575696131 2.1383330595080281 1449.7998625993437 0.27823315118397091 1.0000000180025095e-35 2.0333333333333337 -0.26153846153846144 -0.63007518796992468 1.0000000180025095e-35 -0.14999999999999994 0.24038461538461542 0.5634920634920636 6.281331292928102 5.9674271495545304
decision_type=2 2 2 2 2 2 2 2 2 2 2 2 2 2 2 2 2 2 2 2 2 2 2 2 2 2 2 2 2 2
left_child=2 20 7 4 25 6 -6 8 9 16 -11 17 -13 -9 19 -16 -1 -10 -7 -15 21 22 23 -2 -24 -4 27 -22 29 -3
right_child=1 28 3 -5 5 18 -8 13 11 10 -12 12 -14 14 15 -17 -18 -19 -20 -21 26 -23 24 -25 -26 -27 -28 -29 -30 -31
leaf_value=-0.0013210220020404336 0.00092521872379646081 -0.017139779357740262 -0.00039313412094801935 0.02215246108658166 -0.011316301749835497 -0.0016279910288727083 0.010115821537608481 0.023343741974114551 0.0051986233047817219 0.012768567453235406 0.042551288213829516 -0.00014287441013515018 0.0032345428613434219 0.0025939050703135545 -0.0016840558783464551 0.025097877998524146 0.029961842163146856 -0.0098400858162388197 -0.013647509773100228 -0.012393540672583357 0.0090814979717869903 -0.014320449221252486 0.01473774919594421 0.05187973345523484 -0.011061007336153908 0.026998419270350734 -0.023841991449611084 -0.016122932660600789 -0.021904413682915475 0.0044421039762158809
leaf_weight=68.259109623730183 5.2065274119377136 23.869116842746735 9.0486024022102338 5.9952988326549521 18.437308005988598 28.979790985584259 32.914743393659592 6.5004365742206565 26.354973405599594 40.06731079518795 6.8894496336579314 1141.387590482831 640.80800940096378 17.234108313918114 172.23989694565535 7.4742539897561064 5.0165517628192893 74.586077451705933 93.379416786134243 74.516050815582275 9.4577262923121506 7.1477773785591117 8.8995643854141253 5.9745040982961672 10.519926987588404 6.8446488827466956 7.0624213367700568 7.2172177657484999 20.563655205070972 14.084922336041926
leaf_count=297 33 162 41 22 82 92 134 17 78 133 25 3385 1896 50 553 31 17 252 402 336 44 50 32 31 44 22 45 35 144 92
internal_value=-0.00011697 -0.006405 0.000187675 -0.00451539 -0.00535863 -0.00689223 0.00242089 0.000590913 0.00108698 0.00719349 0.0171383 0.000697093 0.00107151 -0.00298435 -0.00361479 -0.000570204 0.000820646 -0.00591359 -0.0108008 -0.00957834 0.000461204 0.00601913 0.0107701 0.0281524 0.000762047 0.0114034 -0.00837728 -0.00182744 -0.0136195 -0.00913064
internal_weight=2596.94 120.003 2476.93 195.6 189.605 173.711 51.3521 2281.33 2003.37 120.232 46.9568 1883.14 1782.2 277.965 271.464 179.714 73.2757 100.941 122.359 91.7502 61.4857 37.7483 30.6005 11.181 19.4195 15.8933 23.7374 16.6749 58.5177 37.954
internal_count=8577 712 7865 795 773 710 216 7070 6083 472 158 5611 5281 987 970 584 314 330 494 386 314 190 140 64 76 63 124 79 398 254
is_linear=0
shrinkage=0.03


Tree=240
num_leaves=25
num_cat=0
split_feature=80 26 72 93 50 73 103 92 91 18 23 103 95 98 91 4 110 36 66 6 107 76 8 80
split_gain=5.03087 3.62875 3.12866 2.77434 2.72043 2.55752 4.64197 4.00286 2.54918 3.56246 5.13578 4.73397 4.58931 3.53104 2.48986 2.39307 3.73258 5.4099 2.85953 2.56924 2.11063 1.99571 0.883665 0.141795
threshold=-0.52190945125727717 -2.4999999999999996 90.500000000000014 3.0916666666666672 0.035185185185185187 18.500000000000004 2.577380952380953 5.7822843490610341 3.2006928710996037 0.48333333333333339 0.27386363636363642 3.3166666666666669 0.9545454545454547 3.3038461538461541 3.147752705925519 1.851648351648352 0.098295454545454478 1.0000000180025095e-35 0.57353724981234488 1.9309523809523812 0.51315789473684215 0.87026647966339421 0.99184149184149206 -1.2212883589220007
decision_type=2 2 2 2 2 2 2 2 2 2 2 2 2 2 2 2 2 2 2 2 2 2 2 2
left_child=1 22 3 4 -2 7 -7 -6 9 11 12 13 -11 -3 -12 19 17 -17 -18 -10 -21 -5 23 -1
right_child=2 8 -4 21 5 6 -8 -9 15 10 14 -13 -14 -15 -16 16 18 -19 -20 20 -22 -23 -24 -25
leaf_value=-0.018255216920288381 0.015724814140324998 -0.001010146658788412 0.021467789735677305 0.022876812003863663 -5.0720357783134041e-05 -0.0011332901407905148 0.013399851537080419 0.0037864467067388777 -0.025861765586714252 -0.0096839757450591975 -0.016414298240077018 0.023164098195872802 0.00062675678120329141 0.0093528269769518283 0.0026138129534586264 -0.0051963202336803762 -0.011835709876569716 0.031663382312961653 0.0072930498731590696 0.0034046574575804806 -0.015225597748676907 -0.00090155112369495185 -0.0068406104767198871 -0.025287816163292169
leaf_weight=5.0162653625011435 10.436788022518156 209.96278346329927 6.4521274119615546 8.5511451065540296 658.7246990352869 879.03565573692322 20.235290631651878 389.26316617429256 10.07445853948593 51.275243826210499 36.255153708159924 8.5471445024013502 160.35289563238621 34.447087496519089 7.4630873128771773 8.7741171047091466 32.392366662621498 6.0579582005739203 8.9840808063745481 9.2180923223495501 13.470421522855757 5.0543647706508628 5.3385258987545958 5.3135405778884879
leaf_count=29 36 848 26 36 2004 2691 66 1215 33 204 149 38 634 144 36 35 140 25 43 35 45 16 30 19
internal_value=-0.000124588 -0.0024993 0.000611379 0.000543115 0.000449292 0.00036742 -0.000806267 0.00137455 -0.00212543 -0.00130546 -0.00380519 0.00121788 -0.00187142 0.000450409 -0.013166 -0.00681001 -0.00305368 0.00985852 -0.00768228 -0.0132544 -0.00765633 0.0140433 -0.016751 -0.0218727
internal_weight=2590.7 612.943 1977.75 1971.3 1957.7 1947.26 899.271 1047.99 597.275 508.303 255.346 252.957 211.628 244.41 43.7182 88.9715 56.2085 14.8321 41.3764 32.763 22.6885 13.6055 15.6683 10.3298
internal_count=8577 2487 6090 6064 6012 5976 2757 3219 2409 2053 1023 1030 838 992 185 356 243 60 183 113 80 52 78 48
is_linear=0
shrinkage=0.03


Tree=241
num_leaves=16
num_cat=0
split_feature=108 74 98 84 50 74 22 36 79 4 51 39 41 103 22
split_gain=2.58245 2.55608 3.38979 3.70989 2.48697 3.95033 3.82639 2.80563 7.60426 5.74741 5.15614 3.73939 3.5536 2.23467 0.227239
threshold=0.6515151515151516 40.500000000000007 2.6961538461538468 0.36666666666666675 0.042572463768115944 28.500000000000004 0.12916666666666668 1.5000000000000002 0.35743321718931481 1.6961538461538463 0.54356060606060608 1.5000000000000002 1.5000000000000002 1.2111111111111115 0.32051282051282054
decision_type=2 2 2 2 2 2 2 2 2 2 2 2 2 2 2
left_child=1 4 3 13 5 6 -1 11 10 -10 -9 12 -6 -3 -8
right_child=-2 2 -4 -5 7 -7 14 8 9 -11 -12 -13 -14 -15 -16
leaf_value=0.0064760211858480195 -0.015844182369839685 -0.0011464446354202728 -0.026873809157349514 0.0093248326465959798 5.0083627820451281e-05 0.014477577644207032 -0.025815749323568917 0.0016941286522064024 -0.012414061599280175 0.013394457856314122 0.0094237118276052825 -0.018564911146617361 0.015219246549731495 -0.027432631713155201 -0.018171393629076833
leaf_weight=5.4804846793413224 8.9722022116184217 5.6095450818538719 6.9093244969844809 11.319572418928145 2298.8577378094196 5.1556591540575019 9.0905270501971227 216.44281781464815 43.267948560416698 9.4645662009716016 121.14209026098251 9.6573491096496564 13.98370113968849 6.0499926656484604 5.6906932145357123
leaf_count=20 35 19 30 39 6948 16 43 667 242 35 352 39 38 23 31
internal_value=0.000224683 0.000276766 -0.00844892 -0.00290895 0.000372009 -0.00896841 -0.0149343 0.000459523 0.00281292 -0.00778188 0.00446788 6.40124e-05 0.000141798 -0.014786 -0.0228727
internal_weight=2777.09 2768.12 29.8884 22.9791 2738.23 25.4174 20.2617 2712.82 390.317 52.7325 337.585 2322.5 2312.84 11.6595 14.7812
internal_count=8577 8542 111 81 8431 110 94 8321 1296 277 1019 7025 6986 42 74
is_linear=0
shrinkage=0.03


Tree=242
num_leaves=31
num_cat=0
split_feature=50 55 96 80 73 55 78 14 77 8 99 19 69 86 6 92 78 10 105 105 66 34 107 50 50 79 34 97 66 46
split_gain=5.31757 4.89234 5.53659 5.33313 4.87245 4.74991 5.34601 6.80703 5.38545 4.65828 4.24584 4.17612 7.41014 5.40774 6.48909 4.48978 4.36472 6.10765 7.24151 6.00185 4.62381 3.90399 3.88505 3.54133 3.12958 4.07207 3.96945 3.47873 3.11444 3.09009
threshold=0.14400921658986179 -0.3311403508771929 0.89444444444444449 0.3239937584829195 50.500000000000007 -0.3380365659777424 0.18518518518518523 0.054761904761904782 0.28966437833714725 0.059981684981684998 0.41421568627450983 0.48333333333333339 -0.43685357744412173 2.5500000000000003 0.96666666666666679 4.3372693810700085 -0.22902097902097898 0.36038961038961043 0.90454545454545465 1.3166666666666669 -0.0090159585885771758 0.27678571428571436 0.54772727272727284 0.17028985507246377 0.042572463768115944 0.32644217107132717 0.9910714285714286 0.95833333333333337 -0.60543428591514625 1651.3564601657743
decision_type=2 2 2 2 2 2 2 2 2 2 2 2 2 2 2 2 2 2 2 2 2 2 2 2 2 2 2 2 2 2
left_child=4 2 3 -2 10 6 8 -8 -4 23 -1 16 -13 15 -15 -14 19 20 -19 22 -18 -6 -3 -5 25 26 -12 -26 -29 -23
right_child=1 11 5 9 21 -7 7 -9 -10 -11 24 12 13 14 -16 -17 17 18 -20 -21 -22 29 -24 -25 27 -27 -28 28 -30 -31
leaf_value=0.016261619591610446 -0.023292756404643344 -0.0014140280450616043 -0.00015736350938703458 0.014176832310379302 0.024309474390074803 -0.016819929815236095 -7.6283364516946129e-05 0.019022206683685056 -0.0097428178869017439 0.015550131607168921 -0.020334735286385516 0.034239532096822872 0.0035078309140263346 -0.012143515746471935 0.0038600885115017592 -0.0031270069297848094 -0.0085572931496433347 0.015835804629117621 0.0028501625761819705 0.024187110419620159 0.00070360088936620565 0.0074075406595917577 0.017816743661375842 -0.0099565691764837254 0.0088149330856991236 0.026953165075304292 0.011995647970404468 -0.0034674051628026982 -0.013151421200459817 -0.016839069458763803
leaf_weight=6.9923695847392073 18.192547783255577 32.250821828842163 360.61427369713783 5.9960555955767623 8.0377744138240832 16.141864284873009 43.159843027591705 27.496072396636009 61.791111923754215 8.6188359931111318 6.9964995235204714 5.584350422024726 110.47609526664019 24.611854799091816 310.25067844241858 542.76961598545313 66.832081139087677 42.378685101866722 439.22758151590824 19.281241536140442 177.10301247239113 15.273445025086405 13.3759368956089 62.650961272418499 9.2233227938413602 5.0622197389602652 6.6820776164531708 42.980060778558254 98.130348518490791 6.8531286716461173
leaf_count=32 58 122 1361 36 30 57 124 77 212 33 38 17 336 84 902 1647 219 125 1204 69 492 50 44 304 34 27 29 263 523 28
internal_value=-0.000116066 0.000282953 -0.00204915 -0.00867932 -0.00473795 -0.000806218 -0.00028196 0.00735598 -0.00155956 -0.00523853 -0.0066466 0.00107332 -0.000221182 -0.000415938 0.00268385 -0.00200493 0.00270068 0.0020339 0.00399283 0.0101539 -0.00183365 0.00640267 0.00422366 -0.00784861 -0.00759401 0.00396604 -0.00454112 -0.0090351 -0.0102018 -0.000102214
internal_weight=2595.03 2388.8 604.662 95.4584 206.231 509.203 493.061 70.6559 422.405 77.2659 176.067 1784.14 993.693 988.108 334.863 653.246 790.449 725.541 481.606 64.908 243.935 30.1643 45.6268 68.647 169.075 18.7408 13.6786 150.334 141.11 22.1266
internal_count=8577 7523 2262 431 1054 1831 1774 201 1573 373 946 5261 2986 2969 986 1983 2275 2040 1329 235 711 108 166 340 914 94 67 820 786 78
is_linear=0
shrinkage=0.03


Tree=243
num_leaves=31
num_cat=0
split_feature=64 13 48 64 68 98 35 53 102 69 38 45 39 51 90 109 109 96 20 100 54 107 33 74 20 21 33 71 70 79
split_gain=4.96641 6.9033 5.58498 4.65061 4.43527 4.49221 4.75504 6.17397 4.08691 4.95246 4.27875 5.40695 4.38928 4.0924 3.98603 5.25311 4.94701 5.06524 3.77125 3.69259 6.17664 4.04458 3.88909 3.42576 4.70406 3.29118 2.87203 0.872505 0.0912253 0.0123393
threshold=-0.26977393803231847 0.11805555555555557 -168.68516609789478 -0.26498717424281143 0.027514024245353878 1.8944444444444446 -1.6974206349206347 0.45731464917511433 1.8918128654970763 -0.30478277439024387 1.0000000180025095e-35 1.0000000180025095e-35 1.0000000180025095e-35 0.69782608695652182 0.3335440370838601 -1.5916666666666663 -0.74166666666666647 1.0954545454545457 -0.033150183150183136 0.54195804195804198 -0.018605053651782621 0.54195804195804198 1.4910714285714288 -4.4999999999999991 -0.12599206349206346 0.22649572649572652 2.223214285714286 73.500000000000014 14.500000000000002 -0.3742724867724867
decision_type=2 2 2 2 2 2 2 2 2 2 2 2 2 2 2 2 2 2 2 2 2 2 2 2 2 2 2 2 2 2
left_child=1 4 27 -2 5 -1 18 -8 9 25 12 -12 -10 -11 15 -5 26 -18 -7 23 21 -21 -22 -16 -25 -4 -17 28 -3 -30
right_child=3 2 8 14 -6 6 7 -9 10 13 11 -13 -14 -15 19 16 17 -19 -20 20 22 -23 -24 24 -26 -27 -28 -29 29 -31
leaf_value=0.02538120879601825 0.022089796149524887 -0.018329523615083301 0.0057955392560081571 0.030402862063055921 -0.015298829303633644 0.0091690499845242003 0.016857248805614063 -0.0014118863750570462 -0.0050515230179926348 -0.0032648218428765348 0.025131334773289077 -0.0072899162951598848 0.013397041335002574 0.0095839276659231785 -0.014816624295280688 -0.0091672804247304191 0.0019835261841478105 -0.0013987975900238458 -0.017239346758284823 0.039193501121821246 0.0010079482351828799 0.010244776954444807 0.020066053557315087 0.027820759067747228 0.0016801347869999544 -0.011088161994185589 0.012632630309503663 -0.0099318688801451459 -0.022078164182548175 -0.024079751334286359
leaf_weight=10.123955979943274 9.0601093024015409 5.0493704825639787 11.500285908579825 5.1076858416199675 9.227374464273451 7.4775919169187572 35.237731277942657 31.558294214308262 51.361364796757698 297.76890499144793 14.27777247130871 6.8508960455656043 14.995465666055678 24.116886794567108 10.657709553837774 71.037666812539101 796.29276052862406 797.64909178763628 13.939047560095785 9.0578627437353152 46.482515692710876 8.3459369242191297 12.157201528549193 6.4634643495082846 149.49595528095961 107.73095713555813 5.8900145739316931 8.7552287727594358 5.0103464722633388 6.2046276032924608
leaf_count=38 33 31 37 26 29 30 120 144 158 1106 49 21 52 84 34 299 2491 2535 41 35 147 30 43 24 471 326 28 54 35 26
internal_value=-0.000122797 -0.00236639 -0.00371757 0.000646739 0.00458803 0.00645411 0.00428189 0.00822586 -0.00306203 -0.00423678 0.00286126 0.0146189 -0.000882475 -0.00230215 0.000545482 2.51736e-05 -6.76881e-05 0.000290925 -0.00801889 0.00413908 0.009617 0.0253112 0.00495908 0.00163897 0.00276349 -0.00945967 -0.00749816 -0.0175676 -0.021678 -0.0231855
internal_weight=2588.88 661.186 553.622 1927.7 107.564 98.3366 88.2127 66.796 528.603 441.117 87.4855 21.1287 66.3568 321.886 1918.64 1675.98 1670.87 1593.94 21.4166 242.661 76.0435 17.4038 58.6397 166.617 155.959 119.231 76.9277 25.0196 16.2643 11.215
internal_count=8577 2381 1979 6196 402 373 335 264 1833 1553 280 70 210 1190 6163 5379 5353 5026 71 784 255 65 190 529 495 363 327 146 92 61
is_linear=0
shrinkage=0.03


Tree=244
num_leaves=13
num_cat=0
split_feature=109 80 111 105 3 93 74 3 2 104 11 74
split_gain=2.50524 3.58821 3.35382 4.38054 5.86272 9.89555 3.44708 3.35133 3.283 2.40685 1.25975 0.0152924
threshold=-2.1358974358974359 -3.9583333333333326 -1.6307715181660896 2.6515151515151518 1.0333333333333334 1.3245614035087721 -1.0000000180025095e-35 3.1339285714285716 -1.470833333333333 1.2928571428571431 -0.67083333333333328 1.0000000180025095e-35
decision_type=2 2 2 2 2 2 2 2 2 2 2 2
left_child=10 -2 6 7 -5 -6 -3 8 -4 11 -1 -8
right_child=1 2 3 4 5 -7 9 -9 -10 -11 -12 -13
leaf_value=-0.0037388958223021499 0.023607233467389573 0.0056596238804602983 0.0063390689689441625 -0.015000698302541311 0.036625322914173697 0.0052096462423684604 -0.025914767463205576 -0.017943802903863035 3.5182694964341089e-05 -0.0046596753160649757 -0.024392711231166795 -0.023795733226900494
leaf_weight=5.1931918188929558 5.9207562506198874 9.4054571092128771 76.559436321258545 8.5306330025196058 11.389070421457289 43.450778320431709 5.4666574001312274 9.1768377870321256 2579.5171495229006 9.475598640739916 5.4439918547868711 6.9769682586193085
leaf_count=22 19 40 228 28 31 128 24 45 7895 56 25 36
internal_value=0.000221818 0.000277703 0.000227656 0.000339706 0.00813511 0.011734 -0.00953277 0.000154358 0.000216888 -0.0160518 -0.0143093 -0.0247267
internal_weight=2776.51 2765.87 2759.95 2728.62 63.3705 54.8398 31.3247 2665.25 2656.08 21.9192 10.6372 12.4436
internal_count=8577 8530 8511 8355 187 159 156 8168 8123 116 47 60
is_linear=0
shrinkage=0.03


Tree=245
num_leaves=31
num_cat=0
split_feature=50 67 20 35 5 73 70 46 33 21 69 89 97 14 64 99 53 4 96 19 0 101 34 46 110 72 50 79 34 97
split_gain=5.08159 4.90128 5.69099 4.86859 5.30416 4.7016 4.65628 4.45988 4.67014 4.6206 4.22494 6.67881 7.20938 4.68789 4.11355 4.07919 3.9769 3.78243 5.60601 7.60445 6.43714 4.21917 3.69768 3.65703 3.47757 3.23942 3.02983 3.84741 3.80963 3.36445
threshold=0.14400921658986179 -0.1130826743035782 0.074358974358974331 1.6974206349206351 -0.13333333333333333 50.500000000000007 6.5000000000000009 1417.7368245899399 0.038690476190476199 0.37980769230769235 -0.068669618384988404 0.28483152135926654 1.7638888888888891 0.14112554112554115 -0.19637561430266057 0.41421568627450983 0.41626984126984135 1.1055555555555558 1.3166666666666669 0.48333333333333339 1.9309523809523812 0.97500000000000009 0.27678571428571436 1584.1324797703689 -0.041883116883116737 63.500000000000007 0.042572463768115944 0.32644217107132717 0.9910714285714286 0.95833333333333337
decision_type=2 2 2 2 2 2 2 2 2 2 2 2 2 2 2 2 2 2 2 2 2 2 2 2 2 2 2 2 2 2
left_child=5 10 3 7 24 15 -4 8 -3 -9 11 12 13 -2 -8 -1 -6 18 20 -20 -12 -19 -7 -23 -5 -24 27 28 -17 -28
right_child=1 2 6 4 16 22 14 9 -10 -11 17 -13 -14 -15 -16 26 -18 21 19 -21 -22 23 25 -25 -26 -27 29 -29 -30 -31
leaf_value=0.015829538743291079 0.014292547805946682 -0.0092770354934132923 0.02884902192109795 -0.0092214212687341621 -0.007415602161302731 0.023606027828789258 -0.011835528703216164 3.5144215808069739e-05 0.0096712629960187362 -0.0042861877629605067 -0.0015313870859108702 -0.018216836867989698 -0.015843627831159553 -0.0084010934459028946 0.010298790624573093 -0.020139873113994972 -0.022342184675482386 0.019791046730936172 0.00018831767554642841 -0.023077485997622448 0.027523647731229194 0.0020259457123957695 0.012510690745418367 -0.0089031583208833316 0.0078579165592793411 -0.010558820714255748 0.0086231748103048917 0.026010266420177647 0.011604375439275616 -0.010048304795540076
leaf_weight=7.0495801270008078 83.040575593709946 14.319870993494986 8.8164238780736905 17.418918639421463 58.279184803366661 8.1150681674480456 10.063130080699919 785.31840383261442 64.149608537554741 310.83639042824507 59.592074394226074 8.4601195752620679 9.1666201055049878 9.0890950709581357 30.338258162140846 6.8839413747191447 22.177683241665363 11.687787711620329 25.380602136254311 25.194899350404739 7.755835995078086 770.17591094225645 10.042818263173105 28.57750029861927 27.938465148210526 12.052520252764223 9.2594468444585782 5.1418208852410308 6.7277427092194557 140.14706768840551
leaf_count=32 257 40 24 55 244 30 34 2775 166 965 185 29 40 31 104 38 79 35 64 72 28 2127 31 90 79 47 34 27 29 786
internal_value=-0.000114906 0.000274612 -0.000917429 -0.00129641 -0.00690512 -0.00464262 0.0090961 -0.000695662 0.00621339 -0.00119026 0.00182438 0.00739049 0.00952918 0.0120537 0.0047856 -0.00652723 -0.0115301 0.00116632 -0.00385373 -0.0114019 0.00181461 0.00189677 0.00628746 0.00163493 0.00129882 -7.32194e-05 -0.00746447 0.00390165 -0.00444989 -0.00889114
internal_weight=2593.2 2387.78 1349.66 1300.44 125.814 205.42 49.2178 1174.62 78.4695 1096.15 1038.12 109.756 101.296 92.1297 40.4014 175.21 80.4569 928.365 117.923 50.5755 67.3479 810.441 30.2104 798.753 45.3574 22.0953 168.16 18.7535 13.6117 149.407
internal_count=8577 7523 4565 4403 457 1054 162 3946 206 3740 2958 357 328 288 138 946 323 2601 349 136 213 2252 108 2217 134 78 914 94 67 820
is_linear=0
shrinkage=0.03


end of trees

feature_importances:
Column_80=271
Column_79=244
Column_48=180
Column_90=170
Column_46=161
Column_88=156
Column_74=141
Column_109=136
Column_78=135
Column_111=128
Column_96=124
Column_89=114
Column_110=114
Column_65=112
Column_92=112
Column_35=106
Column_71=104
Column_103=104
Column_98=101
Column_55=100
Column_51=99
Column_54=97
Column_8=96
Column_47=96
Column_106=95
Column_112=94
Column_66=93
Column_86=92
Column_97=92
Column_33=91
Column_105=90
Column_14=88
Column_101=86
Column_67=84
Column_104=83
Column_50=81
Column_93=81
Column_5=78
Column_34=77
Column_23=76
Column_75=74
Column_91=73
Column_95=72
Column_17=69
Column_19=69
Column_64=69
Column_6=68
Column_21=68
Column_102=68
Column_94=67
Column_73=65
Column_77=64
Column_53=62
Column_7=61
Column_68=61
Column_26=59
Column_49=58
Column_2=57
Column_72=57
Column_70=55
Column_20=53
Column_36=53
Column_76=53
Column_3=52
Column_87=52
Column_22=50
Column_52=49
Column_4=47
Column_12=46
Column_13=45
Column_1=44
Column_11=41
Column_69=36
Column_108=36
Column_107=35
Column_0=34
Column_16=33
Column_9=30
Column_99=29
Column_15=26
Column_37=26
Column_44=26
Column_18=25
Column_25=24
Column_113=24
Column_83=22
Column_43=20
Column_10=19
Column_85=17
Column_84=16
Column_45=15
Column_100=15
Column_24=14
Column_38=12
Column_41=12
Column_42=9
Column_39=7
Column_40=7
Column_61=4
Column_57=2
Column_59=2
Column_62=2
Column_58=1
Column_81=1

parameters:
[boosting: gbdt]
[objective: multiclass]
[metric: multi_logloss]
[tree_learner: serial]
[device_type: cpu]
[data_sample_strategy: bagging]
[data: ]
[valid: ]
[num_iterations: 500]
[learning_rate: 0.03]
[num_leaves: 31]
[num_threads: 4]
[seed: 42]
[deterministic: 0]
[force_col_wise: 0]
[force_row_wise: 0]
[histogram_pool_size: -1]
[max_depth: 6]
[min_data_in_leaf: 20]
[min_sum_hessian_in_leaf: 5]
[bagging_fraction: 0.8]
[pos_bagging_fraction: 1]
[neg_bagging_fraction: 1]
[bagging_freq: 0]
[bagging_seed: 400]
[bagging_by_query: 0]
[feature_fraction: 0.7]
[feature_fraction_bynode: 1]
[feature_fraction_seed: 30056]
[extra_trees: 0]
[extra_seed: 12879]
[early_stopping_round: 0]
[early_stopping_min_delta: 0]
[first_metric_only: 0]
[max_delta_step: 0]
[lambda_l1: 0]
[lambda_l2: 0]
[linear_lambda: 0]
[min_gain_to_split: 0]
[drop_rate: 0.1]
[max_drop: 50]
[skip_drop: 0.5]
[xgboost_dart_mode: 0]
[uniform_drop: 0]
[drop_seed: 17869]
[top_rate: 0.2]
[other_rate: 0.1]
[min_data_per_group: 100]
[max_cat_threshold: 32]
[cat_l2: 10]
[cat_smooth: 10]
[max_cat_to_onehot: 4]
[top_k: 20]
[monotone_constraints: ]
[monotone_constraints_method: basic]
[monotone_penalty: 0]
[feature_contri: ]
[forcedsplits_filename: ]
[refit_decay_rate: 0.9]
[cegb_tradeoff: 1]
[cegb_penalty_split: 0]
[cegb_penalty_feature_lazy: ]
[cegb_penalty_feature_coupled: ]
[path_smooth: 0]
[interaction_constraints: ]
[verbosity: -1]
[saved_feature_importance_type: 0]
[use_quantized_grad: 0]
[num_grad_quant_bins: 4]
[quant_train_renew_leaf: 0]
[stochastic_rounding: 1]
[linear_tree: 0]
[max_bin: 255]
[max_bin_by_feature: ]
[min_data_in_bin: 3]
[bin_construct_sample_cnt: 200000]
[data_random_seed: 175]
[is_enable_sparse: 1]
[enable_bundle: 1]
[use_missing: 1]
[zero_as_missing: 0]
[feature_pre_filter: 1]
[pre_partition: 0]
[two_round: 0]
[header: 0]
[label_column: ]
[weight_column: ]
[group_column: ]
[ignore_column: ]
[categorical_feature: ]
[forcedbins_filename: ]
[precise_float_parser: 0]
[parser_config_file: ]
[objective_seed: 16083]
[num_class: 3]
[is_unbalance: 0]
[scale_pos_weight: 1]
[sigmoid: 1]
[boost_from_average: 1]
[reg_sqrt: 0]
[alpha: 0.9]
[fair_c: 1]
[poisson_max_delta_step: 0.7]
[tweedie_variance_power: 1.5]
[lambdarank_truncation_level: 30]
[lambdarank_norm: 1]
[label_gain: ]
[lambdarank_position_bias_regularization: 0]
[eval_at: ]
[multi_error_top_k: 1]
[auc_mu_weights: ]
[num_machines: 1]
[local_listen_port: 12400]
[time_out: 120]
[machine_list_filename: ]
[machines: ]
[gpu_platform_id: -1]
[gpu_device_id: -1]
[gpu_device_id_list: ]
[gpu_use_dp: 0]
[num_gpu: 1]

end of parameters

pandas_categorical:null
