tree
version=v4
num_class=3
num_tree_per_iteration=3
label_index=0
max_feature_idx=122
objective=multiclass num_class:3
feature_names=Column_0 Column_1 Column_2 Column_3 Column_4 Column_5 Column_6 Column_7 Column_8 Column_9 Column_10 Column_11 Column_12 Column_13 Column_14 Column_15 Column_16 Column_17 Column_18 Column_19 Column_20 Column_21 Column_22 Column_23 Column_24 Column_25 Column_26 Column_27 Column_28 Column_29 Column_30 Column_31 Column_32 Column_33 Column_34 Column_35 Column_36 Column_37 Column_38 Column_39 Column_40 Column_41 Column_42 Column_43 Column_44 Column_45 Column_46 Column_47 Column_48 Column_49 Column_50 Column_51 Column_52 Column_53 Column_54 Column_55 Column_56 Column_57 Column_58 Column_59 Column_60 Column_61 Column_62 Column_63 Column_64 Column_65 Column_66 Column_67 Column_68 Column_69 Column_70 Column_71 Column_72 Column_73 Column_74 Column_75 Column_76 Column_77 Column_78 Column_79 Column_80 Column_81 Column_82 Column_83 Column_84 Column_85 Column_86 Column_87 Column_88 Column_89 Column_90 Column_91 Column_92 Column_93 Column_94 Column_95 Column_96 Column_97 Column_98 Column_99 Column_100 Column_101 Column_102 Column_103 Column_104 Column_105 Column_106 Column_107 Column_108 Column_109 Column_110 Column_111 Column_112 Column_113 Column_114 Column_115 Column_116 Column_117 Column_118 Column_119 Column_120 Column_121 Column_122
feature_infos=[0:3] [0:3] [-3:3] [0:4] [0:5] [-4:3.7999999999999998] [0:9] [0:5.5] [-4:8] [0:1] [0:1] [-1:1] [0:1] [0:1] [-1:1] [0:1] [0:1] [-1:1] [0:1] [0:1] [-1:1] [0:1] [0:1] [-1:1] [0:3] [0:3] [-3:3] [0:3] [0:3] [-3:3] [0:3] [0:3] [-3:3] [-8:9] [-9:9] [-11:9.5] [-6:8] [-7:8] [0:9] [0:8] [0:9] [0:8] [0:5] [0:5] [0:4] [0:4] [1339.9858508771565:1742.5996463298043] [1336.7236601572981:1739.2939915498062] [-331.039382791668:327.66249672382878] [0.12947418798403976:0.86831901413554313] [0:1] [0:1] [0:1] [0:9] [0:8] [0:1] [0:1] [0:1] [0:1] [0:1] [0:4.5] [0.69314718055994529:7.2078598714324755] [0:4] [0:5] [0:9] [0:5.5] [0:5] [0:5] [0:9] [0:7] [0:4] [0:5] [0:9] [0:9] [0:11] [0:8] [0:1.3] [0:1.3] [0:1.3] [0:1.3] [1:20] [1:20] [-4:5] [-4:4] [-5:6.666666666666667] [-7:7] [0:4] [0:5] [0:9] [0:5.5] [-2.5:2.7062499999999998] [-2.4138888888888888:3.4450847763347765] [-1.7333333333333336:7.4490327380952381] [-1.6819324194324194:3.9563152559246308] [-1:2.0917874396135261] [-1:2.4838709677419351] [-1:4.8028304149676186] [-1:2.7530932086884792] [0.041666666666666664:0.5] [0.041666666666666664:0.5] [0:1] [0:1] [0:3] [0:3] none none none none [0:1] [0:1] [0:1] [0:1] none none [0:8] [0:8] [-4:3.1428571428571428] [-4:8] [-9:5.4375] [-49.333333333333336:39.454545454545453] [-3:3] [-3:3] [-0.45833333333333331:0.45833333333333331]
tree_sizes=3327 3317 3328 3438 3443 3448 3439 3466 3446 3451 3439 3460 3459 3469 3446 3470 3466 3453 3457 3449 3461 3449 3474 3468 3470 3449 3467 3447 3451 3466 3463 3478 3458 3459 3446 3476 3477 3444 3461 3462 3466 3461 3467 3461 3454 3463 3468 3465 3486 3445 3443 3478 3455 3477 3464 3137 3458 3439 3469 3483 3458 3460 3474 3475 3342 3481 3486 3477 3475 3441 3144 3484 3486 3482 3479 3484 3234 3474 3466 3470 3477 3458 3482 3482 3473 3454 3487 3480 3477 3479 3485 3469 3454 3448 3479 3465 3466 3370 3481 3488 3147 3475 3486 3439 3474 3495 3467 3487 3489 3423 3475 3483 3462 3454 3493 3458 3468 3490 3462 3458 3469 3358 3477 3474 3345 3482 3468 3012 3495 3489 2167 3478 3447 2373 3473 3492 3364 3498 3486 3053 3469 3470 2279 3467 3469 2920 3463 3483 2380 3460 3467 3028 3481 3478 3490 3474 3478 3127 3471 3470 2289 3468 3447 2337 3472 3467 3359 3506 3467 3457 3461 3452 1645 3469 3486 3409 3478 3473 3461 3477 3486 3453 3482 3467 1954 3490 3457 2273 3459 3488 2150 3473 3457 1945 3489 3470 3475 3492 3467 3426 3479 3252 1929 3485 3429 3469 3353 3461 3066 3485 3490 3457 3485 3477 3029 3465 3480 2494 3486 3422 2291 3476 3467 3042 3475 3484 2177 3467 3473 3459 3484

Tree=0
num_leaves=31
num_cat=0
split_feature=49 49 2 116 121 92 46 3 121 116 17 2 9 76 70 61 2 97 4 70 83 14 69 35 21 12 61 52 30 47
split_gain=308.964 88.3305 59.6484 21.5309 18.9177 18.6918 15.5383 11.5578 10.2303 9.96841 10.3617 9.3512 8.41932 7.68782 7.68664 10.8329 7.54963 7.14583 6.84583 6.60147 6.60127 6.52338 6.37026 6.26543 6.2582 6.16682 6.13675 5.91504 5.7694 5.6915
threshold=0.5493488281147697 0.45852885168354635 0.87083333333333357 -0.66515151515151494 0.67261904761904778 -0.19047619047619022 1547.773884694722 1.5419580419580423 1.4136904761904765 0.60131578947368436 -0.25277777777777771 0.25416666666666671 0.86190476190476206 0.48684210526315791 1.4772727272727275 5.4827179284163234 -1.4967948717948714 0.28911495635631163 1.6306818181818186 2.7136363636363643 0.89949494949494968 -0.096153846153846131 1.1909090909090911 -0.08928571428571426 0.51666666666666672 0.42261904761904767 5.6365721362514982 0.22500000000000003 0.64583333333333337 1455.3160005574787
decision_type=2 2 2 2 2 2 2 2 2 2 2 2 2 2 2 2 2 2 2 2 2 2 2 2 2 2 2 2 2 2
left_child=1 3 6 -1 9 12 11 -6 17 10 23 -2 19 18 29 -16 -5 27 -9 -4 -17 -10 -14 -3 -12 -11 -15 -8 -13 -7
right_child=2 4 5 16 7 14 8 13 21 25 24 28 22 26 15 20 -18 -19 -20 -21 -22 -23 -24 -25 -26 -27 -28 -29 -30 -31
leaf_value=-1.1164730682463355 -1.0995175053871544 -1.0973007190468655 -1.0669512363265425 -1.1223230944626059 -1.0970437481619366 -1.0820161309637162 -1.0929050374553599 -1.0680364512344649 -1.0883785721493844 -1.0838788823206671 -1.1026875710581725 -1.0740768322780565 -1.1015509426657955 -1.099439892169888 -1.0943955294979919 -1.0565955201390405 -1.1068430749256226 -1.0648062035423758 -1.0915185695730123 -1.0448604638624244 -1.0953660699987224 -1.0649409302326829 -1.0684179370279858 -1.0652604938966517 -1.1145565870536738 -1.1129985813693217 -1.0832731649201479 -1.0817950865886647 -1.0911014602170379 -1.1041643476407332
leaf_weight=394.86626303195953 133.21762418746948 12.803610801696779 160.80751439929008 29.303243964910507 245.16485330462456 18.421360671520233 110.08578062057495 30.291033178567886 17.016389101743698 39.359846085309982 490.89263588190079 20.134703665971756 11.033904492855074 44.117089718580246 17.552869230508804 21.25630155205727 629.25643065571785 11.771720349788664 19.148373961448669 15.449895411729811 5.2291157245635977 37.25525489449501 8.4241987466812116 9.0205364525318128 42.989800900220871 6.8807242512702933 38.82065024971962 73.145987331867218 143.75382408499718 21.528353631496429
leaf_count=1092 394 38 563 77 735 60 336 107 53 127 1436 69 32 131 53 79 1813 42 60 61 16 133 30 33 119 18 127 238 443 62
internal_value=-1.09861 -1.1049 -1.08315 -1.11092 -1.09842 -1.0719 -1.08896 -1.09316 -1.08344 -1.10171 -1.10283 -1.09363 -1.06679 -1.08605 -1.08406 -1.07553 -1.10757 -1.08678 -1.07675 -1.06471 -1.06374 -1.07192 -1.08658 -1.08305 -1.10368 -1.08849 -1.09182 -1.08839 -1.08886 -1.09387
internal_weight=2859 2032.92 826.085 1053.43 979.489 279.704 546.381 377.542 249.275 601.947 555.707 297.106 195.716 132.377 83.988 44.0383 658.56 195.003 49.4394 176.257 26.4854 54.2716 19.4581 21.8241 533.882 46.2406 82.9377 183.232 163.889 39.9497
internal_count=8577 5913 2664 2982 2931 956 1708 1160 802 1771 1626 906 686 425 270 148 1890 616 167 624 95 186 62 71 1555 145 258 574 512 122
is_linear=0
shrinkage=1


Tree=1
num_leaves=31
num_cat=0
split_feature=118 48 47 59 59 58 62 68 64 94 46 5 32 46 84 82 87 59 72 93 63 5 96 121 82 32 67 67 118 74
split_gain=31.8991 19.1644 19.7404 12.3482 10.1181 9.53118 8.97342 8.64185 8.36181 12.7388 7.82877 8.15069 7.53283 6.86776 6.56058 6.31758 6.25043 6.53 5.99238 5.25491 6.0944 6.66166 5.02903 6.48828 4.9798 4.84234 4.67927 4.28855 4.09942 3.89856
threshold=-0.59379629629629604 129.298745067434 1462.0313396283952 0.28801140684410648 0.32979349923564649 0.28877980660131769 1.7434210526315792 1.2928571428571431 1.2817460317460319 0.013323447220856035 1423.6330271025038 -0.26666666666666672 -1.4613095238095235 1662.3250862993925 0.52929292929292948 -0.10101010101010087 0.72077922077922085 0.3178366617676725 0.5634920634920636 -0.33861111111111108 1.4472222222222224 0.66190476190476211 0.56562673858655665 -1.1380952380952378 -0.29646464646464638 1.6339285714285716 1.9545454545454548 0.47727272727272735 -0.8915624999999997 2.9750000000000005
decision_type=2 2 2 2 2 2 2 2 2 2 2 2 2 2 2 2 2 2 2 2 2 2 2 2 2 2 2 2 2 2
left_child=3 2 4 5 8 19 10 -7 15 -10 11 -4 -12 14 -8 -2 17 -5 28 -1 21 -21 -20 -24 29 -26 -15 -19 -18 -3
right_child=1 24 6 16 -6 7 13 -9 9 -11 12 -13 -14 26 -16 -17 18 27 22 20 -22 -23 23 -25 25 -27 -28 -29 -30 -31
leaf_value=-1.1171350525782315 -1.1114404957742365 -1.0786672926874248 -1.1158871239045003 -1.1192198068533665 -1.1026440743415042 -1.1014427564809561 -1.1045431322186419 -1.0635585154613629 -1.0905675715411371 -1.075790557526221 -1.1053597115593552 -1.0973078726912977 -1.0961867544385693 -1.0696381590869286 -1.0905417550081673 -1.0929858815408338 -1.1084564977707791 -1.1010131047657841 -1.1146985820950708 -1.0834962264827626 -1.0802458678041975 -1.1181210819762955 -1.1207719339491196 -1.0899712886162518 -1.1088327435788499 -1.1267454907974439 -1.0984499380528132 -1.0726710736292209 -1.0771332795572806 -1.1059730435692752
leaf_weight=15.739896446466444 19.455387532711029 6.709238380193713 39.108195096254349 6.7489503324031856 58.484839677810669 8.9998717904090899 329.28215298056602 11.645535707473753 195.24882361292839 72.565420776605606 84.251484334468842 44.340865343809128 1436.4998296201229 8.2271960973739642 32.102805972099304 89.089314520359039 6.5584171712398529 8.8441984653472918 195.79680168628693 6.6526155471801784 11.895926445722578 13.521281033754347 8.2829801142215747 17.200712293386459 77.096575647592545 16.677171140909195 11.765510380268095 8.7274585366249067 6.4795123040676099 11.000921547412871
leaf_count=47 62 19 115 23 184 30 1043 28 571 201 240 127 4227 22 94 270 23 28 608 20 31 49 25 47 263 63 36 24 19 38
internal_value=-1.09861 -1.09747 -1.09691 -1.10741 -1.09113 -1.09615 -1.09818 -1.07958 -1.08932 -1.08648 -1.0972 -1.10608 -1.0967 -1.10231 -1.10327 -1.09641 -1.11041 -1.09612 -1.1119 -1.10348 -1.09652 -1.10639 -1.11307 -1.10033 -1.10957 -1.11231 -1.08564 -1.08646 -1.09268 -1.09528
internal_weight=2859 2531.91 2420.42 327.094 434.844 68.4551 1985.58 20.6454 376.359 267.814 1604.2 83.4491 1520.75 381.378 361.385 108.545 258.639 24.3206 234.318 47.8097 32.0698 20.1739 221.28 25.4837 111.484 93.7737 19.9927 17.5717 13.0379 17.7102
internal_count=8577 7575 7192 1002 1288 205 5904 58 1104 772 4709 242 4467 1195 1137 332 797 75 722 147 100 69 680 72 383 326 58 52 42 57
is_linear=0
shrinkage=1


Tree=2
num_leaves=31
num_cat=0
split_feature=49 119 118 120 48 121 119 48 32 80 6 57 23 85 83 119 118 60 66 28 1 59 5 67 28 71 59 85 58 19
split_gain=316.793 82.5413 51.0771 24.2655 20.836 13.869 11.5812 11.5062 10.5949 10.2469 8.65297 8.46976 10.2777 9.02345 8.02436 8.55701 7.56437 7.55953 7.37972 7.1317 7.10898 7.06964 6.76835 6.6272 6.57439 6.43476 6.38139 7.31408 7.97298 6.13287
threshold=0.44400386028176397 0.11438923395445134 -0.59379629629629604 0.26969696969696982 -91.450285958016124 -0.86607142857142838 -0.62910052910052894 52.446357932930034 0.14285714285714285 7.5000000000000009 1.1380952380952383 0.43810702498821313 0.29610389610389615 0.14141414141414135 0.16161616161616169 -0.76093833067517302 -0.024965373961218829 2.554097225562455 1.9045454545454548 0.73214285714285732 1.7596153846153848 0.34291617473435659 -0.59999999999999998 1.1339285714285716 1.4642857142857146 0.78888888888888908 0.28801140684410648 -0.70353535353535335 0.29004541790369837 0.48333333333333339
decision_type=2 2 2 2 2 2 2 2 2 2 2 2 2 2 2 2 2 2 2 2 2 2 2 2 2 2 2 2 2 2
left_child=2 5 26 18 11 6 -2 -5 16 -6 -10 14 13 -13 15 -4 21 25 -3 -12 23 -7 -20 -8 -16 -11 27 -1 -29 -18
right_child=1 3 4 7 9 8 20 -9 10 17 19 12 -14 -15 24 -17 29 -19 22 -21 -22 -23 -24 -25 -26 -27 -28 28 -30 -31
leaf_value=-1.1079045520528525 -1.0678073618032804 -1.1025461324275752 -1.0972571702541754 -1.1088153593841747 -1.0727178164085525 -1.0920240080031116 -1.1066445022545432 -1.117100337899211 -1.1116384009374389 -1.0812401563772001 -1.0862463346750475 -1.0853469519187238 -1.0696316586950549 -1.1040109078203622 -1.0933123335233241 -1.0703890641413167 -1.094173266833897 -1.0908119865330836 -1.0878837241893426 -1.1024547529507778 -1.11811453260295 -1.064901168237409 -1.1134216290174184 -1.0724808615655386 -1.0648750126786557 -1.1047679284876957 -1.0657928580722507 -1.0627623251723026 -1.0989317700365406 -1.101975223607446
leaf_weight=6.9389644563198116 22.674527823925018 300.20202255249023 25.004933446645737 236.29074877500534 23.578977435827255 97.599722385406494 7.9789417684078279 452.72165256738663 86.097184598445892 11.358347982168196 26.775418311357498 141.60502189397812 31.204144895076752 27.04679349064827 9.0706897974014264 18.082300573587418 160.98380288481712 338.63486936688423 9.3414856791496259 199.93900302052498 8.4019167125225049 8.704597204923628 111.45886757969856 11.185504257678984 60.2395079433918 66.51179838180542 130.68252351880074 15.872189402580263 7.8592266142368308 204.95420521497726
leaf_count=19 64 906 69 736 67 278 25 1508 268 33 81 402 84 79 24 51 477 963 28 589 25 25 347 34 169 194 365 46 19 602
internal_value=-1.09861 -1.10546 -1.08405 -1.11081 -1.08737 -1.09833 -1.08321 -1.11428 -1.09932 -1.09161 -1.10359 -1.08144 -1.0853 -1.08837 -1.07478 -1.08553 -1.09649 -1.09275 -1.1051 -1.10048 -1.09662 -1.08948 -1.11135 -1.08655 -1.06843 -1.10112 -1.06876 -1.08212 -1.07439 -1.09855
internal_weight=2859 1945.31 913.69 1110.01 752.337 835.295 50.2409 689.012 785.054 440.084 312.812 312.253 199.856 168.652 112.397 43.0872 472.242 416.505 421.002 226.714 27.5664 106.304 120.8 19.1644 69.3102 77.8701 161.353 30.6704 23.7314 365.938
internal_count=8577 5993 2584 3525 2135 2468 148 2244 2320 1257 938 878 565 481 313 120 1382 1190 1281 670 84 303 375 59 193 227 449 84 65 1079
is_linear=0
shrinkage=1


Tree=3
num_leaves=31
num_cat=0
split_feature=119 48 48 0 121 5 61 47 71 2 121 119 54 35 47 21 69 50 35 31 91 48 74 69 65 93 5 69 92 47
split_gain=308.019 71.3982 54.1794 23.4154 17.2168 16.5521 12.7053 13.2278 11.5458 8.75043 8.66373 8.34871 7.91908 6.85951 7.29606 6.79336 6.31821 6.52893 6.15393 5.78832 6.40517 5.7594 5.68371 9.92208 6.7327 5.30426 5.03934 4.96261 5.55198 4.90566
threshold=0.23081418873353424 -28.661921005916835 119.44022561316582 1.7416666666666669 0.86190476190476206 -0.86282051282051253 3.3497501700808394 1523.9655208446109 1.2111111111111115 -0.12916666666666662 1.1091269841269844 1.0846914523385114 2.3666666666666671 0.2232142857142857 1493.6762828687622 0.29285714285714287 1.0416666666666667 0.45000000000000007 1.8244047619047621 1.2250000000000003 -0.3248015873015872 -101.19439749853039 2.3416666666666672 1.2111111111111115 0.94868421052631591 0.19141936968023912 0.87083333333333357 2.0954545454545461 0.50007014590347942 1459.6259331904068
decision_type=2 2 2 2 2 2 2 2 2 2 2 2 2 2 2 2 2 2 2 2 2 2 2 2 2 2 2 2 2 2
left_child=1 5 3 9 15 -1 -5 11 22 29 13 -8 18 14 -4 27 17 -10 -12 20 -11 -7 23 -6 -24 -18 -23 28 -3 -2
right_child=2 4 10 6 8 21 7 -9 16 19 12 -13 -14 -15 -16 -17 25 -19 -20 -21 -22 26 24 -25 -26 -27 -28 -29 -30 -31
leaf_value=-0.018177733098514379 -0.0096615356507205666 0.00013183112313937349 0.034673204785967734 -0.0077682192727136536 -0.0010706626806521338 -0.014235394201092417 0.017687199111230022 0.0077981509000005838 -0.0018077447507848796 0.0054296611428749147 0.02820186881709846 0.031626171466597297 0.041469437087322467 0.0062238660877057452 -0.0034015770397623915 -0.0068333732055896731 0.026526898696611532 0.021017069897842876 0.0047122488379845165 -0.00062374849306026626 0.014224565891107856 -0.0085704554051925022 0.015268791738474168 0.029525932801513971 -0.0052981538657606931 0.0062581138773473892 0.011522538321643665 0.017862763702130642 -0.013356180398027906 0.0032072552281263563
leaf_weight=306.85295656323433 39.420840904116631 274.21490322053432 21.588292568922046 16.606334164738655 24.995405852794647 196.47377103567123 107.10222792625427 72.101130396127701 35.177936986088753 151.82163007557392 102.38707399368286 68.110109090805054 46.623130738735199 30.604927569627762 5.2806820273399344 283.91118322312832 37.615028440952301 15.373711273074148 11.958740144968031 55.134397491812706 152.36683602631092 518.54875561594963 15.473712742328642 14.186558559536932 107.60672590136528 18.330560028553009 10.527128636837004 11.790695726871489 29.471592411398888 77.017956465482712
leaf_count=856 109 822 77 47 74 557 349 223 104 461 350 238 171 93 15 818 129 52 36 164 488 1489 50 50 309 57 34 39 82 234
internal_value=0 -0.00699037 0.0138619 0.00995438 -0.000643629 -0.0123187 0.0171146 0.018822 0.00564844 0.00594853 0.0269739 0.0232714 0.0306088 0.0163928 0.027229 -0.00347463 0.0132751 0.00534856 0.0258334 0.00826018 0.009877 -0.00981497 0.000573822 0.0103919 -0.00258608 0.020165 -0.00814402 -0.000430442 -0.00120682 -0.00116915
internal_weight=2858.67 1900.55 958.124 739.681 868.148 1032.4 263.92 247.313 268.76 475.762 218.443 175.212 160.969 57.4739 26.869 599.388 106.497 50.5516 114.346 359.323 304.188 725.55 162.262 39.182 123.08 55.9456 529.076 315.477 303.686 116.439
internal_count=8577 5522 3055 2313 2586 2936 857 810 825 1456 742 587 557 185 92 1761 342 156 386 1113 949 2080 483 124 359 186 1523 943 904 343
is_linear=0
shrinkage=0.03


Tree=4
num_leaves=31
num_cat=0
split_feature=118 48 63 84 20 59 96 69 73 53 41 63 46 74 61 70 65 87 61 82 55 117 84 33 73 37 59 116 13 30
split_gain=30.0143 18.3355 12.481 13.3769 12.3336 11.8167 11.5244 11.1473 9.77978 8.9165 8.85551 8.35124 9.83833 7.49477 6.85607 7.61196 6.30095 5.9911 5.69949 5.03762 4.90608 4.8762 4.81177 5.09056 4.79828 4.77615 4.50668 4.02794 3.94219 3.62164
threshold=-0.59379629629629604 147.00991569821954 1.5131578947368423 0.67171717171717193 0.061111111111111123 0.28801140684410648 1.0000000180025095e-35 0.6515151515151516 0.58571428571428574 5.1250000000000009 1.5000000000000002 1.3038461538461541 1588.9535207776346 3.2426470588235299 6.2509395627126869 1.1055555555555558 0.84807692307692317 0.72077922077922085 5.3008111373035574 -0.30000000000000004 0.29166666666666669 0.89957983193277335 0.5795454545454547 0.28869047619047628 1.1909090909090911 1.0000000180025095e-35 0.33250155666251563 1.2462121212121218 1.0000000180025095e-35 1.3541666666666667
decision_type=2 2 2 2 2 2 2 2 2 2 2 2 2 2 2 2 2 2 2 2 2 2 2 2 2 2 2 2 2 2
left_child=5 2 4 8 6 14 10 -8 28 -10 -2 20 -13 24 15 16 -1 26 -17 -3 -6 -18 -19 25 -5 -24 27 -7 -4 -16
right_child=1 19 3 13 11 17 7 -9 9 -11 -12 12 -14 -15 29 18 21 22 -20 -21 -22 -23 23 -25 -26 -27 -28 -29 -30 -31
leaf_value=-0.0012232131574721613 0.00034296970235931263 0.0056105036239167613 -0.0058078599392662137 -0.013233978342907796 -0.0064824409839021749 0.0066122573388418112 0.019709381847918934 0.0060627617090868577 -0.0026344817169740705 -0.021640253803377123 0.0097793199658253033 0.0026968023366978869 0.036115601925494088 0.031787128539568145 -0.026366480731238377 -0.015499509226716798 0.0081400665720840221 -0.014506694774914215 0.013542754735913353 -0.016786240607898115 0.0035050638243230626 0.040378832922231246 -0.025998576578028152 0.018059625012372623 0.011952871971026225 0.0035835164219829882 0.015123337614044177 -0.02525185736005069 0.018566714827942647 0.00090320146586195195
leaf_weight=9.8198204189538973 593.2836312353611 9.8180186450481397 6.9513949900865546 8.0770342797040922 218.31044566631317 6.2523975670337695 59.527483507990837 537.34709031879902 699.49292314052582 22.032198801636696 104.58990032970905 83.744836688041687 7.8231273144483557 13.584796428680418 8.5342047512531298 15.059547156095507 8.0178234428167361 206.69256444275379 8.7680715769529325 62.561044931411743 54.351568430662155 10.646020531654356 7.6680414676666322 7.847120836377143 26.179697513580322 10.522454604506491 11.915977865457533 6.1580623984336853 25.74806173145771 7.6149509400129309
leaf_count=27 1829 31 22 24 676 19 160 1562 2059 69 310 245 20 35 27 51 23 648 27 223 167 25 24 21 73 29 34 22 70 25
internal_value=0 0.00110221 0.00154332 -0.00152547 0.00302883 -0.00856157 0.00440074 0.00745947 -0.00251106 -0.00324813 0.00177345 -0.00183847 0.00594366 0.0136842 0.00245021 0.00776186 0.0179904 -0.011504 -0.0045767 -0.0136722 -0.00447507 0.0278002 -0.0129817 -0.00067647 0.00572232 -0.00943518 0.00246908 -0.00967899 0.0132775 -0.01403
internal_weight=2858.94 2533.42 2461.04 802.066 1658.98 325.517 1294.75 596.875 754.225 721.525 697.874 364.23 91.568 47.8415 68.4604 52.3113 28.4837 257.057 23.8276 72.3791 272.662 18.6638 232.73 26.0376 34.2567 18.1905 24.3264 12.4105 32.6995 16.1492
internal_count=8577 7575 7321 2352 4969 1002 3861 1722 2220 2128 2139 1108 265 132 205 153 75 797 78 254 843 48 722 74 97 53 75 41 92 52
is_linear=0
shrinkage=0.03


Tree=5
num_leaves=31
num_cat=0
split_feature=49 119 118 48 11 118 5 25 2 31 59 60 49 33 32 48 90 61 53 21 23 59 23 31 61 53 71 59 71 91
split_gain=297.192 78.6331 46.9182 23.2035 19.8236 12.7673 11.8386 10.0744 8.74264 8.60532 8.94069 8.41223 8.56393 9.85725 8.30627 7.45878 10.9099 7.05526 6.8923 8.55758 6.63845 6.62944 6.38469 6.25665 5.90647 5.90594 5.79108 5.7426 5.69838 5.59734
threshold=0.44400386028176397 0.11438923395445134 -0.59379629629629604 82.754806232010665 -0.26428571428571418 -0.014277210884353719 -1.5916666666666663 1.8333333333333337 0.26969696969696982 1.4642857142857146 0.2645244077302778 2.5679698963046995 0.41556964564707261 2.223214285714286 -0.63809523809523794 -87.58711565388181 -0.43654568727032489 6.8961885146852913 3.7750000000000004 0.51666666666666672 0.40138888888888896 0.23877476216657506 -0.066666666666666666 0.78888888888888908 6.2116030863880871 1.9000000000000001 0.82575757575757591 0.28980764364795836 0.76388888888888895 0.47488839285714285
decision_type=2 2 2 2 2 2 2 2 2 2 2 2 2 2 2 2 2 2 2 2 2 2 2 2 2 2 2 2 2 2
left_child=2 5 27 8 6 7 -4 9 18 14 -11 26 13 -13 -2 25 -17 -10 19 -3 21 -7 -5 -23 -9 -8 -6 -1 -14 -28
right_child=1 3 4 22 11 20 15 24 17 10 -12 12 28 -15 -16 16 -18 -19 -20 -21 -22 23 -24 -25 -26 -27 29 -29 -30 -31
leaf_value=0.016724472415911171 -0.014886682193445768 -0.007862645007081703 0.0375266923933208 -0.020623195942763392 0.01490632040701052 0.015075690726973639 0.0086941549025790228 0.0026651905958084785 -0.012892415729433339 -0.0065801890920759087 0.02887942074149517 0.014213122946513791 0.019945651816441222 -0.012716301599350183 0.0087658487416735018 0.026529102824925092 0.0044170102038669007 0.0078999563416671855 0.005142653168694211 0.020977481821308156 0.01310040127915873 -0.0065746220256052397 -0.012049909460735777 -0.00032849809798907051 -0.021557356863434903 0.021537226317310233 -0.0094881025041055143 0.031569179003640563 0.00022898785526940369 0.0091872932622281567
leaf_weight=34.531351149082184 14.13431331515312 304.28405131399632 21.670766651630402 258.71408063173294 14.911430910229681 17.809565156698227 45.252157598733902 20.910284578800201 346.57464118301868 7.3880236446857444 31.698470592498779 190.56323771178722 13.981174588203428 12.195783346891401 113.15810550749302 24.389378190040588 101.54660631716251 14.517902776598929 47.554884076118469 8.5582765787839872 24.7357087880373 251.84343022108078 123.12648825347424 339.08713015913963 14.500575661659239 142.23246859014034 58.136855140328407 129.11241489648819 113.51626715064049 18.085705429315567
leaf_count=94 39 922 60 881 42 52 124 60 1105 21 90 531 41 35 326 68 290 46 145 24 72 758 402 1005 45 397 168 355 327 52
internal_value=0 -0.00666379 0.0140311 -0.0119171 0.0108472 0.000277905 0.0162938 0.00683345 -0.00872347 0.00992665 0.0221052 0.00648067 0.00870305 0.0125242 0.00602057 0.0147015 0.00889824 -0.0120287 -0.00537948 -0.00699979 -0.00181308 -0.00244449 -0.0179052 -0.00300216 -0.00749107 0.0185159 -0.00154742 0.0285755 0.00255283 -0.00495646
internal_weight=2858.72 1938.6 920.126 1103.33 756.482 835.266 335.091 201.79 721.49 166.379 39.0865 421.39 330.256 202.759 127.292 313.421 125.936 361.093 360.397 312.842 633.476 608.74 381.841 590.931 35.4109 187.485 91.134 163.644 127.497 76.2226
internal_count=8577 5993 2584 3525 2135 2468 939 581 2242 476 111 1196 934 566 365 879 358 1151 1091 946 1887 1815 1283 1763 105 521 262 449 368 220
is_linear=0
shrinkage=0.03


Tree=6
num_leaves=31
num_cat=0
split_feature=119 49 49 0 116 2 61 118 62 65 116 2 2 59 67 67 6 85 2 92 57 31 116 56 4 116 31 91 84 94
split_gain=289.191 66.9862 49.9922 21.9357 18.2745 15.1209 12.041 11.835 9.99777 8.80497 8.42027 8.28979 7.55944 7.3529 7.16846 7.25101 7.04094 7.10789 6.5048 7.1062 7.21118 7.44969 5.98958 7.90956 6.16587 5.95194 5.51003 6.0864 5.47488 5.42243
threshold=0.23081418873353424 0.45852885168354635 0.66542240461969271 1.7416666666666669 -0.66515151515151494 0.33333333333333326 3.3497501700808394 -0.8915624999999997 1.4868421052631582 1.6449579831932775 -0.45000000000000007 -0.12916666666666662 -1.4967948717948714 0.32296680099788916 1.720779220779221 2.0954545454545461 0.96666666666666679 -0.1691919191919192 0.9309523809523812 -0.51978260869565207 0.43343214727370005 1.1833333333333336 0.84807692307692328 0.22500000000000003 0.79285714285714304 0.85357142857142876 1.2250000000000003 -0.3248015873015872 1.0000000180025095e-35 -0.24884691865310199
decision_type=2 2 2 2 2 2 2 2 2 2 2 2 2 2 2 2 2 2 2 2 2 2 2 2 2 2 2 2 2 2
left_child=1 4 3 11 -1 16 -5 -8 9 10 -7 25 -6 -9 -10 -16 17 -3 19 20 -4 -22 23 -20 -24 -2 27 -13 -11 -18
right_child=2 5 18 6 12 8 7 13 14 28 -12 26 -14 -15 15 -17 29 -19 22 -21 21 -23 24 -25 -26 -27 -28 -29 -30 -31
leaf_value=-0.017155482095019919 -0.0030876487683818479 0.017747443685522543 -0.010138500180088588 -0.0077228820551387143 -0.023796444072434707 0.021981322036586596 0.038846739451444352 0.011939345076420424 0.027814203592474402 0.021464315147000847 -0.0060303942522845011 0.0052169376052556395 -0.0081004733141451998 0.023611044058611287 -0.0076233598391214448 0.021029773759643992 -0.0084873596441172091 -0.00051151781836660892 0.037638138460330088 0.026305121375978121 0.031520294584920755 -2.5246080916498855e-05 0.017276728422557928 0.012342729359951548 0.039865589118886845 0.022841184843575547 -0.00068703899420308602 0.013770167600823459 -0.00091304839027249603 -0.0021323410887245701
leaf_weight=387.48128075897694 108.90616242587566 26.408972352743149 11.659259974956511 16.591133639216423 28.513425350189209 9.8730870038270933 22.314081817865372 150.93348734080791 27.75225855410099 26.567877903580666 84.519207492470741 152.30908966064453 607.31310530006886 76.07765144109726 15.398478761315348 14.435414403676985 170.95354375243187 62.805886343121529 17.16056901216507 51.26217994093895 13.908058732748033 11.945262908935545 16.407364666461945 34.553269535303116 64.177681058645248 7.5805467665195456 55.193075299263 153.28695942461491 14.789975658059118 416.89204795658588
leaf_count=1090 317 87 32 47 76 34 81 474 96 89 242 461 1763 255 43 49 487 188 62 173 49 35 53 107 231 26 164 488 43 1235
internal_value=0 -0.00680862 0.0133658 0.00961053 -0.0120086 -0.000684885 0.0165096 0.0181586 0.00668898 0.00217622 -0.00286931 0.00573391 -0.00884533 0.0159504 0.0170572 0.00637583 -0.0028017 0.00499697 0.0258763 0.019081 0.00870452 0.0173751 0.0302361 0.0213484 0.0355713 -0.0011947 0.00797634 0.00954794 0.0135585 -0.00399684
internal_weight=2857.97 1893.7 964.266 743.192 1023.31 870.397 265.916 249.325 193.336 135.75 94.3923 477.276 635.827 227.011 57.5862 29.8339 677.06 89.2149 221.074 88.7748 37.5126 25.8533 132.299 51.7138 80.585 116.487 360.789 305.596 41.3579 587.846
internal_count=8577 5522 3055 2313 2929 2593 857 810 596 408 276 1456 1839 729 188 92 1997 275 742 289 116 84 453 169 284 343 1113 949 132 1722
is_linear=0
shrinkage=0.03


Tree=7
num_leaves=31
num_cat=0
split_feature=118 62 59 32 20 63 66 96 62 95 29 46 17 91 62 71 95 47 90 95 11 71 96 84 27 83 83 12 75 84
split_gain=28.3336 13.4393 12.9287 10.0803 9.89138 9.52888 11.1344 8.91104 9.04432 8.92795 7.52254 9.16072 7.05402 6.81524 6.63124 6.47872 9.55391 14.7022 10.3727 7.66083 6.41479 6.29365 7.39475 6.06961 8.46623 5.86563 4.73929 4.68629 5.67615 5.27724
threshold=-0.39944598337950116 1.7029411764705884 0.29542749523473444 -1.4613095238095235 0.061111111111111123 1.4472222222222224 1.8944444444444446 -0.095010474704702447 1.5751879699248124 -0.16152184959349583 0.93253968253968267 1470.4410808943301 0.19848484848484851 0.13900966183574873 1.8208556149732622 2.7638888888888893 0.40561378270996035 1583.6151982603635 0.37557720057720062 0.033821685272977527 -0.13333333333333333 1.3693181818181819 -0.018323212834866102 0.55178571428571443 0.73214285714285732 -0.46148989898989889 0.89949494949494968 0.37980769230769235 3.1464285714285718 -0.66369047619047594
decision_type=2 2 2 2 2 2 2 2 2 2 2 2 2 2 2 2 2 2 2 2 2 2 2 2 2 2 2 2 2 2
left_child=2 3 5 12 7 14 21 8 -5 -9 11 -6 13 -2 -1 16 17 19 -19 -3 -17 -7 -23 27 -25 -12 -14 29 -29 -4
right_child=1 15 23 4 10 6 -8 9 -10 -11 25 -13 26 -15 -16 20 -18 18 -20 -21 -22 22 -24 24 -26 -27 -28 28 -30 -31
leaf_value=0.0019383338040593167 -0.014027974143759793 -0.00072504113096278093 -0.006487719821486276 -0.00077968139758401774 -0.0055385475191385919 0.020272767754183147 0.033899701694812413 0.0097767136640042746 0.011106941160996213 0.0036242428068253172 0.014511653660348468 0.0044339939021434778 -0.016354755782230744 0.023928433402647973 -0.016728784062549736 -0.0073603970132214529 -0.014087678826220721 -0.018689340663258218 0.023649637637610275 -0.010585107272859648 0.026739703044520821 0.021285261616846522 -0.0076797929808652887 -0.015061038169991613 0.011155121621876801 -0.013290337239705281 0.0044965098401919959 0.0088435232723385309 -0.012907230245378057 -0.01568679152099426
leaf_weight=34.744088038802147 6.0654983669519416 206.9122888147831 87.682058557868004 430.96456673741341 133.66851378977299 13.755092546343802 11.848543822765349 327.48571544885635 65.437023609876633 613.57639691233635 6.7524604350328437 214.44194747507572 51.387544333934784 9.8387746512889844 31.961490496993065 7.5130644142627743 71.42809009552002 5.465427339076995 28.402596339583397 107.62184013426304 11.382631957530974 8.8355274200439435 39.74564865231514 17.445636570453644 26.755892470479012 60.597360849380493 11.351826697587965 21.296656385064125 19.88130684196949 174.43398620188236
leaf_count=107 20 663 261 1308 397 36 30 938 196 1781 19 625 150 25 116 22 224 17 78 351 31 22 112 51 77 199 31 59 59 572
internal_value=0 0.00135722 -0.00657123 0.00243471 0.00288375 0.00107125 0.00843418 0.00406197 0.000800394 0.00577657 -0.00118558 0.000591218 -0.00801075 0.00930181 -0.00707655 -0.00337457 -0.004164 -0.0020864 0.0163911 -0.00413115 0.013342 0.00308765 -0.00202832 -0.00967263 0.000637366 -0.0102875 -0.0125236 -0.0111822 -0.00164396 -0.0126573
internal_weight=2858.68 2370.29 488.386 1931.57 1852.92 140.89 74.1848 1437.46 496.402 941.062 415.46 348.11 78.6436 15.9043 66.7056 438.726 419.83 348.402 33.868 314.534 18.8957 62.3363 48.5812 347.496 44.2015 67.3498 62.7394 303.294 41.178 262.116
internal_count=8577 7075 1502 5689 5463 423 200 4223 1504 2719 1240 1022 226 45 223 1386 1333 1109 95 1014 53 170 134 1079 128 218 181 951 118 833
is_linear=0
shrinkage=0.03


Tree=8
num_leaves=31
num_cat=0
split_feature=48 48 48 5 92 48 97 116 119 17 60 116 63 12 48 2 117 83 31 60 60 75 94 70 69 57 83 37 85 85
split_gain=279.689 71.8142 47.2485 21.7485 15.2695 12.6669 12.1777 11.3794 10.3988 9.23294 10.2396 8.72339 8.12962 8.60875 9.68977 8.20189 7.6902 8.05923 7.4397 7.16604 8.00278 6.82249 6.28761 9.76124 5.66318 5.64417 4.93044 4.85701 4.64276 4.6393
threshold=-10.980612734163968 -95.317053924325919 52.446357932930034 -1.3412698412698409 0.63297101449275373 -198.85459937119251 0.25163613403073465 0.95000000000000007 0.10727513227513237 -0.052913752913752908 3.175397023364098 -0.45000000000000007 2.0250000000000004 0.44949494949494956 -147.35622398529412 -0.5406593406593404 0.90384615384615397 -0.029437229437229481 1.6125000000000003 2.9953271028037389 2.858448822841877 2.1464285714285718 0.35795018514793236 1.5227272727272729 1.2111111111111115 0.41809127216052994 1.2922979797979799 -1.4999999999999998 -0.20000000000000001 -0.42424242424242409
decision_type=2 2 2 2 2 2 2 2 2 2 2 2 2 2 2 2 2 2 2 2 2 2 2 2 2 2 2 2 2 2
left_child=1 5 8 25 6 -1 11 9 22 18 -11 -5 13 15 -15 -7 17 -14 21 20 -6 -4 23 27 -20 -3 -9 -2 -21 -25
right_child=2 3 7 4 19 12 -8 26 -10 10 -12 -13 16 14 -16 -17 -18 -19 24 28 -22 -23 -24 29 -26 -27 -28 -29 -30 -31
leaf_value=0.032751177823777317 0.0058276226077447254 0.0036368494733129233 -0.0016988185554284768 0.0082425420087657349 0.01357130817224376 0.016299663991740165 -0.015051618404946572 -0.02374631961495054 -0.0074329059287504213 -0.0081949742375411212 0.020385240734994616 0.00124953102404555 0.002853225424197906 0.0021736003665896752 0.04255616893129139 0.0031811156758477471 0.041640831348871948 0.024564985474097762 0.013023960582781187 0.036747001532432398 -0.018339298333657418 -0.017532967666916335 -0.014063993444055416 0.00071356391499552885 -0.011246904387857484 0.029109587796782663 0.0036165991147177026 -0.0034239950804623 0.012465776299052747 0.018880544330721796
leaf_weight=64.019021183252335 60.339110419154167 10.365901231765745 27.262796342372894 240.29872040450573 46.915814474225044 144.71160924434662 31.984102413058281 136.67858280241489 481.36924551427364 85.858493909239769 11.95550751686096 485.0330268740654 19.440979510545731 7.8553599417209652 17.794809401035309 62.467708915472031 19.747520625591278 85.739364951848984 13.487835809588431 18.504560008645058 7.3329370617866507 313.65560953319073 30.130907222628593 21.29217204451561 20.412817493081093 40.680332988500595 5.7387923002243033 300.90864273905754 14.226549401879309 31.821951150894165
leaf_count=170 176 28 87 673 133 400 100 488 1489 263 37 1409 54 21 48 176 53 234 41 53 19 1039 93 63 63 115 19 897 43 93
internal_value=-2.40317e-07 0.0101454 -0.00867532 0.00532208 0.00415212 0.0203405 0.00276898 -0.0151168 -0.00438134 -0.012811 -0.00450039 0.00357857 0.0180262 0.014562 0.0308472 0.0123929 0.0242918 0.0206448 -0.014954 0.0159924 0.00894971 -0.0162842 -0.00106061 -7.62451e-05 -0.00140797 0.0241638 -0.0226053 -0.0018586 0.0269646 0.011801
internal_weight=2858.03 1317.12 1540.91 895.342 844.296 421.776 757.316 615.05 925.862 472.633 97.814 725.332 357.757 232.829 25.6502 207.179 124.928 105.18 374.819 86.9799 54.2488 340.918 444.493 414.362 33.9007 51.0462 142.417 361.248 32.7311 53.1141
internal_count=8577 3729 4848 2573 2430 1156 2182 2037 2811 1530 300 2082 986 645 69 576 341 288 1230 248 152 1126 1322 1229 104 143 507 1073 96 156
is_linear=0
shrinkage=0.03


Tree=9
num_leaves=31
num_cat=0
split_feature=119 48 48 9 116 120 75 62 120 118 67 120 68 9 35 35 90 57 31 116 4 84 120 72 20 55 57 33 117 22
split_gain=271.567 64.7665 46.2975 20.7807 17.5829 14.0996 10.9432 10.8273 9.53643 9.15949 7.62173 7.53129 7.47629 6.57098 6.14966 6.07496 6.69023 5.99061 5.94168 5.90116 5.87201 5.86486 7.41906 5.7625 5.59424 5.41485 5.2998 5.2599 5.25911 12.0172
threshold=0.23081418873353424 -28.661921005916835 119.44022561316582 0.51666666666666672 -0.66515151515151494 0.33333333333333326 2.9750000000000005 1.4868421052631582 -0.12916666666666662 -1.0424999999999998 1.720779220779221 -1.4967948717948714 1.3166666666666669 0.86190476190476206 -1.6726190476190472 -0.30178571428571421 0.44088278619528626 0.46599939945951363 1.1833333333333336 0.85357142857142876 0.79285714285714304 -0.59999999999999964 0.5358974358974361 0.78888888888888908 -0.035714285714285691 0.22500000000000003 0.47463857439962581 1.5601190476190478 0.099999999999999936 1.0000000180025095e-35
decision_type=2 2 2 2 2 2 2 2 2 2 2 2 2 2 2 2 2 2 2 2 2 2 2 2 2 2 2 2 2 2
left_child=1 4 3 8 -1 12 7 26 19 -5 -9 -6 -3 -11 -8 17 27 -4 20 23 -18 22 -10 -2 -23 -20 -7 -17 29 -13
right_child=2 5 15 9 11 6 14 10 21 13 -12 28 -14 -15 -16 16 18 -19 25 -21 -22 24 -24 -25 -26 -27 -28 -29 -30 -31
leaf_value=-0.016827108916545843 0.02085828392533436 0.00023515475062122528 0.035034983828728376 0.035554362122106165 -0.023556151208921284 -0.0057416603399459065 -0.0054933135989562541 0.02685441944380625 0.0080606277926419528 0.016417003466057425 -0.0011539122599286257 0.030860800540381782 -0.0060937861749779708 0.0017635646266397705 0.021182509730395288 0.0059332126070944825 0.010704828323185943 0.0050595766242633334 0.0026417547753582048 0.022103125342978515 0.034870430206869384 0.011350647467017347 0.024880034336716563 -0.00545882862279115 0.0022282516617499514 0.02778248358443812 0.016020924430393886 0.028413326442593728 -0.0094069754520187537 -0.0049918722651560677
leaf_weight=384.65377114713192 7.0489258617162696 366.80210962891579 66.208019554615021 19.951478153467178 28.577750444412231 89.078672736883163 8.5466287583112699 21.03279384970665 71.830718994140625 203.01393815875053 14.03658105432987 7.9973839968442908 307.45333634316921 32.678090885281563 50.132091999053955 38.826866090297699 12.582815855741499 7.2561007440090171 17.978787571191791 7.6550540328025809 55.409029990434647 94.549088671803474 36.079717308282852 103.9679794460535 169.74488319456577 13.240511000156401 10.315109714865683 11.947034418582914 471.09319868683815 127.15153059363365
leaf_count=1092 24 1101 231 71 77 256 24 72 221 651 41 29 891 98 167 116 39 22 54 26 194 296 121 298 507 45 34 41 1365 373
internal_value=0 -0.00663143 0.0128924 0.00927789 -0.0117545 -0.00060006 0.00652135 0.00173777 0.00563719 0.0162077 0.0158397 -0.00865458 -0.00265108 0.0144141 0.0172199 0.0248598 0.0210442 0.0322223 0.0256177 -0.00173651 0.0306617 0.00799458 0.0138885 -0.00358977 0.00553351 0.0139287 -0.00331617 0.0117273 -0.00790956 -0.00263718
internal_weight=2856.84 1886.87 969.969 746.52 1019.47 867.397 193.142 134.463 490.876 255.644 35.0694 634.82 674.255 235.692 58.6787 223.449 149.985 73.4641 99.2111 118.672 67.9918 372.204 107.91 111.017 264.294 31.2193 99.3938 50.7739 606.242 135.149
internal_count=8577 5522 3055 2313 2936 2586 594 403 1493 820 113 1844 1992 749 191 742 489 253 332 348 233 1145 342 322 803 99 290 157 1767 402
is_linear=0
shrinkage=0.03


Tree=10
num_leaves=31
num_cat=0
split_feature=118 48 63 20 59 92 69 57 73 53 41 63 46 73 70 75 6 120 6 75 72 40 82 60 83 4 58 25 59 75
split_gain=26.7284 16.9723 11.2908 11.321 11.0488 10.5646 10.6592 9.83013 9.48921 9.74262 8.47513 8.05648 9.35624 7.51698 6.7069 6.33609 6.03967 6.036 5.90238 5.8243 5.2784 5.11104 4.86395 4.79988 4.41448 5.29327 4.33468 3.51517 4.18377 3.71872
threshold=-0.59379629629629604 147.00991569821954 1.5131578947368423 0.061111111111111123 0.28801140684410648 1.0000000180025095e-35 0.6515151515151516 0.44002820874471088 0.58571428571428574 5.1250000000000009 1.5000000000000002 1.3038461538461541 1588.9535207776346 0.6515151515151516 1.3166666666666669 2.7029411764705888 1.591666666666667 0.58214285714285718 1.6794871794871797 2.6201923076923079 0.5634920634920636 1.5000000000000002 -0.30000000000000004 2.4629030643775054 0.32828282828282829 1.1380952380952383 0.17954941498630822 0.83333333333333337 0.2984588995909751 2.7434210526315792
decision_type=2 2 2 2 2 2 2 2 2 2 2 2 2 2 2 2 2 2 2 2 2 2 2 2 2 2 2 2 2 2
left_child=4 2 3 5 7 10 -7 14 27 13 -2 23 -13 -10 -1 19 26 18 -18 20 -6 24 -3 -5 25 -9 -17 29 -29 -4
right_child=1 22 8 11 15 6 -8 21 9 -11 -12 12 -14 -15 -16 16 17 -19 -20 -21 -22 -23 -24 -25 -26 -27 -28 28 -30 -31
leaf_value=0.031978550840626667 0.00026378729256037699 0.0056846503139396896 -0.011730039385931097 0.0072632812937858168 0.010405308462676694 0.019022656329828448 0.0057342961855245947 -0.016154445519451537 -0.026752635214666615 -0.021385683546014656 0.0094774655544038085 0.0026569086963736679 0.035095551209828643 -0.0012020446022318063 -0.0025757251222975884 0.001155467005227336 0.0037519604473416476 0.012269990583669907 -0.014437352792053517 0.014704965064362018 -0.012977061210682135 0.0151296168351114 -0.016338818565346636 -0.0057367012652100704 -0.02091792803308181 0.011419808052237603 -0.02205750745536356 0.0060457626986415878 0.036032525880117169 0.014705819696608082
leaf_weight=12.79921890795231 594.03473024070263 9.8050850033760053 7.2926548570394543 27.476754158735275 10.52757106721401 60.043032929301262 539.97934000194073 10.269731581211092 9.5297461301088315 22.065731272101402 105.03966097533703 83.795023232698441 7.9154425859451285 734.44691602885723 7.5171958953142157 7.6414709836244574 18.953663930296898 10.02128219604492 85.854661926627159 13.040013507008551 34.573973625898361 8.3784680366516096 61.863513439893723 244.76031368970871 16.300623327493668 13.082850649952887 73.543935865163803 8.512035548686983 9.0059261023998243 10.265345111489294
leaf_count=31 1829 31 24 83 32 160 1562 37 30 70 310 245 20 2154 26 26 53 30 250 38 110 22 223 760 53 36 258 23 22 29
internal_value=1.72375e-06 0.00103838 0.0014603 0.00286979 -0.00811814 0.00417991 0.00709847 0.00252505 -0.00146185 -0.00217069 0.00166404 -0.00179706 0.00583737 -0.00156883 0.0195315 -0.0109908 -0.013563 -0.00896019 -0.0111153 -0.00218526 -0.00734678 -0.00485876 -0.0132477 -0.00439186 -0.00942425 -0.000748701 -0.0198486 0.0135669 0.0227372 0.00352371
internal_weight=2858.34 2535.83 2464.16 1663.04 322.505 1299.1 600.022 68.3481 801.118 766.042 699.074 363.948 91.7105 743.977 20.3164 254.157 196.015 114.83 104.808 58.1416 45.1015 48.0317 71.6686 272.237 39.6532 23.3526 81.1854 35.076 17.518 17.558
internal_count=8577 7575 7321 4969 1002 3861 1722 205 2352 2254 2139 1108 265 2184 57 797 617 333 303 180 142 148 254 843 126 73 284 98 45 53
is_linear=0
shrinkage=0.03


Tree=11
num_leaves=31
num_cat=0
split_feature=119 48 48 118 118 61 19 29 116 29 92 32 93 121 0 119 12 32 45 65 33 40 92 61 62 46 94 34 46 93
split_gain=263.751 71.917 39.9565 22.3758 15.7016 13.3883 12.9176 11.2568 10.4562 10.0175 9.27898 8.9584 8.79627 7.84522 7.94898 7.66181 8.3568 7.38652 7.27506 10.4747 7.31349 6.88097 6.81114 6.6538 6.42187 6.31225 5.86059 5.69335 5.75177 5.66737
threshold=-0.071428571428571327 -95.317053924325919 52.446357932930034 -0.245 -0.59379629629629604 6.4575539694584778 0.48333333333333339 0.36607142857142866 0.95000000000000007 -1.5624999999999996 0.6581023196503073 -0.089285714285714232 0.25185185185185172 1.39484126984127 2.577380952380953 0.34713669950738923 0.34523809523809529 -0.74305555555555547 1.0000000180025095e-35 0.94868421052631591 0.20000000000000007 1.0000000180025095e-35 -0.12548637479987609 6.869533931231917 1.0801282051282053 1462.5495566754225 -0.24095633470210423 1.8017857142857145 1392.7588652339675 0.24518518518518531
decision_type=2 2 2 2 2 2 2 2 2 2 2 2 2 2 2 2 2 2 2 2 2 2 2 2 2 2 2 2 2 2
left_child=1 4 7 5 -1 -3 9 15 13 -5 11 -8 -11 14 25 16 22 18 20 -20 -6 -12 -2 26 -17 -4 -9 28 -19 -26
right_child=2 3 8 6 17 -7 10 23 -10 12 21 -13 -14 -15 -16 24 -18 27 19 -21 -22 -23 -24 -25 29 -27 -28 -29 -30 -31
leaf_value=0.028430097377354094 0.0092102638589382745 0.018138193531624217 0.012048295116876903 0.031057524122489598 0.029516602998125589 -0.0091030950445093479 0.0022846318538426169 -0.021477514312854894 -0.022188962478656069 0.0075622625244046648 0.033416377746418605 -0.0061605746061233081 -0.010783775011022683 -0.018002051122712928 0.018600910646115743 0.010626236586221249 -0.0079656492957047177 0.033628330770990054 0.0078329153963521397 0.035166776124879402 0.0097348889221113687 0.0046238283814299943 -0.00054931608308386335 0.005642209773015887 -0.0064942091395356633 -0.011367891837203612 -0.0088337571988381224 -0.0077919412834626736 0.010013617079097098 -0.021225104871857473
leaf_weight=128.10836213827133 91.998900160193443 141.51348973810673 9.8611346781253797 14.370592236518858 21.760549366474152 17.558660432696342 254.78714494407177 38.374981611967087 140.20110400021076 300.90085150301456 10.768311575055121 201.27623738348484 24.511348992586136 162.35109731554985 7.7507276684045783 14.324213847517965 88.839800029993057 9.6415821611881238 18.454206511378288 47.110462754964828 75.960558265447617 22.390727356076241 207.00974769890308 23.822078853845596 107.90988236665726 272.75211925804615 252.80385658144951 13.409923434257506 106.30295690894127 30.147795125842094
leaf_count=339 276 393 30 39 59 49 726 115 505 868 31 605 69 558 23 45 271 27 49 129 210 64 613 70 331 867 791 40 290 95
internal_value=-1.33264e-06 0.00923581 -0.0089899 0.00479939 0.019611 0.0150744 0.00280838 -0.00482647 -0.014972 0.00729297 -0.000308736 -0.00144128 0.00614237 -0.0126864 -0.00965238 -0.00218375 5.31029e-05 0.0156564 0.0199305 0.0277516 0.0144246 0.0147665 0.0024642 -0.00932803 -0.00785986 -0.0105007 -0.0105782 0.0101268 0.0122738 -0.00986209
internal_weight=2856.97 1408.83 1448.15 988.077 420.749 159.072 829.005 855.231 592.916 339.783 489.222 456.063 325.412 452.715 290.364 540.23 387.848 292.64 163.286 65.5647 97.7211 33.159 299.009 315.001 152.382 282.613 291.179 129.354 115.945 138.058
internal_count=8577 3987 4590 2844 1143 442 2402 2607 1983 976 1426 1331 937 1478 920 1631 1160 804 447 178 269 95 889 976 471 897 906 357 317 426
is_linear=0
shrinkage=0.03


Tree=12
num_leaves=31
num_cat=0
split_feature=119 49 49 0 121 5 61 118 8 74 70 120 121 59 54 17 61 86 39 90 93 70 31 60 59 5 64 89 75 90
split_gain=255.161 60.8043 42.7893 19.427 15.6997 15.1914 11.0746 10.383 7.85658 8.11677 9.99104 7.42857 7.17005 7.05102 7.03408 6.81286 6.18904 8.41986 6.29826 5.98142 6.23388 5.9666 5.9923 5.92105 6.73926 6.20753 5.75194 7.18984 5.10753 4.98024
threshold=0.23081418873353424 0.45852885168354635 0.66542240461969271 1.7416666666666669 0.67261904761904778 -0.86282051282051253 3.3497501700808394 -0.8915624999999997 -0.31547619047619041 2.3038461538461541 1.1909090909090911 -0.12916666666666662 1.1091269841269844 0.34488214753382812 2.3666666666666671 -0.30839160839160834 5.8185970451577838 1.6583333333333334 1.5000000000000002 -0.30992238562091495 -0.30867603464310617 2.1742424242424243 1.2250000000000003 2.5594291694094218 0.30350429803471368 0.87083333333333357 1.297058823529412 1.7182539682539686 1.7596153846153848 0.31910714285714309
decision_type=2 2 2 2 2 2 2 2 2 2 2 2 2 2 2 2 2 2 2 2 2 2 2 2 2 2 2 2 2 2
left_child=1 5 3 11 15 -1 -5 -8 9 -6 -11 29 -4 -9 26 -3 18 -18 -10 -17 -21 22 -13 28 -25 -26 27 -14 -7 -2
right_child=2 4 12 6 8 23 7 13 16 10 -12 21 14 -15 -16 19 17 -19 -20 20 -22 -23 -24 24 25 -27 -28 -29 -30 -31
leaf_value=-0.017161793047294292 -0.0053653203731491017 0.022512222559026667 0.014380783538712534 -0.0078043276127755957 0.024548052028704789 0.023380896725998371 0.036105834210130611 0.01325911720653108 -0.008477578883900631 -0.0033318401506368966 0.01666334781737968 0.0098981520771165739 0.01982947881799535 0.033119335859567785 0.037091537066006521 -0.0092401671183892607 0.0022870905923164492 0.025114440951477964 0.012560920852720342 -0.009425963379388282 -5.9139261794618614e-05 -0.010403059791802562 -0.0010272929595175125 -0.01445982651157901 -0.0083176119055307744 0.01841214077881231 0.0073647606401864704 0.038402780691257285 -0.0047497634762956537 0.0079291023014799542
leaf_weight=298.17996223270893 80.895225286483765 7.6419892609119406 58.912712723016739 16.615669935941696 27.830699652433395 5.0441196113824835 22.895211011171341 212.6146953701973 75.695565164089203 47.245367020368576 41.13126266002655 295.86517657339573 69.06236520409584 17.322904974222183 48.529877603054047 155.44337087869644 120.87772047519684 15.651308014988897 14.357139095664023 81.981524392962456 281.69851416349411 15.189980179071425 52.506855919957161 227.37697611749172 331.52675350010395 7.026798039674758 19.963234603404999 29.186976253986359 141.37459470331669 35.665944993495941
leaf_count=854 233 26 185 47 95 18 81 668 214 137 133 917 222 61 171 444 365 53 47 231 848 41 155 642 973 24 60 104 418 110
internal_value=-1.57263e-07 -0.00645955 0.0124433 0.00896759 -0.000637791 -0.0114606 0.0154095 0.0169716 0.00434767 0.0106567 0.00602285 0.00532163 0.0238851 0.0149053 0.0271195 -0.00388982 0.00106617 0.00508935 -0.00498934 -0.00432679 -0.00219891 0.0074309 0.00824465 -0.00904923 -0.0104428 -0.0077014 0.0227237 0.0257086 -0.00360828 -0.00123907
internal_weight=2855.31 1880.08 975.227 749.572 869.554 1010.53 269.448 252.833 342.789 116.207 88.3766 480.123 225.655 229.938 166.742 526.765 226.582 136.529 90.0527 519.123 363.68 363.562 348.372 712.349 565.931 338.554 118.213 98.2493 146.419 116.561
internal_count=8577 5522 3055 2313 2593 2929 857 810 1044 365 270 1456 742 729 557 1549 679 418 261 1523 1079 1113 1072 2075 1639 997 386 326 436 343
is_linear=0
shrinkage=0.03


Tree=13
num_leaves=31
num_cat=0
split_feature=48 87 53 92 77 20 90 78 121 84 74 121 75 57 92 68 74 80 13 57 117 82 75 35 6 7 19 52 13 84
split_gain=21.6524 17.6829 10.3857 9.11517 12.594 11.2685 11.5063 10.6113 9.10875 14.4409 8.10001 7.6036 9.65335 7.27554 7.13725 7.54302 7.1244 6.63439 8.29109 6.19631 5.72689 6.47399 5.05488 4.24835 4.02689 3.95993 3.174 3.68069 3.5862 3.23521
threshold=147.00991569821954 1.5131578947368423 5.1250000000000009 -0.082644217107132642 0.52786377708978338 0.061111111111111123 0.67125850340136051 0.53589743589743599 -1.1636904761904758 0.67171717171717193 3.2426470588235299 1.2767857142857146 2.6201923076923079 0.44344182205213512 0.12275252525252535 1.4772727272727275 2.3416666666666672 19.500000000000004 0.36038961038961043 0.40479520958083837 1.4058823529411768 0.6176046176046176 2.4522727272727276 0.9295634920634922 1.6961538461538463 0.96666666666666679 0.51666666666666672 0.63333333333333341 0.39230769230769241 -0.39999999999999997
decision_type=2 2 2 2 2 2 2 2 2 2 2 2 2 2 2 2 2 2 2 2 2 2 2 2 2 2 2 2 2 2
left_child=1 3 8 4 11 6 7 -5 20 19 -11 13 -13 -1 15 -7 -2 22 -19 -10 21 -3 -6 -4 -8 -16 27 -18 29 -28
right_child=16 2 23 5 17 14 24 -9 9 10 -12 12 -14 -15 25 -17 26 18 -20 -21 -22 -23 -24 -25 -26 -27 28 -29 -30 -31
leaf_value=0.00028424316947445893 0.0098781776147137002 -0.01126710345837682 -0.02627468171127045 0.0090196267081685821 -0.0042670800263845555 0.0083894426808056536 -0.023152167095239189 0.0019590767403760904 -0.014660792883942921 0.0055126648686680399 0.031384435670330564 0.0029641774934300869 -0.013904782243612671 0.0093504030902764844 -0.020436876188649922 -0.012282623722149258 -0.021344844495471027 -0.0066110651500364938 0.0083677330874130287 -0.001457385926678075 -0.027295135297314511 0.0094052389735403714 -0.022017702192281184 -0.00090882451138608032 0.005535763457522571 -0.0043863653529781161 0.0062616441478575971 0.0025964432743691675 -0.021864558099988399 -0.0098216105390786911
leaf_weight=150.51538398861885 11.741872891783713 70.101751074194908 22.046817123889927 501.82982502877712 26.623744562268257 78.423026978969574 15.498235285282137 312.57064920663834 32.48085318505764 32.231371819972992 16.204909592866898 78.338235601782799 48.549003556370735 170.08553040027618 15.163283959031103 18.831196844577789 53.151254028081894 132.74259389936924 43.195218563079834 766.70791770517826 14.818585470318792 15.90385454893112 33.583702594041824 8.4415616244077665 5.3427285552024832 112.23089538514614 15.297095730900763 5.9959917664527884 13.997036233544348 35.166932553052902
leaf_count=466 36 199 70 1427 84 228 55 920 100 91 41 250 168 499 49 60 199 419 126 2248 46 43 123 25 17 337 51 20 54 126
internal_value=5.02328e-06 0.000590151 -0.0026334 0.00240227 -0.000294615 0.00414324 0.00574689 0.00631916 -0.00206482 -0.00104115 0.0146888 0.0026578 -0.00352495 0.00511748 -0.00180486 0.00427194 -0.0116604 -0.00588961 -0.0028901 -0.0020154 -0.0105466 -0.0073458 -0.0144153 -0.0195986 -0.0157437 -0.00646446 -0.0137933 -0.0188651 -0.00887664 -0.00486108
internal_weight=2857.81 2722.46 978.938 1743.52 683.633 1059.89 835.241 814.4 948.449 847.625 48.4363 447.488 126.887 320.601 224.648 97.2542 135.35 236.145 175.938 799.189 100.824 86.0056 60.2074 30.4884 20.841 127.394 123.608 59.1472 64.4611 50.464
internal_count=8577 8091 2863 5228 2135 3093 2419 2347 2768 2480 132 1383 418 965 674 288 486 752 545 2348 288 242 207 95 72 386 450 219 231 177
is_linear=0
shrinkage=0.03


Tree=14
num_leaves=31
num_cat=0
split_feature=48 48 48 5 118 92 93 116 119 17 60 39 36 0 61 31 60 60 75 94 70 58 23 23 117 85 89 58 83 83
split_gain=248.927 62.6995 43.333 19.5136 14.3117 14.1189 10.8034 10.6834 9.35519 8.77586 9.80473 8.22444 7.94651 7.12453 9.87 7.08855 6.68628 7.63234 6.65611 6.04787 9.27643 11.1206 6.40353 5.77527 9.08236 5.55492 4.86499 7.75404 5.32672 4.82985
threshold=-10.980612734163968 -95.317053924325919 52.446357932930034 -1.3412698412698409 -0.59379629629629604 0.63297101449275373 0.28120941558441542 0.95000000000000007 0.10727513227513237 -0.052913752913752908 3.175397023364098 1.5000000000000002 -1.4999999999999998 0.73030303030303034 6.8961885146852913 1.6125000000000003 2.9953271028037389 2.858448822841877 2.1464285714285718 0.35795018514793236 1.5227272727272729 0.25299102989240646 -0.34935897435897428 0.28452380952380957 0.33095238095238094 0.20101010101010111 0.97500000000000009 0.26265441512886994 0.031818181818181752 1.2922979797979799
decision_type=2 2 2 2 2 2 2 2 2 2 2 2 2 2 2 2 2 2 2 2 2 2 2 2 2 2 2 2 2 2
left_child=1 4 8 23 -1 6 12 9 19 15 -11 13 -5 -6 -15 18 17 -7 -4 20 22 -22 -2 24 -3 -17 28 -28 -13 -9
right_child=2 3 7 5 11 16 -8 29 -10 10 -12 26 -14 14 -16 25 -18 -19 -20 -21 21 -23 -24 -25 -26 -27 27 -29 -30 -31
leaf_value=0.027316022083815582 0.026976197638617805 -0.015103936839294309 -0.0012317071017331953 0.010153771341564569 0.024623404164003226 0.012883667016785238 -0.010256428537270221 -0.022998577779215493 -0.0070653740344178324 -0.0077841292551131128 0.020163458623582264 -0.0024665681549412579 0.0019907301878319202 0.01024129634442263 -0.020626726686004675 0.0077740553086067211 0.025700515297160054 -0.018271644129847928 -0.016926822601489221 -0.01380199108675703 0.0022376553353540846 0.031724670602947994 -0.0023428811988628175 0.031369926092821535 0.023373893276193016 -0.016801232124098613 0.017930144920393302 0.039759530805436386 0.019273318326431501 0.0041554909188098715
leaf_weight=129.51011806726456 5.8240159451961508 7.4773164987564114 27.0194061845541 131.71270881593227 28.397155493497849 47.346304997801781 54.09090481698513 133.32361260056496 477.80406591296196 85.127202644944191 11.990294471383093 12.949840277433394 574.18566812574863 141.71387414634228 8.9964176118373853 21.71382674574852 33.193315967917442 7.3181672245264044 308.60452276468277 29.945231959223747 37.43106809258461 15.899974793195723 354.95923548936844 29.331192284822464 15.075209200382231 12.001990273594854 41.817309349775314 25.729689985513687 39.425760060548782 5.6776372939348212
leaf_count=339 16 21 87 374 76 133 163 488 1489 263 37 34 1645 389 26 66 96 19 1039 93 110 46 1057 80 42 38 114 69 109 19
internal_value=-3.81973e-06 0.00948931 -0.00826251 0.00497641 0.0189237 0.00386432 0.00253294 -0.014494 -0.0041553 -0.0122546 -0.00413276 0.0152 0.00353032 0.0109892 0.00825509 -0.0143652 0.0151892 0.00840556 -0.0156796 -0.00100851 -4.51504e-05 0.0115062 -0.00178804 0.0226759 0.0103895 -0.00111969 0.0213212 0.0267478 0.0138964 -0.0218463
internal_weight=2855.59 1328.27 1527.32 899.731 428.54 847.847 759.989 605.458 921.864 466.457 97.1175 299.03 705.898 179.107 150.71 369.34 87.8578 54.6645 335.624 444.06 414.114 53.331 360.783 51.8837 22.5525 33.7158 119.923 67.547 52.3756 139.001
internal_count=8577 3729 4848 2573 1156 2430 2182 2037 2811 1530 300 817 2019 491 415 1230 248 152 1126 1322 1229 156 1073 143 63 104 326 183 143 507
is_linear=0
shrinkage=0.03


Tree=15
num_leaves=31
num_cat=0
split_feature=48 48 120 5 121 92 121 94 92 94 17 94 71 61 9 6 74 13 29 59 48 31 53 82 46 97 1 118 95 5
split_gain=227.15 69.1279 42.7793 15.7667 15.3102 14.2994 12.1415 9.77928 9.57149 8.08985 7.55501 7.52358 7.44805 7.10834 6.8263 6.52545 8.41303 6.35106 5.94453 5.78568 5.50539 5.37811 5.34734 5.19264 5.11174 6.33176 5.71959 5.34783 4.77392 4.76351
threshold=34.403079269796429 -28.661921005916835 0.87083333333333357 -0.86282051282051253 0.67261904761904778 -0.19047619047619022 1.3363095238095242 0.037747802886132498 0.03321382159101461 0.31523777012901127 -0.25277777777777771 -0.20409594876796025 0.43650793650793657 4.6867395546766826 0.86190476190476206 1.7416666666666669 3.4641025641025647 0.16025641025641027 0.50892857142857173 0.32788101376660023 -109.45244645371564 1.1339285714285716 1.9000000000000001 0.59595959595959602 1547.773884694722 -0.25534937882280001 1.1742424242424245 1.0000000180025095e-35 -0.12352260407452002 0.87083333333333357
decision_type=2 2 2 2 2 2 2 2 2 2 2 2 2 2 2 2 2 2 2 2 2 2 2 2 2 2 2 2 2 2
left_child=1 3 6 -1 10 14 24 -8 9 13 21 -12 -13 -6 -4 16 19 -11 22 -7 -5 -3 -10 -16 26 -26 28 -28 -2 -22
right_child=2 4 5 20 8 15 7 -9 18 17 11 12 -14 -15 23 -17 -18 -19 -20 -21 29 -23 -24 -25 25 -27 27 -29 -30 -31
leaf_value=-0.016773104140507904 0.0035071656741914843 0.0025274475188611827 0.028356101962889027 -0.013499204661630673 -0.0041279414682865827 0.0041121288887993159 0.0037553642324702806 0.022317726807247244 0.00067564763669359176 -0.0026399164383175073 -0.0090018101767607855 0.019672815502778055 -0.002183908504176644 0.009086235697338612 0.020602334833706978 -0.014788444746084208 0.031153897532063917 0.026066690081965608 0.0059916750022308597 0.028688130843475559 -0.0075453756011141437 0.028507362145093407 -0.014439658204359032 -0.0091860136734315378 -0.0015806143348212345 0.012088287465206279 -0.0086929033860655945 0.0058931995816454931 0.016290873970316064 0.010531782632620109
leaf_weight=299.25567135214806 121.76731351017952 23.084831401705742 186.24285557866096 159.31990678608418 47.323917225003242 51.514159590005875 38.25089730322361 81.646424621343613 43.908046439290047 8.2322283387184125 165.08626678586006 13.544795006513594 386.36231954395771 150.44471137225628 12.493494659662248 6.7469675838947287 19.12161585688591 33.532875552773476 57.644703522324562 9.5988602042198163 553.02161537110806 9.7614714950323087 38.71699433028698 7.7221515178680411 37.287582784891129 153.15499909222126 56.932733535766602 36.00265209376812 33.231453195214272 12.463059857487677
leaf_count=865 364 69 624 465 136 154 114 268 131 24 474 45 1145 470 41 17 66 113 178 33 1619 34 105 21 107 477 160 110 108 40
internal_value=-1.54123e-06 -0.00552382 0.0129647 -0.0109671 0.00018019 0.0222309 0.0080578 0.0165006 0.00488596 0.00852009 -0.00280751 -0.00363061 -0.00138892 0.00590427 0.0265468 0.0117673 0.0141919 0.0204088 -0.00131506 0.00842024 -0.00854597 0.0109511 -0.00645928 0.00918547 0.00570954 0.00940205 0.00283483 -0.00300781 0.00635406 -0.00712378
internal_weight=2853.42 2001.7 851.714 1024.06 977.643 293.44 558.274 119.897 379.803 239.534 597.84 564.993 399.907 197.769 206.459 86.9816 80.2346 41.7651 140.27 61.113 724.805 32.8463 82.625 20.2156 438.377 190.443 247.934 92.9354 154.999 565.485
internal_count=8577 5913 2664 2989 2924 956 1708 382 1157 743 1767 1664 1190 606 686 270 253 137 414 187 2124 103 236 62 1326 584 742 270 472 1659
is_linear=0
shrinkage=0.03


Tree=16
num_leaves=31
num_cat=0
split_feature=118 59 94 47 19 63 58 32 32 49 71 82 2 64 93 53 84 8 93 84 27 85 4 61 57 75 74 79 23 1
split_gain=23.8291 11.9732 11.7803 9.90487 10.7452 9.14974 7.85908 7.62662 7.5801 7.55612 7.49857 7.46704 7.33727 7.05801 6.95538 6.90027 6.89397 5.89991 5.73808 5.70071 8.0819 5.67094 5.72342 5.26405 7.41281 4.91335 4.85302 4.78917 4.62289 4.37427
threshold=-0.39944598337950116 0.29542749523473444 0.19888625395311094 1464.7929186065978 0.48333333333333339 1.4472222222222224 0.29682287911559729 1.8446428571428575 -1.5690476190476186 0.37394594062461523 2.7638888888888893 0.83585858585858608 -0.20000000000000001 1.3944444444444446 0.68973665223665237 2.7083333333333335 -1.3282828282828281 0.60000000000000031 0.31322553558460425 0.55178571428571443 0.73214285714285732 -0.54067460317460303 1.1909090909090911 6.600550308970857 0.4109482020547946 2.6485294117647062 2.1846590909090913 0.48684210526315791 -0.066666666666666666 0.21111111111111114
decision_type=2 2 2 2 2 2 2 2 2 2 2 2 2 2 2 2 2 2 2 2 2 2 2 2 2 2 2 2 2 2
left_child=1 5 3 12 17 14 11 9 -6 -4 16 13 21 -7 25 -10 -11 18 -5 29 -21 22 -2 24 -14 -1 -25 -23 -19 -3
right_child=2 19 7 4 8 6 -8 -9 15 10 -12 -13 23 -15 -16 -17 -18 28 -20 20 -22 27 -24 26 -26 -27 -28 -29 -30 -31
leaf_value=-0.0038886467106700805 0.0068110659746360921 0.0058284387300785601 -0.017782034575802744 -0.001495854104743504 -0.0086468123523526109 0.01725718426496033 0.030705647232568047 -0.02150967715347326 0.0056847401034366453 -0.018657411148686787 0.023465605801067109 0.024570609173567886 -0.0095830691097408809 -0.0075361878293493546 0.014888597072422769 -0.00068790255471631759 -0.00094289274255442027 0.0040743001236615674 0.013104204519671786 -0.014541664695069482 0.011171950773759839 -0.00718005564663079 0.035981590153597073 0.0091007369056632561 0.0075857163156521825 -0.022372358552991804 -0.0091104063114178634 0.013478574442203657 -0.013722790147001493 -0.01133517713352793
leaf_weight=35.622449353337288 10.456735432147982 13.195743054151533 25.030868738889694 495.75526039302349 43.802044332027435 13.037225514650343 11.113620042800902 17.846812039613724 586.25611278414726 19.737254217267036 9.8605742603540403 11.858583763241766 23.744880631566048 38.053433641791344 10.255228370428084 205.40563340485096 444.50474931299686 16.109909579157829 24.44801951944828 17.21079283952713 26.739784732460976 12.534329801797865 16.774573892354965 17.920398265123367 264.58519768714905 20.3193628937006 42.048790290951729 39.521157920360565 57.761946976184845 285.76746408641338
leaf_count=116 31 41 75 1459 128 33 27 67 1712 65 26 31 75 109 32 600 1402 43 71 51 77 38 42 51 776 75 135 109 170 910
internal_value=7.61407e-06 -0.00605713 0.00124519 0.0023609 0.00115813 0.00130276 0.00851058 -0.00275375 0.00335103 -0.00203545 -0.0011621 0.00412628 0.00636302 -0.000942031 -0.00672353 0.00402872 -0.00174096 -0.00192121 -0.000780113 -0.00907125 0.000936412 0.0145675 0.0255245 0.00445039 0.00613321 -0.01093 -0.00355921 0.00840611 -0.00979897 -0.0105507
internal_weight=2857.28 483.174 2374.11 1857.12 1429.54 140.26 74.0629 516.98 835.464 499.133 474.103 62.9492 427.586 51.0907 66.197 791.662 464.242 594.075 520.203 342.914 43.9506 79.2868 27.2313 348.299 288.33 55.9418 59.9692 52.0555 73.8719 298.963
internal_count=8577 1502 7075 5440 4183 423 200 1635 2440 1568 1493 173 1257 142 223 2312 1467 1743 1530 1079 128 220 73 1037 851 191 186 147 213 951
is_linear=0
shrinkage=0.03


Tree=17
num_leaves=31
num_cat=0
split_feature=48 48 48 116 6 118 116 97 53 19 17 60 21 121 69 92 57 48 75 71 48 31 94 67 3 118 9 46 116 38
split_gain=234.528 58.8397 41.593 18.1654 14.0665 13.3952 10.4313 10.1252 9.8683 9.1479 8.46521 9.39633 8.31197 8.26084 8.44596 9.22045 7.75107 7.00746 6.90365 6.71272 6.71155 6.5104 6.09781 8.31314 7.61328 6.36321 6.0586 8.80686 5.91651 5.41257
threshold=-10.980612734163968 -95.317053924325919 52.446357932930034 -0.90384615384615363 2.4833333333333338 -0.59379629629629604 0.95000000000000007 0.25163613403073465 1.9000000000000001 0.48333333333333339 -0.052913752913752908 3.175397023364098 0.32051282051282054 0.61507936507936523 1.1742424242424245 -0.064422313797313877 0.44753592390204416 -175.44621511550108 2.1464285714285718 1.1909090909090911 -136.70194279961524 1.6125000000000003 -0.11660466751799815 0.9545454545454547 1.4365079365079367 -0.32475761772853179 0.24038461538461542 1444.92039268331 0.45119047619047636 1.0000000180025095e-35
decision_type=2 2 2 2 2 2 2 2 2 2 2 2 2 2 2 2 2 2 2 2 2 2 2 2 2 2 2 2 2 2
left_child=1 5 13 12 7 -1 10 9 26 -5 18 -12 16 22 15 28 -3 -10 -4 -14 -19 -20 24 -24 25 -2 27 -7 -15 -21
right_child=2 3 6 4 -6 8 -8 -9 17 -11 11 -13 19 14 -16 -17 -18 20 21 29 -22 -23 23 -25 -26 -27 -28 -29 -30 -31
leaf_value=0.026354556829297521 0.029396596495318495 -0.0071202417214584583 0 0.0070046646979385037 0.023264554261338659 -0.0055543512494384091 -0.021504526890293987 -0.012654821058398396 0.030938082807200173 0.00019761603199614631 -0.0075923307216821901 0.019706362885676492 -0.00099158671140167588 -0.0040614538207616674 -0.010860829967165531 0.0051109895104662012 0.016960696431240641 0.0073748210406534842 -0.016604988808921268 0.031126944995288102 0.019313860110545544 -0.0020790567186936399 -0.015406724734898732 -0.001617407998014451 0.026335731269974356 0.00019890386200300747 -0.0030975537451971721 0.026373353530587951 -0.019380991608006177 0.0066373251023869508
leaf_weight=130.68578639626503 6.0620584040880194 21.046316206455231 29.206059128046036 314.86484222114086 29.234053432941437 11.872078627347948 137.36983826756477 37.272907733917236 31.464976519346237 408.44716408848763 84.781414985656738 12.063718810677527 8.8587008118629438 103.06679806113243 235.01041653752327 83.829802066087723 25.479998603463173 66.04774734377861 305.84243674576283 45.701851055026054 132.9541118144989 31.398112624883652 45.485599994659424 263.45255570113659 11.159523814916609 142.93262001872063 39.122516483068466 19.380988210439682 28.724969029426575 10.998346149921415
leaf_count=339 17 58 94 910 83 31 507 116 83 1163 263 37 23 318 745 250 68 176 1039 124 367 97 144 791 31 417 107 53 98 28
internal_value=-5.03143e-06 0.00917354 -0.00805768 0.00480026 0.00318086 0.0182746 -0.0141939 0.00237545 0.0146791 0.00317051 -0.0119781 -0.0039945 0.016056 -0.00403587 -0.00693367 -0.00260915 0.00608387 0.0176787 -0.0140632 0.0228902 0.015423 -0.0152716 -0.0012369 -0.00370048 0.00349019 0.00159492 0.00470381 0.0143558 -0.00754386 0.026626
internal_weight=2853.82 1333.43 1520.39 901.904 789.819 431.528 600.662 760.585 300.842 723.312 463.292 96.8451 112.085 919.724 450.632 215.622 46.5263 230.467 366.447 65.5589 199.002 337.241 469.092 308.938 160.154 148.995 70.3756 31.2531 131.792 56.7002
internal_count=8577 3729 4848 2573 2272 1156 2037 2189 817 2073 1530 300 301 2811 1411 666 126 626 1230 175 543 1136 1400 935 465 434 191 84 416 152
is_linear=0
shrinkage=0.03


Tree=18
num_leaves=31
num_cat=0
split_feature=119 48 48 9 116 2 75 62 2 118 67 2 68 61 32 89 35 29 29 59 84 2 116 72 57 31 117 22 84 62
split_gain=226.412 55.9728 37.0001 17.328 16.2174 12.2569 10.1682 9.94085 8.26077 7.81757 7.27877 7.25441 6.87904 6.44943 6.40004 6.27415 6.82195 8.70999 7.12651 5.78637 5.52519 6.72896 5.34208 5.51124 5.08815 5.0014 4.99017 11.609 4.88203 4.72859
threshold=0.23081418873353424 -28.661921005916835 119.44022561316582 0.51666666666666672 -0.66515151515151494 0.33333333333333326 2.9750000000000005 1.4868421052631582 -0.12916666666666662 -1.0424999999999998 1.720779220779221 -1.4967948717948714 1.3166666666666669 3.3497501700808394 1.3630952380952384 0.97500000000000009 -0.30178571428571421 1.7886904761904765 1.7182539682539686 0.32516020604752216 -0.59999999999999964 0.5358974358974361 0.85357142857142876 0.78888888888888908 0.47463857439962581 1.267857142857143 0.099999999999999936 1.0000000180025095e-35 -0.70353535353535335 0.91287878787878796
decision_type=2 2 2 2 2 2 2 2 2 2 2 2 2 2 2 2 2 2 2 2 2 2 2 2 2 2 2 2 2 2
left_child=1 4 3 8 -1 12 7 24 22 -5 -9 -6 -3 -11 28 -4 -17 18 -18 -15 21 -10 23 -2 -7 -22 27 -13 -8 -14
right_child=2 5 15 9 11 6 14 10 20 13 -12 26 29 19 -16 16 17 -19 -20 -21 25 -23 -24 -25 -26 -27 -28 -29 -30 -31
leaf_value=-0.015914797535696478 0.020246972851052376 0.00028929744113436823 -0.0017496332563009278 0.03227412878719825 -0.022798019746952027 -0.005789705826553521 0.0056527188556688528 0.025543756974866754 0.0073981414859831873 -0.0092883382213424688 -0.0016544660715047666 0.030799989008580244 -0.012795642301055048 0.010631513939397239 -0.0072992654162732226 0.030992307702861526 0.017155627466617453 0.033130693187129634 -0.010828052906500327 0.021052679871567309 0.0065310964484682184 0.023293793323329374 0.020699781985500838 -0.0054027722218319731 0.015466017575181994 -0.0051953738988741545 -0.0087244789678655003 -0.004442366713926788 0.026327219170796702 -0.0037651660594661728
leaf_weight=374.97639989852905 7.1080294996500006 366.40888683497906 9.100052595138548 20.546217709779739 27.801491916179657 89.135605052113533 15.823409616947172 21.335077524185181 72.493953123688698 10.340571343898771 14.154936969280241 8.0024467259645444 67.092413559556007 155.70610427856445 8.2079410254955274 71.855030119419098 108.50727185606956 31.803833991289139 8.0568370819091779 73.600535541772842 229.65389706194401 36.723408848047256 7.7921803295612326 103.84357570111752 10.394948765635489 37.093666955828667 464.14121156930923 125.78287796676159 35.30137026309967 238.53746026754379
leaf_count=1092 24 1101 26 71 77 256 48 72 221 29 41 29 188 480 23 243 343 109 21 240 697 121 26 298 34 106 1365 373 120 703
internal_value=-3.77366e-06 -0.00614194 0.0116318 0.00839961 -0.0109716 -0.000553923 0.00605787 0.00144702 0.0050769 0.014662 0.0148657 -0.0079838 -0.00247667 0.0130117 0.0163029 0.0221762 0.0231818 0.019197 0.0151202 0.0140663 0.00725254 0.012933 -0.00178954 -0.00356657 -0.00340816 0.00487591 -0.00725307 -0.0020992 0.0202171 -0.0057926
internal_weight=2851.32 1867.1 984.225 754.902 1000.7 866.392 194.353 135.021 494.709 260.193 35.49 625.728 672.039 239.647 59.3327 229.323 220.223 148.368 116.564 229.307 375.965 109.217 118.744 110.952 99.5306 266.748 597.927 133.785 51.1248 305.63
internal_count=8577 5522 3055 2313 2936 2586 594 403 1493 820 113 1844 1992 749 191 742 716 473 364 720 1145 342 348 322 290 803 1767 402 168 891
is_linear=0
shrinkage=0.03


Tree=19
num_leaves=31
num_cat=0
split_feature=118 48 59 87 84 95 57 53 85 0 36 74 68 82 60 23 70 72 75 6 120 6 75 25 64 60 65 4 83 82
split_gain=22.5255 14.9811 10.2974 9.72875 12.1443 9.42303 9.20894 8.36608 7.48458 8.29173 8.33028 6.82353 6.57894 6.27535 9.32411 9.06746 6.15523 6.09715 6.06654 5.85012 5.64931 5.75375 5.60594 5.25722 5.09385 6.10439 4.98789 7.14132 7.42981 4.72865
threshold=-0.59379629629629604 147.00991569821954 0.28801140684410648 1.5131578947368423 0.67171717171717193 0.14480658359680115 0.44002820874471088 5.1250000000000009 -0.51313131313131288 1.7071428571428573 2.5000000000000004 3.2426470588235299 1.6515151515151518 0.53434343434343456 3.275459290427905 0.12440476190476192 1.3166666666666669 2.5857142857142863 2.7029411764705888 1.591666666666667 0.58214285714285718 1.6794871794871797 2.6201923076923079 1.8333333333333337 1.0250000000000001 2.7067535287730728 0.94868421052631591 1.1380952380952383 0.42424242424242431 -0.30000000000000004
decision_type=2 2 2 2 2 2 2 2 2 2 2 2 2 2 2 2 2 2 2 2 2 2 2 2 2 2 2 2 2 2
left_child=2 3 6 8 5 12 16 -7 9 17 -11 23 -5 15 -15 -10 -1 -2 22 -20 21 -21 24 -6 25 -4 -8 -28 -29 -3
right_child=1 29 18 4 11 7 26 -9 13 10 -12 -13 -14 14 -16 -17 -18 -19 19 20 -22 -23 -24 -25 -26 -27 27 28 -30 -31
leaf_value=0.030974908746146532 0.0061048479686375955 0.0061112305872527278 0.020792455536431647 -0.013323711791896621 0.012126459917899995 -0.00013530920343639052 -0.019080368455333521 -0.019781038848491885 -0.0023482281072342336 -0.0085355940821700421 0.012831817009830373 0.030156867765327163 0.0027257197122350103 0.0054995867661916577 -0.018042384004423446 0.0050487074543426524 -0.0021730804261329527 0.019888855568396629 -0.019108843481103522 0.0042917547559372634 0.012195931372583329 -0.013748013739394726 0.014907994430062424 -0.013869522803816937 -0.017877161408524262 -0.0087424667709726147 -0.013963823102094063 0.025991431701813072 -0.010535263397778973 -0.015668705694636447
leaf_weight=12.937430962920191 442.07121370732784 9.7319069951772672 8.9643828123807925 99.423428356647491 25.945926323533058 603.76094728708267 13.647883802652357 19.173467308282852 547.1088592261076 63.549346089363098 20.988225907087326 13.836460590362547 29.041125223040581 345.50489601492882 14.819738924503325 203.84485355019569 7.4515675902366629 30.447504907846451 79.412223845720291 18.770407736301422 10.028181105852125 84.35929037630558 12.996247738599775 8.4506090432405454 19.539479583501816 16.047918409109116 14.041660174727438 12.916695863008501 6.9965000748634329 60.765001818537712
leaf_count=31 1280 31 26 313 71 1760 41 61 1670 207 64 35 86 1035 48 584 26 81 284 53 30 250 38 26 59 57 51 33 23 223
internal_value=1.2909e-05 0.000957976 -0.00749854 0.00135074 -0.0013663 -0.00231262 0.00278712 -0.000775533 0.00265486 0.00549142 -0.00310762 0.0130625 -0.00967932 0.0012266 0.00447578 -0.000332312 0.0191848 0.0070395 -0.0103065 -0.012852 -0.0083058 -0.0104261 -0.00166339 0.00544356 -0.00678447 0.00211989 -0.00442478 0.00175742 0.0131242 -0.0125767
internal_weight=2856.57 2538.46 318.11 2467.97 799.632 751.399 67.9917 622.934 1668.33 557.056 84.5376 48.233 128.465 1111.28 360.325 750.954 20.389 472.519 250.118 192.57 113.158 103.13 57.548 34.3965 44.5518 25.0123 47.6027 33.9549 19.9132 70.4969
internal_count=8577 7575 1002 7321 2352 2220 205 1821 4969 1632 271 132 399 3337 1083 2254 57 1361 797 617 333 303 180 97 142 83 148 107 56 254
is_linear=0
shrinkage=0.03


Tree=20
num_leaves=31
num_cat=0
split_feature=119 48 48 118 118 19 2 29 29 53 32 57 93 43 84 58 119 12 57 90 47 62 90 82 58 96 58 8 93 42
split_gain=222.311 58.2494 34.9176 19.0134 12.6727 11.6994 10.2378 10.165 9.08451 8.85643 8.24462 12.1786 8.15777 7.99766 9.14446 7.39311 6.85113 8.0098 6.62459 6.59709 6.56531 6.20179 6.13752 5.7515 5.74378 7.28811 5.68585 5.52624 5.49425 5.29511
threshold=-0.071428571428571327 -95.317053924325919 52.446357932930034 -0.245 -0.59379629629629604 0.48333333333333339 0.30839160839160845 0.36607142857142866 -1.5624999999999996 1.9000000000000001 -0.089285714285714232 0.42572269275120289 0.25185185185185172 1.0000000180025095e-35 0.64823232323232338 0.24816847359381713 0.34713669950738923 0.34523809523809529 0.42219105501012938 -0.056797141963045743 1575.8658429574714 1.0801282051282053 -0.37836104006820126 0.4656565656565656 0.23613135730482673 -0.30360268150718983 0.27129721260102263 0.36515151515151517 0.24518518518518531 1.0000000180025095e-35
decision_type=2 2 2 2 2 2 2 2 2 2 2 2 2 2 2 2 2 2 2 2 2 2 2 2 2 2 2 2 2 2
left_child=1 4 7 15 -1 8 19 16 -5 -6 -7 -12 -10 14 -11 -3 17 29 -19 23 -17 -18 -9 -4 25 -21 -15 -8 -23 -2
right_child=2 3 6 5 9 10 27 22 12 13 11 -13 -14 26 -16 20 21 18 -20 24 -22 28 -24 -25 -26 -27 -28 -29 -30 -31
leaf_value=0.025395269590701014 0.00046288288719464172 0.019229218822898565 0.014763905152449047 0.029194002884974202 0.0044683036993457374 0.0029830184366734743 -0.016853323211971315 -0.021323761037766696 0.0070395075209602372 0.02056133866723537 0.010394474667179618 -0.0081611511309238327 -0.01064580545683309 -0.0035351670219015661 -0.011716121138911691 0.0099323409625246082 0.010799050414130677 0.0059671319503484697 -0.012525587670031056 0.024704623080401542 -0.015489940398683953 -0.0060456908122596019 -0.0073198873094842271 -0.01300529677911561 -0.013571099524938112 -0.0094986741158872619 0.023443196907063084 0.0033072713401021557 -0.020648415418670674 0.010383540527270507
leaf_weight=131.81106948852539 238.80457201600075 93.415450736880302 19.602117985486988 14.65969544649124 68.699822634458542 275.81502903997898 428.64489947259426 31.120138272643089 303.10520678758621 187.15906420350075 37.76664125919342 176.5011972784996 24.430781677365303 26.308882683515549 7.511332392692565 58.293447479605675 14.283696934580801 22.668685242533684 65.745417430996895 7.9666350483894375 9.8097336888313276 106.92993524670601 280.2536886036396 8.9530347883701307 87.46218329668045 13.909942939877508 8.446563392877577 12.031800508499144 29.629146665334702 60.008844718337059
leaf_count=339 712 256 58 39 186 785 1507 96 868 504 112 529 69 73 18 161 45 72 199 26 25 331 880 27 280 45 23 40 95 177
internal_value=-8.10608e-06 0.00837666 -0.00836984 0.00437305 0.0175924 0.0025325 -0.0140514 -0.00448457 0.00678094 0.0140591 -0.00043559 -0.00484353 0.00568285 0.0168861 0.0192471 0.0137647 -0.00197415 0.00013574 -0.00773694 -0.00681031 0.00605588 -0.00737542 -0.00879289 0.00581034 -0.0101563 0.0033612 0.00340972 -0.0162898 -0.00936292 0.00249318
internal_weight=2851.75 1423.73 1428.01 993.797 429.937 832.279 578.571 849.444 342.196 298.126 490.083 214.268 327.536 229.426 194.67 161.519 538.07 387.228 88.4141 137.894 68.1032 150.843 311.374 28.5552 109.339 21.8766 34.7554 440.677 136.559 298.813
internal_count=8577 3987 4590 2844 1143 2402 1983 2607 976 804 1426 641 937 618 522 442 1631 1160 271 436 186 471 976 85 351 71 96 1547 426 889
is_linear=0
shrinkage=0.03


Tree=21
num_leaves=31
num_cat=0
split_feature=119 48 48 0 116 121 71 95 8 96 60 29 121 70 67 51 54 21 13 48 69 78 4 38 48 69 64 65 67 29
split_gain=212.814 53.3187 34.479 15.7329 15.6834 13.807 9.62189 8.33117 7.8011 8.01899 7.31411 8.41754 6.98732 6.22268 8.10315 6.18671 6.02572 5.98086 5.79894 6.70378 5.58709 5.46829 6.08678 6.00519 5.41157 5.38973 5.37819 7.81369 5.13659 6.02691
threshold=0.23081418873353424 -28.661921005916835 114.77860569863311 1.7416666666666669 -0.66515151515151494 0.86190476190476206 1.2111111111111115 -0.040064205457464051 -0.5079365079365078 0.039033592106217811 2.6318217274145517 0.23273809523809522 1.1091269841269844 1.1909090909090911 1.4772727272727275 0.45000000000000007 2.8750000000000004 0.29285714285714287 0.12916666666666668 28.22633153634661 1.1055555555555558 0.47213622291021679 0.60769230769230786 1.0000000180025095e-35 -109.45244645371564 1.2111111111111115 1.297058823529412 1.7182539682539686 0.9545454545454547 0.81547619047619058
decision_type=2 2 2 2 2 2 2 2 2 2 2 2 2 2 2 2 2 2 2 2 2 2 2 2 2 2 2 2 2 2
left_child=1 4 3 15 -1 17 8 10 9 -7 20 -12 28 -8 -15 21 26 -3 -9 -20 -5 23 -23 -2 -6 -10 27 -14 -4 -30
right_child=2 5 12 7 24 6 13 18 25 -11 11 -13 16 14 -16 -17 -18 -19 19 -21 -22 22 -24 -25 -26 -27 -28 -29 29 -31
leaf_value=-0.015605982897889312 -0.011194202928211125 -0.00023719984680883158 0.02344762355930631 -0.0049051229704031437 -0.013799460165558858 0.029736126992076096 0.0034342570316807297 -0.0026109156620158979 -0.0073454510060102177 -0.00030582416810137267 0.0024289687095912049 0.028469144133688191 0.018032320910880386 0.035878540914148181 0.011109015339542318 -0.0012958923829776393 0.034587442047401239 -0.0062675434465930789 0.0010908814625215505 0.016692770101261238 0.01956480998524741 0.022276159808300545 0.0067069078899925577 0.012181867728671773 -0.0064417005971871763 0.0051228745342071355 0.0076539507812639594 0.035716900124676029 0.014977989600708144 -0.0068416734419445803
leaf_weight=371.58315604925156 28.540677025914192 314.32600934803486 23.414610326290131 16.358923405408863 111.02485054731369 13.989876732230188 46.297722652554512 30.349302157759666 83.655863747000694 16.680171847343445 13.749837666749952 71.320548862218857 83.123361051082611 16.21911059319973 45.783407792448997 117.57108862698078 39.978644132614136 280.73319436609745 36.341126784682274 81.006563037633896 15.31189653277397 24.048722803592682 289.11058548092842 13.832497775554655 511.84257136285305 48.273077398538589 25.474729508161545 33.91440686583519 26.548471868038177 18.427201420068741
leaf_count=1092 78 943 77 46 327 49 140 87 238 49 40 240 262 58 144 344 138 818 107 257 50 80 877 44 1517 147 76 118 84 50
internal_value=-5.95106e-06 -0.00598294 0.0112356 0.00794214 -0.0107188 -0.000534865 0.00506388 0.013798 0.00041515 0.0138091 0.0198038 0.0243723 0.0208357 0.0119483 0.0181027 0.00464051 0.023941 -0.00309293 0.00892958 0.0119365 0.00707027 0.00661016 0.00797918 -0.00338912 -0.00777803 -0.00275648 0.0207132 0.0234414 0.0122808 0.00601853
internal_weight=2848.83 1860.41 988.423 737.542 994.451 865.958 270.899 264.438 162.599 30.67 116.741 85.0704 250.881 108.3 62.0025 473.104 182.491 595.059 147.697 117.348 31.6708 355.532 313.159 42.3732 622.867 131.929 142.512 117.038 68.3903 44.9757
internal_count=8577 5522 3055 2250 2936 2586 825 827 483 98 376 280 805 342 202 1423 594 1761 451 364 96 1079 957 122 1844 385 456 380 211 134
is_linear=0
shrinkage=0.03


Tree=22
num_leaves=31
num_cat=0
split_feature=48 63 11 60 20 96 121 121 121 84 8 29 90 73 33 43 62 33 29 58 35 19 58 82 96 35 12 90 25 61
split_gain=18.9172 15.0844 8.34083 8.64721 8.36529 8.14713 10.0205 7.95076 7.89332 13.5487 6.74791 6.42461 5.56239 5.39185 6.57301 5.39152 5.57561 5.37336 5.35155 5.29327 5.43317 5.01735 6.95431 4.42293 4.3144 4.31434 4.97016 4.24376 3.97151 5.82124
threshold=147.00991569821954 1.5131578947368423 0.33750000000000008 2.5560058561800698 0.061111111111111123 -0.10040001966630067 0.30654761904761907 1.6267857142857147 -1.1636904761904758 0.67171717171717193 0.46969696969696978 0.93253968253968267 0.82349498327759219 0.58571428571428574 1.2672619047619051 1.0000000180025095e-35 0.94868421052631591 -0.81249999999999989 0.44642857142857156 0.27206974743920564 0.10813492063492071 0.51666666666666672 0.29004541790369837 1.3686868686868687 0.041981522730170223 -0.17857142857142855 0.19090909090909094 0.18948992852501614 1.1666666666666667 6.3604381731226871
decision_type=2 2 2 2 2 2 2 2 2 2 2 2 2 2 2 2 2 2 2 2 2 2 2 2 2 2 2 2 2 2
left_child=1 2 4 25 5 7 -7 -1 19 13 11 -6 18 14 -10 16 -11 -15 -5 -3 -21 22 -2 27 -12 -4 -27 -23 -29 -30
right_child=21 8 3 12 10 6 -8 -9 9 15 24 -13 -14 17 -16 -17 -18 -19 -20 20 -22 23 -24 -25 -26 26 -28 28 29 -31
leaf_value=0.0016461382143539828 -0.020142729036111664 -0.013765582672901551 0.02537888625072196 0.014623395379458119 0.0028101844139331164 0.0022850307731781309 0.0087200473809668014 -0.013957145773285551 -0.00042662878465713405 -0.0045736264864998785 0.0015823264304598492 -0.0094667051136629963 -0.021950247719010316 0.0079432081672407787 0.024600188443630228 -0.0025733370711556358 0.024849370379168855 -0.0035359247020892411 -0.0071957248823836745 0.013337262830820821 -0.016390634637727618 0.012823996048134941 0.013956602959647221 0.018643702042165616 -0.015413405255554085 -0.0099973783400864411 0.018178211268129411 -0.016316654026808066 0.017268500901884934 -0.012686408170407422
leaf_weight=355.10190869867802 57.493125647306442 80.901524022221565 9.5449137985706347 10.284148961305617 222.03773561120033 427.21002794802189 448.71944190561771 31.025636121630669 27.105791509151459 6.5980553478002539 18.711481153964996 45.296557411551476 20.151781141757965 37.524701133370399 13.285671412944792 13.085947722196577 29.684673115611076 744.65798522531986 95.774065539240837 14.324743941426279 7.6352218985557547 7.1451804339885703 5.1245483905076972 5.3403443396091452 42.766127079725266 12.559610381722452 8.6143171489238721 35.993450313806534 9.0085380822420138 13.009226500988005
leaf_count=1086 218 239 27 30 660 1230 1288 109 79 19 54 146 77 105 36 38 77 2211 326 37 22 23 16 16 130 41 24 137 28 48
internal_value=1.84709e-05 0.000561147 0.00222928 -0.00434249 0.00288175 0.0039921 0.00559115 0.000351839 -0.00242591 -0.00148881 -0.00137016 0.000691307 -0.00782669 -0.00241404 0.00812823 0.0136096 0.0194391 -0.00297195 -0.00493514 -0.0102499 0.00260686 -0.01098 -0.0171294 -0.00531272 -0.01025 0.00967339 0.00163302 -0.00757372 -0.0103117 -8.2298e-05
internal_weight=2855.72 2722.6 1747.8 156.929 1590.87 1262.06 875.929 386.128 974.804 871.943 328.812 267.334 126.21 822.574 40.3915 49.3687 36.2827 782.183 106.058 102.861 21.96 133.114 62.6177 70.4967 61.4776 30.7188 21.1739 65.1564 58.0112 22.0178
internal_count=8577 8091 5228 525 4703 3713 2518 1195 2863 2565 990 806 433 2431 115 134 96 2316 356 298 59 486 234 252 184 92 65 236 213 76
is_linear=0
shrinkage=0.03


Tree=23
num_leaves=31
num_cat=0
split_feature=119 48 48 2 48 2 29 34 8 4 92 60 19 46 72 119 12 92 57 94 62 0 74 14 80 84 73 46 8 93
split_gain=209.583 54.5909 33.465 17.0373 10.8721 9.87634 9.70247 8.56022 8.34618 9.93845 8.17412 8.70191 7.63396 7.33766 6.64024 6.52679 7.73953 6.44079 6.39437 6.24737 5.97081 5.93211 5.49344 6.35611 5.42352 5.56267 6.12702 5.40026 5.35943 5.35422
threshold=-0.071428571428571327 -87.58711565388181 52.446357932930034 -1.3315018315018312 -198.85459937119251 0.30839160839160845 0.36607142857142866 2.5089285714285716 -0.14194139194139185 1.1291666666666669 0.63297101449275373 3.2086031452358932 0.48333333333333339 1469.1503145506156 1.6833333333333336 0.34713669950738923 0.34523809523809529 -0.12548637479987609 0.42219105501012938 -0.24095633470210423 1.0801282051282053 1.4226190476190479 2.6282894736842111 0.20856227106227107 19.500000000000004 -0.34136002886002875 0.73863636363636376 1412.2851816452205 0.36515151515151517 0.24518518518518531
decision_type=2 2 2 2 2 2 2 2 2 2 2 2 2 2 2 2 2 2 2 2 2 2 2 2 2 2 2 2 2 2
left_child=1 4 6 24 -1 13 15 10 14 27 12 -12 -5 -4 -6 16 17 -2 -18 -8 -17 -11 23 -21 25 -3 -27 -10 -7 -22
right_child=2 3 5 7 8 28 19 -9 9 21 11 -13 -14 -15 -16 20 18 -19 -20 22 29 -23 -24 -25 -26 26 -28 -29 -30 -31
leaf_value=0.027605959467924029 0.0090046441186985189 0.032581656222658434 0.019201866029459603 0.0060090694833310424 -0.013666353601491113 -0.016531707446540738 -0.01963750565501797 -0.010750351622713195 0.014759036986310691 0.019051847752370264 0.0076173865928845516 0.033714343493955627 -9.8057571963084235e-05 -0.0084472340190412543 0.013312385569210453 0.010600990301415866 0.0058299811029415838 -0.00047845637163643819 -0.012333654850644984 0.00067511385749365331 -0.0058863878737127739 0.0086883239614674798 -0.010514578454577385 -0.021651074190738567 -0.0039808956616559556 -0.0048878754078392405 0.019988485986918488 -0.008985417400314024 0.0033212382455805115 -0.020355571901057669
leaf_weight=67.133513510227203 92.258170127868652 22.271512985229492 8.2590904086828214 311.90193191170692 15.873075157403948 424.44200891256332 39.648716822266579 39.461582660675049 13.077911913394926 282.89152100682259 62.132258653640747 13.579465463757513 445.53168641030788 129.09734819829464 14.979002088308333 14.327719062566755 22.718045890331268 206.71624495089054 65.460281506180763 101.67642699182034 106.57936845719814 64.769820690155029 156.73325674235821 11.901240289211271 8.8021462559699994 11.344426915049551 33.263122200965881 21.224878132343292 12.028208568692206 29.355519995093346
leaf_count=170 276 59 25 892 43 1507 120 111 36 752 174 38 1294 411 40 45 72 613 199 321 331 174 500 35 25 34 87 58 40 95
internal_value=-1.15093e-05 0.00810071 -0.00816596 0.00391626 0.0163368 -0.0137575 -0.00436418 0.00271739 0.0144346 0.0156442 0.003371 0.0127157 0.00241743 -0.00663627 -0.000466995 -0.0019125 0.000144147 0.00245812 -0.00760748 -0.0085855 -0.00719721 0.0171602 -0.00688696 -0.0018067 0.0174845 0.0203709 0.0136278 0.000143802 -0.0159714 -0.00915879
internal_weight=2849.44 1428.24 1421.2 948.288 479.95 573.827 847.375 872.607 412.816 381.964 833.145 75.7117 757.434 137.356 30.8521 537.415 387.153 298.974 88.1783 309.96 150.263 347.661 270.311 113.578 75.6812 66.8791 44.6075 34.3028 436.47 135.935
internal_count=8577 3987 4590 2714 1273 1983 2607 2509 1103 1020 2398 212 2186 436 83 1631 1160 889 271 976 471 926 856 356 205 180 121 94 1547 426
is_linear=0
shrinkage=0.03


Tree=24
num_leaves=31
num_cat=0
split_feature=119 48 48 116 0 121 61 47 85 92 60 59 80 95 82 93 51 89 35 29 29 97 47 59 47 30 11 48 61 119
split_gain=200.064 50.9498 32.0403 15.1861 15.1552 13.1723 9.34433 10.2786 8.14314 8.06352 7.68914 6.59861 6.54295 5.92397 7.93119 6.56485 5.88999 5.84702 6.44934 7.94046 6.74204 5.64448 5.80501 5.47947 5.1877 6.43405 6.15798 5.15605 5.19692 4.41741
threshold=0.23081418873353424 -28.661921005916835 119.44022561316582 -0.66515151515151494 1.7416666666666669 0.86190476190476206 3.3497501700808394 1523.9655208446109 -0.70353535353535335 0.03321382159101461 3.1865514642774913 0.32296680099788916 8.5000000000000018 -0.24324311914131733 0.4000000000000003 -0.3038008953581432 0.45000000000000007 0.97500000000000009 -0.30178571428571421 1.7886904761904765 1.7182539682539686 0.24075293920865212 1490.5752493222428 0.3389671808544405 1475.22335530809 0.73214285714285732 -0.19999999999999998 -109.45244645371564 5.173316863805991 0.063564213564213559
decision_type=2 2 2 2 2 2 2 2 2 2 2 2 2 2 2 2 2 2 2 2 2 2 2 2 2 2 2 2 2 2
left_child=1 3 4 -1 16 13 -6 11 21 12 -11 -8 -10 29 23 -16 24 -4 -19 20 -20 22 -7 -15 25 -2 -26 -5 -29 -3
right_child=2 5 17 27 6 8 7 -9 9 10 -12 -13 -14 14 15 -17 -18 18 19 -21 -22 -23 -24 -25 26 -27 -28 28 -30 -31
leaf_value=-0.015312396422753165 0.012731290865856179 -0.01411616082029838 -0.0023487587509458427 -0.013487737350651757 -0.0078367855658740201 -0.014937301370891632 0.014169397655638851 0.0053288484556303483 -0.0066900053998288538 -0.0024903923513524195 0.024298040599195794 0.026392746440157655 0.016258008640704161 -0.0059631192584091025 -0.007154342482935552 0.0064188535942155261 -0.00115369126794631 0.029072080035774602 0.015823693011925034 0.030900367840925445 -0.011262855835088233 0.015420655970271438 0.0020518537590645067 0.0073645522846553617 -0.0071037032970997218 0.00041166033426235808 0.012577105694276784 -0.014446154825011236 -0.0051255372927647468 -0.0024732411068075508
leaf_weight=368.30423086881638 49.347556248307228 65.813795253634453 9.1724425554275495 110.07740564644337 16.619220376014709 33.838381826877594 118.19323644042015 74.57722419500351 11.881551489233969 70.256900981068611 10.142410576343535 65.817252308130264 96.603457316756248 261.10458482801914 40.218278363347054 142.53046549856663 118.48212926089764 72.935044050216675 109.8643698990345 32.339984178543091 8.1090897023677808 11.854430034756659 36.688566505908966 30.006318435072899 15.059901714324949 160.11933113634586 141.64855843782425 61.305928722023964 448.74526700377464 54.456143453717232
leaf_count=1092 155 183 26 327 47 91 368 223 34 206 35 219 311 764 115 445 347 243 343 109 21 38 110 95 43 466 445 175 1342 159
internal_value=-8.35586e-06 -0.00582792 0.0108559 -0.0104781 0.00784968 -0.000507167 0.0134683 0.0148741 0.0049551 0.00837848 0.00110911 0.0186767 0.0136791 -0.00301029 -0.00148507 0.00339274 0.00463185 0.0205957 0.021558 0.0177242 0.0138576 -0.00286438 -0.00615237 -0.00455859 0.00651007 0.00337495 0.0106337 -0.00758209 -0.00627778 -0.00893305
internal_weight=2846.11 1853.83 992.285 988.433 759.864 865.395 275.207 258.588 271.266 188.884 80.3993 184.01 108.485 594.13 473.86 182.749 484.657 232.421 223.248 150.313 117.973 82.3814 70.5269 291.111 366.175 209.467 156.708 620.129 510.051 120.27
internal_count=8577 5522 3055 2936 2313 2586 857 810 825 586 241 587 345 1761 1419 560 1456 742 716 473 364 239 201 859 1109 621 488 1844 1517 342
is_linear=0
shrinkage=0.03


Tree=25
num_leaves=31
num_cat=0
split_feature=118 49 47 8 59 85 58 35 1 70 14 37 65 73 70 73 75 92 6 32 6 75 32 95 93 4 82 58 50 77
split_gain=19.9682 13.5762 12.5446 11.2586 9.88479 8.27621 7.87383 7.22798 6.68105 6.64622 6.64041 6.34063 6.88851 6.1718 5.98356 9.09129 5.87161 5.78762 5.67485 6.01649 6.14767 5.39862 5.55225 7.70507 4.93571 6.45747 4.564 4.26294 3.38129 3.29047
threshold=-0.59379629629629604 0.69978138025495584 1463.3959591145688 -0.59999999999999998 0.28801140684410648 -2.0252525252525246 0.28877980660131769 -2.8363095238095233 1.591666666666667 1.3166666666666669 0.06300366300366303 -2.4999999999999996 1.4868421052631582 2.2361111111111116 1.6515151515151518 0.58571428571428574 2.7029411764705888 0.36889880952380932 1.591666666666667 0.62202380952380965 1.6794871794871797 2.6201923076923079 -0.12916666666666662 -0.37993023478448168 -0.33861111111111108 1.1380952380952383 -0.30000000000000004 0.17954941498630822 0.29166666666666669 0.46410256410256417
decision_type=2 2 2 2 2 2 2 2 2 2 2 2 2 2 2 2 2 2 2 2 2 2 2 2 2 2 2 2 2 2
left_child=4 2 3 11 6 10 24 -5 -9 -8 -4 13 -13 -2 17 -16 21 -7 27 20 -20 22 -6 -24 -1 28 -3 -18 -26 -28
right_child=1 26 5 7 16 14 9 8 -10 -11 -12 12 -14 -15 15 -17 18 -19 19 -21 -22 -23 23 -25 25 -27 29 -29 -30 -31
leaf_value=-0.017315026577740936 -0.0056357712762284164 0.0062933002155117004 0.029056345814336023 0.037616806619600485 -0.021344013894395546 0.0014469049696996766 0.029219479626348736 0.0064557459182167159 0.024806264881943495 -0.0052897256161531471 -0.0039311556622252065 0.0087576795860735603 -0.012374536417048625 0.021610569747207518 0.014340283523967897 -0.004884702112323067 0.0023365780512255535 -0.0040270264721922666 0.0053897076132843188 0.0136326184642801 -0.013469354735666593 0.014904258685578811 -0.017208154064230149 0.01280752351968914 -0.021923014391972823 0.014978227821297879 0.0057405312104165601 -0.020854045222056927 0.0063405422479562148 -0.01736320863220769
leaf_weight=15.213527441024778 13.306173503398897 9.6985496282577497 14.863051339983942 6.4085877537727347 13.987031280994414 1426.7939803898335 13.954952090978624 350.70761606097221 18.139577642083168 6.9559702277183524 7.844032570719718 17.097849726676941 59.07951845228672 14.831523969769476 22.741726964712143 321.6345861852169 7.4565923511981955 196.76067934930325 18.200938016176224 9.661222040653227 84.224148586392403 12.992882609367369 11.71758586168289 18.464276596903805 8.9575665295124072 17.238877758383751 5.4818348139524451 70.67158816754818 5.3613663762807837 54.384170636534691
leaf_count=47 44 31 38 16 42 4194 33 1017 47 25 26 51 198 41 65 1013 26 571 51 29 253 38 43 57 34 48 19 258 18 204
internal_value=2.45438e-05 0.000910186 0.00128143 0.00563194 -0.00708566 0.000229529 0.00300477 0.00805304 0.00743095 0.0178856 0.0178493 -0.00304286 -0.00754057 0.00887174 1.57364e-05 -0.0035686 -0.00985946 0.000779595 -0.0123838 -0.00789739 -0.0100694 -0.00133914 -0.00640796 0.000880095 -0.00382064 0.00292467 -0.0120614 -0.0186012 -0.0114215 -0.0151388
internal_weight=2854.83 2539.77 2470.21 479.571 315.059 1990.64 67.6823 375.256 368.847 20.9109 22.7071 104.315 76.1774 28.1377 1967.93 344.376 247.376 1623.55 190.214 112.086 102.425 57.1618 44.1689 30.1819 46.7713 31.5578 69.5646 78.1282 14.3189 59.866
internal_count=8577 7575 7321 1414 1002 5907 205 1080 1064 58 64 334 249 85 5843 1078 797 4765 617 333 304 180 142 100 147 100 254 284 52 223
is_linear=0
shrinkage=0.03


Tree=26
num_leaves=31
num_cat=0
split_feature=119 48 48 118 118 116 92 51 9 67 14 17 60 15 65 57 4 60 120 58 71 15 118 25 121 4 94 116 69 121
split_gain=197.615 51.0765 32.0821 17.0436 11.2755 9.62741 9.39148 8.08538 14.2544 7.96112 8.04745 7.90551 8.28353 7.83743 11.5355 8.45315 7.81359 15.2648 8.67536 6.8927 11.0942 6.83094 6.70065 6.68089 6.36992 5.80238 5.71366 5.56361 7.90012 6.45459
threshold=-0.071428571428571327 -95.317053924325919 52.446357932930034 -0.245 -0.59379629629629604 0.95000000000000007 0.63297101449275373 0.70833333333333337 0.24038461538461542 1.6515151515151518 -0.14514652014652013 -0.052913752913752908 3.175397023364098 0.39230769230769241 1.8535714285714289 0.32345248474280736 1.2264957264957268 2.7095684394071493 0.58214285714285718 0.26075082397506455 1.5857142857142861 0.27922077922077926 -0.42863384172336888 0.50000000000000011 0.42857142857142855 1.1291666666666669 0.19023042685514127 -0.051315789473684308 1.3166666666666669 0.50396825396825429
decision_type=2 2 2 2 2 2 2 2 2 2 2 2 2 2 2 2 2 2 2 2 2 2 2 2 2 2 2 2 2 2
left_child=1 4 13 21 -1 11 19 8 22 10 -8 -4 -13 15 16 -2 18 -18 -15 23 -21 -3 -6 -5 25 -9 -10 29 -29 -17
right_child=2 3 5 6 7 -7 9 24 26 -11 -12 12 -14 14 -16 27 17 -19 -20 20 -22 -23 -24 -25 -26 -27 -28 28 -30 -31
leaf_value=0.023710699296611581 0.01404822591707919 -0.0044193788913622764 -0.013316312833349657 -0.0057363582549421347 -0.0034300774028277977 -0.02060101801954442 -0.010580807709798291 -0.0044721001661785021 -0.0002411961915849545 0.036274901675746547 0.01574533003757134 -0.0066587891587801592 0.020473368798089499 -0.0045258568665641312 -0.010593002975377264 0.0091047347991821091 -0.004199169088146066 0.016234203807178205 0.016287464387157481 0.0021198058846484298 0.016567880801775438 0.015056044255086016 0.02520759342677506 0.0017658128994362814 -0.0025792229076563845 0.021712278205622066 0.025362290022327583 -0.0062672509815275557 -0.016267265066973485 -0.0072692980112694355
leaf_weight=133.65249884128571 15.34191584587097 17.522805601358414 346.56784544885159 162.6630591750145 8.2652882337570173 132.47741092741489 13.796910077333449 7.5824037492275229 97.397345304489136 10.595964819192885 34.861793980002403 79.53156766295433 10.568052858114241 179.19914391636848 93.355841249227524 32.548245266079903 59.393195018172264 71.368015542626381 19.002207964658737 248.00767633318901 58.599524021148682 145.47338019311428 45.27330082654953 306.02166153490543 11.624480187892912 123.63569042086601 7.5103442072868338 203.3885101377964 111.73881420493126 59.984228476881981
leaf_count=339 46 47 1196 485 22 505 39 21 260 28 97 250 32 541 291 96 181 208 57 716 162 395 122 875 31 326 22 637 364 186
internal_value=-1.52049e-05 0.00783506 -0.00796752 0.00408273 0.0164051 -0.0134711 0.00233779 0.0130867 0.00830227 0.0137539 0.00815753 -0.0112591 -0.00325364 -0.00424691 -0.00134189 -0.00713015 0.00129853 0.00696894 -0.00244361 0.00144482 0.00493579 0.0129299 0.0207497 -0.000838194 0.0182782 0.0201542 0.0017856 -0.00796695 -0.00986282 -0.0014419
internal_weight=2846.95 1432.48 1414.46 997.543 434.941 569.145 834.547 301.289 158.446 59.2547 48.6587 436.667 90.0996 845.32 422.318 423.002 328.963 130.761 198.201 775.292 306.607 162.996 53.5386 468.685 142.843 131.218 104.908 407.66 315.127 92.5325
internal_count=8577 3987 4590 2844 1143 1983 2402 804 426 164 136 1478 282 2607 1278 1329 987 389 598 2238 878 442 144 1360 378 347 282 1283 1001 282
is_linear=0
shrinkage=0.03


Tree=27
num_leaves=31
num_cat=0
split_feature=119 49 49 116 3 121 6 10 71 69 94 59 2 26 121 17 6 13 54 95 21 1 66 64 65 65 76 96 29 70
split_gain=188.161 47.8073 29.8581 14.6146 14.3226 12.7274 9.72629 8.26227 7.82171 9.76634 6.9093 10.7389 6.75363 6.70688 6.38133 6.29322 5.72204 5.96755 5.67133 5.57323 6.60192 5.22634 5.54286 5.01777 7.27444 4.91177 4.8251 4.61882 5.47225 5.87743
threshold=0.23081418873353424 0.45852885168354635 0.65942180693213637 -0.69999999999999973 1.5358974358974362 0.67261904761904778 1.7416666666666669 0.32051282051282054 1.2111111111111115 1.0416666666666667 0.16644325290437897 0.34488214753382812 -1.5280303030303028 1.8333333333333337 1.1091269841269844 -0.30839160839160834 1.0333333333333334 0.24038461538461542 2.8750000000000004 -0.19019519536654153 0.51666666666666672 0.79285714285714304 2.0454545454545459 1.297058823529412 1.7182539682539686 1.2565789473684212 0.52786377708978338 -0.39048315463663197 0.73273809523809541 1.788888888888889
decision_type=2 2 2 2 2 2 2 2 2 2 2 2 2 2 2 2 2 2 2 2 2 2 2 2 2 2 2 2 2 2
left_child=1 3 4 -1 7 15 10 -2 16 25 13 -12 -5 -6 27 -3 17 -7 23 -17 -21 -8 -23 24 -16 -10 -11 -4 29 -29
right_child=2 5 14 12 6 8 21 -9 9 26 11 -13 -14 -15 18 19 -18 -19 -20 20 -22 22 -24 -25 -26 -27 -28 28 -30 -31
leaf_value=-0.01505800067569121 0.0070473678433163539 0.021763196461741428 0.0002282461342685937 -0.022001268956111937 0.002979117394760152 0.030013877791584518 -0.01377218547364565 -0.0019430985209666844 0.0056305484200820074 0.019497970416914288 0.014270113189145589 0.039916309738781283 -0.0067152516803637265 0.027226059111183826 0.016651834465847445 -0.0089925325630620858 -0.0022052526150807424 0.0031528932920884636 0.032538862022408577 -0.00079789250490584079 -0.015460813206557568 0.020542843502914888 -0.0071360960093196568 0.006699825712980445 0.033560407385106725 -0.012864272110397812 -0.003798081976658436 0.034648304956220434 0.0018813539297750073 0.0069272455563720138
leaf_weight=357.66787573695183 218.73403814435005 7.7171537578105918 23.403900265693665 26.663336157798767 79.489675983786583 9.4558566659688932 17.894705921411514 156.9300869256258 49.401952937245369 65.526456713676453 218.51314935088158 15.371133416891096 595.60411532223225 10.93596366047859 84.099486529827118 140.87099425494671 167.46658882498741 27.957784667611122 40.515397578477859 345.05047406256199 29.121095910668373 12.272327572107317 11.818795740604399 25.722550570964813 34.411562502384186 16.356104180216789 8.5217338949441892 17.778269529342655 15.631475001573561 12.313110738992689
leaf_count=1070 663 26 67 76 235 33 47 457 152 214 683 55 1783 37 262 402 491 84 138 1038 83 41 32 76 118 45 25 62 45 37
internal_value=-1.27038e-05 -0.00567933 0.0104916 -0.0102166 0.00742885 -0.000544398 0.0116464 0.00328853 0.00392001 0.00936381 0.0134017 0.0161311 -0.0074093 0.00621005 0.0193667 -0.00349564 0.000163251 0.0106244 0.0223118 -0.00392136 -0.00198525 -0.00183889 0.00710112 0.019214 0.0218263 0.000861574 0.0167621 0.011247 0.0166974 0.0239892
internal_weight=2843.22 1847.38 995.836 979.935 741.96 867.446 366.296 375.664 344.686 139.806 324.31 233.884 622.267 90.4256 253.876 522.76 204.88 37.4136 184.749 515.043 374.172 41.9858 24.0911 144.234 118.511 65.7581 74.0482 69.1268 45.7229 30.0914
internal_count=8577 5522 3055 2929 2250 2593 1130 1120 1044 436 1010 738 1859 272 805 1549 608 117 594 1523 1121 120 73 456 380 197 239 211 144 99
is_linear=0
shrinkage=0.03


Tree=28
num_leaves=31
num_cat=0
split_feature=118 48 47 57 69 70 121 85 117 37 46 117 20 36 64 63 81 96 48 50 12 46 0 93 27 36 116 90 53 93
split_gain=18.7685 12.8892 11.8651 8.81594 14.5286 8.61853 8.37993 7.92081 7.00216 7.9395 7.88145 6.94391 6.7809 5.46741 7.67038 5.28962 5.96028 6.21629 4.23597 3.77415 3.75661 3.74006 4.74884 3.70517 4.078 3.61951 3.0408 3.64345 2.67442 2.27402
threshold=-0.59379629629629604 147.00991569821954 1463.3959591145688 0.43320955163006042 1.0954545454545457 1.9045454545454548 0.66369047619047639 -2.0252525252525246 -0.71944444444444422 -1.4999999999999998 1420.0323291263483 -0.10969251336898399 1.0000000180025095e-35 2.5000000000000004 0.70714285714285718 2.1519230769230773 3.5000000000000004 0.56562673858655665 0.5575832178969905 0.55000000000000016 0.24038461538461542 1592.8134922384058 1.9309523809523812 -0.36040380658436216 2.8750000000000004 1.5000000000000002 1.3535714285714289 1.0418797953964196 2.6333333333333337 -0.65821078431372537
decision_type=2 2 2 2 2 2 2 2 2 2 2 2 2 2 2 2 2 2 2 2 2 2 2 2 2 2 2 2 2 2
left_child=13 2 3 4 -2 6 -5 11 9 -9 -10 18 -6 14 19 16 20 -18 -4 -1 -16 22 -3 -23 -25 29 27 28 -15 -17
right_child=1 21 7 5 12 -7 -8 8 10 -11 -12 -13 -14 26 15 25 17 -19 -20 -21 -22 23 -24 24 -26 -27 -28 -29 -30 -31
leaf_value=0.0011745024878238133 0.028017293737676204 -0.013848540306776552 -0.014364880723238039 0.011952283801839528 -0.00059181223814656035 0.029388999724342699 0.0023173629461248593 0.010916878417318579 -0.0096228803496604103 -0.014140363718254161 0.00073720874142547738 0.035546495016385904 -0.017912894374195801 -0.025692429717589001 0.00056189864250761072 -0.019922152832880759 -0.0083191470577828538 0.0093959040403623836 0.017308358889484444 0.029241614910169841 0.024865657860300368 0.00058163183039954892 0.020647302429738505 -0.022677767550735355 0.00033360110755742482 0.0069784232778752975 -0.026533863104866724 0.0073161156632012645 -0.0021086932192284566 -0.0095708133867504677
leaf_weight=10.242491468787195 13.032341837882994 6.4296486228704435 6.1134681552648562 156.22014600038528 99.960304275155067 15.401114240288733 171.3031243532896 13.261522620916365 67.54134713113308 56.510943874716759 1830.5023608505726 9.597791522741316 24.693154528737068 10.513073742389684 14.471786230802538 34.450540363788605 114.08944527804852 20.084763690829277 7.118935227394104 6.878411427140235 8.8178938478231412 10.715273022651671 5.9246966540813446 37.915160909295082 8.0871516615152341 7.443837195634841 16.949886575341225 7.3870329260826102 7.7169712930917731 54.414838030934334
leaf_count=33 33 24 20 435 304 40 522 40 198 186 5419 23 80 43 44 106 374 56 21 19 23 37 18 147 28 21 71 25 28 159
internal_value=3.20362e-05 0.000888582 0.00124896 0.00547455 -0.000914586 0.00804375 0.0069445 0.000225018 1.52884e-05 -0.00924843 0.000362095 0.0174172 -0.00416215 -0.00688074 -0.00525434 -0.00658706 -0.0031396 -0.00559527 0.00248316 0.0136076 0.0105321 -0.0117961 0.00277711 -0.0150156 -0.0186475 -0.0121026 -0.016804 -0.0094984 -0.016494 -0.0137941
internal_weight=2853.79 2540.33 2471.26 480.61 137.686 342.924 327.523 1990.65 1967.82 69.7725 1898.04 22.8302 124.653 313.461 270.894 253.773 157.464 134.174 13.2324 17.1209 23.2897 69.0719 12.3543 56.7176 46.0023 96.3092 42.567 25.6171 18.23 88.8654
internal_count=8577 7575 7321 1414 417 997 957 5907 5843 226 5617 64 384 1002 835 783 497 430 41 52 67 254 42 212 175 286 167 96 71 265
is_linear=0
shrinkage=0.03


Tree=29
num_leaves=31
num_cat=0
split_feature=119 48 48 121 118 119 2 29 32 4 35 121 1 70 86 58 61 85 119 12 84 62 94 61 68 12 82 35 97 94
split_gain=186.188 47.914 30.7801 16.0082 11.107 9.78216 9.39046 9.01846 8.73978 10.1196 7.737 7.90062 8.16984 6.92111 6.63359 6.3969 6.18328 6.09001 6.06499 7.40728 5.99257 5.79562 5.7785 5.40226 5.39354 8.64147 7.85793 5.25044 5.8286 5.22667
threshold=-0.071428571428571327 -87.58711565388181 52.446357932930034 -0.90535714285714264 -0.59379629629629604 -0.64297739297739276 0.30839160839160845 0.36607142857142866 -0.74305555555555547 1.1291666666666669 -2.4910714285714279 1.1464285714285716 0.85164835164835173 1.720779220779221 0.97500000000000009 0.2354086856354701 6.869533931231917 -0.43939393939393928 0.34713669950738923 0.34523809523809529 -0.67766955266955253 1.0801282051282053 -0.24095633470210423 6.4433357115843206 1.4772727272727275 0.19090909090909094 -0.39999999999999997 0.48511904761904762 -0.2861844662848248 -0.088563891455119587
decision_type=2 2 2 2 2 2 2 2 2 2 2 2 2 2 2 2 2 2 2 2 2 2 2 2 2 2 2 2 2 2
left_child=1 4 7 5 -1 27 14 18 9 -6 -5 23 -13 -11 -4 17 22 -16 19 -2 -7 -20 -9 -12 26 -26 -10 28 -3 -24
right_child=2 3 6 10 8 20 -8 16 24 13 11 12 -14 -15 15 -17 -18 -19 21 -21 -22 -23 29 -25 25 -27 -28 -29 -30 -31
leaf_value=0.022404757171369197 0.0024756112279180932 0.0021087893672681948 0.022762816533925735 -0.0090478120656489296 -0.015555723681187636 -0.021709138890436498 -0.015376083409594312 -0.020423407018638345 -0.024045448148910891 0.019570760912908554 0.005790062095432957 0.013535355832608063 -0.0082409008773965398 -0.0063360013270100032 0.023574998983390164 -0.010933765851727228 0.0062592957104328955 -0.0056512235825625602 0.010649855678389598 -0.007389280229320519 0.0080905845052210261 -0.0088278188507848326 0.00034565286834551767 -0.00017327312080949589 -0.0069461048511252994 0.019159351165469043 0.005131299258359685 0.033482960420778939 0.024771803726645333 -0.010050249523547612
leaf_weight=140.34803351759911 298.84181176126003 18.941785410046577 5.769514560699462 49.915956228971481 7.5486871004104605 6.40004938840866 428.37502963840961 37.16146744787693 8.1706484258174878 168.06573414802551 505.24258367717266 17.690448582172394 89.513029605150223 9.1881401836872083 9.4036685377359408 105.19440454244614 23.577743977308273 15.726545810699461 14.315852165222166 87.767822563648224 32.567299202084541 134.90295094251633 55.472202017903328 185.90869821608067 13.81361275911331 51.650652974843979 86.153902024030685 22.761543780565262 22.548896729946136 191.17688429355621
leaf_count=354 889 51 18 138 21 20 1547 115 21 445 1430 55 273 23 28 337 70 53 45 271 93 426 178 534 37 140 232 60 60 613
internal_value=-1.83909e-05 0.00757655 -0.00777042 0.00365371 0.015244 0.0147567 -0.0131897 -0.00412774 0.0122624 0.0167124 0.00228335 0.003006 -0.00452783 0.018183 -0.00622398 -0.00769364 -0.00821838 0.00565403 -0.00176454 0.000215065 0.00270046 -0.00688073 -0.00944941 0.00418375 0.00702509 0.0135841 0.00234672 0.0218691 0.0147892 -0.00770811
internal_weight=2844.12 1436.43 1407.69 951.49 484.939 103.22 564.469 843.217 344.591 184.803 848.271 798.355 107.203 177.254 136.094 130.325 307.388 25.1302 535.828 386.61 38.9673 149.219 283.811 691.151 159.789 65.4643 94.3246 64.2522 41.4907 246.649
internal_count=8577 3987 4590 2714 1273 284 1983 2607 919 489 2430 2292 328 468 436 418 976 81 1631 1160 113 471 906 1964 430 177 253 171 111 791
is_linear=0
shrinkage=0.03


Tree=30
num_leaves=31
num_cat=0
split_feature=119 49 120 92 5 120 90 75 86 60 61 67 13 93 68 32 10 84 12 73 30 60 59 5 68 55 95 38 85 5
split_gain=176.982 45.6743 28.2499 18.5339 12.9416 10.4895 9.72579 9.70932 9.21197 8.81409 7.29771 6.78196 6.28699 6.18075 6.10558 6.04362 6.0412 6.94594 6.13658 6.12376 5.98072 5.67254 6.70787 5.67775 5.56498 5.5315 5.33533 5.88374 5.27514 4.77255
threshold=0.23081418873353424 0.45852885168354635 0.90416666666666679 -0.032727152963385568 -0.86282051282051253 0.33333333333333326 0.2591691033138403 2.9750000000000005 1.4868421052631582 2.5980284184158249 5.5928491800563487 1.720779220779221 0.12916666666666668 0.31322553558460425 1.3166666666666669 1.3630952380952384 0.22649572649572652 -1.0763888888888886 0.25833333333333336 1.2111111111111115 1.5357142857142858 2.5594291694094218 0.30350429803471368 0.87083333333333357 1.2111111111111115 0.22500000000000003 0.16729972624636194 1.0000000180025095e-35 -0.49494949494949492 0.50714285714285723
decision_type=2 2 2 2 2 2 2 2 2 2 2 2 2 2 2 2 2 2 2 2 2 2 2 2 2 2 2 2 2 2
left_child=1 4 6 9 -1 14 16 8 -7 20 13 -10 -5 24 -3 -9 19 -18 -19 -2 -4 -6 -23 -24 -8 -22 27 -12 -14 -28
right_child=2 5 3 12 21 7 10 15 11 -11 26 -13 28 -15 -16 -17 17 18 -20 -21 25 22 23 -25 -26 -27 29 -29 -30 -31
leaf_value=-0.015408036198072024 0.028389329403584993 0.00029070386254694344 0.026652391072265948 -0.0092261598270156411 -0.0023734175104682372 -0.0036067291038063163 0.020409068742357275 0.019230251060316773 0.02412102715492212 0.023879784833985226 0.0045189316129565157 -0.0019951103611490452 0.024119972004517442 0.045506423530615861 -0.0054465550812789164 -0.007430255792141488 -0.017970567526867799 -0.0039500274978487415 0.0059905954673058473 0.0063861871741765219 -0.0031916930087480364 -0.013203832432768372 -0.0069805961673018507 0.018601102820383072 -0.00072168312352882073 0.025024089166888107 0.0053512733794356619 0.015209620106498031 0.0018380353434445703 -0.014899577970893797
leaf_weight=282.64901867508888 11.910110875964163 366.99598278105259 12.017222344875334 22.993031859397888 142.82834462821484 100.05914194881916 48.839069664478302 52.037952587008476 21.641501098871231 205.56446054577827 88.894753456115723 14.231196463108061 14.244048297405241 6.6110064089298239 303.68702132999897 8.221276789903639 15.813640654087065 92.254372745752335 137.99421468377113 117.6042106449604 28.890834510326385 219.92473785579205 321.68161372840405 7.0057481527328482 14.038956373929976 6.8895426392555228 32.21834622323513 101.01725494861603 27.046274423599243 14.270963221788405
leaf_count=854 41 1105 40 62 436 291 159 169 72 668 264 41 47 25 892 23 41 263 419 354 80 642 973 24 40 23 97 316 79 37
internal_value=-1.54598e-05 -0.00553286 0.0101433 0.0175291 -0.00998727 -0.000518329 0.00667557 0.00556147 0.00106079 0.0211694 0.0106447 0.0139059 0.00303098 0.0191897 -0.00230692 0.015482 0.00341521 0.000632027 0.00199483 0.00863459 0.00920058 -0.00774798 -0.00913489 -0.00637147 0.0157067 0.00269237 0.00805009 0.0102711 0.00998422 -0.000984863
internal_weight=2840.08 1840.96 999.112 317.645 974.089 866.874 681.467 196.191 135.932 253.362 305.89 35.8727 64.2834 69.489 670.683 60.2592 375.577 246.062 230.249 129.514 47.7976 691.44 548.612 328.687 62.878 35.7804 236.401 189.912 41.2903 46.4893
internal_count=8577 5522 3055 999 2929 2593 2056 596 404 811 938 113 188 224 1997 192 1118 723 682 395 143 2075 1639 997 199 103 714 580 126 134
is_linear=0
shrinkage=0.03


Tree=31
num_leaves=31
num_cat=0
split_feature=62 116 48 48 56 63 84 117 19 94 120 116 96 92 31 85 79 25 74 51 9 25 58 25 48 71 19 13 57 68
split_gain=16.4326 15.9773 9.966 9.30604 7.40466 7.24149 6.69613 7.02189 6.57222 9.31375 6.52561 11.9507 7.72831 10.7946 9.71489 7.09858 6.76673 5.80954 6.45381 10.3856 6.35948 5.17232 4.70072 4.65317 5.83718 4.33586 3.98868 3.32252 3.62528 5.5159
threshold=1.7029411764705884 -1.5916666666666663 -85.923055335116928 147.00991569821954 0.36666666666666675 2.0250000000000004 0.67171717171717193 0.33452380952380972 0.64583333333333337 0.34660403730342643 -1.0000000180025095e-35 -0.46153846153846151 0.25266684407917261 -0.12548637479987609 1.0625000000000002 -1.2964646464646461 0.51315789473684215 1.0000000180025095e-35 2.4641025641025647 0.70833333333333337 0.59166666666666679 1.0000000180025095e-35 0.29240418755221392 2.1666666666666674 -208.44067633214033 0.72077922077922085 0.51666666666666672 0.39230769230769241 0.44105247275180176 0.6515151515151516
decision_type=2 2 2 2 2 2 2 2 2 2 2 2 2 2 2 2 2 2 2 2 2 2 2 2 2 2 2 2 2 2
left_child=1 23 17 4 6 22 8 21 9 -2 12 16 13 -4 -14 -13 -12 -3 19 -19 -20 -8 25 -1 -25 -6 -5 28 -28 -30
right_child=3 2 10 26 5 -7 7 -9 -10 -11 11 15 14 -15 -16 -17 -18 18 20 -21 -22 -23 -24 24 -26 -27 27 -29 29 -31
leaf_value=-0.019570715643812461 -0.012849910871070855 0.018620967085778078 0.00072921569734532359 -0.018826152763292848 0.026511658848904621 -0.018921644481290169 0.010793933682026316 0.026544947072932638 0.0084737623847213183 -0.0027513276405228136 -0.011727750580700668 -0.0084871140426028627 0.0050794484650831346 0.0087153313355321123 -0.0096208897054864909 0.0027068171617070464 0.01686483140602987 0.0097028835987041512 -0.0067740945761887899 -0.0072338261245420178 0.017949825732153191 -0.018534902771800504 -0.013190545200862349 -0.019240975155995637 0.015776624238922312 0.0065229443181585925 0.0069927792114871431 -0.021517246197423671 0.011472065461658746 -0.019629797411402944
leaf_weight=41.015391901135445 135.29367977380753 10.264395147562025 234.61697487533092 48.586747482419014 10.757544949650763 9.5996056944131833 11.239587858319288 11.246201097965239 26.62752340734005 211.47255167365074 85.050103813409805 53.357510551810265 91.650833979249001 438.93163508176804 70.735252976417542 804.67358300089836 7.199811875820159 72.911203995347023 256.79524675011635 57.183909982442856 8.7149896621704084 8.670369088649748 8.1840882301330549 6.8793096840381613 8.3869861811399442 72.025128304958344 18.589500740170479 9.6513889729976636 6.4440873116254833 16.009405300021172
leaf_count=127 438 28 684 190 31 33 33 28 81 688 262 171 257 1227 210 2432 20 197 743 164 23 27 28 21 23 223 63 40 21 64
internal_value=3.90825e-05 0.00122092 0.00163016 -0.00434717 -0.00267634 0.004562 -0.00448992 0.00864372 -0.00561397 -0.00672562 0.0025951 0.000888893 0.00452774 0.00594318 -0.00132534 0.00199815 -0.00930709 -0.00260509 -0.00320895 0.002237 -0.005887 -0.00211029 0.00725162 -0.0144162 -3.1393e-05 0.0094417 -0.0127065 -0.00653254 -0.0025095 -0.0104672
internal_weight=2852.76 2248.37 2192.09 604.397 505.116 100.566 404.55 31.1562 373.394 346.766 1786.22 950.281 835.935 673.549 162.386 858.031 92.2499 405.87 395.605 130.095 265.51 19.91 90.9668 56.2817 15.2663 82.7827 99.2811 50.6944 41.043 22.4535
internal_count=8577 6589 6418 1988 1610 315 1295 88 1207 1126 5263 2885 2378 1911 467 2603 282 1155 1127 361 766 60 282 171 44 254 378 188 148 85
is_linear=0
shrinkage=0.03


Tree=32
num_leaves=31
num_cat=0
split_feature=48 11 48 67 96 116 19 116 30 48 95 120 67 121 0 4 61 121 69 96 59 4 55 53 85 60 116 0 40 20
split_gain=175.256 43.1688 33.4 15.536 13.5558 13.0594 12.1477 9.83057 9.50722 8.62206 9.51587 8.00631 7.89482 7.33579 9.06468 7.07298 7.04394 6.85334 7.74785 8.75259 6.24159 6.13431 6.09389 8.01738 6.0767 5.92353 5.44777 5.36866 5.26615 5.19727
threshold=-10.980612734163968 -0.24880952380952379 52.446357932930034 2.2792207792207795 0.22629316914073216 -1.0409090909090906 0.48333333333333339 0.95000000000000007 0.78888888888888908 -87.58711565388181 -0.049956970740103211 -1.1422619047619045 1.4494949494949496 1.39484126984127 2.577380952380953 1.2403846153846156 4.5271940351011493 0.61507936507936523 1.1742424242424245 -0.052186177715091618 0.25784648026066537 1.1291666666666669 0.36666666666666675 2.9000000000000004 0.20101010101010111 3.175397023364098 0.45119047619047636 1.2583333333333335 1.5000000000000002 -0.070436507936507894
decision_type=2 2 2 2 2 2 2 2 2 2 2 2 2 2 2 2 2 2 2 2 2 2 2 2 2 2 2 2 2 2
left_child=1 5 17 4 6 20 8 13 -3 21 11 -11 -8 14 25 -12 -6 -2 19 26 -1 -7 23 -5 -25 -4 -19 -22 -18 -20
right_child=2 3 7 22 16 9 12 -9 -10 10 15 -13 -14 -15 -16 -17 28 18 29 -21 27 -23 -24 24 -26 -27 -28 -29 -30 -31
leaf_value=-0.0039176742510014864 -0.00099167681034216548 -0.0040611971183768143 -0.010473933052975871 0.0078149893302242712 -0.016875186707099411 -0.0095374794698443854 -0.012697292277833337 -0.020074108564803364 0.0082942023167943014 0.040679773137499334 -0.018354323213273051 0.010926881184945411 -0.0015617784214731027 -0.015854406331098785 0.022165283617709919 0.0044623116241463614 0.012555943328358736 -0.0035950327047914363 -0.019327558902227326 0.0053981592978298663 0.024507530343056309 0.016145673042987089 -0.007897134656694357 0.030964196708431757 0.0036881362600143289 0.0015170578015144928 -0.018480122740888113 0.010906777175452713 0.0004514962355870726 -0.0077364684325725696
leaf_weight=8.4436196982860547 466.74905514717102 91.266695454716682 239.23394438624382 56.089769005775452 8.607711046934126 7.9598812758922568 97.466868340969086 129.9783141463995 141.42625485360622 9.8234283924102765 12.38867738842964 40.698471412062645 139.57742284238338 156.71751853823662 7.8835987299680701 137.81137043237686 130.02482874691486 100.94052807986736 43.542487055063248 84.384655565023422 138.02208802103996 199.83709183335304 10.181282103061674 34.332963362336159 9.9813213348388654 43.065093964338303 27.926448300480843 36.238603711128235 43.745309203863144 186.80684311687946
leaf_count=22 1400 261 791 158 24 22 281 507 399 27 36 118 396 574 24 383 364 315 145 253 353 521 29 92 27 141 98 94 122 600
internal_value=-2.27326e-05 0.00778233 -0.00713067 0.00305409 0.00127695 0.0138614 -0.00141526 -0.0127747 0.0034387 0.0108171 0.00630873 0.0174475 -0.00618714 -0.0106049 -0.00771487 0.00245158 0.00819734 -0.00354072 -0.00620778 -0.00205424 0.0205561 0.0151065 0.0134015 0.0156474 0.0251037 -0.0086352 -0.00696131 0.0217747 0.00954593 -0.0100145
internal_weight=2841.15 1353.92 1487.23 762.7 652.115 591.223 469.737 576.878 232.693 408.519 200.722 50.5219 237.044 446.9 290.183 150.2 182.378 910.35 443.601 213.252 182.704 207.797 110.585 100.404 44.3143 282.299 128.867 174.261 173.77 230.349
internal_count=8577 3729 4848 2153 1847 1576 1337 2037 660 1107 564 145 677 1530 956 419 510 2811 1411 666 469 543 306 277 119 932 413 447 486 745
is_linear=0
shrinkage=0.03


Tree=33
num_leaves=31
num_cat=0
split_feature=119 48 120 92 116 121 94 116 71 97 8 92 120 26 5 8 48 82 16 57 9 91 82 69 59 70 1 76 46 31
split_gain=166.592 44.2302 26.529 17.4744 13.8009 11.5971 9.2372 8.75545 8.41994 7.49034 7.15948 7.35319 6.74722 6.7332 6.21469 7.24557 6.10494 6.07443 6.00327 7.6116 5.92984 5.76522 7.32085 6.43551 6.0213 5.66241 7.82918 5.51658 7.14435 5.42079
threshold=0.23081418873353424 -28.661921005916835 0.90416666666666679 -0.032727152963385568 -0.66515151515151494 0.86190476190476206 0.16644325290437897 0.85357142857142876 1.2111111111111115 0.30151135414293301 -0.5079365079365078 0.051527777777777735 -1.4967948717948714 -0.33333333333333331 0.066666666666666721 -0.57032967032967019 83.890183661870324 1.1982142857142859 0.69615384615384623 0.45167676736121964 1.0000000180025095e-35 -0.31956521739130428 0.4000000000000003 1.4772727272727275 0.3389671808544405 1.1909090909090911 1.5166666666666668 0.51315789473684215 1522.0677559200572 1.267857142857143
decision_type=2 2 2 2 2 2 2 2 2 2 2 2 2 2 2 2 2 2 2 2 2 2 2 2 2 2 2 2 2 2
left_child=1 4 6 7 -1 21 20 17 10 14 11 -7 -6 -11 16 -16 -8 29 19 -5 -2 -3 24 -24 -23 -10 -27 -22 -29 -4
right_child=2 5 3 18 12 8 9 -9 25 13 -12 -13 -14 -15 15 -17 -18 -19 -20 -21 27 22 23 -25 -26 26 -28 28 -30 -31
leaf_value=-0.014464824108920502 0.029387657804768468 -0.0084454744023383134 0.019886681716249726 0.020001211106523555 -0.021637100798162584 0.028150877236531362 -0.0028244649977070637 0.026350010833067521 0.0029566855656522131 0.0013061132023544887 -0.0027472428262860942 -0.0004661034615676342 -0.0063141899897965117 0.036328726024752789 -2.48907161806282e-06 0.0139726499107998 0.014684838644080803 -0.0047177028656298853 -0.0083948941365477175 -0.0065491481077901044 0.0038101127866848783 -0.005679804068640085 0.00046260428434058095 0.014207978511329041 0.0086507526061677005 0.02591379299010315 0.004310371280350056 -0.015670841038748589 0.012285980939170693 0.0029752752106868403
leaf_weight=358.57841622829437 6.5484872162342063 127.20368249714375 98.69757005572319 24.736852675676346 26.48139463365078 14.230796903371813 64.784925118088722 122.05355313420296 46.600177779793739 7.2775782048702267 131.83838857710361 16.717419028282166 585.62825481593609 16.291744470596313 40.420132905244827 179.89669993519783 23.584373891353607 12.254340648651121 24.878423303365707 14.760671496391295 305.3081526607275 257.3750236928463 140.41094739735126 38.425710290670395 28.344237491488457 35.788137823343277 27.040159791707993 28.646708860993385 10.424589082598684 21.571096003055573
leaf_count=1092 23 365 313 80 77 49 187 401 140 21 385 49 1767 57 116 559 74 34 67 41 909 757 424 125 90 121 81 77 33 63
internal_value=-1.82735e-05 -0.00539167 0.00981166 0.0169527 -0.00978291 -0.000448971 0.00645351 0.0204743 0.00466111 0.0100365 0.000302606 0.0130681 -0.0070162 0.0261301 0.00871758 0.0114067 0.00192695 0.0148834 0.0028803 0.0100883 0.00303379 -0.00280862 -0.00124387 0.00349527 -0.00422249 0.0110562 0.0168763 0.00244034 -0.00801638 0.0169278
internal_weight=2836.8 1834.66 1002.14 318.953 970.688 863.975 683.183 254.577 272.215 332.255 162.787 30.9482 612.11 23.5693 308.686 220.317 88.3693 132.523 64.3759 39.4975 350.928 591.76 464.556 178.837 285.719 109.428 62.8283 344.379 39.0713 120.269
internal_count=8577 5522 3055 999 2936 2586 2056 811 825 1014 483 98 1844 78 936 675 261 410 188 121 1042 1761 1396 549 847 342 202 1019 110 376
is_linear=0
shrinkage=0.03


Tree=34
num_leaves=31
num_cat=0
split_feature=62 116 121 31 49 117 119 90 81 18 35 71 35 8 92 71 69 56 32 32 25 49 75 4 45 84 75 62 82 90
split_gain=15.5269 15.2066 9.55437 12.3571 9.24942 9.24502 8.83106 11.7609 8.46409 7.08384 6.85307 10.8485 8.44209 6.78878 6.52161 6.364 6.32642 5.78292 5.40762 5.37289 4.53762 5.63581 3.90748 6.92408 3.30223 3.27204 6.03018 3.78383 3.1297 4.07161
threshold=1.7029411764705884 -1.5916666666666663 1.8964285714285716 0.30952380952380959 0.37880750787981182 -0.5964285714285712 0.12355099169123572 0.97336309523809528 17.500000000000004 0.57738095238095244 -2.422619047619047 1.1180555555555558 -1.2404761904761903 0.12660256410256412 0.20771562191075069 2.577380952380953 0.5634920634920636 0.36666666666666675 1.6726190476190481 1.1291666666666669 2.1666666666666674 0.23149639550563791 2.7434210526315792 1.2583333333333335 1.0000000180025095e-35 -1.0000000180025095e-35 3.4868421052631584 2.0513157894736849 0.39696969696969708 0.78648635477582829
decision_type=2 2 2 2 2 2 2 2 2 2 2 2 2 2 2 2 2 2 2 2 2 2 2 2 2 2 2 2 2 2
left_child=1 20 3 18 8 22 7 -7 16 10 11 -6 -12 14 -10 -15 -3 -8 19 -2 -1 -22 23 -5 -24 28 27 -27 29 -4
right_child=2 4 25 5 9 6 17 -9 13 -11 12 -13 -14 15 -16 -17 -18 -19 -20 -21 21 -23 24 -25 -26 26 -28 -29 -30 -31
leaf_value=-0.019255747852550874 0.011174285631054473 0.035096037672814183 0.0026525366498642237 -0.013462464263790818 0.0032537904672824127 -0.010858036944015992 -0.0014672381664455638 0.017484073868072686 0.010220076115387585 -0.011527369047945239 -0.0030985474041204963 0.025491848967953569 0.0031717715359667383 -0.0063849148142116324 -0.0088861707712005345 0.013999297396597813 0.0011888150441844954 0.0085797380132437307 0.00031965792192304734 0.043216774440173286 -0.01895758273089999 0.015518596806359856 -0.018512551602087528 0.020515455770895915 0.00026173895488431893 0.00077935628356853176 0.017517002998976707 -0.022995645015103677 -0.022613641225783059 -0.021661646328449809
leaf_weight=40.58970807492733 15.098160460591318 8.0138970017433184 13.577372103929521 13.915287658572199 58.746965244412422 124.98680940270424 171.7809716463089 13.739699825644491 52.946114420890808 30.696907937526703 221.70302300155163 29.315314292907715 1447.7058311849833 297.11455816030502 21.868648260831833 13.444597378373144 11.580939292907713 72.354784294962883 16.938715294003487 6.9562288373708716 6.8008315265178672 8.4203979372978193 59.870448619127274 7.4472142159938803 9.3910934925079328 10.507674649357801 7.192740947008132 12.23750528693199 36.92476561665535 9.8573281019926053
leaf_count=127 45 20 46 52 174 388 556 38 145 96 659 75 4259 858 64 36 32 225 53 17 21 23 224 22 30 37 22 49 144 40
internal_value=4.61818e-05 0.00119354 -0.00422449 -0.00261858 0.00159103 -0.00396861 -0.00190539 -0.00792448 -0.00249476 0.00251889 0.00277235 0.0108935 0.0023359 -0.00349429 0.00455213 -0.00545072 0.0162326 0.00152101 0.0133889 0.0228472 -0.0141264 0 -0.0125365 -0.0010955 -0.0159568 -0.0131774 -0.00471668 -0.0123156 -0.0171797 -0.00791991
internal_weight=2851.72 2248.95 602.777 512.479 2193.14 473.486 382.862 138.727 404.969 1788.17 1757.47 88.0623 1669.41 385.374 74.8148 310.559 19.5948 244.136 38.9931 22.0544 55.8109 15.2212 90.624 21.3625 69.2615 90.2974 29.9379 22.7452 60.3595 23.4347
internal_count=8577 6589 1988 1650 6418 1535 1207 426 1155 5263 5167 249 4918 1103 209 894 52 781 115 62 171 44 328 74 254 338 108 86 230 86
is_linear=0
shrinkage=0.03


Tree=35
num_leaves=31
num_cat=0
split_feature=119 48 2 121 48 48 92 60 49 51 94 82 77 48 92 59 47 16 39 60 68 84 28 56 119 80 15 63 12 48
split_gain=166.043 41.9774 28.1982 14.2685 12.4997 8.24318 8.10799 7.60587 9.3933 7.49731 8.97992 7.21109 7.14793 8.83488 7.83616 7.76413 7.05292 6.9192 6.67564 7.72405 6.42626 6.22942 5.97292 6.09451 5.84037 6.57824 5.59306 5.50155 8.21935 9.44419
threshold=-0.071428571428571327 -95.317053924325919 0.26969696969696982 -0.86607142857142838 50.255762742350733 -198.85459937119251 0.63297101449275373 2.4868769874127632 0.41875537960616654 0.63333333333333341 0.31993334389466532 -0.31212121212121213 0.54772727272727284 -39.66351935428235 -0.10477856876233159 0.29773246745390841 1550.350681495024 0.53589743589743599 1.5000000000000002 3.2564804168968662 1.0000000180025095e-35 -0.40945165945165934 2.6904761904761911 1.0000000180025095e-35 -0.64297739297739276 10.500000000000002 0.36931818181818188 2.0250000000000004 0.44949494949494956 -147.35622398529412
decision_type=2 2 2 2 2 2 2 2 2 2 2 2 2 2 2 2 2 2 2 2 2 2 2 2 2 2 2 2 2 2
left_child=1 5 9 16 22 -1 7 21 -9 10 17 -12 13 -11 -14 -15 24 20 19 -8 -2 -5 23 -4 25 -3 -18 28 -7 -30
right_child=2 3 4 6 -6 27 18 8 -10 12 11 -13 14 15 -16 -17 26 -19 -20 -21 -22 -23 -24 -25 -26 -27 -28 -29 29 -31
leaf_value=0.024435928091819981 0.027067123689400747 0.028122799831444067 -0.0094719997102065204 0.0022489064782624372 -0.01480386936819069 0.0081125580181928645 0.0045566375059809209 0.0083941034197442428 0.00047836406879968465 0.020845192265198022 0.006927170222333327 -0.0171817883336229 0.024338073221410864 -0.015576234241050506 -0.0015525035250195612 0.0027443686840320052 0.015500911319981017 -0.014298422296167601 0.036754960819381698 0.034751707653240455 -0.0022118197016506823 -0.012701663036636978 0.020434467067610453 0.0017388454065700879 0.0080092584363138496 -0.0014733323391356793 -0.0095779830976960145 0.01793966131228877 -0.00058525754518129859 0.037441784106533947
leaf_weight=68.672138154506683 5.850328415632247 45.374919235706329 224.64300402998924 43.30702705681324 429.79078479111195 214.0301838517189 64.744889572262764 181.86019444465637 518.71651200950146 12.903101176023482 12.425369322299955 71.998456120491028 23.804036900401115 34.799747914075851 17.714771762490273 48.661512106657028 12.693724632263185 42.731643512845039 7.5323052406311026 7.7883481383323661 410.1547988653183 56.843700110912323 6.1657851040363303 53.223870158195496 37.511303260922432 7.5760067105293265 18.221076667308807 132.03687173128128 8.2458288669586199 17.990705937147141
leaf_count=170 18 119 728 130 1580 567 181 499 1500 37 37 241 72 108 52 144 34 133 20 21 1253 164 21 166 108 20 48 339 21 46
internal_value=-2.70824e-05 0.00710349 -0.00740641 0.00369853 -0.0115706 0.014809 0.00235779 0.00143626 0.00254649 -0.00302681 -0.00461356 -0.0135588 0.00319049 -0.00128921 0.0134441 -0.00495299 0.0133045 -0.00293489 0.0114055 0.00826818 -0.00172895 -0.00624878 -0.00663283 -0.00731533 0.0174936 0.0238839 0.000788539 0.0129646 0.0101551 0.0257975
internal_weight=2838.01 1443.15 1394.87 1002.17 713.823 440.976 880.793 800.727 700.577 681.044 543.161 84.4238 137.883 96.3644 41.5188 83.4613 121.377 458.737 80.0655 72.5332 416.005 100.151 284.033 277.867 90.4622 52.9509 30.9148 372.304 240.267 26.2365
internal_count=8577 3987 4590 2844 2495 1143 2515 2293 1999 2095 1682 278 413 289 124 252 329 1404 222 202 1271 294 915 894 247 139 82 973 634 67
is_linear=0
shrinkage=0.03


Tree=36
num_leaves=31
num_cat=0
split_feature=49 49 120 116 121 96 38 92 116 120 49 116 17 75 25 120 53 68 47 95 47 82 121 4 76 5 12 19 117 35
split_gain=149.23 47.9183 28.2267 14.6949 11.7506 10.6457 9.71933 7.79641 7.39252 7.26118 7.87234 6.84646 8.66745 6.47693 6.20199 6.02589 5.90366 6.77574 6.58232 5.86016 5.60696 6.90307 5.59007 6.43575 5.55081 8.47796 5.54228 5.38237 5.34651 5.34292
threshold=0.5493488281147697 0.45852885168354635 0.87083333333333357 -0.69999999999999973 0.67261904761904778 -0.026086956521738949 1.0000000180025095e-35 -0.060810288179513609 0.85357142857142876 0.30839160839160845 0.65942180693213637 0.60131578947368436 -0.25277777777777771 2.6899038461538467 2.1666666666666674 -1.5280303030303028 1.9000000000000001 1.788888888888889 1453.8657626539423 -0.19019519536654153 1473.4254415120345 0.74873737373737392 1.3363095238095242 0.79285714285714304 0.48684210526315791 0.44444444444444464 0.42261904761904767 0.54195804195804198 0.099999999999999936 -0.08928571428571426
decision_type=2 2 2 2 2 2 2 2 2 2 2 2 2 2 2 2 2 2 2 2 2 2 2 2 2 2 2 2 2 2
left_child=1 3 6 -1 11 8 9 24 20 10 -2 12 29 27 -11 -5 18 -18 -9 -14 -4 -22 23 -8 25 -6 -13 -10 -17 -3
right_child=2 4 5 15 7 -7 22 16 13 14 -12 26 19 -15 -16 28 17 -19 -20 -21 21 -23 -24 -25 -26 -27 -28 -29 -30 -31
leaf_value=-0.014254407400006547 -0.0044675633516877917 0.0011770287500307919 0.021970384120294305 -0.02049650143665448 0.0086568303370525932 0.0049867224379047288 0.032197075980702448 0.026849000681552961 0.022919350623489279 0.0084244565998051728 0.022237951954685888 0.012549285020002233 -0.009581372430412757 0.0342246474250524 -0.013401341079828514 -0.00090266239898552586 -0.0094471046688157489 0.014844570447020998 0.0021201551413795026 -0.0023876381674305122 0.015452560586789418 -0.0038498535765599728 0.018340487961818801 0.0067248065529494899 0.0045070186736263246 0.032723740248880667 -0.014857552857735197 0.00013542264986139666 -0.0075078740061310162 0.030542929514159729
leaf_weight=348.91006891429424 128.47084610164165 12.817874476313593 60.859447360038757 26.037285163998604 49.708764135837555 51.278799772262573 8.5499627590179426 9.6908780634403211 55.377645045518875 156.76172961294651 9.7458463907241804 40.425990000367165 138.78805306553841 49.765805035829544 11.671135395765303 146.98467922210693 71.510622441768646 11.05210706591606 111.09621079266071 387.10809962451458 52.173746466636658 23.476052790880203 62.985107034444809 191.31989908218384 113.23822398483753 17.839950442314148 6.9423801302909842 11.515138059854506 457.93846146762371 9.3088448047637922
leaf_count=1072 368 38 196 77 153 151 30 34 178 474 32 127 397 171 31 449 202 36 332 1158 162 65 200 573 341 62 18 33 1384 33
internal_value=-2.21004e-05 -0.00462112 0.010279 -0.00930822 6.92726e-05 0.0176479 0.00631039 0.00415686 0.0201709 0.00265495 -0.00241676 -0.00256549 -0.00351879 0.0258143 0.00682422 -0.0065501 0.00010567 -0.00602071 0.00433298 -0.0043064 0.0151736 0.00945131 0.0105373 0.00798425 0.0086715 0.0154414 0.00824634 0.0191012 -0.00591202 0.0144476
internal_weight=2833.35 1959.4 873.951 979.87 979.528 304.447 569.505 384.137 253.168 306.65 138.217 595.391 548.023 116.659 168.433 630.96 203.35 82.5627 120.787 525.896 136.509 75.6498 262.855 199.87 180.787 67.5487 47.3684 66.8928 604.923 22.1267
internal_count=8577 5913 2664 2982 2931 956 1708 1160 805 905 400 1771 1626 382 505 1910 604 238 366 1555 423 227 803 603 556 215 145 211 1833 71
is_linear=0
shrinkage=0.03


Tree=37
num_leaves=31
num_cat=0
split_feature=49 63 53 9 95 56 46 119 75 34 73 73 74 68 46 83 23 32 65 35 96 94 19 59 39 75 60 59 53 64
split_gain=14.8661 11.7406 9.50627 8.17665 10.0379 8.32742 9.86402 7.65312 7.12107 7.69782 6.53379 6.84174 6.48841 6.42857 8.36989 6.22116 6.19074 7.74177 4.9475 4.10308 3.91387 3.09325 2.9436 4.05522 4.97777 4.10669 3.34253 2.62109 4.4808 2.52279
threshold=0.69978138025495584 1.5131578947368423 5.1250000000000009 0.5634920634920636 -0.11584421678266997 0.45000000000000007 1592.8134922384058 -3.0013586956521734 1.9750000000000003 0.55178571428571443 0.58571428571428574 0.6515151515151516 2.3416666666666672 2.683333333333334 1481.3800590907865 0.72871572871572876 -0.45952380952380939 1.3363095238095242 1.9750000000000003 0.9295634920634922 0.019792017518760068 0.59789759432934664 0.51666666666666672 0.30944259088817311 1.0000000180025095e-35 2.7434210526315792 3.0949683544303803 0.31267225997494408 0.87500000000000011 0.89181286549707617
decision_type=2 2 2 2 2 2 2 2 2 2 2 2 2 2 2 2 2 2 2 2 2 2 2 2 2 2 2 2 2 2
left_child=1 3 7 13 8 15 -7 27 9 -5 20 -12 -2 16 -15 -6 18 -18 -1 -4 -9 -10 29 24 -24 26 -25 28 -3 -14
right_child=12 2 19 4 5 6 -8 10 21 -11 11 -13 22 14 -16 -17 17 -19 -20 -21 -22 -23 23 25 -26 -27 -28 -29 -30 -31
leaf_value=-0.016298497688429732 0.010773266239516967 0.0053877433079884624 -0.025337911432820489 0.025684796901445386 0.0028593752473435566 -0.0016071090246452401 0.034070976433569718 0.017242897166720887 -0.010659702829233555 -0.012864968300329425 -0.023449026530218155 -0.0012350459586222887 -0.0065600997406585568 -0.023818662783766452 0.010052928536414745 -0.017172450855524032 0.002917486695542473 0.016236527396410651 0.010202432606999609 -0.00023388394771352181 -0.0034311147240925063 -0.026303588240944073 -0.023146345783105791 -0.0010229446329684531 0.0035141630870169104 -0.010459496871775303 0.024641011391362082 -0.022676127349676844 -0.024287876273689411 -0.021214499405518554
leaf_weight=24.453075215220455 11.558271840214728 11.183549270033838 21.214698687195781 8.7584462910890597 55.713882699608803 12.83028130233288 13.680461436510084 26.21527373790741 75.019198223948479 7.9511030316352835 11.687810361385344 853.91083756089211 16.940676435828209 16.962842464447025 9.4855155199766141 17.470665320754051 1449.8416759818792 39.55115719139576 7.5358305275440207 8.3141534328460676 11.086587145924566 13.852874606847761 20.055705234408382 10.171413317322733 8.3962054550647718 16.395001038908958 6.8882429450750342 18.429416313767433 6.3341768980026236 38.755157798528671
leaf_count=80 36 32 70 25 177 41 37 71 262 26 38 2515 64 53 27 60 4249 112 22 25 32 57 82 36 29 64 20 60 20 155
internal_value=5.31592e-05 0.000527722 -0.00212064 0.0019927 -0.00361459 0.00317721 0.0172642 -0.00157967 -0.0100255 0.00748116 -0.00102729 -0.00156517 -0.00985032 0.00274015 -0.0116379 -0.00204922 0.00299955 0.00328385 -0.00984454 -0.0186071 0.0110908 -0.0133971 -0.0119763 -0.00720655 -0.0153247 0 0.00996401 -0.0149693 -0.0059127 -0.0170044
internal_weight=2850.64 2721.48 968.377 1753.11 205.277 99.6953 26.5107 938.848 105.582 16.7095 902.901 865.599 129.161 1547.83 26.4484 73.1845 1521.38 1489.39 31.9889 29.5289 37.3019 88.8721 117.602 61.9066 28.4519 33.4547 17.0597 35.9471 17.5177 55.6958
internal_count=8577 8091 2863 5228 685 315 78 2768 370 51 2656 2553 486 4543 80 237 4463 4361 102 95 103 319 450 231 111 120 56 112 52 219
is_linear=0
shrinkage=0.03


Tree=38
num_leaves=31
num_cat=0
split_feature=119 49 49 118 29 118 19 59 32 91 46 5 90 49 70 22 17 75 82 119 9 47 47 23 32 83 59 95 25 69
split_gain=156.608 39.244 27.1291 13.9819 11.3136 9.55222 8.89707 7.88285 7.85021 7.73291 11.7394 7.62523 7.33549 7.3251 7.29467 7.29828 7.27841 7.31986 7.07053 6.794 6.18857 6.15152 6.00609 5.90026 5.85866 7.04857 5.72327 5.56401 5.10696 4.89717
threshold=-0.071428571428571327 0.37655604980359825 0.61689150789549563 -0.245 0.36607142857142866 -0.59379629629629604 0.48333333333333339 0.2689627764732464 -0.74305555555555547 -0.040463789682539712 1485.3397982229328 -1.0717948717948715 -0.27763888888888894 0.43584120408049271 1.720779220779221 0.32051282051282054 0.59523809523809534 2.6055555555555561 0.04040404040404056 0.36430236430236429 0.12916666666666668 1518.2349736533731 1546.8459485763046 -0.066666666666666666 -1.7559523809523807 -0.038059163059163119 0.30005727376861402 0.27144975144626299 1.5000000000000002 1.1909090909090911
decision_type=2 2 2 2 2 2 2 2 2 2 2 2 2 2 2 2 2 2 2 2 2 2 2 2 2 2 2 2 2 2
left_child=1 5 4 7 12 -1 9 18 14 10 -5 -11 20 28 15 -7 17 -8 -3 -15 -2 -10 -23 -4 -9 -26 -22 29 -14 -6
right_child=2 3 23 6 27 8 16 24 21 11 -12 -13 13 19 -16 -17 -18 -19 -20 -21 26 22 -24 -25 25 -27 -28 -29 -30 -31
leaf_value=0.020355550578906541 -0.013252443821741186 0.011745469825521829 -0.017229473753138155 0.0069708594368094318 -0.0045642159158869825 0.018228943157523506 -0.0056926034102156168 0.029344641942160687 0.022404283656464838 0.023418307216656234 0.031147232962708417 0.00056709308430915348 -0.0062799601994794904 -0.0018464729169243895 -0.0087654586467466825 -0.0056985116016295828 0.022987924661548368 0.0018462417865702826 -0.02197539370866099 -0.0092116707040837964 -0.0029264580088161811 -0.010241451388619939 0.0065331110410918533 -0.0087317588437341668 -0.0023873968990378983 0.01575629259528177 0.013529317669436103 0.0036669051700852283 0.017666577060064349 -0.011854415848417552
leaf_weight=142.22465404868126 12.977552652359007 10.211460903286936 233.37614251673222 95.313647612929344 125.42969973385334 165.63101044297218 202.80702775716782 20.065138697624207 17.53317129611969 13.107088178396223 21.788618683815002 198.36486025154591 11.273678854107855 308.90587049722672 10.054036915302275 11.674971222877501 10.26426489651203 267.17098727822304 10.157849639654158 178.35311007499695 27.233625084161758 21.717557489871979 122.22301918268204 115.06565476953983 24.480726182460785 81.414650306105614 57.941158622503281 30.136628597974777 22.603296637535095 265.12563008069992
leaf_count=354 39 28 886 265 416 434 591 52 47 33 61 568 34 940 26 29 27 775 28 577 81 63 320 407 69 217 172 96 65 877
internal_value=-3.0311e-05 0.00687547 -0.00722543 0.00332148 -0.00478542 0.0137614 0.00176641 0.0118262 0.0110137 0.00556358 0.0117203 0.00210109 -0.00219397 -0.00361489 0.0151964 0.0166135 -0.000831477 -0.00140576 -0.00517163 -0.00456187 0.00528048 0.00607847 0.00392829 -0.0144649 0.0146177 0.0115507 0.00826006 -0.00857887 0.00965999 -0.00953841
internal_weight=2834.63 1446.2 1388.42 955.146 1039.98 491.058 808.816 146.33 348.834 328.574 117.102 211.472 619.288 521.136 187.36 177.306 480.242 469.978 20.3693 487.259 98.1523 161.474 143.941 348.442 125.961 105.895 85.1748 420.692 33.877 390.555
internal_count=8577 3987 4590 2714 3297 1273 2320 394 919 927 326 601 1908 1616 489 463 1393 1366 56 1517 292 430 383 1293 338 286 253 1389 99 1293
is_linear=0
shrinkage=0.03


Tree=39
num_leaves=31
num_cat=0
split_feature=119 48 48 81 48 94 38 120 48 71 8 72 35 23 90 62 82 61 64 59 93 48 11 6 89 52 90 96 34 32
split_gain=147.896 40.1216 23.3203 12.2661 11.1937 10.2977 9.00952 8.89419 8.39952 7.31303 6.04207 6.35742 5.77021 6.00406 6.38237 6.32034 6.19777 5.72274 5.6831 5.80671 5.60701 6.37765 5.55957 5.53142 6.84244 5.42509 5.41643 5.57902 5.22962 5.12006
threshold=0.23081418873353424 -28.661921005916835 114.77860569863311 17.500000000000004 -109.45244645371564 0.18420171325836357 1.0000000180025095e-35 0.33333333333333326 33.153942177802953 1.3484848484848486 -0.5079365079365078 2.1909090909090914 -0.30178571428571421 0.099242424242424257 0.68633540372670809 2.1464285714285718 1.2964646464646468 4.6867395546766826 1.7947368421052634 0.34291617473435659 0.24518518518518531 157.4677731300865 0.14415584415584418 0.96666666666666679 1.0954545454545457 0.36666666666666675 -0.30992238562091495 0.39761749737082069 -0.27678571428571425 1.1517857142857146
decision_type=2 2 2 2 2 2 2 2 2 2 2 2 2 2 2 2 2 2 2 2 2 2 2 2 2 2 2 2 2 2
left_child=1 4 3 5 -1 17 22 23 28 10 29 -12 20 14 15 -14 -16 -2 19 -7 21 -4 -5 24 -3 -10 -25 -28 -8 -9
right_child=2 7 12 6 -6 18 8 9 25 -11 11 -13 13 -15 16 -17 -18 -19 -20 -21 -22 -23 -24 26 -26 -27 27 -29 -30 -31
leaf_value=-0.014212365138527267 0.00064857123324320114 -0.00019050924918813427 0.0053497509268989234 -0.0029439453930380629 -0.0071531679887292645 0.017045540363775383 -0.019752337079125971 0.016237873278389686 0.0084007646629280074 0.013880056683873907 -0.0060772752562520647 0.015341789229704738 0.011918921689945737 -0.007776759215360334 0.025434793141429848 -0.016235549280470263 -8.540042679571398e-05 0.012317201823319796 -0.0036339386580504646 0.037041248983631515 0.033334365137963874 0.026536140073350208 0.0062635940497132352 -0.0074777631181669789 0.018302619210408412 0.021361814849337794 -0.00023976762498398251 -0.014491436039061641 0.0028255199229975055 -0.0080653029893131591
leaf_weight=295.50176578760147 76.529549762606621 65.782709792256355 25.208816200494766 184.39777298271656 663.69046592712402 87.260042503476143 10.225818097591398 32.47619055211544 114.14643968641758 59.274000927805901 81.682086929678917 13.659823149442671 85.306053161621094 10.30840155482292 60.157327502965927 6.8787456750869742 9.6795753538608533 75.157884240150452 9.0290722548961622 16.236709475517273 32.888383150100708 27.34701019525528 85.581130474805832 179.4120550006628 23.622586712241173 40.16882050037384 372.47794082760811 25.521835446357727 50.659018963575363 9.3133147954940778
leaf_count=918 224 197 73 529 2018 276 27 104 344 187 233 44 260 28 197 17 27 232 25 57 113 90 255 525 78 130 1120 72 151 26
internal_value=-2.48813e-05 -0.00512403 0.00919471 0.00649566 -0.00934358 0.0116917 0.00364165 -0.000426506 0.0082053 0.00516417 0.00130186 -0.00284999 0.0169743 0.0136239 0.0150432 0.00963418 0.021904 0.00649258 0.0185549 0.0205357 0.0234611 0.0167196 -1.81514e-06 -0.00208295 0.00481095 0.0119097 -0.00316205 -0.00119521 -0.00117594 0.0106896
internal_weight=2829.58 1822.41 1007.17 749.392 959.192 264.213 485.179 863.223 215.2 196.405 137.131 95.3419 257.774 172.33 162.022 92.1848 69.8369 151.687 112.526 103.497 85.4442 52.5558 269.979 666.817 89.4053 154.315 577.412 398 60.8848 41.7895
internal_count=8577 5522 3055 2250 2936 814 1436 2586 652 594 407 277 805 529 501 277 224 456 358 333 276 163 784 1992 275 474 1717 1192 178 130
is_linear=0
shrinkage=0.03


Tree=40
num_leaves=31
num_cat=0
split_feature=62 121 121 31 48 75 56 81 88 70 12 66 92 93 68 48 90 81 92 30 83 32 58 32 80 46 70 83 57 75
split_gain=14.0898 10.4276 8.77986 11.7467 8.12874 7.36193 10.9576 6.85967 6.59711 8.45867 9.41573 7.97579 6.95139 6.44545 6.02757 5.80243 5.69662 5.69445 7.25449 9.04461 7.21167 5.14472 5.42001 4.99602 4.25389 6.46959 3.82984 3.50767 3.05492 7.83598
threshold=1.7029411764705884 -1.4910714285714282 1.8964285714285716 0.30952380952380959 -85.923055335116928 2.7029411764705888 0.58333333333333337 14.500000000000002 1.2696969696969698 1.6515151515151518 0.29285714285714287 1.3166666666666669 0.12275252525252535 0.1715476190476192 0.43650793650793657 147.00991569821954 0.56708333333333349 15.500000000000002 0.039791666666666677 0.35416666666666669 0.33333333333333348 1.6726190476190481 0.23647686147686151 1.1291666666666669 5.5000000000000009 1492.3540846661042 1.6306818181818186 0.1972222222222221 0.46105840267516923 3.0250000000000004
decision_type=2 2 2 2 2 2 2 2 2 2 2 2 2 2 2 2 2 2 2 2 2 2 2 2 2 2 2 2 2 2
left_child=1 24 3 21 17 6 7 -5 11 12 -11 14 -10 -13 -6 16 -7 -3 20 -20 -19 23 -23 -2 -1 27 -8 -26 -4 -30
right_child=2 4 28 5 8 15 26 -9 9 10 -12 13 -14 -15 -16 -17 -18 18 19 -21 -22 22 -24 -25 25 -27 -28 -29 29 -31
leaf_value=-0.018580649235916624 0.010962173474090215 0.016858608182943723 -0.016372869187242421 -0.012662093987642554 0.0095485186279387554 -0.0095116953112470582 0.00049987769006917999 0.001220774941586341 0.0071616113528095091 -0.013309377944653259 0.011819344284239168 0.0051571247300557172 0.0021256855640438611 -0.0038763058738772276 -0.0045914002361460617 -0.019831839819947919 -0.0004468987054379009 0.0089363462971573954 0.0046603435900413491 -0.0095086547327473438 -0.0038817382404356506 0.013243144152704524 -0.019684016246162863 0.04175665142897244 0.0012900725570158232 0.019777685966110362 0.022662931685381756 -0.017408346668316886 -0.020529659822970659 0.010439132558596062
leaf_weight=29.537411794066429 15.141607940196993 12.43665027618408 61.441556423902512 43.128604009747505 28.810025364160538 137.62116418778896 10.377751454710959 115.24844732880592 484.78271925449371 47.894721031188965 17.505373865365982 302.08588816225529 508.19939914345741 91.680679485201836 295.65337713062763 27.41841147840023 114.96708372235298 71.651298895478249 51.235255971550941 180.41737331449986 85.347909197211266 10.580844461917879 6.352294608950614 7.0636608004569998 15.444947645068167 7.5506864041090003 23.000500991940498 19.433854758739471 12.75536108016968 14.761225953698156
leaf_count=93 45 33 242 145 86 438 33 372 1380 152 48 902 1456 298 900 112 368 196 143 536 243 31 22 17 43 20 67 60 48 48
internal_value=5.92282e-05 0.00114984 -0.00402105 -0.00248656 0.00152417 -0.0038099 0.000704322 -0.00259666 0.00239576 0.00390071 -0.00646139 0.000171545 0.00459202 0.00304178 -0.00330118 -0.00690353 -0.00541566 -0.00232541 -0.00298868 -0.0063554 0.00196873 0.0130873 0.000314731 0.0222647 -0.0100017 -0.00367013 0.0160744 -0.00923956 -0.0126749 -0.00402781
internal_weight=2849.53 2249.67 599.859 510.9 2177.7 471.762 191.755 158.377 1776.61 1058.38 65.4001 718.23 992.982 393.767 324.463 280.007 252.588 401.088 388.652 231.653 156.999 39.1384 16.9331 22.2053 71.9669 42.4295 33.3783 34.8788 88.9581 27.5166
internal_count=8577 6589 1988 1650 6373 1535 617 517 5222 3036 200 2186 2836 1200 986 918 806 1151 1118 679 439 115 53 62 216 123 100 103 338 96
is_linear=0
shrinkage=0.03


Tree=41
num_leaves=31
num_cat=0
split_feature=48 48 48 5 72 116 118 91 46 94 90 51 9 61 121 55 78 72 117 16 60 39 12 71 117 121 62 4 83 75
split_gain=147.072 34.786 29.3779 12.6916 10.9956 9.41307 8.37217 7.36204 9.22106 6.94976 7.29514 6.90826 10.7168 8.18049 6.8652 6.6047 6.08155 6.02589 7.07422 5.96865 6.74693 5.94921 5.79426 5.77726 5.59226 5.58079 5.12768 4.95646 4.79283 4.37226
threshold=-10.980612734163968 -95.317053924325919 52.446357932930034 -1.3412698412698409 2.4365079365079372 0.95000000000000007 -0.59379629629629604 0.44183333333333336 1421.3706810725459 0.31993334389466532 0.38260869565217409 0.70833333333333337 0.24038461538461542 6.8421493793580082 1.39484126984127 0.29166666666666669 0.54772727272727284 2.3484848484848491 -0.18333333333333338 0.48333333333333339 3.175397023364098 1.0000000180025095e-35 0.07417582417582419 1.4772727272727275 1.3527777777777781 0.42857142857142855 1.0871212121212122 1.1291666666666669 1.2922979797979799 2.7029411764705888
decision_type=2 2 2 2 2 2 2 2 2 2 2 2 2 2 2 2 2 2 2 2 2 2 2 2 2 2 2 2 2 2
left_child=1 6 9 23 7 14 -1 8 -5 10 17 12 21 -14 19 -9 -12 18 -2 20 -4 -8 24 -3 -6 27 -16 -13 -7 -24
right_child=2 3 5 4 22 28 11 15 -10 -11 16 25 13 -15 26 -17 -18 -19 -20 -21 -22 -23 29 -25 -26 -27 -28 -29 -30 -31
leaf_value=0.020128991997783497 -0.0053528861097721959 -0.0045420218222689069 -0.0063726063372461688 0.012313969924300439 -0.018252479882393459 -0.020512541265913252 0.0048559211340338535 0.0094100117425011936 -0.0010344055306974141 -0.010082353317431573 -0.0013890421067261189 -0.0050425585687007661 0.00399994461162256 -0.022816850298171456 0.0071313661460527845 -0.0096909161857337209 0.02784868512563423 -0.012786346021178936 0.00063587214860836021 -0.013739876292526692 0.0094719608154594809 0.025203578407915799 0.0077474797675798849 0.021762292462876098 0.012836221894349445 -0.0035104628924269706 -0.016340858931752675 0.018939604908757412 0.0070230731151939459 0.022902922882830631
leaf_weight=136.79104501008987 320.25168028473854 8.365561440587042 174.20118896663189 49.816635206341743 9.036377966403963 120.15417267382145 22.278198689222336 143.55892595648766 556.83153009414673 116.38915546238422 12.013570547103884 7.6488772034645072 98.564948439598083 10.401019275188444 8.1652520596981031 17.393999725580215 12.067831411957739 49.562916859984398 394.64615705609322 84.22294257581234 27.02070252597332 33.463041543960571 33.19342802464962 45.878139153122902 9.786324739456175 11.779274940490721 144.10743297636509 127.9203844666481 5.3388472795486441 40.226851865649223
leaf_count=339 1007 22 577 139 25 488 61 393 1596 386 40 21 259 29 28 50 37 153 1188 292 87 86 88 121 26 31 546 330 19 113
internal_value=-3.36866e-05 0.00705927 -0.00662072 0.00368906 0.00278584 -0.0119964 0.0138927 0.00159742 7.52582e-05 -0.00326214 -0.00224018 0.0110938 0.00677549 0.00122873 -0.00986477 0.00728018 0.0136693 -0.00276246 -0.00204644 -0.00705906 -0.0041938 0.017353 0.0125199 0.0176425 -0.00210532 0.0158224 -0.0150243 0.0175375 -0.0192711 0.0162876
internal_weight=2831.08 1362.93 1468.14 914.088 859.844 563.211 448.847 767.601 606.648 904.931 788.542 312.056 164.707 108.966 437.718 160.953 24.0814 764.461 714.898 285.445 201.222 55.7412 92.243 54.2437 18.8227 147.349 152.273 135.569 125.493 73.4203
internal_count=8577 3729 4848 2573 2430 2037 1156 2178 1735 2811 2425 817 435 288 1530 443 77 2348 2195 956 664 147 252 143 51 382 574 351 507 201
is_linear=0
shrinkage=0.03


Tree=42
num_leaves=31
num_cat=0
split_feature=120 116 94 117 90 17 117 116 96 32 22 65 68 91 27 30 69 30 97 8 32 60 121 13 61 94 63 121 4 69
split_gain=120.796 39.0582 29.7816 15.2864 10.7122 9.88534 9.81685 9.25739 9.23302 8.38665 7.15478 8.17525 7.14269 11.6904 6.79227 6.22411 5.75707 5.99095 5.49739 5.40618 5.0716 4.88246 4.68225 4.64649 4.63142 5.42547 5.25607 4.87481 6.11627 4.58434
threshold=0.33333333333333326 -0.59861111111111098 0.16644325290437897 0.099999999999999936 0.17250000000000013 0.048809523809523837 -0.29999999999999993 -0.24999999999999994 0.36161690007843866 1.6636904761904765 0.13809523809523813 1.7735042735042736 1.3166666666666669 0.32369740903183902 1.8166666666666669 1.0000000180025095e-35 1.5505050505050508 1.7321428571428574 0.29560792629109001 -0.72857142857142843 1.3839285714285716 2.6347493475371349 0.76964285714285718 0.42261904761904767 6.4240579937194546 0.10700630918230737 1.1213235294117649 1.4482142857142859 1.2583333333333335 1.6515151515151518
decision_type=2 2 2 2 2 2 2 2 2 2 2 2 2 2 2 2 2 2 2 2 2 2 2 2 2 2 2 2 2 2
left_child=1 5 6 4 19 12 24 -5 15 10 20 14 13 -1 -12 -9 -8 29 21 -3 -4 -6 -15 -21 25 26 -2 28 -26 -18
right_child=2 3 9 7 18 -7 16 8 -10 -11 11 -13 -14 22 -16 -17 17 -19 -20 23 -22 -23 -24 -25 27 -27 -28 -29 -30 -31
leaf_value=0.024110080514778674 0.0030158345118391169 0.013028839843267756 0.0072342711945925214 -0.0095383156152856058 0.011900932387894195 -0.013523514860117939 -0.0033224099008529601 0.019419655486220225 -0.011089722979307184 0.023857155793634691 -0.0014118102708739868 0.024363447588712558 -0.013176797493708297 -0.011269747637795056 0.013827275412828384 -0.0010796376398626273 0.034562295540583154 -0.01307859553191508 0.024528425165734308 -0.0023919611272647527 -0.014658812235421705 0.0016391708120351563 0.011656195390506401 0.008324838813956105 0.015217266796232984 -0.007425231142252308 0.014586916792043804 0.024826875138800639 -0.01114189173869241 0.0076967731880172047
leaf_weight=17.067541509866714 96.998677864670753 23.027078062295914 61.830041795969009 246.94522516429424 70.543497353792191 406.1295814961195 178.91605399549007 12.819535881280897 87.65006747841835 72.440948873758316 29.341621086001396 61.822392374277115 33.356875002384186 28.230958551168442 216.82246133685112 371.93254396319389 7.5709615945816067 7.3243234604597083 14.816470503807066 455.71910965442657 10.200646430253981 103.00621850788593 10.02993920445442 38.4952033162117 24.846488282084465 25.182246804237366 56.046516060829163 25.063491702079773 10.449831932783125 21.130983605980873
leaf_count=59 284 74 185 744 220 1255 524 44 259 236 84 202 98 85 667 1129 27 19 49 1350 26 305 33 122 78 68 176 83 27 65
internal_value=-2.85801e-05 -0.0042904 0.0089936 -0.00176309 0.00137028 -0.0115442 0.00353999 -0.00483842 -0.00236029 0.0144337 0.0125715 0.0145625 -0.00239685 0.00416755 0.0120003 -0.000340274 -0.00109777 0.00966068 0.0074769 -0.000857936 0.00393453 0.00587178 -0.00503958 -0.00153603 0.0077178 0.00520719 0.00733993 0.0148764 0.00723875 0.0158094
internal_weight=2825.76 1919.77 905.988 1424.95 705.608 494.815 453.53 719.347 472.402 452.458 380.017 307.986 88.6853 55.3284 246.164 384.752 214.942 36.0263 188.366 517.241 72.0307 173.55 38.2609 494.214 238.587 178.227 153.045 60.3598 35.2963 28.7019
internal_count=8577 5826 2751 4296 2120 1530 1351 2176 1432 1400 1164 953 275 177 751 1173 635 111 574 1546 211 525 118 1472 716 528 460 188 105 92
is_linear=0
shrinkage=0.03


Tree=43
num_leaves=31
num_cat=0
split_feature=118 48 47 59 29 96 57 57 69 74 57 46 37 117 75 6 58 75 46 93 4 33 56 82 83 74 90 35 121 83
split_gain=13.8226 10.6744 10.2536 9.2343 8.50189 8.99843 8.25207 7.25118 13.4059 7.65707 6.47971 6.02123 6.46792 6.37774 5.41187 5.33863 6.32688 5.17527 5.08892 4.98937 6.01966 4.79177 4.6402 4.42582 4.30559 4.30545 6.4866 4.12944 3.6197 4.95308
threshold=-0.59379629629629604 147.00991569821954 1463.3959591145688 0.28801140684410648 -0.57142857142857117 -0.19528261906444511 0.44002820874471088 0.43320955163006042 1.0871212121212122 3.3660287081339715 0.39028324154209287 1420.0323291263483 -1.4999999999999998 -0.71944444444444422 2.7029411764705888 1.591666666666667 0.1750966082753235 2.6201923076923079 1417.7368245899399 -0.45377100840336121 1.1380952380952383 0.58630952380952395 0.58333333333333337 -0.30000000000000004 0.42424242424242431 2.9045454545454548 -0.61249999999999993 -1.4053571428571425 -0.50892857142857129 0.09999999999999977
decision_type=2 2 2 2 2 2 2 2 2 2 2 2 2 2 2 2 2 2 2 2 2 2 2 2 2 2 2 2 2 2
left_child=3 2 4 6 5 -2 21 8 -6 -9 28 12 -12 -13 17 16 -16 22 -7 -8 -21 -1 -5 -3 -22 26 -17 -27 -4 -30
right_child=1 23 10 14 7 18 19 9 -10 -11 11 13 -14 -15 15 25 -18 -19 -20 20 24 -23 -24 -25 -26 27 -28 -29 29 -31
leaf_value=0.0016315291457852652 -0.012231236486573609 0.0072478951295112306 -0.026460407027562478 -0.010200590966405744 0.025858892936375898 -0.0031542710277356902 -0.019516518098404434 0.0038292805389455978 -0.0062944118602875996 0.018124189283780807 0.013197395428685385 -0.0081310237763195011 -0.012108913083614101 0.001137986343377457 0.011595705747180439 -0.014235282613766661 -0.019825442288232544 0.015494563769384755 0.020510545873505783 -0.012530491428570887 0.021506663239345716 0.031183607391355714 0.014010502494873569 -0.014014699443635524 -0.0056691609462573298 -0.023990013503190303 0.012008770126334898 -0.0068101520919982899 0.0060947447103703563 -0.012879756255952529
leaf_weight=8.673809155821802 9.6239856630563718 9.5246864259242994 8.6828481256961805 35.336315646767616 12.044181510806082 8.8580704331397992 11.392489328980444 242.68716287612915 109.03996953368187 38.597972989082336 9.7927748709917051 68.339346796274185 57.76747627556324 1795.2056113630533 5.5182433575391761 12.674118429422377 69.136182337999344 12.856576502323149 62.541541025042534 13.443343088030813 14.114602997899057 11.611800372600554 7.8545275628566733 57.794633075594902 7.2733037471771231 15.896915003657339 21.217678293585777 59.207300290465355 18.409231886267662 33.201048716902733
leaf_count=27 30 31 29 117 30 25 36 717 341 105 26 221 173 5299 18 39 266 38 166 51 37 30 25 223 24 51 62 181 53 106
internal_value=6.70538e-05 0.00079418 0.00111778 -0.00594267 0.00503255 0.0138525 0.00387185 0.00321913 -0.00288595 0.00585871 0.000163956 0.000469997 -0.00825805 0.000792289 -0.00868316 -0.0111623 -0.0173407 -0.000453901 0.0175302 -0.00312721 0.0025447 0.0193588 -0.00551235 -0.0109004 0.0122907 -0.00678412 0.0019819 -0.0107534 -0.00943693 -0.00606739
internal_weight=2848.32 2542.11 2474.79 306.207 483.393 81.0236 66.5093 402.369 121.084 281.285 1991.4 1931.11 67.5603 1863.54 239.698 183.65 74.6544 56.0474 71.3996 46.2237 34.8312 20.2856 43.1908 67.3193 21.3879 108.996 33.8918 75.1042 60.2931 51.6103
internal_count=8577 7575 7321 1002 1414 221 205 1193 371 822 5907 5719 199 5520 797 617 284 180 191 148 112 57 142 254 61 333 101 232 188 159
is_linear=0
shrinkage=0.03


Tree=44
num_leaves=31
num_cat=0
split_feature=119 118 2 11 59 19 19 73 29 67 28 59 36 28 22 121 51 94 79 92 72 118 16 57 63 35 68 59 59 94
split_gain=140.05 32.9619 24.7962 14.543 11.8639 11.5028 9.23352 8.88874 8.84438 8.19525 9.10158 8.55904 8.07503 7.99915 7.34082 7.12325 7.06387 8.29932 6.85242 7.49218 6.6953 6.65125 6.62443 6.6027 6.21286 9.82512 6.15391 6.11929 5.7719 5.57053
threshold=-0.071428571428571327 -0.245 0.26969696969696982 -0.3827838827838827 0.2631841318150811 0.48333333333333339 0.48333333333333339 1.8944444444444446 -0.85357142857142843 1.8944444444444446 1.1547619047619049 0.29509343115900499 1.5000000000000002 2.6904761904761911 0.20714285714285716 0.98412698412698429 0.63333333333333341 0.31993334389466532 0.45804195804195807 -0.10477856876233159 1.6515151515151518 -0.10499999999999995 0.53589743589743599 0.47992782122323013 2.0954545454545461 0.48511904761904762 1.0000000180025095e-35 0.29396878188734671 0.325994219197838 0.022280471821756128
decision_type=2 2 2 2 2 2 2 2 2 2 2 2 2 2 2 2 2 2 2 2 2 2 2 2 2 2 2 2 2 2
left_child=1 4 16 6 23 7 -3 8 -5 10 -7 -11 14 21 15 -6 17 22 19 -18 -14 -4 26 -1 29 -26 -2 -20 -29 -8
right_child=2 3 13 5 12 9 24 -9 -10 11 -12 -13 20 -15 -16 -17 18 -19 27 -21 -22 -23 -24 -25 25 -27 -28 28 -30 -31
leaf_value=-0.011645842161637979 0.026540093902142726 0.024917137648105454 -0.014259477665486461 0.017224344184553365 0.019585354214806991 0.003796658336404593 0.0075106579242212 -0.005840430295373164 0.0051319342324734575 0.014496730543301677 -0.0071146058730592087 -0.00028264848736862694 -0.017076898730959113 0.018885991812195697 0.0084641941539837697 -0.005438913456425918 0.023865913361974342 -0.01301231266577752 -0.011297074029812197 -0.001441366614739517 0.010482124509371627 -0.008286960757949732 -0.013907680188838636 0.012599427324934923 0.035145848179409897 -0.0026508876102865828 -0.0020269582667840178 0.0097488785311943531 -0.010576970371745967 -0.011537007603461368
leaf_weight=24.558725208044052 5.8923645168542853 38.153315782546997 334.07908523082733 67.799028933048248 264.88050878047943 97.735744297504425 59.447152346372604 50.104120254516602 276.61154326796532 50.982905045151711 225.19369952380657 108.3619769513607 11.399557739496229 7.1093409508466712 87.893356770277023 10.053783088922499 23.934665411710739 83.116371989250183 33.694347694516182 17.666759163141251 21.000910192728043 357.51985497772694 42.284647136926651 15.685874372720717 14.679963588714601 9.7781841456890088 408.59683007001877 46.251421600580215 16.100681558251381 16.871814697980881
leaf_count=65 18 97 1257 188 675 280 161 140 779 143 652 317 28 24 231 26 72 278 106 52 54 1214 133 43 38 26 1253 135 48 44
internal_value=-3.7925e-05 0.00646093 -0.00689258 0.00349005 0.0133596 0.00205003 0.012477 0.00584361 0.00756405 -0.0010527 -0.00380149 0.00448827 0.0149372 -0.0108559 0.0162155 0.018643 -0.00279105 -0.00433886 0.00324573 0.0132668 0.000475152 -0.0111928 -0.00272908 -0.00204682 0.00753926 0.0204066 -0.00155073 -0.00115583 0.00436884 0.00316624
internal_weight=2827.44 1451.19 1376.25 1015.72 435.473 876.789 138.93 394.515 344.411 482.274 322.929 159.345 395.228 698.708 362.828 274.934 677.538 539.89 137.648 41.6014 32.4005 691.599 456.774 40.2446 100.777 24.4581 414.489 96.0465 62.3521 76.319
internal_count=8577 3987 4590 2865 1122 2499 366 1107 967 1392 932 460 1014 2495 932 701 2095 1682 413 124 82 2471 1404 108 269 64 1271 289 183 205
is_linear=0
shrinkage=0.03


Tree=45
num_leaves=31
num_cat=0
split_feature=119 48 48 81 116 121 121 85 90 116 96 2 80 91 97 119 73 53 75 25 93 67 29 84 91 82 65 59 46 119
split_gain=131.437 36.6932 20.6683 12.2411 12.0189 10.0281 8.28697 7.32166 6.7696 6.70294 6.58067 6.40868 5.927 5.87504 7.32235 5.81726 6.41435 5.78832 6.57315 5.68635 6.02344 6.25741 5.61999 5.4718 5.38222 6.8628 5.89963 5.75181 5.3584 5.49827
threshold=0.23081418873353424 -28.661921005916835 94.33366657424348 17.500000000000004 -0.66515151515151494 0.86190476190476206 1.1091269841269844 -0.70353535353535335 0.2591691033138403 0.84807692307692328 0.019792017518760068 -1.4967948717948714 8.5000000000000018 -0.39731240981240967 0.1283839157610836 0.55642633228840122 2.7888888888888892 2.9000000000000004 2.7434210526315792 1.0000000180025095e-35 -0.32589962121212107 0.90454545454545465 0.65000000000000002 -0.83585858585858575 -0.31956521739130428 0.4000000000000003 1.0250000000000001 0.3389671808544405 1536.0229457285925 0.4499999999999999
decision_type=2 2 2 2 2 2 2 2 2 2 2 2 2 2 2 2 2 2 2 2 2 2 2 2 2 2 2 2 2 2
left_child=1 4 3 8 -1 24 19 -7 28 13 12 -6 -9 -8 -15 23 -17 18 -11 -4 -21 -22 -12 -10 -3 27 -27 -26 29 -2
right_child=2 5 6 -5 11 7 9 10 15 17 22 -13 -14 14 -16 16 -18 -19 -20 20 21 -23 -24 -25 25 26 -28 -29 -30 -31
leaf_value=-0.013403287100528283 0.013307821010786779 -0.008064316906268295 -0.013956920923459744 0.0024008262597588364 -0.020858515572858345 -0.003061356704342461 -0.0015852098590522533 -0.0069192141611600921 0.02336408929552914 0.0095220935773611265 -0.0054359558915402515 -0.005671717889663622 0.014859733918012895 0.0088401618885431323 0.026381655509628277 0.023197508350132897 -0.0022299109685525809 0.030711199147996686 0.02924671169386954 -0.011222890159782327 0.025067108848002177 0.0070142687622078486 0.010277085703954978 -0.0090921963935607555 -0.0054096167726840243 -0.0072426890102983013 0.0062312995030331109 0.0085979668656847117 0.025259934082125061 0.00050160456843029774
leaf_weight=345.97930374741554 44.48372346162796 126.10105764865875 9.1193464398384076 420.57060460746288 25.510215923190117 82.526408791542053 21.486671656370163 11.923923000693319 5.9716815948486355 45.431728899478912 47.998103186488152 576.99515353143215 96.523063987493515 59.182610273361206 34.933142215013504 72.839744478464127 9.7261778712272626 50.484193533658981 23.791918754577637 10.141974449157713 23.998109102249146 62.788315147161484 34.140167370438576 13.129221990704535 255.88008663058281 35.616002276539803 143.13354352116585 28.351620033383369 11.787778615951536 91.44793663918972
leaf_count=1092 140 365 23 1238 77 239 59 34 20 136 139 1767 306 176 116 237 27 171 80 26 79 187 107 36 757 102 447 90 39 265
internal_value=-3.17554e-05 -0.0048708 0.00862546 0.00554313 -0.00893943 -0.000386326 0.0146323 0.00435161 0.0107996 0.0177805 0.00757642 -0.0063532 0.0123964 0.012387 0.0155915 0.0167571 0.0201754 0.0228183 0.016664 0.00751794 0.00969089 0.0122691 0.00110403 0.00156318 -0.00259167 -0.00108047 0.00350455 -0.00397662 0.00659416 0.00478094
internal_weight=2821.99 1810.68 1011.31 669.957 948.485 862.194 341.358 273.112 249.386 235.31 190.585 602.505 108.447 115.602 94.1158 101.667 82.5659 119.708 69.2236 106.048 96.9284 86.7864 82.1383 19.1009 589.082 462.981 178.75 284.232 147.719 135.932
internal_count=8577 5522 3055 2002 2936 2586 1053 825 764 738 586 1844 340 351 292 320 264 387 216 315 292 266 246 56 1761 1396 549 847 444 405
is_linear=0
shrinkage=0.03


Tree=46
num_leaves=31
num_cat=0
split_feature=86 121 121 31 117 94 20 48 50 21 1 93 31 11 81 44 53 14 121 32 58 32 4 80 46 45 83 84 84 4
split_gain=12.917 9.59712 8.15502 11.2622 8.29972 7.93812 7.96894 7.19328 7.09328 6.08786 8.14786 8.76963 7.26991 6.99928 5.55015 6.50869 7.06229 6.43318 5.35825 4.86647 5.23281 4.66912 4.11551 4.11543 6.1612 3.44051 3.3975 3.2956 4.95066 3.89663
threshold=1.7029411764705884 -1.4910714285714282 1.8964285714285716 0.30952380952380959 -0.5964285714285712 0.34660403730342643 -0.083333333333333329 -85.923055335116928 0.70833333333333337 0.37980769230769235 0.51666666666666672 -0.53082706766917276 1.9375000000000002 -0.26428571428571418 15.500000000000002 1.0000000180025095e-35 1.3666666666666669 -0.066666666666666666 -0.33630952380952378 1.6726190476190481 0.23647686147686151 1.1291666666666669 0.70714285714285718 5.5000000000000009 1492.3540846661042 1.0000000180025095e-35 0.1972222222222221 -1.0000000180025095e-35 0.094065656565656644 1.2583333333333335
decision_type=2 2 2 2 2 2 2 2 2 2 2 2 2 2 2 2 2 2 2 2 2 2 2 2 2 2 2 2 2 2
left_child=1 23 3 19 25 8 -7 14 -6 12 22 -12 13 -9 -3 17 -17 -16 -14 21 -21 -2 -11 -1 26 -5 -25 -4 -29 -30
right_child=2 7 27 4 5 6 -8 9 -10 10 11 -13 18 -15 15 16 -18 -19 -20 20 -22 -23 -24 24 -26 -27 -28 28 29 -31
leaf_value=-0.018149296656339974 0.010773150200361599 0.016777655376904777 -0.016314341053698427 -0.01443694001045304 -0.010445143125015984 -0.01631575135620595 0.0031508380943656212 -0.0073412585506160933 0.0078667284567611965 0.00058381830183880715 -0.015724743612661695 0.0068645429467056778 0.0012146529166769755 0.0012904321430800502 0.0026654214541186288 0.020786951126572095 -0.00029873606103049085 -0.0071537140051105815 0.017338842353805277 0.013035478746150147 -0.019389448957247396 0.040464009122662119 -0.022284815218345962 0.0014453711528962395 0.019382517487153035 0.0013293846668576391 -0.017016887549638652 0.012267489147125174 -0.022439299087985302 0.0044755353862196718
leaf_weight=29.08961495757103 15.177819609642031 12.442588463425635 58.60405407845974 74.568338871002197 115.31242887675762 19.638448968529701 224.54481916129589 90.353826433420181 21.81059867143631 13.963161051273348 15.023055613040922 445.92395232617855 34.11272519826889 1125.6342904269695 79.312420666217804 18.373455598950386 53.41826120018959 236.02492837607861 41.24233315885067 10.60879994928837 6.2873334288597098 7.15639704465866 12.778253346681593 15.391458347439764 7.5915856659412375 14.314842119812964 19.175411462783813 10.203291907906534 11.96828316152096 7.0070885866880408
leaf_count=93 45 33 230 281 368 67 704 268 68 43 45 1259 97 3356 226 48 154 690 112 31 22 17 42 43 20 47 60 33 50 25
internal_value=7.41761e-05 0.00111655 -0.00384305 -0.00236823 -0.00366975 -0.00172252 0.00151284 0.00147384 -0.0074749 0.0022915 0.00514573 0.00608938 0.0012081 0.000641085 -0.00215579 -0.00281371 0.00526788 -0.00467394 0.0101903 0.0128598 0.00039276 0.0217417 -0.0106451 -0.00963638 -0.00340847 -0.0118778 -0.00890241 -0.0122448 -0.00370218 -0.0126237
internal_weight=2847.05 2249.85 597.203 509.42 470.189 381.306 244.183 2178.6 137.123 1779.03 487.688 460.947 1291.34 1215.99 399.572 387.129 71.7917 315.337 75.3551 39.2304 16.8961 22.3342 26.7414 71.2481 42.1585 88.8832 34.5669 87.7827 29.1787 18.9754
internal_count=8577 6589 1988 1650 1535 1207 771 6373 436 5222 1389 1304 3833 3624 1151 1118 202 916 209 115 53 62 85 216 123 328 103 338 108 75
is_linear=0
shrinkage=0.03


Tree=47
num_leaves=31
num_cat=0
split_feature=119 48 48 121 29 67 27 72 90 61 12 49 92 39 119 85 9 96 23 0 53 82 119 91 85 118 16 96 77 71
split_gain=132.011 32.5243 24.2384 11.7801 10.1125 7.77359 8.04263 7.5141 6.94893 6.80815 6.73974 6.73792 6.64236 6.25389 6.23729 6.02843 5.97604 5.77469 5.67094 5.57757 5.53446 5.50748 6.83809 5.13316 5.0106 4.92509 4.90447 4.69838 4.60025 4.59625
threshold=-0.071428571428571327 -95.317053924325919 82.754806232010665 -0.86607142857142838 0.36607142857142866 2.3484848484848491 0.77500000000000013 0.68333333333333346 -0.27763888888888894 6.8421493793580082 0.44949494949494956 0.43584120408049271 0.63297101449275373 1.5000000000000002 0.36430236430236429 -0.42640692640692635 0.095454545454545472 0.060237121397162786 -0.066666666666666666 0.53589743589743599 1.9000000000000001 0.39696969696969708 -0.89441137566137541 0.34241095391457715 -0.77460317460317452 0.19428850949428714 0.32051282051282054 0.63483941169669567 0.54772727272727284 1.2928571428571431
decision_type=2 2 2 2 2 2 2 2 2 2 2 2 2 2 2 2 2 2 2 2 2 2 2 2 2 2 2 2 2 2
left_child=1 5 4 19 8 6 -1 -5 16 23 20 -10 15 -14 -13 -9 -2 -7 -4 27 -8 26 -23 -6 -19 -25 -21 -3 -18 -26
right_child=2 3 18 7 9 17 10 12 11 -11 -12 14 13 -15 -16 -17 28 24 -20 21 -22 22 -24 25 29 -27 -28 -29 -30 -31
leaf_value=0.019158344640967825 -0.013976971173703513 0.02533088506827235 -0.0164376151755313 -0.020215027708290968 -0.010159255086657762 0.012787588970414043 -0.0048545774106092503 -0.001537956418145631 0.0093383251228273297 0.0054735716267932727 0.021444743478032241 -0.0016790449739767081 0.007498498036578127 0.034845485262163758 -0.0087653409052010408 0.0037576824187028706 0.0037238395094788524 0.0021090865690909528 -0.0080192319262551316 0.0060383209000573054 0.0075888727703057931 0.012611206335860633 -0.020694413762093546 0.0089897273887142963 0.0048330131235883632 -0.017282200443120201 0.026728297987506765 0.003173138294267663 0.01934292298563671 0.029945250204228842
leaf_weight=63.45610648393631 11.662628516554831 35.411391049623489 226.12213908135891 12.438102826476095 352.89960101246834 93.249510616064072 39.839925140142441 332.50437441468239 34.012682005763054 30.180792883038521 24.658977121114731 307.87962658703327 73.158664852380753 7.6614957749843589 176.35120365023613 458.3760095089674 63.547960996627808 8.6051625013351423 112.77808986604214 41.179207548499107 149.76723575592041 8.8565522432327288 11.698594465851782 24.197517350316051 8.1725133061408979 7.5964650213718405 13.477929532527922 12.117249026894568 22.878995075821877 59.020945012569427
leaf_count=161 36 92 886 37 1192 236 105 943 99 93 61 940 202 20 577 1313 190 22 407 111 391 23 34 78 20 26 36 33 66 147
internal_value=-4.19902e-05 0.00625224 -0.00672189 0.00325301 -0.00442224 0.0129825 0.0098091 0.00203303 -0.0019729 -0.00804025 0.0069502 -0.00336298 0.00237672 0.0105218 -0.00427872 0.00152835 0.00530097 0.0180899 -0.0136768 0.0119292 0.00494679 0.00664165 -0.0062856 -0.00911968 0.0243225 0.00228557 0.0115827 0.0199255 0.0080668 0.0270506
internal_weight=2823.76 1453.65 1370.11 1006.88 1031.21 446.77 277.722 884.139 616.333 414.874 214.266 518.244 871.701 80.8202 484.231 790.88 98.0896 169.048 338.9 122.741 189.607 75.2123 20.5551 384.694 75.7986 31.794 54.6571 47.5286 86.427 67.1935
internal_count=8577 3987 4590 2844 3297 1143 718 2515 1908 1389 557 1616 2478 222 1517 2256 292 425 1293 329 496 204 57 1296 189 104 147 125 256 167
is_linear=0
shrinkage=0.03


Tree=48
num_leaves=31
num_cat=0
split_feature=119 48 48 48 121 3 121 28 54 117 55 71 69 74 92 67 121 25 50 6 33 21 91 61 82 12 67 119 90 23
split_gain=123.584 35.0341 19.3984 10.2061 9.5927 8.91052 7.87225 7.18187 6.46774 7.1198 9.11994 6.29972 8.39664 6.29666 6.05881 8.75217 5.81671 5.45064 5.57236 5.35843 5.25339 4.92992 5.53679 7.99093 5.30005 4.77756 4.63878 5.59346 5.12078 6.79741
threshold=0.23081418873353424 -28.661921005916835 94.33366657424348 -109.45244645371564 0.67261904761904778 1.4833333333333336 1.1091269841269844 0.86607142857142871 2.3666666666666671 -0.87083333333333313 0.22500000000000003 1.2111111111111115 1.0416666666666667 2.0871212121212124 -0.026086956521739087 1.7638888888888891 0.11071428571428578 1.0000000180025095e-35 0.77500000000000013 1.0333333333333334 0.87797619047619058 0.51666666666666672 -0.31956521739130428 6.2431950830594518 0.4000000000000003 0.46410256410256417 2.3875000000000006 -0.53559169663288642 0.29148550724637684 -1.0000000180025095e-35
decision_type=2 2 2 2 2 2 2 2 2 2 2 2 2 2 2 2 2 2 2 2 2 2 2 2 2 2 2 2 2 2
left_child=1 3 5 16 21 7 17 -2 9 -8 -11 19 -13 -7 15 -15 -1 -4 20 -6 -19 22 23 -3 -24 -16 28 -28 -5 -30
right_child=2 4 6 26 11 13 8 -9 -10 10 -12 12 -14 14 25 -17 -18 18 -20 -21 -22 -23 24 -25 -26 -27 27 -29 29 -31
leaf_value=-0.015630706335130851 0.00909150893383074 -0.013031133232792277 -0.013811699185737922 -0.0062688234231249211 0.010243106181406895 -0.0086254380897357683 0.024786821029549481 -0.00090208891094967789 0.025461399695355279 0.0044685273080183044 0.021212048841756041 0.0004641341035287278 0.015158430555940473 0.016133782814196695 0.0054910722769420375 0.0036512060953206018 -0.0048993693978915129 0.021445732822319239 0.00016499032825745673 -0.0021818675008323913 0.0026309782287837935 -0.012371740910671525 -0.0032593602219554924 0.0069061422099512774 0.0040175877660767172 -0.015478466335064547 -0.016032786068159503 0.0020468141047840747 -0.0090433991673985383 0.017804476825537312
leaf_weight=228.52764984965324 87.481216326355934 75.214356631040573 9.1003065109252912 524.29305553436279 37.355908691883087 16.971685737371445 41.558355420827866 238.95574259757996 64.151422142982483 85.386821269989014 44.674900591373444 65.870720818638802 74.900017440319061 160.65704362094402 81.444851502776146 75.59163436293602 59.250911742448807 38.5257788002491 37.449670702219009 167.21146668493748 21.229395985603333 44.780040174722672 224.68966980278492 22.808319017291069 148.80977445840836 10.067980974912642 80.291340172290802 18.389219969511032 14.375519439578055 17.937136262655258
leaf_count=726 266 211 23 1606 116 47 136 695 212 247 143 196 238 505 241 222 192 125 106 491 61 131 672 73 458 26 247 60 43 62
internal_value=-3.58423e-05 -0.00474373 0.00834288 -0.00873601 -0.000365638 0.00535897 0.014156 0.0017865 0.0172217 0.0139947 0.0103606 0.00349494 0.00835548 0.00871821 0.0096489 0.0121846 -0.0134562 0.00723158 0.00935278 0.000111246 0.0149641 -0.00295542 -0.00203052 -0.00833886 -0.000349079 0.00300926 -0.00664114 -0.0126468 -0.00555025 0.0058572
internal_weight=2817.95 1804.71 1013.25 943.065 861.64 671.17 342.077 326.437 235.771 171.62 130.062 345.338 140.771 344.733 327.762 236.249 287.779 106.305 97.2048 204.567 59.7552 516.302 471.522 98.0227 373.499 91.5128 655.286 98.6806 556.606 32.3127
internal_count=8577 5522 3055 2936 2586 2002 1053 961 738 526 390 1041 434 1041 994 727 918 315 292 607 186 1545 1414 284 1130 267 2018 307 1711 105
is_linear=0
shrinkage=0.03


Tree=49
num_leaves=31
num_cat=0
split_feature=48 67 59 57 93 84 121 84 46 2 74 72 69 74 83 35 35 46 57 28 33 90 1 54 121 74 33 13 46 75
split_gain=12.2315 9.71852 7.3004 11.2295 7.04993 6.63328 7.69918 6.83287 6.33717 6.22232 6.042 5.90012 9.26964 7.42719 5.75339 8.69929 6.61186 7.27707 5.15857 5.08965 5.23183 4.94191 4.41828 3.56647 3.50848 3.27939 2.98084 3.71324 5.7177 4.7986
threshold=147.00991569821954 2.1339285714285716 0.32468653971244649 0.44260011406375244 0.15244047619047632 -0.14285714285714282 0.86190476190476206 -0.38636363636363641 1662.3250862993925 -1.1291666666666664 2.3416666666666672 0.84523809523809534 1.4365079365079367 2.6961538461538468 -0.14213564213564209 0.39642857142857152 -0.21527777777777782 1481.3800590907865 0.43633939355356682 1.9375000000000002 0.63809523809523816 -0.66329365389867301 2.1180555555555558 0.36666666666666675 -0.17658730158730143 3.0606617647058827 0.28869047619047628 0.39230769230769241 1588.9535207776346 2.7434210526315792
decision_type=2 2 2 2 2 2 2 2 2 2 2 2 2 2 2 2 2 2 2 2 2 2 2 2 2 2 2 2 2 2
left_child=1 2 8 9 14 7 -7 -5 11 -4 -2 12 -1 -13 15 18 21 -18 -3 20 -6 -16 -11 -22 -17 -21 -12 28 -28 -30
right_child=10 4 3 5 19 6 -8 -9 -10 22 26 13 -14 -15 16 24 17 -19 -20 25 23 -23 -24 -25 -26 -27 27 -29 29 -31
leaf_value=0 0.010861796670218722 0.0076433564477064765 -0.021344548131092777 0.0030268482042746288 0.02477871358886129 0.015000093028536603 -0.0081435208888115621 -0.015031240831483052 0.023817241057316311 -0.0049127294604104912 -0.01965967862489252 0.0044131684690867281 -0.021415631308579923 0.00028750307967217987 -0.018337724463882699 0.0069714474944971589 -0.017415077275232966 -0.0051251751887168243 -0.024656429330376848 0.0045250644998484314 -0.012471946443812967 -0.0005291920792359643 0.0093456428224963483 0.015626772844542419 0.035437105388074076 -0.020217506652313796 0.014534005029286238 -0.019867892629611864 -0.00037635923356743584 -0.017662780318528561
leaf_weight=83.181748062372208 11.536609202623366 8.2886015474796277 18.944346621632576 91.082468032836914 17.527404069900516 65.208616152405739 15.214505732059477 22.698019564151764 11.255626320838926 299.17986552417278 27.814756289124489 887.78752624988556 22.319366335868835 706.8097966760397 14.189523801207541 8.5912638306617755 68.787073224782944 120.74172641336918 7.6007690131664267 11.396992430090906 7.7617186307907087 189.93375040590763 19.877552181482315 6.5732084810733795 7.9024336636066428 6.8697413355112067 10.590997710824011 18.291956961154938 31.362046301364899 26.470221161842346
leaf_count=259 36 23 61 278 47 180 52 74 31 934 116 2570 76 2106 44 25 213 363 25 33 25 558 55 18 20 21 35 76 113 110
internal_value=8.13437e-05 0.000507253 0.00133458 -0.00172858 -0.00337925 0.00399891 0.0105387 -0.000648986 0.00228939 -0.00503033 -0.00901516 0.00213118 -0.00469966 0.00258766 -0.00463803 0.00731728 -0.00564517 -0.00966938 -0.00817486 0.00714163 0.0142459 -0.00186513 -0.00398862 0.000395771 0.0220274 -0.00519078 -0.01112 -0.00815374 -0.00473784 -0.0085052
internal_weight=2845.79 2719.72 2243.56 532.205 476.164 194.204 80.4231 113.78 1711.35 338.002 126.067 1700.1 105.501 1594.6 426.035 32.3831 393.652 189.529 15.8894 50.1291 31.8623 204.123 319.057 14.3349 16.4937 18.2667 114.53 86.7152 68.4233 57.8323
internal_count=8577 8091 6676 1634 1415 584 232 352 5042 1050 486 5011 335 4676 1271 93 1178 576 48 144 90 602 989 43 45 54 450 334 258 223
is_linear=0
shrinkage=0.03


Tree=50
num_leaves=31
num_cat=0
split_feature=119 48 48 118 61 2 19 93 51 1 51 118 0 34 92 58 35 61 117 69 36 48 64 40 57 90 118 35 58 36
split_gain=124.553 30.5074 23.2508 11.1665 10.4984 9.57084 9.56976 8.13651 7.85852 10.034 10.7821 7.4743 7.2563 7.17936 6.98792 6.92068 7.89858 7.51993 7.04431 6.69633 7.42296 6.69579 6.34345 6.29878 6.26024 7.90577 6.25782 6.12184 5.96634 5.77482
threshold=-0.071428571428571327 -95.317053924325919 82.754806232010665 -0.245 6.4575539694584778 0.20416666666666675 0.48333333333333339 0.25185185185185172 0.63333333333333341 1.1291666666666669 0.70833333333333337 -0.59379629629629604 1.6396103896103897 0.72321428571428592 0.6581023196503073 0.24816847359381713 0.6982142857142859 6.8150914436671455 0.46666666666666679 1.1909090909090911 -1.4999999999999998 22.220046413452909 1.297058823529412 1.0000000180025095e-35 0.48424362793776904 0.13509259259259279 -0.50925170068027181 0.63154761904761925 0.30125019534302239 -1.4999999999999998
decision_type=2 2 2 2 2 2 2 2 2 2 2 2 2 2 2 2 2 2 2 2 2 2 2 2 2 2 2 2 2 2
left_child=1 11 5 4 28 8 7 12 -2 13 -11 -1 -5 -10 21 16 22 26 -18 24 -21 -8 -13 -16 25 -7 -17 -19 -3 -9
right_child=2 3 -4 6 -6 19 14 29 9 10 -12 15 -14 -15 23 17 18 27 -20 20 -22 -23 -24 -25 -26 -27 -28 -29 -30 -31
leaf_value=0.018418187795174554 -0.0035574814467073173 0.014331355204780065 -0.013408282068697621 0.0090092341855454814 -0.010834697867829228 0.0023467580981350912 -0.0010710458989065398 0.0082417514804331137 0.0031456494885176074 0.018072356648714091 -0.0050751287011090475 -0.0091351858729102793 -0.0024162425196395249 0.034814023971140848 0.029342237409282036 -0.0062125729065414812 0.0028384088355691748 0.0091863152010117025 -0.023911816421403106 0.0057584625090083682 -0.011484143525044465 -0.017190653379540566 0.013830368025328355 0.002428404664142121 0.017103263237506373 -0.011666631524243711 0.01658154433478877 -0.019710169823097826 -0.010509812143834726 -0.020565619337898338
leaf_weight=137.75659421086311 445.45077341794968 140.53600743412971 335.62325677275658 261.28325046598911 18.081218048930168 75.946015879511833 435.4261782169342 8.8676263391971606 11.956564337015154 22.792686343193054 74.757328286767006 12.533569931983946 60.885481998324394 14.188548550009726 11.229607582092283 10.871715962886809 21.359388768672943 16.027564078569416 13.730433970689772 23.589384913444519 279.91078931093216 23.559383720159531 54.615206599235535 23.09151953458786 12.48631829023361 67.342597231268883 171.26784193515778 9.7475775182247144 8.4325268417596799 16.554547861218452
leaf_count=339 1374 372 1293 724 49 245 1252 24 36 66 224 33 181 42 31 25 57 41 36 76 955 79 142 64 40 239 442 28 21 47
internal_value=-4.52092e-05 0.00605462 -0.00655748 0.00314982 0.0102144 -0.00430797 0.00173236 0.00553872 -0.0016964 0.00495643 0.000431372 0.0125632 0.0068399 0.0210915 -0.000949363 0.00990212 0.00342683 0.0130402 -0.0079182 -0.00752706 -0.0101196 -0.00194055 0.00942859 0.0119008 -0.00242446 -0.00425366 0.0151781 -0.00195764 0.0128445 -0.010472
internal_weight=2819.9 1455.86 1364.04 1007.95 167.05 1028.42 840.898 347.591 569.146 123.695 97.55 447.91 322.169 26.1451 493.307 310.153 102.239 207.915 35.0898 459.275 303.5 458.986 67.1488 34.3211 155.775 143.289 182.14 25.7751 148.969 25.4222
internal_count=8577 3987 4590 2844 442 3297 2402 976 1742 368 290 1143 905 78 1426 804 268 536 93 1555 1031 1331 175 95 524 484 467 69 393 71
is_linear=0
shrinkage=0.03


Tree=51
num_leaves=31
num_cat=0
split_feature=119 48 5 116 96 121 71 48 8 96 12 120 96 120 59 91 70 10 91 21 69 69 117 121 69 74 116 8 48 119
split_gain=116.317 33.363 18.6711 11.3144 9.5693 9.15172 7.18062 6.58696 6.46694 6.75379 6.2604 6.21646 5.98084 5.54549 5.84072 6.55701 5.1134 9.07663 5.01466 6.50028 5.99041 4.97865 4.88544 4.77291 5.80062 4.7382 4.64789 4.55522 5.77307 4.41909
threshold=0.23081418873353424 -28.661921005916835 0.66666666666666696 -0.66515151515151494 -0.023548112823925132 0.86190476190476206 1.2111111111111115 114.77860569863311 -0.5079365079365078 0.039033592106217811 0.46410256410256417 -1.4967948717948714 -0.39048315463663197 -0.12916666666666662 0.32516020604752216 -0.33054628452355733 1.1909090909090911 0.39230769230769241 -0.31956521739130428 0.51666666666666672 1.5634920634920637 1.2111111111111115 0.54772727272727295 1.646825396825397 1.6125000000000003 3.6485294117647062 0.40138888888888896 -0.2296703296703296 96.157131965995077 0.76685606060606071
decision_type=2 2 2 2 2 2 2 2 2 2 2 2 2 2 2 2 2 2 2 2 2 2 2 2 2 2 2 2 2 2
left_child=1 3 7 -1 23 18 8 13 9 -7 -6 -5 -9 29 15 -15 -8 -18 22 20 -20 -10 26 24 -4 -14 -3 -25 -29 -2
right_child=2 5 4 11 10 6 16 12 21 -11 -12 -13 25 14 -16 -17 17 -19 19 -21 -22 -23 -24 27 -26 -27 -28 28 -30 -31
leaf_value=-0.012910118503022509 -0.0042691670210302018 -0.0065924724067234035 0.0086382323176612402 -0.020452887792072692 0.0075228993223466533 0.026507044327633653 0.0023619148499089294 0.00037050060600018369 -0.0072087731626200181 -0.00076215791031359042 -0.017916604149285122 -0.0053530718262932578 0.019088581702321018 -0.0029911787108788941 0.011703964851519 0.006189861246745719 0.02716919576034655 0.0043905629536884127 -0.0017781064399866281 -0.013936494605426957 0.0071046293559474212 0.0047666850727580397 -0.019601569120479948 0.022848035785294901 0.022220825735496337 -0.0056384138845084822 0.016743921426757367 0.026319083555614846 -0.0062961803374723809 0.011440155558250115
leaf_weight=340.00847792625427 105.96951487660408 93.525457933545113 109.97904714941978 24.980797469615936 81.975485399365425 14.465994209051134 46.958580538630486 29.154777348041534 83.300457283854485 16.78558661043644 8.7161133885383588 572.66581712663174 65.090537816286087 100.75742262601852 97.563071236014366 222.32417191565037 30.244317054748535 33.416583776473999 346.68130883574486 31.550237789750099 84.038874626159668 48.486273720860481 24.384402185678482 110.39844912290573 39.214189887046814 7.1512608528137198 7.3473903089761725 6.8664850890636471 11.890007346868513 17.93110179901123
leaf_count=1092 305 274 329 77 244 49 140 83 238 49 22 1767 207 285 300 664 102 100 1040 92 264 147 67 359 127 19 24 23 32 56
internal_value=-3.97044e-05 -0.0046218 0.0080747 -0.00853425 0.0134567 -0.000353512 0.00416464 0.00497918 0.000131585 0.0121979 0.00487653 -0.00602235 0.0119807 0.00365039 0.00529249 0.00331698 0.0100275 0.0155116 -0.00246657 -0.00100952 -2.5583e-05 -0.00277752 -0.00776955 0.0162141 0.0123525 0.0165563 -0.00471557 0.0205226 0.00621977 -0.00189828
internal_weight=2813.82 1798.84 1014.98 937.655 369.04 861.185 273.658 645.942 163.038 31.2516 90.6916 597.647 101.397 544.545 420.645 323.082 110.619 63.6609 587.528 462.27 430.72 131.787 125.257 278.348 149.193 72.2418 100.873 129.155 18.7565 123.901
internal_count=8577 5522 3055 2936 1136 2586 825 1919 483 98 266 1844 309 1610 1249 949 342 202 1761 1396 1304 385 365 870 456 226 298 414 55 361
is_linear=0
shrinkage=0.03


Tree=52
num_leaves=31
num_cat=0
split_feature=62 116 96 82 47 82 79 75 28 88 67 27 24 49 81 71 8 60 23 23 32 72 17 23 59 68 8 32 75 96
split_gain=11.7854 12.6695 7.22384 9.3876 8.72813 7.40362 8.55949 6.90404 9.8293 9.57547 8.57903 7.38438 8.93352 6.23458 7.86105 6.47707 6.47584 5.86999 5.81222 8.29224 8.39246 7.5913 6.44504 5.90551 5.86462 5.2717 5.25391 4.8642 6.85015 5.23133
threshold=1.7029411764705884 -1.5916666666666663 -0.13193387695334435 0.37797619047619052 1445.9580797552314 0.11269841269841264 0.42261904761904767 2.7029411764705888 2.2678571428571432 0.92582417582417598 2.5505050505050506 2.535714285714286 2.6666666666666674 0.37880750787981182 17.500000000000004 2.577380952380953 0.12660256410256412 2.7067535287730728 0.11010101010101012 0.39523809523809533 -1.3869047619047616 0.86607142857142871 -0.30839160839160834 0.076923076923076969 0.3389671808544405 1.3875000000000002 0.71547619047619071 -1.0000000180025095e-35 2.4188596491228074 0.055899447724243004
decision_type=2 2 2 2 2 2 2 2 2 2 2 2 2 2 2 2 2 2 2 2 2 2 2 2 2 2 2 2 2 2
left_child=1 -1 7 4 -4 6 -6 11 -9 10 -10 12 17 14 -3 16 -16 -2 21 24 -21 22 -15 -23 -20 -7 27 28 -5 -29
right_child=2 13 3 26 5 25 -8 8 9 -11 -12 -13 -14 18 15 -17 -18 -19 19 20 -22 23 -24 -25 -26 -27 -28 29 -30 -31
leaf_value=-0.013127032946014366 0.0071982057036843235 0.016099494305500023 0.025072002313483905 0.030448964324276254 0.014862626146440667 0.032912894557628469 -0.0060120710785709752 -0.01438848782275442 0.029418826781622619 -0.0082096389371324983 -0.0081105213645853384 -0.011184467422321182 0.026348371827209744 0.0061190229480268905 0.0042338909851471563 0.015369033830946113 -0.0057334230063688773 -0.0087677891696617376 0.0067910558719594645 -0.026798290822054351 0 0.0019848555997437427 -0.011990134959022614 -0.014551079058926698 -0.0074211296990578744 0.0004355165043671579 -0.02219209993805013 -0.0032871565946852727 -0.00093200197939710542 -0.022814279744897522
leaf_weight=54.055745288729668 43.813825756311417 19.60100132226944 17.328420490026474 6.6489034593105307 22.486637979745865 10.191628739237787 70.329874724149704 140.62254372239113 13.569029301404955 45.679337576031685 8.0517784655094129 44.315698757767677 12.283097118139265 22.973908469080925 72.173316240310669 15.651390343904493 292.74065001308918 37.541604787111282 475.26249392330647 12.076528772711752 53.243959918618202 1120.0129719376564 66.874197646975517 18.752895548939705 26.648723632097244 7.8839100599288932 14.379233568906782 50.212426945567131 33.314637497067451 15.804091736674307
leaf_count=171 138 52 46 17 64 27 224 529 37 144 27 168 35 73 203 42 858 132 1344 38 152 3300 216 58 82 25 49 169 103 54
internal_value=8.92614e-05 0.00108307 -0.00366285 0.000227931 0.0058658 0.0026405 -0.000818269 -0.00646038 -0.00990206 -0.000410415 0.0155693 -0.00121759 0.00353601 0.00144004 -0.00193872 -0.0029154 -0.00374769 -0.000149905 0.00219525 0.00470589 -0.00526394 0.00103081 -0.00731027 0.00169739 0.00601725 0.0196701 -0.00575229 -0.00330713 0.00483161 -0.00827731
internal_weight=2844.52 2250.07 594.457 248.58 128.22 110.892 92.8165 345.877 207.923 67.3001 21.6208 137.954 93.6385 2196.01 400.166 380.565 364.914 81.3554 1795.85 567.232 65.3205 1228.61 89.8481 1138.77 501.911 18.0755 120.359 105.98 39.9635 66.0165
internal_count=8577 6589 1988 778 386 340 288 1210 737 208 64 473 305 6418 1155 1103 1061 270 5263 1616 190 3647 289 3358 1426 52 392 343 120 223
is_linear=0
shrinkage=0.03


Tree=53
num_leaves=31
num_cat=0
split_feature=119 48 48 121 29 72 67 27 46 71 47 47 119 94 13 15 23 96 85 15 58 60 53 14 23 85 119 38 82 58
split_gain=117.451 28.4635 22.3 10.7176 9.37236 7.21573 7.12881 7.58101 6.77685 7.79425 6.40395 6.3681 6.03205 6.29213 5.62115 5.79827 5.57073 5.41298 5.3574 5.19923 5.12101 7.26256 6.6892 4.90844 5.00944 4.75817 4.75619 5.2581 4.96951 4.62042
threshold=-0.071428571428571327 -95.317053924325919 82.754806232010665 -0.86607142857142838 0.36607142857142866 0.68333333333333346 2.3484848484848491 0.77500000000000013 1420.0323291263483 1.1909090909090911 1550.350681495024 1534.3658511090077 0.34713669950738923 -0.29227593403352753 0.20714285714285716 0.36038961038961043 -0.066666666666666666 0.060237121397162786 -1.5025252525252519 0.36931818181818188 0.25187971625047206 2.645057944073093 4.5833333333333348 0.20856227106227107 -0.49615384615384611 -0.77460317460317452 -0.43999999999999995 1.0000000180025095e-35 0.39696969696969708 0.23066482504604055
decision_type=2 2 2 2 2 2 2 2 2 2 2 2 2 2 2 2 2 2 2 2 2 2 2 2 2 2 2 2 2 2
left_child=1 6 4 10 12 -5 7 29 9 -7 26 -10 14 -14 18 -16 -4 -8 -2 -12 22 -22 -9 24 -6 -19 27 -3 -28 -1
right_child=2 3 16 5 23 8 17 20 11 -11 19 -13 13 -15 15 -17 -18 25 -20 -21 21 -23 -24 -25 -26 -27 28 -29 -30 -31
leaf_value=-7.0962564925817202e-05 -0.018577373728505011 0.023184734561420443 -0.01591338214104664 -0.019982536572493027 0.011692730997431471 0.0031319923024438561 0.01190770305628245 -0.0024462647527807926 -0.00027562053826492625 0.027637232099072869 0.013584931410904548 0.0053211029564235084 0.022147734121291899 -0.0070656596213524983 -0.011239754002611945 -0.00010507794453571892 -0.0075095785826341669 0.0014950218503105115 0.0048259234334837977 -0.010443452551302008 0.0058156027883169148 0.022340594129113142 0.020392697649455442 -0.017663288890531814 -0.0072291455960326921 0.025680769407112211 0.013196741452678788 0.00066907969073281594 -0.013722128171462128 0.021618584775795632
leaf_weight=10.210162550210951 8.1999827027320844 55.370541721582413 221.25184585154057 12.351774021983145 12.059567391872404 30.061455443501472 93.734291851520538 78.115892589092255 552.50135126709938 18.776838630437851 12.916608035564424 271.83030667901039 5.8688030987977973 194.91282145678997 57.373500660061836 152.96551290154457 111.16073541343212 8.6377022266387922 195.20487180352211 18.385901927947998 92.341786712408066 32.296993225812912 12.501077294349669 39.833033189177513 359.28434416651726 67.508874148130417 16.523324504494671 11.591201245784758 8.5006831884384138 53.616032153367996
leaf_count=25 26 145 886 37 43 83 236 203 1577 51 34 767 17 636 181 452 407 22 596 48 240 81 33 129 1217 167 46 31 25 136
internal_value=-4.94286e-05 0.00586134 -0.00639578 0.00305513 -0.00419551 0.00189083 0.0121394 0.00910956 0.00222618 0.0129792 0.0113111 0.00157052 -0.00183818 -0.00609136 0.000228276 -0.00319526 -0.0131431 0.0170167 0.00378151 -0.000321943 0.00634202 0.0102652 0.000859939 -0.00769837 -0.00657684 0.0230311 0.015263 0.0193986 0.00376119 0.0181551
internal_weight=2815.89 1457.77 1358.12 1008.81 1025.7 885.522 448.963 279.082 873.17 48.8383 123.288 824.332 614.525 200.782 413.744 210.339 332.413 169.881 203.405 31.3025 215.256 124.639 90.617 411.177 371.344 76.1466 91.9858 66.9617 25.024 63.8262
internal_count=8577 3987 4590 2844 3297 2515 1143 718 2478 134 329 2344 1908 653 1255 633 1293 425 622 82 557 321 236 1389 1260 189 247 176 71 161
is_linear=0
shrinkage=0.03


Tree=54
num_leaves=31
num_cat=0
split_feature=48 48 2 48 92 92 121 17 38 74 121 121 9 17 9 70 61 50 12 121 62 70 61 32 91 47 14 69 0 49
split_gain=104.867 36.0783 20.3816 10.4264 9.86542 8.85484 8.69891 8.12781 8.0239 6.73416 5.86827 5.66734 5.26574 6.14989 5.26547 4.97812 8.03726 4.90675 4.8583 4.83088 4.81477 4.73789 4.63808 6.31368 5.8139 4.60614 4.54696 4.40922 4.34805 5.18545
threshold=34.403079269796429 -28.661921005916835 0.87083333333333357 -109.45244645371564 0.03321382159101461 -0.19047619047619022 0.66369047619047639 -0.2472222222222222 1.0000000180025095e-35 2.0250000000000004 1.7886904761904765 0.11071428571428578 0.79285714285714304 -0.13916083916083913 0.86190476190476206 1.4772727272727275 5.4827179284163234 0.29166666666666669 0.36931818181818188 1.3363095238095242 1.9750000000000003 2.7136363636363643 5.9902129819989236 0.035714285714285761 -0.11826537366618893 1482.1887543800915 0.13236763236763238 1.1909090909090911 0.53589743589743599 0.47044939860855872
decision_type=2 2 2 2 2 2 2 2 2 2 2 2 2 2 2 2 2 2 2 2 2 2 2 2 2 2 2 2 2 2
left_child=1 3 8 11 6 14 7 26 10 -10 18 -1 19 -14 21 17 -17 -7 -2 -11 -9 -4 23 -8 -24 -18 -3 -16 -6 -30
right_child=2 4 5 -5 28 15 22 20 9 12 -12 -13 13 -15 27 16 25 -19 -20 -21 -22 -23 24 -25 -26 -27 -28 -29 29 -31
leaf_value=-0.015140195708144231 0.0031240123373473803 0.0019472448139385345 0.017873942076556081 -0.0060604462276979089 -0.014143219936284849 0.0092816076915817579 -0.0044913388407651928 -0.0031197427440816891 -0.015263114587600235 0.0085962767398768195 0.020658245322112724 -0.0044894681276199978 -0.024126175023424904 0.0083737409441693392 -0.0082408829326771245 -0.00185934356075853 0.031880999291743359 -0.010571247582464758 -0.0057391511958908934 0.018763105641493402 0.0080020956017351833 0.034803594907401612 0.00028390196828712765 0.0083168571022157519 0.015613769621412232 0.0065031615176270137 0.027908390210467985 0.018002056781378603 0.0061295893080292926 -0.0043198148732665736
leaf_weight=224.10997255146503 222.86357274651527 11.944102585315706 178.85764637589455 667.14406879246235 32.510687589645386 21.168987989425659 57.982398211956024 296.70729257166386 9.0103655159473401 180.79808428883553 13.238566666841505 58.600582674145699 7.7153505682945278 12.104336231946943 11.897144168615343 18.944366067647934 18.082228302955631 21.614778965711594 72.974567651748657 56.864772945642471 38.625280663371086 17.301955729722977 31.533838585019112 82.599005684256554 78.526684060692787 11.15641877055168 12.319219067692755 9.3737885355949384 49.174819022417068 283.79665538668633
leaf_count=726 658 35 563 2071 94 64 166 883 23 545 43 192 19 36 32 53 62 58 204 180 120 61 92 252 251 33 42 30 155 834
internal_value=-4.40417e-05 -0.00397189 0.00850355 -0.00813062 7.76992e-05 0.0147229 0.00241405 -0.000570615 0.00514618 0.0089542 0.00183485 -0.0129667 0.00986904 -0.00468478 0.0180158 0.00670927 0.0132227 -0.000692096 0.000915655 0.0111099 -0.00180977 0.0195514 0.00669332 0.00301855 0.0112907 0.0228322 0.0158302 0.00347833 -0.00381101 -0.00275388
internal_weight=2809.54 1925.57 883.967 949.855 975.72 308.397 610.238 359.596 575.57 266.493 309.077 282.711 257.483 19.8197 217.431 90.9668 48.183 42.7838 295.838 237.663 335.333 196.16 250.642 140.581 110.061 29.2386 24.2633 21.2709 365.482 332.971
internal_count=8577 5913 2664 2989 2924 956 1841 1080 1708 803 905 918 780 55 686 270 148 122 862 725 1003 624 761 418 343 95 77 62 1083 989
is_linear=0
shrinkage=0.03


Tree=55
num_leaves=28
num_cat=0
split_feature=48 116 47 8 57 74 85 14 90 96 92 61 6 74 25 48 21 57 16 57 32 72 53 96 119 37 68
split_gain=11.1244 10.5587 8.51692 11.5902 8.53654 9.62544 7.49294 9.6225 6.82897 6.3226 7.57746 6.92179 5.9736 5.81969 4.05887 5.30962 3.58127 3.09912 2.82638 4.07129 4.14637 4.46466 3.00545 3.47543 2.55328 2.29608 1.46545
threshold=147.00991569821954 -1.5916666666666663 1461.383080896285 -0.63484848484848477 0.43320955163006042 3.1464285714285718 -2.0252525252525246 0.06300366300366303 0.5311868686868686 0.25266684407917261 -0.11850834350834359 5.7698810594618948 1.7928571428571431 2.3416666666666672 2.1666666666666674 -208.44067633214033 0.12916666666666668 0.43367727120654526 0.39230769230769241 0.42804083181018732 1.6339285714285716 0.95833333333333337 2.4500000000000006 -0.19851346528673783 2.158788515406163 -1.0000000180025095e-35 2.4722222222222228
decision_type=2 2 2 2 2 2 2 2 2 2 2 2 2 2 2 2 2 2 2 2 2 2 2 2 2 2 2
left_child=1 14 3 12 5 -5 7 -4 -6 10 -8 -11 16 -2 17 -16 -3 -1 24 20 21 -20 23 -21 -15 -24 -19
right_child=13 2 6 4 8 -7 9 -9 -10 11 -12 -13 -14 18 15 -17 -18 26 19 22 -22 -23 25 -25 -26 -27 -28
leaf_value=-0.0027629349790884881 0.010857388773993042 -0.024879247638308438 0.03037082205843197 0.0038305740871521542 0.0083492937812211666 -0.018897247616902577 -0.0016197755315102247 -0.007311236631079074 0.029946695116201939 0.00037634334577018837 0.0022279077659711063 -0.0085906511485925388 0.021004702715374579 -0.025919072753671887 -0.017722749562089298 0.016255906079586543 -0.0048907932023909773 -0.025040399196736417 0.029709376018731339 -0.0089472631722131851 -0.016025630318087389 -0.0034875181978175269 -0.022718449292580191 0.014923357377625728 -0.0028874847669275788 -0.0077093133570522027 -0.0063027935461932548
leaf_weight=11.111196100711821 11.535836860537527 8.2316752225160581 15.009559988975527 88.098593100905418 263.36379313468933 19.652000948786736 853.93220736086369 9.1499267965555173 13.216069191694258 151.20799149572849 997.02584746479988 156.40511937439442 6.3949721455574027 16.798830568790439 6.4358855783939353 8.311225011944769 80.633118376135826 24.452723249793056 6.2500504553318041 23.989204317331318 5.2666331827640525 6.6754277944564819 23.080954611301422 6.0103086978197089 6.4934397339820853 18.496795997023582 5.902346968650817
leaf_count=35 36 34 38 253 742 68 2630 31 35 434 2897 470 16 70 21 23 264 81 18 95 23 25 102 19 24 74 19
internal_value=9.68499e-05 0.000500994 0.0007758 0.00439129 0.00671374 -0.000422685 -1.88685e-05 0.0162569 0.00949628 -0.000209865 0.000451258 -0.00418624 -0.00492001 -0.00863088 -0.0122477 0.00105277 -0.00703198 -0.016962 -0.0107234 -0.00808816 0.00428299 0.01333 -0.0112894 -0.00374095 -0.020005 -0.0164496 -0.0218099
internal_weight=2843.13 2718.53 2662.32 479.59 384.33 107.751 2182.73 24.1595 276.58 2158.57 1850.96 307.613 95.2598 124.597 56.2134 14.7471 88.8648 41.4663 113.062 89.7694 18.1921 12.9255 71.5773 29.9995 23.2923 41.5778 30.3551
internal_count=8577 8091 7912 1412 1098 321 6500 69 777 6431 5527 904 314 486 179 44 298 135 450 356 66 43 290 114 94 176 100
is_linear=0
shrinkage=0.03


Tree=56
num_leaves=31
num_cat=0
split_feature=119 48 48 118 61 2 19 51 48 93 32 57 69 36 84 59 82 47 57 34 51 69 119 20 9 59 36 57 20 16
split_gain=110.799 26.7065 21.4083 10.2254 8.98176 8.78657 7.77404 7.54121 7.2196 7.14458 6.63781 11.0019 6.48828 7.12426 7.01358 6.3642 6.5021 6.32945 7.05594 6.27374 8.52616 5.97429 7.60364 7.00246 6.60281 6.08121 5.91665 5.75583 5.63844 5.55341
threshold=-0.071428571428571327 -87.58711565388181 82.754806232010665 -0.245 6.4575539694584778 0.20416666666666675 0.48333333333333339 0.63333333333333341 -198.85459937119251 0.25185185185185172 -0.089285714285714232 0.42728621526841115 1.1909090909090911 -1.4999999999999998 -0.058080808080808059 0.2689627764732464 0.32323232323232326 1478.273782375609 0.47992782122323013 1.8363095238095242 0.70833333333333337 0.58571428571428574 -1.7266171328671325 -0.035714285714285691 0.22649572649572652 0.32204636091724831 -1.4999999999999998 0.44074459074459083 0.0086247086247086008 0.53589743589743599
decision_type=2 2 2 2 2 2 2 2 2 2 2 2 2 2 2 2 2 2 2 2 2 2 2 2 2 2 2 2 2 2
left_child=1 8 5 4 15 7 9 29 -1 28 -8 -12 17 -14 -15 16 -3 -7 -19 20 -9 25 23 -23 -24 -10 -11 -17 -5 -2
right_child=2 3 -4 6 -6 12 10 19 21 26 11 -13 13 14 -16 27 -18 18 -20 -21 -22 22 24 -25 -26 -27 -28 -29 -30 -31
leaf_value=0.020278098957760039 -0.0023925391455880667 0.011264595919353493 -0.012886494687402526 0.010615426489934274 -0.011229974060146539 0.0080870705957602831 0.0021106540316548589 0.018159477617035735 0.0050206755428845303 0.0090689138278091004 0.0091416783216573955 -0.0082197296373656328 0.0057952688225829767 -0.014861426792255628 -0.004928528071855137 0.0065891650105826321 -0.023432526096217945 -0.0085435763510276364 0.013167117891033009 0.021968929822510457 -0.0021561131168432645 0.0069696706635211771 0.014611541867434288 0.03206632821154938 0.005817743580895385 -0.020896836995669632 -0.020331372453820537 0.020512507721249656 0.0024101995425075615 -0.014607818606453932
leaf_weight=69.870845586061478 408.36273501813412 10.103785246610643 329.26251971721649 140.72333063185215 15.215949967503546 39.260562866926193 268.05982935428619 22.675084322690964 55.570564389228821 8.635436564683916 39.434811443090439 173.65156443417072 23.567919865250587 171.01056100428104 105.81785236299038 46.66040626168251 7.6241206228733054 101.02351376414299 14.517346426844595 15.871784865856169 85.165534868836403 17.034016609191895 135.76270443201065 27.414739727973938 184.76725351810455 8.5066564679145795 16.44255793094635 68.886521458625793 165.21539977192879 35.736095145344734
leaf_count=170 1262 27 1293 392 42 128 755 65 141 23 116 522 76 599 356 126 20 348 48 46 257 44 343 69 484 22 47 179 465 112
internal_value=-5.28549e-05 0.00567626 -0.00623845 0.0027424 0.009957 -0.0040853 0.00140902 -0.00158445 0.0113024 0.00494197 -0.00102055 -0.00496504 -0.00718797 -0.00975592 -0.0111068 0.0124639 -0.0039516 -0.0021549 -0.00570038 0.00492974 0.00221557 0.00979005 0.0112709 0.0228796 0.00958561 0.00126563 -0.010133 0.0150205 0.00621644 -0.00341284
internal_weight=2811.85 1459.58 1352.27 960.654 148.491 1023.01 812.163 567.811 498.927 331.017 481.146 213.086 455.198 300.396 276.828 133.275 17.7279 154.801 115.541 123.712 107.841 429.056 364.979 44.4488 320.53 64.0772 25.078 115.547 305.939 444.099
internal_count=8577 3987 4590 2714 394 3297 2320 1742 1273 927 1393 638 1555 1031 955 352 47 524 396 368 322 1103 940 113 827 163 70 305 857 1374
is_linear=0
shrinkage=0.03


Tree=57
num_leaves=31
num_cat=0
split_feature=119 48 5 116 6 84 8 33 5 4 68 8 48 91 2 47 28 68 94 48 96 81 61 12 38 85 117 85 85 29
split_gain=103.315 30.2398 16.8356 10.6787 8.89534 7.48569 7.25868 9.02079 7.30469 6.70673 6.60011 6.55204 6.26631 6.2271 6.02937 6.02777 6.9583 6.84003 6.01488 5.88048 5.68107 5.33904 5.23731 5.16056 5.08634 7.00835 5.44946 5.15475 4.82876 5.83195
threshold=0.23081418873353424 -28.661921005916835 0.66666666666666696 -0.66515151515151494 1.6961538461538463 0.67171717171717193 -0.29583333333333323 0.34107142857142864 0.19999999999999987 0.96666666666666679 0.91287878787878796 -0.47499999999999998 35.232550964847526 -0.058333333333333452 -1.4967948717948714 1493.1777818544485 1.8660714285714288 2.2928571428571431 0.51455629922019219 114.77860569863311 -0.39048315463663197 7.5000000000000009 6.273819513894054 0.32051282051282054 1.5000000000000002 0.050505050505050449 -0.34285714285714269 -1.5025252525252519 0.48686868686868695 -0.62202380952380942
decision_type=2 2 2 2 2 2 2 2 2 2 2 2 2 2 2 2 2 2 2 2 2 2 2 2 2 2 2 2 2 2
left_child=1 3 19 -1 5 13 7 22 10 -7 -9 -6 15 18 -5 16 -8 -17 -4 24 -21 -13 -3 -10 27 26 -26 -2 29 -14
right_child=2 6 4 14 11 9 12 8 23 -11 -12 21 28 -15 -16 17 -18 -19 -20 20 -22 -23 -24 -25 25 -27 -28 -29 -30 -31
leaf_value=-0.012441499256929651 0.01688018374936865 0.0034863327941493647 0.014507119313254498 -0.020062084485254823 -0.021173878485102826 -0.017951171786478148 -0.0084338120711605988 0.017179580909511914 0.028112582021890747 0.016806655458616558 -0.0012178567937567628 0.026358938442332166 0.020753545227080516 0.00857061439755793 -0.0050477961250656291 0.00083270646198207662 0.005058009159762321 -0.019451456199491571 0.025412494585733674 0 0.015693932999083057 -1.7154979982335368e-05 -0.011249858156439826 0.0036908563600808412 0.011272121827339231 0.021527894942199109 -0.0049406241725195969 0.0012571663646864812 0.029428160515257464 -0.00034652907378856292
leaf_weight=334.28573554754257 18.967958718538284 50.900935262441635 144.4106992483139 24.456446155905724 9.0490455329418165 11.156152278184893 221.05136857926846 24.750748127698898 25.721649363636971 7.4625312089920035 53.927582621574402 7.9264266192913047 13.366105780005453 87.034568458795547 568.50990180671215 297.81292504072189 39.728341206908226 14.74772599339485 73.449367552995682 29.22470423579216 72.514682203531265 29.527540326118469 36.189014658331871 11.88960640132427 41.934984773397446 29.391083791851997 31.911355718970299 423.74273812770844 6.1461608260869971 64.119530245661736
leaf_count=1092 61 156 446 77 22 28 641 80 87 24 158 27 45 261 1767 907 124 41 244 83 226 84 101 36 129 96 89 1235 22 188
internal_value=-4.75439e-05 -0.00439193 0.00757728 -0.0081475 0.0126812 0.0144399 -0.000336092 0.00459857 0.0100374 -0.00372045 0.00467496 0.000336614 -0.00187295 0.0155673 -0.00570483 -0.00299688 -0.00635548 -0.000173787 0.0182968 0.00464178 0.011246 0.00602714 -0.00266123 0.0207657 0.00338726 0.00935961 0.00425359 0.00196983 0.00574111 0.00347302
internal_weight=2805.31 1787.6 1017.7 927.252 370.016 323.513 860.352 203.38 116.29 18.6187 78.6783 46.503 656.972 304.895 592.966 573.34 260.78 312.561 217.86 647.688 101.739 37.454 87.0899 37.6113 545.948 103.237 73.8463 442.711 83.6318 77.4856
internal_count=8577 5522 3055 2936 1136 1003 2586 618 361 52 238 133 1968 951 1844 1713 765 948 690 1919 309 111 257 123 1610 314 218 1296 255 233
is_linear=0
shrinkage=0.03


Tree=58
num_leaves=31
num_cat=0
split_feature=62 116 96 57 16 67 75 28 64 67 27 24 66 77 28 35 34 12 71 85 53 35 22 34 60 33 2 62 14 96
split_gain=10.7386 11.578 6.55677 8.89926 9.06481 7.22505 6.69989 9.36023 9.16631 8.15758 7.00859 8.59833 6.07538 9.12142 8.40006 8.37185 7.21817 7.1487 9.70129 6.75549 8.71324 7.01008 6.04536 5.6366 5.62902 5.40037 5.37226 5.21089 4.92748 4.54737
threshold=1.7029411764705884 -1.5916666666666663 -0.13193387695334435 0.44713150032913063 0.51666666666666672 1.0871212121212122 2.7029411764705888 2.2678571428571432 0.92582417582417598 2.5505050505050506 2.535714285714286 2.6666666666666674 1.9545454545454548 0.52786377708978338 0.61250000000000016 -2.422619047619047 1.6636904761904765 0.13809523809523813 1.1339285714285716 -0.29646464646464638 2.6333333333333337 -1.883928571428571 0.40833333333333338 0.30654761904761918 2.7067535287730728 1.8125000000000002 0.10972222222222229 1.1937500000000003 -1.0000000180025095e-35 0.044843769061634793
decision_type=2 2 2 2 2 2 2 2 2 2 2 2 2 2 2 2 2 2 2 2 2 2 2 2 2 2 2 2 2 2
left_child=1 -1 6 29 5 -5 10 -8 9 -9 11 24 15 14 -14 17 -16 27 -19 20 -17 -21 -6 28 -2 -7 -25 -3 -15 -4
right_child=2 12 3 4 22 25 7 8 -10 -11 -12 -13 13 23 16 19 -18 18 -20 21 -22 -23 -24 26 -26 -27 -28 -29 -30 -31
leaf_value=-0.012642126346974142 0.0071682651510303844 -0.018172307028587176 -0.00087457022320382562 0.021576758147378684 0.029499726433640721 -0.007022378643414786 -0.013999902684498765 0.028647814524260552 -0.0079965645499689708 -0.0079321519069339656 -0.01078015980766156 0.025937051632114828 -0.014638919688740601 0.022203364119676376 0.017933780858293745 0.0043058364438067747 -0.0028727317609284269 0.0052912578502501192 0.027574695977743834 -0.016623766937553321 -0.0017265025993174086 -0.00087075265229500677 -0.0018175144440763479 -0.019359720211995463 -0.0084953329546010054 0.012032921680516144 0.0024667909005554596 0.0081861693397153011 -0.0025669746727619378 -0.01234057861286973
leaf_weight=53.204690501093864 43.81718385219574 11.796493351459505 92.454793274402618 12.572260633110998 19.889220014214519 53.079745873808861 138.84709475934505 13.695547163486482 45.458371460437775 8.0154576599597913 43.794595927000046 12.345344021916388 8.9478900134563428 11.569422930479051 85.161744222044945 632.30536107718945 17.574306443333626 47.094148337841034 28.110060349106789 25.173467427492142 325.12367631494999 935.61126682162285 7.1625904291868201 20.873882561922073 37.287613660097122 16.746914774179459 18.155043214559555 13.239277735352514 16.152080804109573 46.562702253460884
leaf_count=171 138 36 302 35 53 168 529 37 144 27 168 35 31 31 236 1819 50 136 71 78 952 2766 23 67 132 48 57 37 51 149
internal_value=0.000103733 0.00105069 -0.00348776 0.000213778 0.00659131 0.0015183 -0.00616865 -0.00957832 -0.000323078 0.0152562 -0.000996483 0.00362238 0.00138927 0.00668241 0.0118936 0.000916783 0.0143523 0.00932638 0.0139123 0.000471129 0.00225458 -0.00130347 0.0213316 -0.00203934 -1.22352e-05 -0.00230452 -0.00932378 -0.00433929 0.00807947 -0.00479714
internal_weight=2841.82 2250.09 591.729 248.468 109.451 82.3989 343.261 206.016 67.1694 21.711 137.245 93.4501 2196.89 178.434 111.684 2018.45 102.736 100.24 75.2042 1918.21 957.429 960.785 27.0518 66.7504 81.1048 69.8267 39.0289 25.0358 27.7215 139.017
internal_count=8577 6589 1988 778 327 251 1210 737 208 64 473 305 6418 523 317 5895 286 280 207 5615 2771 2844 76 206 270 216 124 73 82 451
is_linear=0
shrinkage=0.03


Tree=59
num_leaves=31
num_cat=0
split_feature=119 48 17 23 48 92 48 63 62 118 23 93 8 64 4 22 12 20 8 97 19 74 121 29 84 70 71 83 91 96
split_gain=104.533 25.0738 20.5661 10.7097 10.4868 8.45578 6.82892 6.80454 8.08466 7.8307 7.70497 6.73637 6.72743 7.36343 7.14968 6.70614 6.50541 6.29574 6.21982 5.77662 6.07518 5.46457 5.44669 5.41316 6.70934 5.70814 5.2911 5.86025 5.23454 5.18113
threshold=-0.071428571428571327 -87.58711565388181 -0.066666666666666666 0.41987179487179493 50.255762742350733 0.63297101449275373 -198.85459937119251 1.2426470588235297 1.5131578947368423 1.0000000180025095e-35 0.14112554112554115 -0.40816024991556893 -0.14194139194139185 1.3660287081339715 1.1291666666666669 0.39230769230769241 0.07417582417582419 -0.14415584415584409 0.36515151515151517 0.15858624994618792 0.48333333333333339 3.9250000000000003 0.50396825396825429 1.0000000180025095e-35 0.30000000000000021 1.6306818181818186 1.0954545454545457 -1.0000000180025095e-35 -0.058333333333333452 0.43926417430589776
decision_type=2 2 2 2 2 2 2 2 2 2 2 2 2 2 2 2 2 2 2 2 2 2 2 2 2 2 2 2 2 2
left_child=1 6 4 5 17 19 -1 8 11 10 28 -4 13 -8 -14 22 -7 -2 -6 20 -3 -18 -11 25 -25 -19 -5 -28 -9 -13
right_child=2 3 7 26 18 16 12 9 -10 15 -12 29 14 -15 -16 -17 21 23 -20 -21 -22 -23 -24 24 -26 -27 27 -29 -30 -31
leaf_value=0.019668176778300378 -0.018895086924227162 0.0048568093038662483 0.021579082387702661 0.0018624202087970179 -0.013371966661283952 -0.0062918094722875326 -0.019390190343856108 0.012697464724721561 -0.012651058049866807 0.0095548711554312576 -0.018571452022715738 -0.0040507762628853193 -0.0022264428277746174 0.0087549587130664446 0.011790452567413229 0.029765816406670333 0.010186916564139233 -0.0019248538315417012 0.016329026962804818 -0.0078088844363796471 -0.00061896813387734412 0.031866498149610151 -0.0033037106961960783 -0.0087466475888117907 0.0066342121407397528 0.016969421470284435 0.0066078626223216213 0.031428340437477283 -0.0032378424854725761 0.017682155963540711
leaf_weight=69.952564388513565 27.668178483843803 306.52823953330517 9.2078533321619016 18.480273619294167 386.69049261510372 16.274718999862671 13.883586406707765 21.695244044065475 90.166576847434044 75.016809970140457 24.134605318307877 259.77878551185131 35.285803020000458 18.047621220350266 362.66297459602356 9.4428896456956846 62.54897153377533 56.002283185720444 5.5553723871707907 62.454997688531876 445.57194079458714 12.397815108299254 47.496650442481041 176.97598679363728 28.818955555558205 18.20541276037693 15.309265717864035 21.828721851110458 100.42339698970318 9.2405828982591611
leaf_count=170 98 857 28 52 1525 43 36 69 310 226 75 802 94 47 926 29 170 181 19 184 1277 33 149 581 92 57 42 56 322 27
internal_value=-5.64207e-05 0.0054974 -0.0060852 0.00265465 -0.00964667 0.00185746 0.0109431 -0.0022165 -0.00488735 0.00131423 -0.0034431 -0.00232429 0.00947393 -0.00360857 0.0105376 0.0065958 0.0104707 -0.00545686 -0.0129032 0.000877537 0.00161226 0.0141851 0.00455911 -0.00405578 -0.00655658 0.0028346 0.0153222 0.0217169 -0.000302318 -0.00323044
internal_weight=2807.75 1461.23 1346.52 961.395 699.917 905.777 499.833 646.603 368.394 278.21 146.253 278.227 429.88 31.9312 397.949 131.956 91.2215 307.671 392.246 814.555 752.1 74.9468 122.513 280.003 205.795 74.2077 55.6183 37.138 122.119 269.019
internal_count=8577 3987 4590 2714 2553 2564 1273 2037 1167 870 466 857 1103 83 1020 404 246 1009 1544 2318 2134 203 375 911 673 238 150 98 391 829
is_linear=0
shrinkage=0.03


Tree=60
num_leaves=31
num_cat=0
split_feature=119 48 5 5 6 121 85 23 8 74 70 2 119 59 0 58 60 58 85 21 116 48 119 59 94 60 63 28 31 16
split_gain=97.2216 28.786 15.9243 10.3294 8.37311 8.13413 6.72351 6.40317 6.34545 5.89292 10.7656 5.58949 6.18396 5.95162 8.08905 6.34862 5.16937 6.67746 6.56975 4.67967 4.8204 4.6307 5.34971 4.32613 4.32442 6.98711 6.22578 5.26308 5.34854 4.31087
threshold=0.23081418873353424 -28.661921005916835 0.66666666666666696 -0.86282051282051253 1.6961538461538463 0.86190476190476206 -0.70353535353535335 0.18917748917748919 -0.47499999999999998 2.3416666666666672 1.1055555555555558 -0.12916666666666662 0.76685606060606071 0.32516020604752216 2.577380952380953 0.23512686602381591 2.5594291694094218 0.24663245116082153 0.5265151515151516 0.29285714285714287 0.14285714285714288 10.813515915636232 0.7325843721495896 0.34789423470083142 0.51455629922019219 2.6060826286116989 1.7416666666666669 2.1339285714285716 1.267857142857143 0.62019230769230782
decision_type=2 2 2 2 2 2 2 2 2 2 2 2 2 2 2 2 2 2 2 2 2 2 2 2 2 2 2 2 2 2
left_child=1 3 11 -1 24 19 7 -7 -6 -8 -11 12 -2 14 15 -13 -5 18 -18 29 23 -10 -23 -21 27 -26 -27 28 -4 -3
right_child=2 5 4 16 8 6 9 -9 21 10 -12 13 -14 -15 -16 -17 17 -19 -20 20 -22 22 -24 -25 25 26 -28 -29 -30 -31
leaf_value=-0.013032373712742754 -0.0041105543845424272 -0.00063931465642344553 0.014269252844453347 -0.00074955348349848997 -0.020920838187682644 -0.0070431728420002771 0.016962524794244833 0.014421243226871026 0.026570757408030408 -0.0042778031990725052 0.011681525611890694 -0.0051645834004003079 0.012579986746112971 0.01170722775166322 -0.01487404924224737 0.0065023220491847054 -0.0046732301739837593 -0.010194807170829878 0.015914006782519401 -0.0041395397708960625 -0.012535467482210389 -0.007879419078754113 0.017929748896885759 0.012762897092034022 0.0021203064263037945 0.024749087592709659 0.0037525788445893693 -0.012490185381433972 0.00055391052741634846 0.015057553922100727
leaf_weight=259.9544131308794 107.59132350981236 295.88847832381725 162.30910870432854 138.08053807914257 8.9977018237113935 68.337181940674782 41.116647347807884 14.232503369450567 6.7876451611518851 70.881414964795113 79.668286561965942 46.99436816573143 23.45551660656929 120.69734880328178 18.276769369840622 331.54081319272518 207.02892336249352 303.11261254549026 13.929310411214827 199.25896693766117 61.333395332098007 20.941730678081516 9.7684591114521009 13.587287828326224 20.290678799152374 87.382108271121979 15.711443066596983 7.2647222876548758 30.986733347177505 15.62337878346443
leaf_count=856 310 892 502 437 22 193 133 46 23 206 247 131 73 370 48 987 656 938 49 599 173 57 31 46 58 290 46 19 88 51
internal_value=-5.19256e-05 -0.00427876 0.00733403 -0.00795798 0.0122953 -0.000325374 0.00392593 -0.00317917 0.000314788 0.00700298 0.00416915 0.00448108 -0.00102782 0.00588115 0.00407653 0.0050362 -0.00594465 -0.00730368 -0.00329603 -0.00232436 -0.00517546 0.00589933 0.000542024 -0.00299189 0.0139994 0.018501 0.0216448 0.011137 0.0121002 0.000184
internal_weight=2801.03 1782.03 1019 922.106 370.44 859.928 274.236 82.5697 46.4955 191.666 150.55 648.556 131.047 517.509 396.812 378.535 662.151 524.071 220.958 585.692 274.18 37.4978 30.7102 212.846 323.945 123.384 103.094 200.561 193.296 311.512
internal_count=8577 5522 3055 2936 1136 2586 825 239 133 586 453 1919 383 1536 1166 1118 2080 1643 705 1761 818 111 88 645 1003 394 336 609 590 943
is_linear=0
shrinkage=0.03


Tree=61
num_leaves=31
num_cat=0
split_feature=62 118 66 77 29 67 35 17 118 27 84 117 32 117 119 30 92 120 56 117 74 118 62 64 16 68 117 6 119 32
split_gain=10.0964 9.43659 6.76909 9.09213 8.68878 8.10324 7.04787 11.2997 6.80851 6.7239 6.38852 6.49415 6.30918 6.2078 7.47695 5.88331 5.70429 5.6779 6.47285 5.51574 5.49461 5.25152 5.10303 4.44929 7.16406 4.09138 3.70525 7.43821 3.51212 3.42315
threshold=1.7029411764705884 -1.6307715181660896 1.9545454545454548 0.52786377708978338 -0.29166666666666652 1.6125000000000003 -2.422619047619047 0.32517482517482527 0.61812500000000015 2.3541666666666674 0.55178571428571443 0.33452380952380972 0.5376984126984129 -0.5964285714285712 -0.053694046788676002 0.81666666666666676 -0.029109025032937993 0.95000000000000018 0.36666666666666675 -0.42857142857142849 3.5477272727272733 -0.035000000000000017 2.4083333333333337 0.51470588235294124 0.19090909090909094 2.7638888888888893 -0.34285714285714269 1.2182539682539686 1.5719887955182072 1.5416666666666667
decision_type=2 2 2 2 2 2 2 2 2 2 2 2 2 2 2 2 2 2 2 2 2 2 2 2 2 2 2 2 2 2
left_child=1 25 6 12 -5 -6 7 19 9 -8 13 26 15 16 22 -4 23 18 -16 -3 -19 -14 -15 -2 -25 -1 29 -28 -18 -12
right_child=10 2 3 4 5 -7 8 -9 -10 -11 11 -13 21 14 17 -17 28 20 -20 -21 -22 -23 -24 24 -26 -27 27 -29 -30 -31
leaf_value=-0.021164131698300555 0.0060413165640027027 -0.0032996226205336057 0.0075825295159652273 -0.019412346152698531 -0.0057836191525882027 0.018410414192124951 9.8407164880087483e-05 -0.017767375485352767 -0.016694672110747211 0.0074907751113465638 0.020789057116258412 0.024006596975159285 0.0090629503177507356 -0.011650925872985871 -0.00034257713342479665 0.023299864823371236 0.017364837356973997 -0.0013425325432201232 0.01177635330452936 0.015561992489795765 -0.017967599289876034 -0.018730811116545641 0.0067561362118970401 0.016008789925541972 -0.016134494059387113 0.00059581948219546372 0.010096080514611106 -0.026588438980040305 -0.0096500449025907382 -0.0042905054816813381
leaf_weight=23.448494285345078 10.017388626933096 16.45914089679718 44.687628194689751 17.601624488830566 28.086745038628578 20.760665401816368 1797.3494709730148 12.06069655716419 19.808479458093643 117.08002679049969 9.6540052443742734 13.236307233572004 14.897788017988207 95.904151529073715 166.63235254585743 44.459552139043808 9.4892236590385419 56.901983305811882 50.857509955763817 73.888616189360619 25.530952572822571 8.9221742153167707 14.8715563416481 5.7847070395946494 98.559168726205826 10.938830077648161 8.6091546416282707 9.4052830934524518 6.3848747909069052 8.2351590842008573
leaf_count=79 34 52 127 58 90 57 5247 36 66 353 26 33 44 305 535 118 27 202 151 198 101 30 44 18 402 34 26 33 21 30
internal_value=0.000111004 0.00102808 0.00127421 0.00684614 -0.00190818 0.00460197 0.000778763 0.00841085 0.000368994 0.00055574 -0.00337735 0.00686046 0.0119935 -0.00432385 -0.00249202 0.0156259 -0.0100147 -1.3849e-05 0.00251849 0.0120945 -0.00668121 -0.00156203 -0.00911462 -0.0123539 -0.014189 -0.0143361 0 -0.00929007 0.00639319 0.00946909
internal_weight=2840.52 2250.45 2216.06 179.416 66.449 48.8474 2036.65 102.408 1934.24 1914.43 590.074 49.1399 112.967 540.934 410.699 89.1472 130.235 299.923 217.49 90.3478 82.4329 23.82 110.776 114.361 104.344 34.3873 35.9036 18.0144 15.8741 17.8892
internal_count=8577 6589 6476 524 205 147 5952 286 5666 5600 1988 148 319 1840 1338 245 502 989 686 250 303 74 349 454 420 113 115 59 48 56
is_linear=0
shrinkage=0.03


Tree=62
num_leaves=31
num_cat=0
split_feature=48 67 48 5 96 19 29 46 82 35 120 69 47 4 32 83 9 33 7 83 83 21 96 75 117 117 34 63 118 27
split_gain=98.3047 22.8287 22.196 15.983 10.9785 11.7517 12.8077 8.87736 8.41684 8.15222 7.89682 8.33096 10.3518 7.46441 7.12389 6.9055 6.64051 6.58136 6.52948 6.28336 6.35565 5.65053 5.76852 5.59555 5.22581 7.38778 5.56633 5.17238 5.03775 5.02674
threshold=-10.980612734163968 2.0416666666666674 82.754806232010665 -1.3412698412698409 0.22629316914073216 0.48333333333333339 -0.87083333333333335 1447.470798167268 0.69696969696969724 -0.62499999999999978 0.21428571428571433 1.1909090909090911 1481.0666849212655 1.6794871794871797 -0.28174603174603163 0.64823232323232338 0.32051282051282054 1.2817460317460319 1.1909090909090911 -0.3743686868686868 0.91792929292929293 0.51666666666666672 0.053044764770573578 2.7669683257918556 -0.54772727272727251 -0.29950980392156851 1.8446428571428575 2.1715686274509807 0.12018518518518526 1.7321428571428574
decision_type=2 2 2 2 2 2 2 2 2 2 2 2 2 2 2 2 2 2 2 2 2 2 2 2 2 2 2 2 2 2
left_child=1 3 10 -1 5 6 -5 18 9 -6 21 12 23 -7 19 27 -10 -14 -3 -9 -21 24 28 -12 26 -26 -2 -16 -23 -13
right_child=2 7 -4 4 8 13 -8 14 16 -11 11 29 17 -15 15 -17 -18 -19 -20 20 -22 22 -24 -25 25 -27 -28 -29 -30 -31
leaf_value=0.024946530799291221 0.0091232200495666282 0.026747362131430513 -0.012399949930875825 0.015641751652592538 0.001347732183616403 -0.0070199940577232141 0.00072865130045751258 -0.0071553533298025487 -0.0090249558768305833 0.013832102647272075 0.014112475475422791 -0.0051259875005039831 -0.010314286598006961 0.0026610911639959843 -0.018274011494442841 0.0091269978828854379 0.013631807514002059 0.0039489024865338408 0.00930344605732112 0.016196749829969301 0.0064447925654737229 0.031777825684099412 -0.0030458708029451409 -0.010149605130628696 -0.010904965659078081 -0.0013670849735390156 -0.015352862091839926 0.0018211807820783152 0.0019653379885595473 -0.013047557156368995
leaf_weight=27.635530531406403 59.082813888788223 50.052642375230789 329.29360151290894 67.981799989938736 70.303842589259148 224.11722007393837 210.8169247508049 14.529273658990858 42.700975194573402 146.49429912865162 44.119990140199661 135.66936683654785 91.977599307894707 103.97716706991196 18.228052586317062 57.685198992490768 14.838166221976278 41.381067350506783 34.610098898410797 165.4138817936182 99.343244254589081 12.135829702019693 16.954965114593506 9.6443639099597913 87.93587638437748 418.89385844767094 8.7109901607036573 27.810882195830345 8.9367403239011747 162.41947413980961
leaf_count=69 186 124 1311 183 194 641 595 38 116 397 140 448 312 281 52 160 40 142 87 423 257 35 47 32 274 1276 30 72 25 590
internal_value=-5.95158e-05 0.00565716 -0.00557564 0.00287568 0.00215264 -9.64493e-05 0.00441867 0.0110386 0.0071213 0.00982219 -0.0035166 -0.00637317 -0.00138165 -0.00394406 0.00903791 0.00226038 -0.00299793 -0.00586965 0.0198432 0.0115273 0.0125869 -0.00124264 0.00979484 0.00959965 -0.00199404 -0.00304605 0.00575716 -0.00629062 0.0199323 -0.00948143
internal_weight=2803.7 1376.54 1427.16 908.866 881.23 606.893 278.799 467.673 274.337 216.798 1097.86 485.212 187.123 328.094 383.011 103.724 57.5391 133.359 84.6627 279.286 264.757 612.651 38.0275 53.7644 574.624 506.83 67.7938 46.0389 21.0726 298.089
internal_count=8577 3729 4848 2516 2447 1700 778 1213 747 591 3537 1664 626 922 1002 284 156 454 211 718 680 1873 107 172 1766 1550 216 124 60 1038
is_linear=0
shrinkage=0.03


Tree=63
num_leaves=31
num_cat=0
split_feature=119 48 5 116 92 121 2 26 92 97 85 85 17 48 96 6 92 71 81 63 63 95 83 57 61 74 17 28 5 23
split_gain=91.6498 27.3299 15.0174 10.0528 8.13721 7.80655 5.87114 5.60437 6.4861 6.40445 8.26145 6.61339 5.41118 5.34483 5.4401 4.86176 5.46531 5.31147 4.69342 5.53315 7.5363 4.67115 5.00828 4.62818 4.53115 4.44236 4.24026 4.57095 4.12882 5.66941
threshold=0.23081418873353424 -28.661921005916835 0.66666666666666696 -0.66515151515151494 -0.026086956521739087 0.67261904761904778 -1.4967948717948714 1.5000000000000004 0.016666666666666722 0.22404792182584818 -0.62563131313131293 -0.09090909090909087 -0.30839160839160834 114.77860569863311 -0.39048315463663197 1.6961538461538463 0.0048701298701300253 0.78888888888888908 17.500000000000004 1.1380952380952383 1.633971291866029 -0.19019519536654153 0.29292929292929293 0.43530307100008958 3.9607678160667752 3.6485294117647062 -0.41602564102564094 0.86607142857142871 0.87083333333333357 -0.13636363636363633
decision_type=2 2 2 2 2 2 2 2 2 2 2 2 2 2 2 2 2 2 2 2 2 2 2 2 2 2 2 2 2 2
left_child=1 3 13 -1 26 12 -5 9 -9 10 -7 -11 -3 18 23 16 17 -6 19 -2 -21 -14 -23 -15 -17 -16 -4 -28 29 -8
right_child=2 5 4 6 15 7 28 8 -10 11 -12 -13 21 14 25 24 -18 -19 -20 20 -22 22 -24 -25 -26 -27 27 -29 -30 -31
leaf_value=-0.011980042612340596 0.0017050735564975853 0.020600044595309328 0.021156563832032578 -0.019704212867930761 0.015206246463926248 -0.0079283059399476285 -0.013577915344454912 0.021302678771611697 -0.0007555631614456045 0.021120436590640349 0.0035176169720504248 -0.0030360936055821865 -0.0077923539814153519 -0.01769418965500762 0.017418631459680357 0.014050024435362856 0.015972289436981268 -0.014119470194451337 0.0014855250940195104 0.022011047040558136 0.0023212656550312604 -0.0046822201544705223 0.0022941331354315885 0.0073547404901124595 -0.01197393891443615 -0.0063931229003429723 0.0051252319275906771 0.0149764384757053 0.013817370751143886 -0.0039969605406002017
leaf_weight=328.63092048466206 69.514584630727768 7.8201431334018698 66.431202262639999 23.969005018472672 8.0086196959018725 83.274764895439148 62.425119072198868 28.890836805105209 19.503096073865891 26.567769229412079 172.70468488335609 15.517248228192328 137.02603751420975 8.5540859699249285 65.532969504594803 6.9790615141391781 35.909397304058075 13.443082451820372 405.93800796568394 40.536790490150452 31.314436107873917 190.16922377049923 178.17024356126785 20.729828268289566 23.491321980953217 7.1806011795997611 61.630100041627884 154.82814797759056 9.5609484761953336 492.46614085137844
leaf_count=1092 202 26 217 77 25 237 183 95 57 87 520 45 402 21 207 22 112 35 1185 131 92 565 552 62 62 19 181 482 32 1552
internal_value=-5.65063e-05 -0.00417185 0.00710582 -0.00777146 0.0119224 -0.000323803 -0.00539956 0.00314636 0.012517 0.00157814 -0.000210638 0.0122803 -0.00267395 0.00433708 0.0106253 0.00384362 0.00895436 -0.00284795 0.00314247 0.00783553 0.0136206 -0.00308 -0.00130248 -0.00020587 -0.00566093 0.0149716 0.0143977 0.0122219 -0.00475305 -0.0051027
internal_weight=2796.72 1776.7 1020.02 917.052 370.721 859.644 588.421 346.458 48.3939 298.064 255.979 42.085 513.186 649.301 101.997 87.8315 57.3611 21.4517 547.304 141.366 71.8512 505.366 368.339 29.2839 30.4704 72.7136 282.889 216.458 564.452 554.891
internal_count=8577 5522 3055 2936 1136 2586 1844 1041 152 889 757 132 1545 1919 309 256 172 60 1610 425 223 1519 1117 83 84 226 880 663 1767 1735
is_linear=0
shrinkage=0.03


Tree=64
num_leaves=30
num_cat=0
split_feature=48 118 47 8 60 14 59 38 90 68 85 35 74 39 59 5 58 33 27 94 0 8 33 58 69 68 69 72 69
split_gain=9.70517 9.32351 8.60497 9.02742 9.36317 9.14456 8.98633 7.06746 7.52505 6.01654 5.44546 6.87052 5.39811 5.04087 4.9978 6.78045 4.12311 2.97572 4.54068 7.18456 4.18725 3.85732 2.89778 1.54123 1.47269 1.39212 1.17078 0.626712 0.449383
threshold=147.00991569821954 -1.6307715181660896 1463.3959591145688 -0.59999999999999998 2.5529263237740296 0.017424242424242429 0.33196156798988402 1.0000000180025095e-35 -1.0000000180025095e-35 2.7638888888888893 -2.0252525252525246 -3.1636904761904754 2.3416666666666672 1.0000000180025095e-35 0.30526976990214233 -1.6564102564102561 0.26120608107264892 0.28869047619047628 2.6125000000000003 0.8795118001630301 2.1291666666666669 -1.2225274725274724 -0.10357142857142858 0.24003058103975536 1.5227272727272729 0.6515151515151516 2.3693181818181821 1.3875000000000002 0.36931818181818188
decision_type=2 2 2 2 2 2 2 2 2 2 2 2 2 2 2 2 2 2 2 2 2 2 2 2 2 2 2 2 2
left_child=1 9 3 7 5 -5 -6 8 -3 24 11 -4 -2 -13 15 -12 -16 25 19 20 -19 -20 -9 -23 28 -14 -26 -27 -1
right_child=12 2 10 4 6 -7 -8 22 -10 -11 14 13 17 -15 16 -17 -18 18 21 -21 -22 23 -24 -25 26 27 -28 -29 -30
leaf_value=-0.010931036459049335 0.01060048005150593 -0.005671347656650152 -0.0087170229382614716 -0.018552728008588058 0.009894302069680604 0.0087938757536831919 -0.0048000141616054157 0 0.012647627703807587 0.0046012813873169177 -0.021900322644401879 0.036723017696448972 -0.0034311478475793702 0.004091293002010922 -0.0013184036929304969 0.0013636200079819936 -0.0097717027709821689 -0.011367363856184478 0.0069116587505933247 0.02787034017517747 0.0093397608024553113 -0.0056267074703749767 -0.018527302109621942 -0.022435955935661354 0.0017681933684771593 -0.025229688076924536 -0.016730594925024826 -0.0092656462005355905 -0.025412629560496437
leaf_weight=5.5582088232040432 11.581358119845389 46.743442788720131 7.9940494596958187 24.098184943199158 303.76220165193081 18.615885064005852 41.806940481066704 10.773483425378798 33.885841086506844 12.921543568372725 10.381290122866629 9.8721287250518817 5.2286225706338909 7.8377149105072013 966.88097475469112 1104.6936503499746 54.089622065424919 29.537588432431221 5.5481425523757926 5.7505293488502494 11.326499134302138 7.7555647939443579 27.184031918644905 24.26641683280468 5.2520823627710325 16.371357083320621 5.2112002223730087 5.1613778471946707 19.103548675775528
leaf_count=19 36 146 26 76 843 52 130 36 103 39 33 24 21 23 2925 3244 164 115 22 17 40 30 99 110 20 73 22 22 67
internal_value=0.000118373 0.000493187 0.0007322 0.00424629 0.0064575 -0.00663723 0.00809921 -0.00296211 0.00205139 -0.0124652 -9.19531e-05 0.0133694 -0.00810439 0.0234323 -0.000261522 0.00112492 -0.00177831 -0.010161 -0.00718143 -0.000795255 -0.00547021 -0.0148012 -0.0134681 -0.0187494 -0.0187802 -0.0188296 -0.00783913 -0.0221173 -0.0228189
internal_weight=2839.19 2716.67 2668.62 506.87 388.283 42.7141 345.569 118.587 80.6293 48.0466 2161.75 25.7039 122.527 17.7098 2136.05 1115.07 1020.97 110.946 84.1847 46.6146 40.8641 37.5701 37.9575 32.022 35.125 26.7614 10.4633 21.5327 24.6618
internal_count=8577 8091 7924 1485 1101 128 973 384 249 167 6439 73 486 47 6366 3277 3089 450 334 172 155 162 135 140 128 116 42 95 86
is_linear=0
shrinkage=0.03


Tree=65
num_leaves=31
num_cat=0
split_feature=119 120 118 49 29 71 36 35 27 95 28 70 87 69 45 93 66 91 8 75 85 85 65 97 93 1 30 75 69 68
split_gain=93.5951 22.5606 18.8566 11.4658 9.85584 7.83855 8.82653 6.94134 6.17453 6.16287 9.39867 10.7485 8.41183 6.83169 6.37909 6.01066 7.41973 6.00593 5.79256 6.51091 5.6413 7.98441 5.63539 7.08485 5.59682 5.46051 5.4495 5.01627 6.77614 5.23883
threshold=-0.071428571428571327 -0.99393939393939368 -0.090000000000000011 0.41556964564707261 0.36607142857142866 1.4365079365079367 -2.4999999999999996 0.63154761904761925 1.8166666666666669 -0.063467761734359793 1.4142857142857144 0.88194444444444453 1.5590277777777779 1.4365079365079367 1.0000000180025095e-35 -0.78517300812106816 1.0954545454545457 -0.11826537366618893 0.059981684981684998 3.0871212121212124 0.22222222222222229 -0.21428571428571422 1.7303030303030307 0.16944099092876544 -0.24659722222222211 1.3798076923076925 0.30952380952380959 3.1026315789473689 0.47727272727272735 2.8944444444444448
decision_type=2 2 2 2 2 2 2 2 2 2 2 2 2 2 2 2 2 2 2 2 2 2 2 2 2 2 2 2 2 2
left_child=1 5 18 8 -4 6 -1 26 15 10 11 -5 14 -14 -11 -3 -17 -12 25 -20 21 -10 23 -6 -9 -2 -8 29 -29 -7
right_child=2 3 4 9 22 27 7 24 20 12 17 -13 13 -15 -16 16 -18 -19 19 -21 -22 -23 -24 -25 -26 -27 -28 28 -30 -31
leaf_value=0.02156038394655772 -0.014093019357707201 0.02886414351566461 -0.0007972461367588764 0.0021077798116684462 -0.007019433346948988 0.011362622366814512 0.0083294202544051833 0.029378256626013136 -0.0020131156042285207 -0.0032780509582499267 -0.0050817521757842632 0.021008795339839216 0.0054535522371559186 -0.0070137964418455394 -0.016504682558372934 0.013917113038848962 0.0040299371623972874 0.016200075694166535 -0.0069556055936663879 0.017792740228161463 -0.011026921564466078 0.014481975161149341 -0.014833527686598152 0.0076143553214871639 0.00088409861000709263 -0.0048814730306719701 -0.0086951011853397212 -0.0055008154019724927 0.019822833461918356 -0.011570779399980994
leaf_weight=22.65018630027771 301.8474457859993 12.539893120527266 549.26278778910637 60.891098722815514 249.590730920434 108.27731743454933 23.694988533854485 11.229640513658525 67.490250691771507 180.8106194883585 84.295266270637512 48.716749519109726 168.50329472124577 50.502210602164268 39.616625368595123 117.31240034103394 167.36939106881618 12.851588472723959 46.636002510786057 10.951442256569861 25.601479411125183 41.916490137577057 69.930265322327614 32.767895877361298 13.179692521691321 74.696956321597099 52.452002868056297 9.6144475340843183 135.55240905284882 8.8408850133419019
leaf_count=59 1200 32 1699 172 868 271 59 30 175 524 245 132 493 150 112 307 440 37 168 37 70 113 236 111 36 271 141 26 341 22
internal_value=-6.25275e-05 0.00517428 -0.00580389 0.00293854 -0.00331917 0.0113972 0.00506135 0.00113972 0.00671516 0.000401289 0.00466362 0.0106497 -0.00160338 0.00254616 -0.00573258 0.00912711 0.00814922 -0.00209943 -0.0109375 -0.00197463 0.0013551 0.00435333 -0.0072293 -0.00528971 0.0147513 -0.0122914 -0.00331932 0.0143315 0.018099 0.00952275
internal_weight=2799.59 1463.91 1335.68 1078.42 901.552 385.492 123.207 100.556 432.23 646.187 206.755 109.608 439.433 219.006 220.427 297.222 284.682 97.1469 434.132 57.5874 135.008 109.407 352.289 282.359 24.4093 376.544 76.147 262.285 145.167 117.118
internal_count=8577 3987 4590 3002 2914 985 325 266 1137 1865 586 304 1279 643 636 779 747 282 1676 205 358 288 1215 979 66 1471 200 660 367 293
is_linear=0
shrinkage=0.03


Tree=66
num_leaves=31
num_cat=0
split_feature=119 48 5 5 92 121 12 61 5 71 69 17 2 47 119 66 41 63 47 14 118 48 95 83 78 66 17 34 66 82
split_gain=86.3748 26.0329 14.1884 9.70996 7.71817 7.46326 5.59677 5.38078 5.46045 5.37865 7.57826 5.1956 5.08935 6.43763 5.87599 5.42217 5.33158 4.7747 7.34691 4.78834 4.75284 4.50998 4.48012 4.80423 4.44291 4.15016 4.02908 4.71042 5.09585 4.93947
threshold=0.23081418873353424 -28.661921005916835 0.66666666666666696 -0.86282051282051253 -0.026086956521739087 0.67261904761904778 0.46410256410256417 6.8829500287054701 0.87083333333333357 1.2111111111111115 1.0416666666666667 -0.30839160839160834 -0.12916666666666662 1381.6172023971228 0.76685606060606071 1.4365079365079367 1.0000000180025095e-35 1.1143790849673205 1539.4757541219731 0.19267399267399271 0.035078125000000022 -13.299864704919626 -0.19019519536654153 0.29292929292929293 0.48684210526315791 1.9045454545454548 -0.41602564102564094 0.020833333333333402 1.8944444444444446 0.51650432900432919
decision_type=2 2 2 2 2 2 2 2 2 2 2 2 2 2 2 2 2 2 2 2 2 2 2 2 2 2 2 2 2 2
left_child=1 3 12 -1 26 11 -6 8 -5 -7 21 -3 14 -14 15 20 -17 19 -19 -15 -2 -11 -13 -24 -12 -16 -4 29 -29 -28
right_child=2 5 4 7 6 9 -8 -9 -10 10 24 22 13 17 25 16 -18 18 -20 -21 -22 -23 23 -25 -26 -27 27 28 -30 -31
leaf_value=-0.012563750149149443 0.010733220661944896 0.020130805483897639 0.020567451880839773 -0.006810334530796402 0.0062913210786368174 -2.5152840676103423e-05 -0.017832158808773559 0.0034585024726945684 0.015363316540456829 0.014973880322081943 -0.0054204028969368351 -0.0076391681684667197 0.029474530991566564 0.0038767423476722992 -0.0050096693623062835 -0.014874176793722126 0.0027597669968485012 0.010316897916191047 -0.0032260742684182605 -0.0074443687201534974 -0.012354135859264989 -0.0039023385390602283 -0.0045901385305054578 0.0022442002032894443 0.016566546121041758 0.020675449960100171 0.012374356692500369 0.0065181691212178499 0.018886057102939755 -0.0031526565389631668
leaf_weight=255.31354369223118 29.38001661002636 7.8653325438499442 66.392230361700058 594.93176364898682 79.213154166936874 204.81252355873585 8.6842708587646467 52.750668078660965 9.1717980951070768 13.456234008073805 8.7115921974182111 136.53767317533493 9.005088806152342 220.81886342167854 7.8092598319053677 46.090315103530884 22.154356896877289 207.86751767992973 42.697999387979507 38.541550666093826 9.8843134194612485 52.707827508449554 189.80689266324043 178.31588461995125 67.010304927825928 15.729518622159956 40.122573405504227 46.393438398838043 97.77919328212738 32.387013375759125
leaf_count=856 92 26 217 1877 234 607 22 172 31 44 25 402 31 649 22 123 67 632 119 105 28 152 565 552 213 51 123 137 313 90
internal_value=-5.98304e-05 -0.00406594 0.00688518 -0.00759289 0.0115657 -0.000313707 0.00370039 -0.00564004 -0.00644389 0.00307668 0.00754402 -0.00261451 0.00419553 0.00552835 -0.00106144 -0.00407266 -0.00914914 0.00504274 0.00799351 0.00216075 0.00468427 5.77659e-05 -0.00301404 -0.0012744 0.0139602 0.012175 0.0139758 0.0118571 0.0149992 0.00544973
internal_weight=2792.34 1771.39 1020.95 912.168 370.972 859.224 87.8974 656.854 604.104 346.698 141.886 512.526 649.979 518.931 131.048 107.509 68.2447 509.926 250.566 259.36 39.2643 66.1641 504.66 368.123 75.7219 23.5388 283.074 216.682 144.173 72.5096
internal_count=8577 5522 3055 2936 1136 2586 256 2080 1908 1041 434 1545 1919 1536 383 310 190 1505 751 754 120 196 1519 1117 238 73 880 663 450 213
is_linear=0
shrinkage=0.03


Tree=67
num_leaves=31
num_cat=0
split_feature=62 116 121 1 117 18 66 35 17 77 29 61 96 85 2 34 118 82 57 44 85 84 84 4 82 94 68 56 117 117
split_gain=9.19199 10.2376 6.59689 6.78098 8.59886 5.76781 5.97592 8.38375 10.6036 7.88134 10.017 7.34234 6.79917 5.60513 8.93865 7.41317 5.28713 4.64086 4.32676 4.07869 3.43629 3.29106 4.65506 3.81264 3.36028 3.27204 3.55545 3.25115 4.08875 2.41506
threshold=1.7029411764705884 -1.5916666666666663 1.8964285714285716 0.62019230769230782 -0.5964285714285712 0.57738095238095244 1.9545454545454548 -2.422619047619047 0.32517482517482527 0.52786377708978338 -0.29166666666666652 4.3372693810700085 0.22629316914073216 -0.019029581529581504 -0.26969696969696971 0.34464285714285725 -0.21999999999999989 0.082070707070707086 0.45098972034103851 1.0000000180025095e-35 -0.099999999999999908 -1.0000000180025095e-35 0.094065656565656644 1.2583333333333335 0.39696969696969708 0.55385603760896251 0.90454545454545465 1.0000000180025095e-35 -0.95477941176470571 -0.66993464052287577
decision_type=2 2 2 2 2 2 2 2 2 2 2 2 2 2 2 2 2 2 2 2 2 2 2 2 2 2 2 2 2 2
left_child=1 19 3 17 27 6 7 8 -3 11 -11 -8 -9 14 -6 -15 -7 20 -19 -1 -2 24 -23 -24 25 26 -4 29 -29 -5
right_child=2 5 21 4 13 16 9 12 -10 10 -12 -13 -14 15 -16 -17 -18 18 -20 -21 -22 22 23 -25 -26 -27 -28 28 -30 -31
leaf_value=-0.016292412156707708 0.03529094842170899 0.013131970190494949 0.016583294818413395 -0.021157986930905974 -0.014376676391245477 0.010647037778847871 -0.0095767972917404128 0.0014523736114990466 -0.016800792901227459 -0.02074817680555573 0.0055826170834587128 0.01443620385591267 -0.003178858461823668 -0.0032053922986817881 -0.0005123427850126914 0.0096971662362955111 -0.01647431341608066 -0.015869668370622151 0.014094952375883534 0.0037106885260680292 0.007396391218930605 0.013165636877352204 -0.021409677450815765 0.0056265549932142164 -0.020908881347495807 -0.019082884849830166 -0.012331904115791183 0.012318000916486526 -0.0098494199000676332 -0.0045417682009748694
leaf_weight=41.079263463616371 7.7256143540143993 86.839421808719635 7.5233542472124117 32.338267534971237 54.519258573651314 7.4428487569093695 12.115801319479941 1542.5579707473516 11.169634908437727 16.766809895634651 47.364406555891037 97.473253697156906 348.7668212801218 76.888534232974052 172.36467665433884 81.330550089478493 27.860395699739456 7.628604054450987 7.7019499093294144 11.022775143384932 9.1777727603912336 10.010243847966196 11.267279967665674 6.8094811141490927 34.154413104057312 8.3572766780853254 5.9126554429531097 8.5611743181943876 33.339290723204613 11.8098918646574
leaf_count=138 19 238 25 127 171 20 36 4515 34 56 142 272 1015 251 554 248 90 29 23 33 27 33 50 25 144 38 23 31 127 43
internal_value=0.000124424 0.000997943 -0.00321302 -0.00189609 -0.00281963 0.00131301 0.0015126 0.00104305 0.00955514 0.00683575 -0.00146825 0.0116917 0.000595545 -0.000883948 -0.00390552 0.00342741 -0.010538 0.0111914 -0.0006907 -0.0120139 0.0215721 -0.0109514 -0.00232891 -0.0113068 -0.0151104 -0.00537284 0.00367824 -0.0113385 -0.00506865 -0.0169785
internal_weight=2837.88 2250.46 587.42 503.386 471.152 2198.36 2163.05 1989.33 98.0091 173.72 64.1312 109.589 1891.32 385.103 226.884 158.219 35.3032 32.2339 15.3306 52.102 16.9034 84.0347 28.087 18.0768 55.9477 21.7933 13.436 86.0486 41.9005 44.1482
internal_count=8577 6589 1988 1650 1552 6418 6308 5802 272 506 198 308 5530 1224 725 499 110 98 52 171 46 338 108 75 230 86 48 328 158 170
is_linear=0
shrinkage=0.03


Tree=68
num_leaves=31
num_cat=0
split_feature=119 48 17 118 96 61 48 117 43 83 74 64 40 72 65 61 66 28 67 90 23 23 67 14 117 29 97 12 93 36
split_gain=88.4819 28.5141 13.4098 11.1049 9.20775 8.39855 7.9158 6.23883 7.62691 6.88886 6.16591 7.1096 5.80425 5.74062 6.16657 5.73853 5.63313 5.80574 5.53948 5.52976 5.51462 5.46789 5.44319 5.32472 7.29487 5.28043 6.85894 5.73966 5.19231 5.1473
threshold=0.086126373626373667 -95.317053924325919 -0.066666666666666666 -0.11249999999999995 0.42561662355358282 6.4575539694584778 92.887083652277411 0.90384615384615397 1.0000000180025095e-35 0.16161616161616169 2.0250000000000004 0.80625000000000013 1.0000000180025095e-35 1.9545454545454548 1.1464285714285716 6.8281706530722692 1.9545454545454548 2.4142857142857146 1.2613636363636365 1.157326369282891 0.39523809523809533 0.40138888888888896 2.3693181818181821 -0.035805860805860783 0.44494949494949498 -0.29166666666666652 -0.14590279775157214 0.17424242424242428 0.36963109354413709 -1.4999999999999998
decision_type=2 2 2 2 2 2 2 2 2 2 2 2 2 2 2 2 2 2 2 2 2 2 2 2 2 2 2 2 2 2
left_child=1 7 6 5 21 -3 15 8 9 12 11 -4 -1 14 -7 25 17 -12 -17 -18 -11 29 -9 24 -6 26 -2 -27 -25 -5
right_child=2 3 10 4 23 13 -8 22 -10 20 16 -13 -14 -15 -16 18 19 -19 -20 -21 -22 -23 -24 28 -26 27 -28 -29 -30 -31
leaf_value=0.0096631940862959807 0.028757539023373427 0.0091225578144932106 0.021927647580858075 0.0045011860347716195 0.025447642761371701 -0.0052736231033372744 -0.014460055540478791 0.011485004198848646 -0.0030117917261806375 0.011743689664883967 -0.0025282115798527004 -0.0052250117219173435 -0.0045318988076365691 -0.016184899616116914 0.023453635936207508 0.018039711798250972 -0.0109648178327656 0.018761885118620803 -0.0084078493682569321 0.016083335900507575 0.02892361426700741 0.011610356191203718 0.026801803554555553 0.023778342717659901 -0.0079765541305331696 -0.0023703949311110828 -0.0036413978342604144 -0.011643630283310485 -0.00074517859178073454 -0.0019011253112615856
leaf_weight=62.754415988922119 6.2769221514463416 247.05363251268864 17.536093145608902 131.36957946419716 6.9531738609075573 19.375883296132091 216.20562539994717 59.696544319391251 43.52104052901268 193.17786887288094 272.6031496822834 15.464678853750227 42.57536843419075 20.366772815585136 9.0179092288017255 14.449508756399156 113.21217875182629 11.017696961760519 12.228929057717322 6.2822281271219245 18.463917344808578 31.256662920117378 35.002852857112885 30.041973382234573 21.459267556667328 80.761566460132599 29.425096765160561 251.3338969796896 9.9730759859085065 766.59974904358387
leaf_count=158 20 654 52 377 20 53 916 149 114 492 871 52 107 54 24 46 394 33 41 22 45 87 86 82 56 299 94 891 30 2258
internal_value=-6.54751e-05 0.00406231 -0.00696104 0.00178358 0.000264576 0.00687826 -0.00982985 0.0105128 0.00865256 0.010268 -0.00292376 0.00933581 0.00390852 -0.00438736 0.00423564 -0.00725439 -0.00395542 -0.00162761 0.00594245 -0.00939623 0.0133856 -0.000519198 0.0173987 0.0108054 0.000688211 -0.00823328 0.0026014 -0.00941139 0.017724 -0.000957189
internal_weight=2795.46 1748.66 1046.8 1293.47 997.653 295.814 610.682 455.192 360.493 316.972 436.116 33.0008 105.33 48.7606 28.3938 394.476 403.115 283.621 26.6784 119.494 211.642 929.226 94.6994 68.4275 28.4124 367.797 35.702 332.095 40.015 897.969
internal_count=8577 4846 3731 3695 2910 785 2307 1151 916 802 1424 104 265 131 77 1391 1320 904 87 416 537 2722 235 188 76 1304 114 1190 112 2635
is_linear=0
shrinkage=0.03


Tree=69
num_leaves=31
num_cat=0
split_feature=119 48 121 46 116 121 47 60 71 8 93 2 57 90 67 38 28 1 7 3 35 119 69 70 10 91 82 69 59 7
split_gain=81.377 24.8213 13.4556 9.84101 9.44369 7.18692 6.87275 6.54177 6.25947 5.88004 6.25707 5.72149 5.48641 6.80745 6.59978 6.34238 7.17282 6.10712 5.40066 5.30991 5.27863 5.07507 4.6845 4.61857 8.31337 4.40447 6.08626 5.92362 5.42689 4.21405
threshold=0.23081418873353424 -28.661921005916835 1.3291666666666668 1509.4445756156063 -0.66515151515151494 0.86190476190476206 1534.3658511090077 2.7493689798772931 1.2111111111111115 -0.5079365079365078 0.097326526130874128 -1.4967948717948714 0.44330959426250066 0.2591691033138403 0.80909090909090919 2.5000000000000004 2.2361111111111116 0.44949494949494956 1.0333333333333334 1.0741758241758244 -1.2404761904761903 1.0846914523385114 1.2111111111111115 1.1909090909090911 0.39230769230769241 -0.31956521739130428 0.4000000000000003 1.4772727272727275 0.3389671808544405 1.5419580419580423
decision_type=2 2 2 2 2 2 2 2 2 2 2 2 2 2 2 2 2 2 2 2 2 2 2 2 2 2 2 2 2 2
left_child=1 4 12 7 -1 25 20 19 9 10 -7 -6 15 17 -15 16 18 -14 -2 -4 -5 -22 -11 -10 -25 -3 28 -28 -27 -16
right_child=2 5 3 6 11 8 -8 -9 23 22 -12 -13 13 14 29 -17 -18 -19 -20 -21 21 -23 -24 24 -26 26 27 -29 -30 -31
leaf_value=-0.011538717221888605 0.021547721365868876 -0.0071954917304778319 -0.009096521447040231 0.02326669355823744 -0.019371325721172231 0.026493051123732517 -0.0035230789843552685 -0.01079733214721852 0.0018679887169603957 -0.0071723795442170495 0 -0.0044824870461150834 0.016037156304767985 0.026178081413634285 0.007619356119474464 0.018750235629603068 -0.0086688735410811023 -0.0042366672963437997 0.0054758317646422692 0.018684056154503404 0.0082620261337216314 0.016622585960603307 0.0044320918142103649 0.025376805313915247 0.0037059088028853801 -0.0049760080884524221 0.00056378679481808205 0.013732595595026251 0.0086454914326672058 -0.0037232746124029846
leaf_weight=323.22445902228355 20.024747431278229 123.54325786232948 8.333462059497835 47.754150450229645 23.510003015398979 13.012845605611803 20.919260114431381 27.908838093280792 47.223300606012344 83.13766972720623 18.504650443792343 560.69560806453228 13.492793172597883 12.400492489337919 89.969359785318375 34.835794180631638 28.815690562129021 168.42756733298302 215.44849939644337 17.797495871782303 144.89029669761658 128.23470667004585 48.692797973752022 30.641956716775894 33.659514576196671 253.39947022497654 140.05121460556984 38.620272293686867 28.303458839654922 42.474316865205765
leaf_count=1092 66 365 23 157 77 44 58 74 140 238 54 1767 43 42 270 111 79 476 640 57 432 409 147 102 100 757 424 125 90 118
internal_value=-6.32967e-05 -0.00396204 0.00667066 0.0109991 -0.00741908 -0.000301331 0.0128755 -0.000832614 0.00368651 -4.55748e-05 0.0113703 -0.00511886 0.00391522 0.00121024 0.00604796 0.00684626 0.00520113 -0.00263713 0.00694062 0.0097052 0.0139615 0.0122446 -0.00286248 0.0091313 0.0143093 -0.00218678 -0.000823494 0.00348754 -0.00357107 0.00395868
internal_weight=2787.95 1766.22 1021.73 395.838 907.43 858.79 341.798 54.0398 274.873 163.348 31.5175 584.206 625.889 326.765 144.844 299.125 264.289 181.92 235.473 26.131 320.879 273.125 131.83 111.525 64.3015 583.918 460.374 178.671 281.703 132.444
internal_count=8577 5522 3055 1210 2936 2586 1056 154 825 483 98 1844 1845 949 430 896 785 519 706 80 998 841 385 342 202 1761 1396 549 847 388
is_linear=0
shrinkage=0.03


Tree=70
num_leaves=28
num_cat=0
split_feature=48 118 47 57 69 74 2 72 20 68 85 35 96 61 92 74 39 16 57 21 53 75 37 64 69 69 69
split_gain=8.83356 8.57537 8.00159 8.39213 11.1103 6.99947 7.79143 7.67808 6.54669 5.79896 5.207 6.51077 5.56961 7.02065 6.92115 5.08902 4.74723 2.96155 3.82153 3.77582 3.03222 3.54521 2.30495 1.70345 1.45455 1.1668 0.448651
threshold=147.00991569821954 -1.6307715181660896 1463.3959591145688 0.43320955163006042 1.0954545454545457 3.3660287081339715 -0.20000000000000001 2.3484848484848491 1.0000000180025095e-35 2.7638888888888893 -2.0252525252525246 -3.1636904761904754 0.25266684407917261 5.7698810594618948 -0.11850834350834359 2.3416666666666672 1.0000000180025095e-35 0.39230769230769241 0.42804083181018732 0.12916666666666668 2.4500000000000006 2.6282894736842111 -1.0000000180025095e-35 0.89181286549707617 1.5227272727272729 2.3693181818181821 0.36931818181818188
decision_type=2 2 2 2 2 2 2 2 2 2 2 2 2 2 2 2 2 2 2 2 2 2 2 2 2 2 2
left_child=1 9 3 4 -3 6 -5 -7 -6 24 11 -4 14 -14 -12 -2 -13 23 19 -19 21 -20 -22 -17 26 -26 -1
right_child=15 2 10 5 8 7 -8 -9 -10 -11 12 16 13 -15 -16 17 -18 18 20 -21 22 -23 -24 -25 25 -27 -28
leaf_value=-0.010595849238045385 0.010347071552767729 0.022240501891827785 -0.0085175202164320275 0.014561693719301331 -0.0013616871108626223 0.025560615576754743 0.0025433721221973719 0.00013222532038274616 -0.01805054808868466 0.0046821889130416513 -0.0016175906288444374 0.035603098913127802 0.0006486150225670826 -0.0085556425600359903 0.0020718319646439083 -0.006369151833250021 0.0039884121858461711 -0.012066166476597912 0.0067060881061590015 0.014949211711581241 -0.021948533506297063 -0.013585336253240371 -0.0067484246232679341 -0.025208055747043993 0.0021205518337633227 -0.016420750825301866 -0.025031037626242144
leaf_weight=5.4907810091972378 11.628176271915434 14.295784220099447 7.9522565752267864 59.494170129299164 105.85343593358994 31.5748430788517 254.50007106363773 16.275286272168159 25.660338595509529 12.889597773551939 849.13332311809063 9.9748729467391986 144.72660303115845 151.38345423340797 989.42980870604515 7.7943254560232189 7.8453440964221945 6.4148144870996502 15.785139918327333 11.462868407368658 22.043162658810616 13.320948123931883 17.925964951515198 14.787732943892477 5.1955799013376218 5.131598174571991 18.579589113593102
leaf_count=19 36 36 26 159 324 83 753 46 84 39 2617 24 416 458 2875 30 23 28 56 38 102 58 74 64 20 22 67
internal_value=0.000130442 0.000486344 0.000713905 0.00409925 -0.00195184 0.00654453 0.00486907 0.0171528 -0.00475222 -0.0120402 -8.17111e-05 0.0130644 -0.000247876 -0.00405984 0.000366302 -0.00775979 0.0227956 -0.00978537 -0.00706781 0.00497104 -0.0102529 -0.0026238 -0.0155357 -0.0193787 -0.0183465 -0.00746412 -0.0224118
internal_weight=2836.55 2715.39 2668.1 507.654 145.81 361.844 313.994 47.8501 131.514 47.2871 2160.45 25.7725 2134.67 296.11 1838.56 121.163 17.8202 109.535 86.9529 17.8777 69.0752 29.1061 39.9691 22.5821 34.3975 10.3272 24.0704
internal_count=8577 8091 7924 1485 444 1041 912 129 408 167 6439 73 6366 874 5492 486 47 450 356 66 290 114 176 94 128 42 86
is_linear=0
shrinkage=0.03


Tree=71
num_leaves=31
num_cat=0
split_feature=119 48 17 118 96 116 61 48 69 19 57 68 85 24 57 118 53 43 21 85 72 14 36 97 55 66 2 5 85 72
split_gain=83.5723 26.9685 12.851 10.4461 8.74255 8.36446 7.99048 7.66821 6.65685 6.26553 7.70574 6.78372 5.88774 8.51108 6.07945 5.39295 7.86335 6.05304 5.33795 5.1136 5.11006 5.079 5.81093 4.96071 4.93567 4.72438 4.74613 4.72177 4.69366 4.52137
threshold=0.086126373626373667 -95.317053924325919 -0.066666666666666666 -0.11249999999999995 0.42561662355358282 -0.076619433198380368 6.4575539694584778 92.887083652277411 0.95833333333333337 0.55050505050505061 0.50539575327044772 0.91287878787878796 -0.95535714285714268 2.1666666666666674 0.44105247275180176 -0.59379629629629604 1.9000000000000001 1.0000000180025095e-35 0.51666666666666672 0.29646464646464649 1.4772727272727275 -0.035805860805860783 -2.4999999999999996 0.28911495635631163 0.29166666666666669 1.4365079365079367 -0.10151515151515154 -0.33333333333333331 1.0000000180025095e-35 1.9545454545454548
decision_type=2 2 2 2 2 2 2 2 2 2 2 2 2 2 2 2 2 2 2 2 2 2 2 2 2 2 2 2 2 2
left_child=1 15 7 6 9 20 24 12 -8 10 -5 -11 13 14 -2 -1 19 -18 -7 28 -4 22 -6 -23 -3 26 -14 -19 -17 -10
right_child=2 3 5 4 21 18 8 -9 29 11 -12 -13 25 -15 -16 16 17 27 -20 -21 -22 23 -24 -25 -26 -27 -28 -29 -30 -31
leaf_value=0.015181404061495854 0.0089976234212715712 0.0097223101358571273 0.011780597056537244 -0.00015217104699315816 0.021866515574805616 -0.0049813921062386692 -0.014309975187516116 -0.014204642862242812 0.020679650866331181 -0.021796179189463662 0.020883663830767681 -0.0027259003495757419 0.019900251894955024 0.02451236808596766 -0.0097686882047610182 -0.0013049140165112862 0.012551855376642836 0.0068420691418826533 0.018783554834993367 -0.022037344224956731 -0.01230709971351839 0.023119680558582999 -0.0074182399153908613 -0.0008106312606423505 -0.010920498087371123 -0.0115189528048299 -0.0053151895413113531 -0.015281832993183432 0.01983178985745947 -0.0052690521849515747
leaf_weight=138.33379575610161 22.01757188141346 237.65434241294861 47.237512350082397 833.56521034240723 7.4281799495220211 371.79239861667156 26.459226086735725 213.76335327327251 10.754027500748636 23.235948786139488 14.969159632921217 57.310009434819221 6.1899927258491507 10.204142332077025 46.571241125464439 55.195837467908859 207.07933029532433 24.740397721529007 7.6921521872282019 7.8453899621963492 8.520944878458975 30.231889247894287 21.006306692957878 9.9835474938154203 9.9645912945270521 209.23825642466545 98.307761684060097 12.086259156465529 10.34093117713928 11.504084944725035
leaf_count=339 78 628 147 2435 20 1228 73 916 28 73 45 169 20 36 162 142 526 63 22 22 27 82 56 30 26 760 335 34 25 30
internal_value=-6.82631e-05 0.0039351 -0.00679377 0.00171905 0.000244825 -0.00284168 0.00665501 -0.00961659 -0.00433966 -0.000520063 0.000239541 -0.00846392 -0.00708066 0.000213489 -0.00365871 0.0102051 0.00798512 0.010567 -0.00444369 -0.000582783 0.00789471 0.0104984 0.00061312 0.0172306 0.00883896 -0.00891694 -0.00361863 -0.00055158 0.00223305 0.00748919
internal_weight=2791.22 1749.69 1041.54 1294.07 997.73 435.243 296.336 606.292 48.7173 929.08 848.534 80.546 392.529 78.793 68.5888 455.622 317.288 243.906 379.485 73.3822 55.7585 68.6499 28.4345 40.2154 247.619 313.736 104.498 36.8267 65.5368 22.2581
internal_count=8577 4846 3731 3695 2910 1424 785 2307 131 2722 2480 242 1391 276 240 1151 812 623 1250 189 174 188 76 112 654 1115 355 97 167 58
is_linear=0
shrinkage=0.03


Tree=72
num_leaves=31
num_cat=0
split_feature=119 118 5 49 92 116 85 60 91 12 116 38 85 47 38 49 94 2 119 33 59 61 53 36 92 24 61 47 91 49
split_gain=76.6343 23.5487 12.7903 7.83339 7.07898 6.29284 6.9508 6.0481 5.81653 5.31675 5.30445 5.00101 7.6052 6.81438 5.92079 6.54873 5.25779 5.09102 4.95288 7.4331 5.82015 4.70543 4.66497 4.25097 4.16306 4.10793 4.65505 4.05297 5.82134 4.04346
threshold=0.23081418873353424 -0.062499999999999979 0.66666666666666696 0.46095971735902325 -0.026086956521739087 -0.74166666666666647 0.34532828282828293 2.474865269075063 -0.31956521739130428 0.46410256410256417 -0.2118055555555555 1.0000000180025095e-35 0.050505050505050449 1438.8549353835431 2.5000000000000004 0.51480148726243125 0.16342025427341358 -0.12916666666666662 -1.3355353252412072 0.42261904761904773 0.28801140684410648 5.173316863805991 3.2916666666666674 -2.4999999999999996 1.0000000180025095e-35 1.0000000180025095e-35 4.886575525404063 1451.3847086502067 -0.33550420168067224 0.52288865364189052
decision_type=2 2 2 2 2 2 2 2 2 2 2 2 2 2 2 2 2 2 2 2 2 2 2 2 2 2 2 2 2 2
left_child=1 7 11 5 -4 -3 21 -1 10 -6 24 17 13 22 15 -14 -15 27 -9 -20 -21 -7 -13 29 -5 26 -19 -2 -29 -10
right_child=2 3 4 8 9 6 -8 18 23 -11 -12 12 14 16 -16 -17 -18 25 19 20 -22 -23 -24 -25 -26 -27 -28 28 -30 -31
leaf_value=0.0013000249028123421 -0.016791173357615298 -0.013336255379366066 0.013215084797804708 0.030840540775358839 0.0059000842476229264 -0.016493453039244557 0.012307096385079796 -0.01374699907602038 -0.017434251768567756 -0.017654883682287879 -0.0063399187779255911 0.023234777735347979 -0.013482765062037055 -0.0041171627475363468 0.02839159090379182 0.013517626680591177 0.0060278959473596874 0.0048868684888527872 -0.012502260636451471 -0.012400198499367045 -0.0010829275847801247 -0.003142396100503759 -0.0027499954857207179 0.0022796804516965826 -0.0020653391810119153 0.001504479487396244 0.024516566254959311 0.019046407305733204 -0.0060013914050628019 0.0092825370199404681
leaf_weight=49.55351123213768 19.898116275668144 63.928762465715408 283.10869982838631 5.4266070574522001 79.432016476988792 25.227319583296776 23.453341990709305 176.18677788972855 17.758657291531566 8.6400738656520826 144.91657118499279 22.889930799603466 8.5740434974431974 81.407692492008209 20.216732650995255 52.909572675824165 102.66018328070641 39.157692849636078 158.68402567505836 53.844375342130661 164.60847555100918 282.34620597958565 7.8744557797908774 582.0248958915472 6.9067916125059128 230.50522308051586 14.774265348911284 9.4139399230480176 40.948575958609581 6.1158693730831137
leaf_count=163 53 209 880 20 234 74 79 596 50 22 425 76 23 229 68 164 305 116 503 169 544 886 22 1763 21 667 49 31 116 20
internal_value=-6.6378e-05 -0.00385982 0.00646183 -0.00135107 0.0109057 -0.00477559 -0.00307811 -0.00866385 0.000421241 0.00338334 -0.00469655 0.00391154 0.00678333 0.00376792 0.0145347 0.00954882 0.00152683 0.00148993 -0.00956232 -0.00756825 -0.00392988 -0.00429708 0.0166121 0.00175996 0.0134152 0.00328363 0.0106673 -0.00567362 -0.000981293 -0.0103716
internal_weight=2783.39 1760.98 1022.41 1158.11 371.181 394.956 331.027 602.877 763.149 88.0721 157.25 651.23 296.533 214.832 81.7003 61.4836 184.068 354.698 553.324 377.137 218.453 307.574 30.7644 605.899 12.3334 284.437 53.932 70.2606 50.3625 23.8745
internal_count=8577 5522 3055 3547 1136 1248 1039 1975 2299 256 466 1919 887 632 255 187 534 1032 1812 1216 713 960 98 1833 41 832 165 200 147 70
is_linear=0
shrinkage=0.03


Tree=73
num_leaves=31
num_cat=0
split_feature=62 118 66 79 28 85 84 76 121 31 94 117 84 95 85 78 23 4 30 87 34 2 14 32 58 32 68 68 84 84
split_gain=8.47585 7.97663 6.22344 8.26846 7.99316 7.48278 7.7246 6.57469 6.09038 9.76906 6.61828 7.03166 6.39585 6.50043 6.34231 5.6361 5.27782 7.64356 6.78226 5.20853 5.15297 4.97137 4.53909 4.30808 4.91711 4.22618 3.74337 3.38112 3.23623 4.45546
threshold=1.7029411764705884 -1.6307715181660896 1.9545454545454548 0.47213622291021679 0.61250000000000016 -0.42640692640692635 0.099999999999999936 0.48684210526315791 1.8964285714285716 0.30952380952380959 0.34660403730342643 -0.5964285714285712 0.97698412698412695 0.040070455177528476 1.0000000180025095e-35 0.55277777777777792 0.13030303030303036 1.1291666666666669 1.7321428571428574 1.5131578947368423 0.30654761904761918 0.10972222222222229 -1.0000000180025095e-35 1.6726190476190481 0.23647686147686151 1.1291666666666669 2.7638888888888893 0.52272727272727282 -1.0000000180025095e-35 0.094065656565656644
decision_type=2 2 2 2 2 2 2 2 2 2 2 2 2 2 2 2 2 2 2 2 2 2 2 2 2 2 2 2 2 2
left_child=1 26 5 20 -5 6 19 -6 9 23 12 27 13 -11 -13 -8 17 -7 -18 -3 22 -22 -4 25 -25 -2 -1 -12 -10 -30
right_child=8 2 3 4 7 16 15 -9 28 10 11 14 -14 -15 -16 -17 18 -19 -20 -21 21 -23 -24 24 -26 -27 -28 -29 29 -31
leaf_value=-0.020201051560448373 0.01017721727689328 0.0063620336050494858 0.021227452845657961 -0.014531905979461562 0.024935368030160592 0.0006290233093650333 -0.0043060872743309296 0.0084922877684953189 -0.014727872458837447 -0.0038394319642952607 0.0015228287205549642 -0.0018112433701914987 0.016776376659920923 -0.016384036954004137 0.0082161101263528054 0.010523200874274696 0.0010176055207398878 -0.0053608053455356831 0.019471545973347885 0.00032690231696949997 -0.018741466928507585 0.0023708789093703198 -0.0024818456321313276 0.01267926271327314 -0.018909292232361083 0.038265139354150303 0.00078583411148430455 -0.014011857194575292 0.01311161487849106 -0.010897738883801246
leaf_weight=22.281769171357155 15.253537699580194 436.45485965907574 11.703945696353914 8.9142896085977537 32.193941026926041 392.28410267829895 167.27962553501129 72.645286798477173 55.089724197983742 87.121409669518471 17.033788919448853 153.64488272368908 7.9531642049551001 66.060427665710449 88.506427779793739 25.678701296448708 441.19731950759888 372.24687416851521 17.725338354706764 184.02760997414589 20.316810876131058 18.171580597758293 16.109520927071571 10.635443568229677 6.1584055423736563 7.2864268869161597 10.883030086755751 42.4919213950634 10.009404942393305 17.79252764582634
leaf_count=79 45 1241 31 31 84 1168 497 204 230 286 60 497 22 223 274 71 1264 1124 47 540 66 57 51 31 22 17 34 173 33 75
internal_value=0.000137032 0.00097463 0.00119704 0.0065295 0.0114075 0.000721226 0.00295013 0.0137578 -0.00307551 -0.00181425 -0.00304757 -0.000408505 -0.00793694 -0.00933999 0.00186014 -0.00227307 -0.000759461 -0.00228667 0.00177768 0.00458032 -0.00184015 -0.00889008 0.0077814 0.0123387 0.00051526 0.0206244 -0.013405 -0.00956519 -0.0105675 -0.00199448
internal_weight=2835.15 2250.11 2216.95 180.055 113.754 2036.89 813.441 104.839 585.037 502.146 462.812 301.677 161.135 153.182 242.151 192.958 1223.45 764.531 458.923 620.482 66.3019 38.4884 27.8135 39.3338 16.7938 22.54 33.1648 59.5257 82.8917 27.8019
internal_count=8577 6589 6476 524 319 5952 2349 288 1988 1650 1535 1004 531 509 771 568 3603 2292 1311 1781 205 123 82 115 53 62 113 233 338 108
is_linear=0
shrinkage=0.03


Tree=74
num_leaves=31
num_cat=0
split_feature=119 48 17 23 92 116 12 48 36 19 117 43 83 60 40 23 21 72 91 69 47 66 35 96 119 88 19 72 36 68
split_gain=78.9247 25.4288 12.3347 9.11912 8.66662 7.98539 7.52492 7.44262 7.40378 6.80115 5.79323 7.04457 6.6226 5.65969 5.53996 5.28908 5.11789 4.90877 4.81614 4.67242 8.06136 6.37744 5.73783 5.1407 10.9899 4.84365 4.63339 4.52776 4.30561 4.29469
threshold=0.086126373626373667 -95.317053924325919 -0.066666666666666666 0.41987179487179493 0.63297101449275373 -0.076619433198380368 0.07417582417582419 92.887083652277411 -1.4999999999999998 0.5634920634920636 0.90384615384615397 1.0000000180025095e-35 0.16161616161616169 3.2006928710996037 1.0000000180025095e-35 0.39523809523809533 0.51666666666666672 1.4772727272727275 0.64770662723490247 1.1742424242424245 1467.0437688478528 1.2928571428571431 1.037698412698413 -0.36507936507936506 0.80079365079365117 1.2182539682539686 0.45804195804195807 0.41428571428571431 1.5000000000000002 0.88194444444444453
decision_type=2 2 2 2 2 2 2 2 2 2 2 2 2 2 2 2 2 2 2 2 2 2 2 2 2 2 2 2 2 2
left_child=1 10 7 4 8 17 -6 19 26 -10 11 12 14 -8 -1 -14 27 28 -12 20 21 -2 -22 24 -21 -25 -3 -7 -4 -29
right_child=2 3 5 -5 6 16 13 -9 9 -11 18 -13 15 -15 -16 -17 -18 -19 -20 23 22 -23 -24 25 -26 -27 -28 29 -30 -31
leaf_value=0.0090497466048833162 -0.0048827330454579701 -0.016073830044492868 0.014995327839330486 0.012896658033835657 -0.0079761883309767984 0.017962028877916095 0.0087148750247986791 -0.01395977454453644 -5.9508138234704875e-06 -0.00906837065126871 0.010834528358343497 -0.0030997180013570859 0.011107146238409899 0.027852334555620108 -0.0048046202873374324 0.02790544892722531 0.018345370355324912 -0.012136366817059244 0.025179064799293067 0.028792875043048512 -0.0087932459107551899 0.027124335847332554 0.0088458848949601598 -0.016453229189837514 -0.008193739456824195 -0.0072710387912464048 0.0067355341560368185 -0.010674128325884562 -0.01040023051526018 -0.0033112027057713551
leaf_weight=62.920209676027298 8.8462919294834155 7.3858219087123862 41.295332044363022 60.940004274249077 18.734588205814362 6.6560900509357444 77.510538712143898 211.41630707681179 853.64177997410297 80.730951607227325 58.680432856082916 43.519705474376678 193.72473305463791 16.823158413171768 42.629241138696671 18.478864997625351 7.741278111934661 8.4817610085010511 36.04244738817215 8.6995889544486982 89.167696759104729 12.593536153435705 19.329716116189957 87.225809350609779 27.333879545331001 137.40999688208103 178.83546644449234 98.401508525013924 6.1339063048362723 265.64848138391972
leaf_count=158 29 20 127 163 49 22 211 916 2471 238 146 114 492 45 107 45 22 27 89 31 319 41 66 320 110 475 498 333 20 873
internal_value=-7.20308e-05 0.00381071 -0.00663078 0.00165891 0.00109136 -0.00275889 0.00897023 -0.00941016 0.000286417 -0.00080102 0.00989626 0.00810782 0.00965714 0.0124156 0.00343352 0.0127081 -0.00433017 0.00771317 0.01653 -0.00691066 -0.00221017 0.0141551 -0.0055712 -0.00922487 0.00119132 -0.0109069 0.00573383 -0.00485984 0.0115021 -0.00533338
internal_weight=2786.98 1750.6 1036.38 1294.6 1233.66 434.358 113.068 602.023 1120.59 934.373 455.996 361.273 317.753 94.3337 105.549 212.204 378.447 55.911 94.7229 390.607 129.937 21.4398 108.497 260.669 36.0335 224.636 186.221 370.706 47.4292 364.05
internal_count=8577 4846 3731 3695 3532 1424 305 2307 3227 2709 1151 916 802 256 265 537 1250 174 235 1391 455 70 385 936 141 795 518 1228 147 1206
is_linear=0
shrinkage=0.03


Tree=75
num_leaves=31
num_cat=0
split_feature=119 49 121 116 46 121 26 47 51 97 85 90 32 63 32 24 90 47 96 85 84 68 29 21 93 47 79 83 90 34
split_gain=72.1401 22.3854 12.5105 8.8145 8.05904 7.29495 6.24935 6.73318 6.39183 6.34573 7.56884 6.49721 5.98914 5.17255 5.50822 5.42317 5.10845 5.8988 4.98957 4.40672 5.85548 4.55561 4.23812 4.15395 4.91383 5.27981 4.11178 3.87913 5.94199 4.95054
threshold=0.23809523809523814 0.45852885168354635 1.4136904761904765 -0.69999999999999973 1509.4445756156063 0.67261904761904778 1.5000000000000004 1479.8693481433509 0.22500000000000003 0.22404792182584818 -0.62563131313131293 -0.5805555555555556 -1.696428571428571 1.6583333333333334 0.80654761904761918 0.83333333333333337 0.84250000000000025 1519.5957960362473 -0.10363289025878122 0.34532828282828293 -0.65277777777777768 1.1180555555555558 0.75595238095238093 0.51666666666666672 -0.30867603464310617 1489.9958590364731 0.5590277777777779 0.74873737373737392 0.033585858585858504 1.8964285714285716
decision_type=2 2 2 2 2 2 2 2 2 2 2 2 2 2 2 2 2 2 2 2 2 2 2 2 2 2 2 2 2 2
left_child=1 3 16 -1 18 23 9 -8 -9 10 -7 -11 -5 15 -15 -6 26 -18 22 21 -21 -14 -4 24 -3 -26 27 29 -29 -2
right_child=2 5 4 12 13 6 7 8 -10 11 -12 -13 19 14 -16 -17 17 -19 -20 20 -22 -23 -24 -25 25 -27 -28 28 -30 -31
leaf_value=-0.011134840814486832 0.0029708330021370952 -0.0079859809492889532 -0.0019202103226428355 -0.019299236086927754 0.022573223792949199 -0.0077302038126376878 -0.0018683654327588345 0.032076864302265445 0.0046168345150091623 0.035086557399488641 0.0031201567712787225 0.005865986414889124 -0.00062570388836052525 -0.015953704529758556 0.010208005289659686 0.011699523138009623 0.019403710487857478 0.0020954266179295184 -0.0073754593806119456 -0.011029193030594723 0.01125847561987005 -0.0068434128474469365 0.03052036252947311 -0.011350640790005752 -0.0035567987846623962 0.0034806445204477259 0.023197333278958298 -0.012555415275752354 0.0029700783226781894 0.017287794012278895
leaf_weight=311.31861351430416 465.01863870024681 90.456234246492386 6.9401163160800916 23.948511764407158 52.951337188482285 84.672416731715202 17.755768090486526 18.143727838993076 13.798394471406935 7.8026129454374304 177.05602729320526 35.476843252778053 151.69469085335732 10.508849263191225 18.514171034097672 226.12949681282043 37.688498347997665 33.986402601003647 31.799289256334305 14.316697299480436 33.367692410945892 361.98432131111622 6.0125139951705933 43.507158249616623 202.74329440295696 180.24693138897419 7.9111850559711447 35.131707742810249 56.232965439558029 21.989374324679375
leaf_count=1070 1366 264 20 76 174 242 51 63 42 28 531 107 487 27 57 696 120 98 86 44 113 1141 21 131 608 560 26 94 164 70
internal_value=-7.12245e-05 -0.00372613 0.00631695 -0.00705157 0.0108734 -0.000297822 0.00300662 0.0127688 0.020806 0.00136965 -0.000394714 0.0118752 -0.00485933 0.0125969 0.000419411 0.0138466 0.00385603 0.0113796 -0.000942737 -0.00420475 0.00441614 -0.00501787 0.0140316 -0.00257237 -0.00173715 -0.000236511 0.00291333 0.00259114 -0.00303863 0.00365752
internal_weight=2779.1 1768.29 1010.81 896.631 352.856 871.659 354.706 49.6979 31.9421 305.008 261.728 43.2795 585.312 308.104 29.023 279.081 657.959 71.6749 44.7519 561.363 47.6844 513.679 12.9526 516.954 473.446 382.99 586.284 578.373 91.3647 487.008
internal_count=8577 5558 3019 2931 1081 2627 1064 156 105 908 773 135 1861 954 84 870 1938 218 127 1785 157 1628 41 1563 1432 1168 1720 1694 258 1436
is_linear=0
shrinkage=0.03


Tree=76
num_leaves=29
num_cat=0
split_feature=48 116 47 8 57 74 19 57 90 42 41 85 7 74 25 25 74 68 57 33 13 96 32 57 90 64 68 8
split_gain=8.08917 8.01969 6.8041 10.2728 7.51726 8.94977 6.82308 7.19182 6.56252 6.26527 5.67708 5.63453 4.864 4.86332 4.15855 3.87317 3.77951 3.7676 3.14199 2.97061 3.66615 4.58531 7.15915 3.67917 1.77484 1.44863 1.3873 0.612356
threshold=147.00991569821954 -1.5916666666666663 1461.383080896285 -0.63484848484848477 0.43320955163006042 3.1464285714285718 0.64583333333333337 0.39028324154209287 0.5311868686868686 1.5000000000000002 1.5000000000000002 -1.9857142857142853 1.6547619047619049 2.3416666666666672 2.1666666666666674 1.1666666666666667 2.7669683257918556 1.3166666666666669 0.43367727120654526 0.28869047619047628 0.39230769230769241 -0.19851346528673783 1.1291666666666669 0.42804083181018732 1.0755434782608699 2.7071428571428577 0.6515151515151516 -0.40256410256410263
decision_type=2 2 2 2 2 2 2 2 2 2 2 2 2 2 2 2 2 2 2 2 2 2 2 2 2 2 2 2
left_child=1 14 3 9 5 -5 7 16 -6 15 12 -9 -8 -2 18 -3 -4 -16 -1 26 21 23 -23 -21 -22 -20 -15 -28
right_child=13 2 6 4 8 -7 10 11 -10 -11 -12 -13 -14 19 17 -17 -18 -19 25 20 24 22 -24 -25 -26 -27 27 -29
leaf_value=-0.0014008010769743888 0.010222943315012813 -0.0037801667663905033 -0.0053667792663587384 0.003481169115935147 0.0075851648809372174 -0.018525360833922862 0.011285778559741848 0.012954254602984071 0.028606936302897543 0.020246329543288026 0.028374258023318544 -0.00023855319527675296 -0.004421724942227828 -0.002866541935335309 0.016597705664888922 -0.019286174792783963 -0.022820611560369391 -0.012385849987814154 -0.024150056088618595 0.0090553428716313254 -0.024489009611578551 -0.0088442287066202944 0.032087812459103693 -0.010906983173827772 -0.0024336216824111432 -0.0055489955215676607 -0.024675880790327662 -0.0087805374672020268
leaf_weight=10.706265345215796 11.647843763232229 69.757943645119667 35.72716623544693 88.450366526842117 265.66770738363266 19.42113222181797 44.515725359320641 28.561295703053474 13.390439972281454 7.1962955594062796 10.219674333930014 2014.9961863905191 28.03177148103714 5.1321293413639095 7.4461019486188871 17.850088626146317 16.362161442637444 6.6924285590648651 23.011797562241558 9.3064696788787824 11.878437444567682 6.8989429622888547 6.6417486816644669 42.419236719608307 5.1546255946159354 5.8433980345726004 15.81815999746323 5.0131260156631443
leaf_count=35 36 231 109 253 742 68 128 81 35 20 28 6009 89 21 21 63 56 23 81 32 54 27 20 179 22 19 74 21
internal_value=0.000144656 0.000483784 0.000718393 0.00394087 0.00611056 -0.000587087 2.91836e-06 -0.000331148 0.00870314 -0.00485446 0.00840019 -4.6454e-05 0.00519814 -0.00744629 -0.0108839 -0.00715537 -0.0112324 0.00276834 -0.0157849 -0.00945092 -0.00646169 -0.00304675 0.0118527 -0.00715485 -0.0184859 -0.0207957 -0.0182239 -0.0215654
internal_weight=2833.76 2713.85 2660.15 481.734 386.93 107.871 2178.41 2095.65 279.058 94.8043 82.7672 2043.56 72.5475 119.911 53.7 87.608 52.0893 14.1385 39.5615 108.263 82.2995 65.2664 13.5407 51.7257 17.0331 28.8552 25.9634 20.8313
internal_count=8577 8091 7912 1412 1098 321 6500 6255 777 314 245 6090 217 486 179 294 165 44 135 450 334 258 47 211 76 100 116 95
is_linear=0
shrinkage=0.03


Tree=77
num_leaves=31
num_cat=0
split_feature=119 48 17 118 96 116 61 48 19 57 68 85 24 121 57 117 43 9 53 93 72 89 66 21 14 117 8 96 55 55
split_gain=74.5809 24.0321 11.8407 9.50847 8.10767 7.62863 7.53416 7.22246 5.86327 7.39533 6.59803 5.71223 8.09188 5.87636 5.85112 5.51442 6.73909 5.79261 11.4933 7.15074 5.49104 5.68248 5.18607 4.90511 4.82023 6.89129 4.75797 6.18558 4.70715 4.68842
threshold=0.086126373626373667 -95.317053924325919 -0.066666666666666666 -0.11249999999999995 0.42561662355358282 -0.076619433198380368 6.4575539694584778 92.887083652277411 0.55050505050505061 0.50539575327044772 0.91287878787878796 -0.95535714285714268 2.1666666666666674 0.40000000000000013 0.44105247275180176 0.90384615384615397 1.0000000180025095e-35 0.24038461538461542 1.9000000000000001 -0.61929365079365073 1.9545454545454548 1.1464285714285716 1.4494949494949496 0.51666666666666672 -0.035805860805860783 0.79807692307692324 -0.33589743589743576 -0.17590732119744476 0.29166666666666669 1.0000000180025095e-35
decision_type=2 2 2 2 2 2 2 2 2 2 2 2 2 2 2 2 2 2 2 2 2 2 2 2 2 2 2 2 2 2
left_child=1 15 7 6 8 26 28 11 9 -5 -10 12 14 22 -2 16 17 19 -19 -1 21 -8 -13 -7 25 -6 -4 29 -3 -28
right_child=2 3 5 4 24 23 20 -9 10 -11 -12 13 -14 -15 -16 -17 -18 18 -20 -21 -22 -23 -24 -25 -26 -27 27 -29 -30 -31
leaf_value=-0.0058636691648445202 0.0090353078433288089 0.0092785349555364952 -0.0040430974832222537 -0.00019677164233587448 0.015545478626449706 -0.0047419691465871638 -0.0051345173096648917 -0.013719672251608162 -0.021471484433648307 0.020347508946793585 -0.0025966396337459481 0.011027792245594007 0.024036647089500308 -0.010454730378035813 -0.0094123504299333857 0.016080479191618736 -0.0030986544517350566 -0.0082132119644188449 0.0097262949400052489 0.017552148815623794 -0.015950531622971914 0.022358156899110564 -0.0074412559551826152 0.01791429030285583 0.016574758924274305 -0.013013046359564987 0.027623966159580571 -0.0081684089650127176 -0.010881568682170766 0
leaf_weight=12.593917846679686 21.995713010430336 238.39523263275623 19.8079664260149 833.92241509258747 13.434031412005426 369.6439942419529 19.323103249073032 209.13683068752289 23.010036677122116 15.070378735661505 57.154657229781151 22.817275956273079 10.281852334737776 256.46452865004539 46.063934773206711 94.68880107998848 43.513196378946304 38.7481330037117 167.11691850423813 99.604986727237701 20.274549931287766 9.1195941567420942 31.123056456446648 7.7892752289772025 40.463387683033943 15.057908117771147 20.444661080837253 8.1141103655099851 9.952507406473158 7.6804051399230948
leaf_count=32 78 628 66 2435 37 1228 53 916 73 45 169 74 36 935 162 235 114 99 422 249 54 24 106 22 112 39 60 23 26 25
internal_value=-7.50958e-05 0.00369202 -0.00647264 0.00160044 0.000193004 -0.00267899 0.00630273 -0.00920905 -0.000544891 0.000187888 -0.00824913 -0.00674576 0.000453344 -0.00856797 -0.00336244 0.00960625 0.00786284 0.00937686 0.00631182 0.0148687 -0.00437342 0.00403856 0.000375245 -0.00422037 0.0100445 0.000421187 0.0075404 0.0138909 0.00841819 0.02042
internal_weight=2782.81 1751.44 1031.36 1295.18 998.113 433.48 297.065 597.883 929.157 848.993 80.1647 388.746 78.3415 310.405 68.0596 456.266 361.577 318.064 205.865 112.199 48.7172 28.4427 53.9403 377.433 68.9553 28.4919 56.0471 36.2392 248.348 28.1251
internal_count=8577 4846 3731 3695 2910 1424 785 2307 2722 2480 242 1391 276 1115 240 1151 916 802 521 281 131 77 180 1250 188 76 174 108 654 85
is_linear=0
shrinkage=0.03


Tree=78
num_leaves=31
num_cat=0
split_feature=119 48 2 96 2 17 60 92 95 30 118 55 94 64 74 92 60 60 95 14 18 87 2 75 60 60 72 69 40 94
split_gain=67.9894 21.8768 11.064 10.328 8.64672 6.32859 6.07124 5.91138 6.02423 5.64185 5.39054 5.1152 5.08312 6.22038 5.42765 6.71412 5.02029 4.93008 4.89751 4.59727 4.57053 4.40817 4.34724 7.46395 4.32621 6.42662 4.12144 4.11058 4.00169 3.94695
threshold=0.23809523809523814 -28.661921005916835 0.90416666666666679 -0.026086956521738949 -1.3315018315018312 -0.30839160839160834 2.5980284184158249 1.0000000180025095e-35 -0.15256374633979525 1.5357142857142858 -1.9999999999999996 0.22500000000000003 0.024950834052547659 1.8973684210526318 2.897368421052632 0.12275252525252535 2.5594291694094218 3.0377492877492882 -0.24685814182066451 -0.11785714285714284 0.43650793650793657 1.297058823529412 0.33333333333333326 2.9750000000000005 2.7328324790936072 2.647517165509655 1.0954545454545457 0.72077922077922085 1.0000000180025095e-35 0.59789759432934664
decision_type=2 2 2 2 2 2 2 2 2 2 2 2 2 2 2 2 2 2 2 2 2 2 2 2 2 2 2 2 2 2
left_child=1 4 12 6 10 7 9 -3 -9 -4 -1 -11 13 14 15 -2 -6 24 -7 -5 28 29 26 -24 25 -14 -20 -22 -18 -8
right_child=2 5 3 19 16 18 21 8 -10 11 -12 -13 17 -15 -16 -17 20 -19 22 -21 27 -23 23 -25 -26 -27 -28 -29 -30 -31
leaf_value=0.003257753938004039 -0.00016443287713608881 0.02076031453891999 0.020395280507941274 0.010883555154618115 -0.00058255406670331712 -0.0056730659277952483 0.015194943635666867 0.016063705896842959 -0.014498754442768207 -0.0077766523401025349 -0.016244581954421505 0.018937613141824676 0.0081804696616751393 0.026722108039036647 -0.013158516135995429 0.026480509617661921 -0.0047002535168319095 0.0011269641438573673 -0.007405569647677978 -0.0054836713147927872 -0.012458151593941874 0.0094773026092073078 0 0.014848927639826474 0.013677288236700912 -0.0039975297096829761 0.00011517572265646683 -0.0061489587005234938 0.016866826585210284 0.027032946090643831
leaf_weight=13.716947615146635 181.11695025861263 23.292940452694893 12.508527934551237 22.52539050579071 142.36320503056049 152.67654390633106 94.137593865394592 9.5196006149053591 11.929569959640501 29.771381586790085 114.60676507651806 7.1432696282863608 187.21060486137867 6.6934984028339377 26.614517271518707 7.9205060750246039 17.299045056104664 145.81474819779396 75.301723003387451 43.946042895317078 118.32129679620266 73.937679469585419 89.404832884669304 45.233952194452286 83.761870488524437 48.174446940422058 461.43315713107586 475.8781732916832 12.37742994725704 40.075897127389908
leaf_count=53 524 76 40 69 460 453 296 31 32 80 398 23 563 23 71 27 57 422 219 121 377 227 262 142 260 133 1405 1546 47 140
internal_value=-7.43113e-05 -0.00363125 0.00612193 0.0106915 -0.00692163 -0.000235758 0.0134029 0.0106215 -0.000689508 0.00377656 -0.0141276 -0.00216497 0.00395076 0.000203693 -0.000725092 0.00106965 -0.00569408 0.00573189 -0.000841053 9.73828e-05 -0.00685288 0.0156452 0.000260133 0.00506273 0.00781637 0.00566903 -0.000946185 -0.00742915 0.00445373 0.0189257
internal_weight=2774.71 1763.36 1011.35 324.046 894.563 868.792 257.574 44.7421 21.4492 49.4232 128.324 36.9147 687.307 222.345 215.652 189.037 766.239 464.962 824.05 66.4714 623.876 208.151 671.374 134.639 319.147 235.385 536.735 594.199 29.6765 134.213
internal_count=8577 5558 3019 996 2938 2620 806 139 63 143 451 103 2023 645 622 551 2487 1378 2481 190 2027 663 2028 404 956 696 1624 1923 104 436
is_linear=0
shrinkage=0.03


Tree=79
num_leaves=31
num_cat=0
split_feature=59 121 116 47 88 62 18 83 74 38 69 48 63 66 72 58 56 1 69 116 48 92 82 82 8 62 46 59 59 39
split_gain=7.98018 6.65327 6.32279 6.33404 7.87368 8.99358 9.30451 6.68384 5.91051 5.78251 6.4759 5.69336 7.42518 7.64252 6.45666 8.06298 6.06028 6.59399 6.60356 5.19694 5.01352 4.90937 10.0834 7.11395 4.87516 4.85479 4.78746 4.69039 7.61345 4.33953
threshold=0.32468653971244649 -1.4910714285714282 1.3535714285714289 1462.0313396283952 1.2817460317460319 1.531372549019608 0.43650793650793657 0.59999999999999998 2.6754385964912282 3.5000000000000004 0.58571428571428574 38.608383680046025 1.1622807017543864 1.2111111111111115 1.3875000000000002 0.26135474462939257 0.58333333333333337 1.1180555555555558 2.0954545454545461 0.30000000000000021 147.00991569821954 -0.1934973721930244 -0.6717171717171716 -0.25988455988455977 -0.59999999999999998 2.1464285714285718 1585.6176778316019 0.3284141387952641 0.33495938828605881 1.0000000180025095e-35
decision_type=2 2 2 2 2 2 2 2 2 2 2 2 2 2 2 2 2 2 2 2 2 2 2 2 2 2 2 2 2 2
left_child=2 -2 3 4 8 6 -6 9 -1 10 -5 12 13 29 26 -16 17 -13 -19 -15 -11 22 -9 -23 -7 -10 -14 -18 -29 -3
right_child=1 11 -4 7 5 24 -8 21 25 20 -12 16 14 19 15 -17 27 18 -20 -21 -22 23 -24 -25 -26 -27 -28 28 -30 -31
leaf_value=0.0022470759386013267 -0.01686945020931168 0.0026275233591102109 -0.010585674362094051 0.0076823505928236002 0.029007168609203049 0.0033251976509900438 0.0031309810798031972 0.02215744540078492 -0.018845504226959558 0.019010065907733981 0.00053600765665323419 -0.01584987968922754 0.0012447897982535679 0.025782552237930013 -0.0038706756034278139 -0.026999397536189421 -0.015354268321454582 -0.005725326708739915 0.024814653698115394 0.0068452512582028854 -0.010267168688169053 -0.010337070282463705 -0.0083520297323515496 0.0013687304666096488 0.023510067239739363 0.0057015761508803957 0.023389500984052045 0.029857832806937535 -0.0020825689373071628 -0.017552861351692903
leaf_weight=124.40273521840572 27.262942492961884 45.913568720221519 39.976951479911804 129.02657648921013 12.416411608457564 15.447729244828222 201.53856375813484 9.3873059898614866 23.793853476643562 28.001315504312515 945.84090502560139 69.115613162517548 134.61787301301956 20.419071555137634 234.92615804076195 13.516630992293356 7.0421497523784629 72.882288664579391 5.9620057940483084 37.772135615348816 5.6170353144407263 53.704648599028587 158.68922743201256 318.67637179791927 41.163202911615372 9.4699660837650281 8.4499938040971738 10.110842734575273 16.286275088787079 11.028442099690436
leaf_count=379 92 131 159 369 30 52 571 27 98 80 2798 261 401 50 714 44 26 247 17 115 24 162 511 929 107 39 24 29 58 33
internal_value=0.000151205 -0.00258492 0.00107784 0.00130874 0.00455581 0.00765291 0.00477457 0.000461406 -0.00075484 0.00179615 0.00140298 -0.00199089 -0.000347707 0.00630979 -0.00232424 -0.00524422 -0.00653676 -0.00914048 -0.00309653 0.0138643 0.0138764 -0.00226889 -0.00650932 -0.000334605 0.0182075 -0.0118071 0.00272681 0.00482776 0.0106853 -0.00146469
internal_weight=2832.46 715.306 2117.15 2077.18 428.232 270.566 213.955 1648.94 157.667 1108.49 1074.87 688.043 506.644 115.133 391.511 248.443 181.399 147.96 78.8443 58.1912 33.6184 540.458 168.077 372.381 56.6109 33.2638 143.068 33.4393 26.3971 56.942
internal_count=8577 2242 6335 6176 1276 760 601 4900 516 3271 3167 2150 1512 329 1183 758 638 525 264 165 104 1629 538 1091 159 137 425 113 87 164
is_linear=0
shrinkage=0.03


Tree=80
num_leaves=31
num_cat=0
split_feature=119 2 48 48 29 71 30 61 66 61 34 90 58 29 62 9 34 21 20 28 73 27 26 28 23 14 59 75 77 93
split_gain=70.4205 17.8207 15.5138 8.56869 6.79649 6.7375 7.24197 6.19791 7.54546 6.11589 6.67692 5.89577 5.86574 6.44859 6.94278 5.8352 5.76241 5.75445 5.65639 5.56766 6.04606 5.80473 5.48012 6.07429 5.34102 5.08032 5.03186 4.77163 5.67499 4.90645
threshold=-0.071428571428571327 -0.99393939393939368 82.754806232010665 -84.55084177340153 0.36607142857142866 1.4365079365079367 0.53571428571428581 6.8281706530722692 1.2111111111111115 6.8421493793580082 -0.5345238095238094 -0.27763888888888894 0.26557821315918079 0.66369047619047639 0.97500000000000009 0.095454545454545472 2.5089285714285716 0.13809523809523813 -0.038278388278388274 2.6125000000000003 1.4494949494949496 2.1339285714285716 -1.8333333333333333 2.2361111111111116 -0.066666666666666666 0.20856227106227107 0.30005727376861402 3.8284313725490202 0.60769230769230786 -0.44787137681159395
decision_type=2 2 2 2 2 2 2 2 2 2 2 2 2 2 2 2 2 2 2 2 2 2 2 2 2 2 2 2 2 2
left_child=1 5 4 7 11 6 22 8 -3 25 -11 15 16 14 -14 -2 -5 -10 -15 21 -21 -13 -1 -24 -4 -6 -17 28 29 -7
right_child=2 3 24 12 9 27 -8 -9 17 10 -12 19 13 18 -16 26 -18 -19 -20 20 -22 -23 23 -25 -26 -27 -28 -29 -30 -31
leaf_value=0.024292599576605838 -0.013739416625144468 0.013534472861212425 -0.013891339049216673 3.8211203873474849e-05 -0.0062005147679792642 0.0075408546138820039 -0.004286353703712528 -0.0071383809685168663 0.013677073787988875 0.029602795724411084 -0.0017950569588436871 -0.0025461589347941403 -0.0044385047006251527 -0.0037591105457427526 0.0074663878920272521 -0.0022463211726524764 -0.012470911771328272 -0.00042196662629759865 0.025157748432216114 -0.0024274953533208422 0.019946781307184049 -0.014698210670150764 0.014607427347748381 -0.0052320933873812817 -0.0054073388109323571 -0.017895010680739561 0.013056319540785748 0.021270181748045552 -0.006964856936520593 0.017156978870200082
leaf_weight=17.79196061193943 11.573086321353911 125.96912622451782 202.06083935499191 549.51081247627735 329.59954206645489 109.92451283335686 52.390904456377029 24.785967767238617 34.141937911510468 7.2593382000923183 22.313753306865692 429.29361119866371 70.287514209747314 7.6896501779556301 114.11925522983074 27.831688567996025 34.239040210843086 99.072042018175125 22.310014024376869 23.33285203576088 18.727592587471008 37.820151850581169 28.148318439722061 25.491934359073639 104.40378618240356 37.097914844751358 58.408307373523712 48.187382072210312 14.516602471470831 90.244600623846054
leaf_count=46 36 323 886 1574 1170 271 141 68 85 22 71 1356 198 21 316 83 97 257 63 71 61 128 73 65 407 126 173 123 37 229
internal_value=-7.88504e-05 0.00442855 -0.0051356 0.00244501 -0.00332047 0.0099509 0.00410042 0.00691234 0.00828982 -0.00637349 0.00653025 -0.00131517 0.000845204 0.0050782 0.00291314 0.00538534 -0.000710436 0.00324416 0.0177667 -0.00261626 0.00769695 -0.00356576 0.0102672 0.00520081 -0.0110378 -0.00743723 0.00811427 0.0126694 0.0106353 0.0119549
internal_weight=2778.54 1468.82 1309.72 1082.13 1003.26 386.696 123.823 283.969 259.183 396.271 29.5731 606.987 798.156 214.406 184.407 97.8131 583.75 133.214 29.9997 509.174 42.0604 467.114 71.4322 53.6403 306.465 366.697 86.24 262.873 214.686 200.169
internal_count=8577 3987 4590 3002 3297 985 325 733 665 1389 93 1908 2269 598 514 292 1671 342 84 1616 132 1484 184 138 1293 1296 256 660 537 500
is_linear=0
shrinkage=0.03


Tree=81
num_leaves=31
num_cat=0
split_feature=119 118 5 17 116 68 6 61 97 61 3 94 59 25 92 47 8 81 38 85 68 47 12 82 60 10 47 34 71 75
split_gain=64.0681 20.9143 11.0869 7.22902 7.24398 6.60384 6.49812 6.02102 5.9576 5.77267 5.57526 5.85908 5.43821 5.29602 5.17268 5.04757 4.96717 5.1502 4.63581 7.25736 6.93785 6.50186 6.2725 5.21739 5.02699 4.67118 5.95787 4.59657 4.59324 4.52069
threshold=0.23081418873353424 -0.062499999999999979 0.66666666666666696 -0.30839160839160834 -0.74166666666666647 0.36931818181818188 1.7416666666666669 3.4811217321331038 0.02302139910752336 6.8829500287054701 2.0333333333333337 0.72654170816529817 0.34195219789403314 2.1666666666666674 -0.057124060150375848 1459.0223432577839 -0.47499999999999998 7.5000000000000009 1.0000000180025095e-35 0.050505050505050449 1.3875000000000002 1438.8549353835431 1.0000000180025095e-35 -0.12121212121212126 2.554097225562455 0.39230769230769241 1505.17367242155 -0.13809523809523808 0.73863636363636376 3.2899159663865549
decision_type=2 2 2 2 2 2 2 2 2 2 2 2 2 2 2 2 2 2 2 2 2 2 2 2 2 2 2 2 2 2
left_child=1 9 18 8 5 -5 7 -4 -3 13 29 -12 27 -1 -10 -16 -8 -18 25 21 22 23 -21 -20 -23 26 -2 -9 -19 -6
right_child=2 3 6 4 10 -7 16 12 14 -11 11 -13 -14 -15 15 -17 17 28 19 20 -22 24 -24 -25 -26 -27 -28 -29 -30 -31
leaf_value=-0.0070285359092215147 0.0022805598264084453 0.02244734512768511 -0.0080789714914944362 0.015573809011448145 -0.0022976757606170124 -0.011912739699294494 -0.020239264112444155 0.0042308222713328004 0.020333799567564086 0.0050757404852294821 0.011061538732192651 -0.012229193092136751 0.026161927106703519 -0.013705461692806339 0.0098355440076747687 -0.02006020891577549 0.025158602739687966 -0.017312915636431513 -0.0033681570897223932 -0.0082187318466384 -0.0033730970035936829 0.010857334766086147 0.02120932533670182 0.023295441283981234 -0.0013457094980616736 -0.0038412343410202409 0.021645387421778933 0.013181243078786192 0.0073144924414313426 0.0042192978737244542
leaf_weight=417.40759654343128 228.60574178397655 19.518398150801659 12.817970544099806 7.680742695927619 836.46770583093166 88.21270726621151 8.4727386534214002 70.218330949544907 7.5417570024728802 27.425285577774048 57.673697277903557 10.674694687128065 23.310764253139496 147.92483340203762 7.8606879264116314 10.988844275474547 7.1518417596817008 9.9079325795173663 8.6547659635543841 6.6273250579833975 16.318389520049095 37.146259814500809 59.097806334495544 22.19679182767868 147.36841680109501 112.50704669952393 14.3498298227787 222.16011726856232 17.077100098133087 106.96426895260811
leaf_count=1388 666 65 35 27 2550 281 21 207 25 94 182 29 79 493 25 28 24 25 24 18 46 114 191 74 420 319 47 694 51 335
internal_value=-7.75656e-05 -0.00357154 0.0058759 -0.00121265 -0.00170205 -0.00954219 0.0100156 0.011442 0.010316 -0.00814743 -0.000947339 0.00725683 0.0122671 -0.00880203 0.000742475 -0.00757444 -0.00092309 0.00422535 0.00350645 0.00626621 0.0138184 0.00332476 0.0181183 0.0158504 0.0011401 0.00117789 0.00352065 0.0110637 -0.00191614 -0.00155193
internal_weight=2770.33 1746.34 1023.99 1153.58 1107.67 95.8934 371.117 328.507 45.9097 592.758 1011.78 68.3484 315.689 565.332 26.3913 18.8495 42.6096 34.1369 652.872 297.41 82.0435 215.366 65.7251 30.8516 184.515 355.463 242.956 292.378 26.985 943.432
internal_count=8577 5522 3055 3547 3404 308 1136 1015 143 1975 3096 211 980 1881 78 53 121 100 1919 887 255 632 209 98 534 1032 713 901 76 2885
is_linear=0
shrinkage=0.03


Tree=82
num_leaves=31
num_cat=0
split_feature=59 5 25 121 95 83 14 121 30 93 14 67 84 17 48 63 66 56 22 74 118 61 37 1 85 62 70 95 59 59
split_gain=7.65428 9.35677 6.69885 6.40895 5.82051 7.34552 6.86314 7.94568 7.66714 6.7743 6.06285 5.67068 5.61084 6.65844 5.43458 7.0818 7.31505 5.84798 6.48668 5.94707 5.54212 6.08347 5.23173 5.19786 4.94469 7.52235 7.17302 4.67874 4.51947 7.25597
threshold=0.32468653971244649 0.75568181818181845 1.5000000000000002 -1.4910714285714282 -0.19461723433319408 0.58658008658008687 0.16538461538461544 0.91250000000000009 1.0625000000000002 -0.44155092592592587 -1.0000000180025095e-35 1.6306818181818186 -0.61616161616161591 -0.094318181818181815 38.608383680046025 1.1622807017543864 1.2111111111111115 0.58333333333333337 0.36931818181818188 2.5477272727272733 0.033410622071748608 6.4899642329139136 2.5000000000000004 0.73030303030303034 -0.51313131313131288 2.2928571428571431 1.7638888888888891 -0.50298413206674486 0.3284141387952641 0.33495938828605881
decision_type=2 2 2 2 2 2 2 2 2 2 2 2 2 2 2 2 2 2 2 2 2 2 2 2 2 2 2 2 2 2
left_child=1 4 12 -2 6 24 9 8 -8 -1 -11 -4 -3 23 15 16 -5 18 19 -16 21 -17 -22 -14 26 -26 -6 -18 -19 -30
right_child=3 2 11 14 5 -7 7 -9 -10 10 -12 -13 13 -15 17 20 27 28 -20 -21 22 -23 -24 -25 25 -27 -28 -29 29 -31
leaf_value=-0.012457435163271876 -0.016615162273753422 -0.016333465157098204 0.016180802380981352 -0.0014603357409276264 0.0065417137577246896 -0.0020071706325884204 0.012238848613653 0.026638222866060095 -0.015084688763139479 0.0080320557930430841 9.6066067080550599e-05 -0.0085118619486116882 0.00095972798391303965 0.007888599105816383 -0.022228289886965825 -0.006672583116048748 -0.0075765943046607999 -0.015133944056317471 -0.018784382081245131 -0.0018779054436133462 0.0058200846192013531 0.0042774009828298867 -0.01455198943109497 -0.01174410001335938 0.00022776317685597867 0.020416087431777037 -0.011960608324628539 0.016757539885401344 0.029078746465745157 -0.0020279776996592011
leaf_weight=22.628276079893112 26.990966215729713 42.166315019130707 22.335814252495766 56.923555284738541 306.63763152062893 519.87102855741978 37.672598153352737 24.756307512521744 11.142069444060324 175.61673866212368 171.63509303331375 12.09209483861923 44.442453056573868 32.341807410120964 14.211760908365248 226.70794774591923 7.4660006314516059 6.9904776662588111 42.264420196413994 90.806422218680382 96.51740163564682 56.028475657105446 11.811916112899778 79.44557897746563 578.98828540742397 16.115106448531151 19.078752368688583 50.958159044384956 10.207988396286966 16.260075986385345
leaf_count=68 92 154 71 164 874 1548 101 65 34 509 497 42 150 100 50 700 24 26 162 313 284 162 37 308 1703 46 65 141 29 58
internal_value=0.000157379 0.00106443 -0.00459332 -0.00252495 0.00176722 0.000838161 0.00477012 0.0130916 0.00576434 0.00307601 0.00412971 0.00742788 -0.00672121 -0.00402041 -0.0019438 -0.000339735 0.00615362 -0.00639507 -0.00896417 -0.00484384 -0.00227346 -0.00448468 0.00345855 -0.00719163 0.00244825 0.000812818 0.00541547 0.0135222 0.00475887 0.0104817
internal_weight=2831.11 2116.97 232.824 714.146 1884.14 1440.69 443.451 73.571 48.8147 369.88 347.252 34.4279 198.396 156.23 687.155 506.413 115.348 180.741 147.283 105.018 391.066 282.736 108.329 123.888 920.82 595.103 325.716 58.4242 33.4585 26.4681
internal_count=8577 6335 825 2242 5510 4236 1274 200 135 1074 1006 113 712 558 2150 1512 329 638 525 363 1183 862 321 458 2688 1749 939 165 113 87
is_linear=0
shrinkage=0.03


Tree=83
num_leaves=31
num_cat=0
split_feature=119 118 17 36 60 73 51 116 37 62 118 85 121 57 35 36 57 76 6 35 74 32 30 14 65 61 66 71 70 28
split_gain=66.6147 21.0226 11.1021 8.63245 9.86509 7.58418 7.27678 7.17681 7.02825 6.61386 6.24817 6.11916 6.35642 6.30918 6.89493 5.85774 7.08747 6.96701 6.36937 5.85389 5.81401 5.75961 5.35753 5.22785 5.07271 5.02845 4.8801 5.09027 4.83134 4.73637
threshold=0.086126373626373667 -0.037500000000000006 -0.066666666666666666 1.5000000000000002 2.4678219916729236 1.3166666666666669 0.70833333333333337 -0.076619433198380368 3.5000000000000004 0.79285714285714304 0.045000000000000005 -0.95535714285714268 0.62678571428571439 0.4395714980697405 -1.0000000180025095e-35 -2.4999999999999996 0.4143305401835814 0.45227272727272733 1.8257575757575759 0.35952380952380975 2.5358974358974362 -0.21428571428571422 0.46428571428571436 -1.0000000180025095e-35 1.1464285714285716 6.7725079657475691 1.5227272727272729 2.3484848484848491 1.0416666666666667 2.3095238095238098
decision_type=2 2 2 2 2 2 2 2 2 2 2 2 2 2 2 2 2 2 2 2 2 2 2 2 2 2 2 2 2 2
left_child=1 3 11 4 5 23 20 -4 15 -5 19 13 25 14 -2 17 24 -3 -19 -10 -6 -18 -8 -1 -17 28 29 -28 -13 -11
right_child=2 8 7 9 6 -7 22 -9 10 26 -12 12 -14 -15 -16 16 21 18 -20 -21 -22 -23 -24 -25 -26 -27 27 -29 -30 -31
leaf_value=0.01840103477510999 -0.00093124755211255919 0.0229569083150577 0.0074068363405789747 0.018861457232889112 0.0012658817975923437 -0.016685045429065314 0.0054859558396942861 -0.0039969683790484056 -0.014445340522799784 -0.003463434737695008 0.025737694385206965 -0.016208672342240885 -0.012006309543630606 -0.0071326909138024024 0.027989449874038164 -0.0040322071556071837 0.0010151481769539181 -0.0065946454457625385 0.017457022954974817 0.017686797124691588 0.0086923181863577809 -0.0044562875393953164 0.015794881740048471 -0.0038644693294646922 0.010164416947712579 0.016617381715521563 -0.0053323303518547508 0.021217711790930675 -0.001356195902929585 -0.025774005522252369
leaf_weight=14.198334619402884 21.385451063513759 19.465654149651527 56.129929080605507 9.7915332317352277 133.75295040011406 23.520191386342049 64.414290994405746 375.3463776409626 9.7389508485794085 19.316165283322334 17.050910040736198 26.987103223800659 385.1133800894022 68.35269570350647 10.162387311458586 30.72140833735466 307.24298141896725 28.276535391807556 13.952818512916563 8.7087541669607145 337.45109267532825 392.69316701591015 175.23447455465794 24.177548065781593 78.276894301176071 9.023505821824072 21.096507504582409 8.1823620796203596 69.183249890804291 15.50081120431423
leaf_count=38 82 52 174 26 350 66 159 1250 26 54 47 86 1572 261 37 89 866 78 38 23 888 1187 449 66 229 29 57 20 240 38
internal_value=-8.20608e-05 0.00346539 -0.00616831 0.00686156 0.00779867 -0.00360521 0.00879953 -0.00249284 0.000284819 -0.00287243 0.0131835 -0.00884146 -0.0102198 -0.00201276 0.00886642 -0.000252183 -0.00093909 0.0085779 0.00150276 0.000698744 0.0065978 -0.00205225 0.0130708 0.00455526 0.00613551 -0.00359956 -0.00647742 0.00244404 -0.00567885 -0.0139223
internal_weight=2774.45 1752.76 1021.68 846.636 772.749 61.8961 710.853 431.476 906.128 73.8874 35.4986 590.208 490.307 99.9005 31.5478 870.629 808.934 61.695 42.2294 18.4477 471.204 699.936 239.649 38.3759 108.998 105.194 64.0958 29.2789 96.1704 34.817
internal_count=8577 4846 3731 2211 2016 170 1846 1424 2635 195 96 2307 1927 380 119 2539 2371 168 116 49 1238 2053 608 104 318 355 169 77 326 92
is_linear=0
shrinkage=0.03


Tree=84
num_leaves=31
num_cat=0
split_feature=48 119 2 116 48 119 81 116 92 2 75 64 95 75 73 23 66 12 77 23 69 75 81 60 18 83 92 23 5 35
split_gain=60.4973 23.9009 10.9319 9.18187 7.0321 6.95813 6.64033 7.70321 6.47835 6.10535 5.81407 6.12018 5.62917 6.39287 5.2342 5.00015 5.43271 8.22203 4.57421 4.18178 4.17392 3.9942 3.8171 3.90466 3.74928 5.1177 5.86042 4.32671 4.23575 3.88864
threshold=-28.661921005916835 0.9086080586080586 -0.12916666666666662 -0.59861111111111098 39.327887340054879 0.80079365079365117 2.5000000000000004 0.84807692307692328 0.03321382159101461 -1.4967948717948714 2.2899159663865549 1.1937500000000003 0.098090255296045051 2.7434210526315792 1.3875000000000002 -0.25137362637362631 3.1339285714285716 0.19090909090909094 0.5590277777777779 -0.15871212121212117 1.4772727272727275 3.3229166666666674 6.5000000000000009 2.5594291694094218 0.45804195804195807 -0.038059163059163119 0.59440972222222233 0.28452380952380957 -1.0083333333333331 1.9303571428571431
decision_type=2 2 2 2 2 2 2 2 2 2 2 2 2 2 2 2 2 2 2 2 2 2 2 2 2 2 2 2 2 2
left_child=3 2 15 24 5 8 -3 18 -4 -5 14 -12 13 -9 -6 -2 17 -17 -8 20 -11 -20 -21 -24 25 27 -27 -1 -26 -30
right_child=1 6 4 9 10 -7 7 12 -10 19 11 -13 -14 -15 -16 16 -18 -19 21 22 -22 -23 23 -25 28 26 -28 -29 29 -31
leaf_value=0.026721526029413901 0.013212192453733973 -0.0043635165790965715 0.0036557381185276629 -0.019346418061343247 0.0046875203997440449 -0.024207866148869262 0.0042349633922706001 0.011870139821466659 -0.0028303532795387015 -0.013480648202919786 0.012886467095371619 0.0045988954989319344 -0.0028325954204635518 0.024159086168471105 -0.010596402814423613 -0.011661336097838133 0.021607341925849753 -0.0014943986262490069 0.032687553864902796 0.017343682586854064 0.0064157451417253923 0.0014103085950769049 0.0027750594037384063 -0.0040396362678812667 -0.01598385761606292 -0.014356308096940827 0.015092086812461792 -0.0046160263875231746 -0.009678712996133888 0.0065534639723183463
leaf_weight=7.4844342172145826 16.246347859501839 26.777277573943138 379.91703589260578 21.123188778758049 50.624131947755814 8.7786487340927106 143.87788334488869 107.25398877263069 216.50015385448933 55.320962280035019 124.6661476790905 232.31092348694801 13.996174991130827 63.875156670808792 32.024732738733292 90.655951738357544 6.7608174532651892 333.30788630247116 9.182340204715727 7.8665894865989676 10.566115692257879 6.2208113372325888 96.192388981580734 336.92973846197128 111.88527758419514 28.288278892636299 6.710948407649993 6.7127653658390045 200.77757416665554 13.316804870963095
leaf_count=30 53 76 1144 71 150 21 421 332 641 165 384 681 39 220 87 263 23 1003 32 27 34 18 312 1079 396 97 27 24 679 48
internal_value=-8.02822e-05 0.00300753 0.00130745 -0.00644909 0.00298772 0.000881251 0.00981022 0.0109303 0.00129546 -0.00387838 0.00587213 0.00752944 0.0150965 0.0165882 -0.0012547 -0.00261148 -0.0032445 -0.00369777 0.00600553 -0.00319105 -0.0101969 0.0210947 -0.00211684 -0.00251634 -0.010039 -0.00219104 -0.00836399 0.0123782 -0.011204 -0.00862934
internal_weight=2766.15 1862.98 1491.79 903.175 1044.82 605.196 371.184 344.406 596.417 527.999 439.626 356.977 185.125 171.129 82.6489 446.971 430.725 423.964 159.281 506.876 65.8871 15.4032 440.989 433.122 375.176 49.1964 34.9992 14.1972 325.98 214.094
internal_count=8577 5588 4450 2989 3108 1806 1138 1062 1785 1688 1302 1065 591 552 237 1342 1289 1266 471 1617 199 50 1418 1391 1301 178 124 54 1123 727
is_linear=0
shrinkage=0.03


Tree=85
num_leaves=31
num_cat=0
split_feature=96 117 3 90 12 81 85 118 97 13 3 84 69 31 66 121 37 16 38 67 83 46 3 90 68 96 71 81 58 68
split_gain=7.30984 10.3497 8.32349 8.69941 8.47975 6.71946 6.34957 6.69392 6.19717 7.4286 6.6086 7.64034 7.38641 7.33382 6.39276 6.02457 5.7436 5.46767 5.35438 5.17679 6.02848 4.92337 5.57696 5.27854 5.46799 5.74788 5.24759 4.52236 4.35999 3.59831
threshold=-0.087484733560455011 -0.049999999999999871 1.851648351648352 -0.5805555555555556 0.53589743589743599 7.5000000000000009 -1.9857142857142853 -1.6307715181660896 0.64961906584053231 0.07417582417582419 1.3205128205128207 -0.040404040404040407 0.82575757575757591 0.86607142857142871 1.2792207792207795 0.86190476190476206 1.0000000180025095e-35 0.26969696969696971 3.5000000000000004 0.38750000000000007 -1.1982142857142855 1551.2810925127958 2.6125000000000003 1.4780068175288763 0.78888888888888908 -0.42532053203909509 1.8090909090909093 5.5000000000000009 0.24616560809221363 2.7638888888888893
decision_type=2 2 2 2 2 2 2 2 2 2 2 2 2 2 2 2 2 2 2 2 2 2 2 2 2 2 2 2 2 2
left_child=2 8 3 16 5 15 27 29 10 -10 12 13 -2 -12 -14 -5 -1 -18 -7 -9 -21 22 -4 24 25 -23 -26 -3 -13 -8
right_child=1 6 21 4 -6 18 7 19 9 -11 11 28 14 -15 -16 -17 17 -19 -20 20 -22 23 -24 -25 26 -27 -28 -29 -30 -31
leaf_value=-0.023386262686373414 -0.015570033711159044 0.0031139257781629061 -0.017898741097688117 0.024329991262189512 -0.026512970744099366 -0.00032626727126014806 -0.020981175365577878 -0.016535103891996587 0.015563808859906741 -0.016722466004988029 0.0030532350017605779 0.015953611066820514 0.0061989715152031754 -0.013213249361060666 0.016494344334321322 0.0024262102729979457 -0.014934950346137442 0.016782045918850564 0.013716763775010975 0.021537789775682208 0.00012424672756066395 -0.0034810285572098639 0.0055811726840337183 -0.024151288227612682 -0.0091080439283696309 0.012876638526254454 0.006172995415581725 0.03147116759362887 0.00073500500822522969 0
leaf_weight=22.450561285018921 9.1154895871877653 11.687645256519319 49.328511446714401 19.044201865792274 9.3163448572158796 712.28129558265209 20.184215605258945 15.585620313882826 7.9884773939847973 21.532617822289467 62.386381044983864 39.114392310380936 128.78427803516388 40.041169732809067 97.373645022511482 27.28356160223484 9.8782874196767825 7.8778336793184272 24.297964349389076 10.955401927232741 1195.0194714665413 45.106712862849236 10.398559242486952 10.24029593169689 116.70118550956249 32.196081280708313 23.441918686032295 8.6784871816635114 30.247650802135468 11.349594756960867
leaf_count=73 30 33 178 52 32 2166 74 51 21 71 191 108 362 133 263 88 30 22 73 29 3475 167 38 47 444 106 73 20 91 36
internal_value=0.000162198 0.00139672 -0.00171986 -0.000194178 0.000500573 0.000859264 2.66318e-05 -0.000247318 0.00537706 -0.00766375 0.00634662 0.00183566 0.00960599 -0.00334296 0.010698 0.0118175 -0.0136361 -0.000558669 0.00015088 0.000107847 0.000338942 -0.00611227 -0.0137369 -0.00404773 -0.00298102 0.00337095 -0.00650508 0.0162454 0.00946443 -0.0136784
internal_weight=2829.89 1710.04 1119.84 832.43 792.223 782.907 1273.46 1253.09 436.584 29.5211 407.063 171.79 235.273 102.428 226.158 46.3278 40.2067 17.7561 736.579 1221.56 1205.97 287.413 59.7271 227.686 217.446 77.3028 140.143 20.3661 69.362 31.5338
internal_count=8577 4988 3589 2536 2411 2379 3718 3665 1270 92 1178 523 655 324 625 140 125 52 2239 3555 3504 1053 216 837 790 273 517 53 199 110
is_linear=0
shrinkage=0.03


Tree=86
num_leaves=31
num_cat=0
split_feature=49 48 5 116 83 5 117 57 92 81 121 31 85 86 32 32 65 94 32 116 93 93 121 95 48 55 82 95 83 57
split_gain=62.7377 22.9905 10.7752 8.10012 7.53794 11.6221 9.08886 8.35865 13.2882 9.32756 6.83128 6.11649 9.03238 6.2324 5.75024 5.52043 5.5064 7.19569 7.14127 5.29842 5.08096 5.07985 5.00917 5.58001 4.63884 6.42749 4.63638 8.01983 7.22881 5.98699
threshold=0.44400386028176397 52.446357932930034 -0.86282051282051253 0.95000000000000007 0.64823232323232338 -0.73333333333333328 1.0871212121212126 0.44910842032748666 0.48645833333333327 18.500000000000004 0.66369047619047639 1.267857142857143 -0.25126262626262613 0.97500000000000009 -0.054563492063492085 -0.99107142857142838 1.9198717948717952 0.31523777012901127 0.095238095238095302 0.049999999999999996 -0.11458714896214904 -0.44155092592592587 1.5601190476190478 0.046169813580296197 -130.19118905446302 0.22500000000000003 0.62626262626262652 0.40561378270996035 0.47474747474747481 0.43651359735525219
decision_type=2 2 2 2 2 2 2 2 2 2 2 2 2 2 2 2 2 2 2 2 2 2 2 2 2 2 2 2 2 2
left_child=2 10 14 11 6 15 7 9 -9 -4 26 13 20 -3 -1 -6 17 18 -12 -8 -13 -15 23 -18 -7 -26 27 29 -29 -2
right_child=1 3 4 -5 5 24 19 8 -10 -11 16 12 -14 21 -16 -17 22 -19 -20 -21 -22 -23 -24 -25 25 -27 -28 28 -30 -31
leaf_value=0.011469370392316505 0.0057011480353459367 0.007916073262344522 -0.012719598572698665 -0.016189683596463795 -0.02677437084048712 0.020539295969823724 0.022165280995225009 -0.0094803920661503688 0.017491868248532275 0.0050391327751520346 0.0037688785471083697 -0.00063786008544532418 -0.0077257466338255809 0.0098754139555062553 -0.0059048455906871794 0.00088535772564947315 -0.021742882080839361 -0.011498118161389861 -0.0045262821906191884 -0.0037059784910907032 0.02122243352706624 -0.010712574809976345 0.0013358831847921017 0.007721595526010077 0.011458774405148038 -0.0060676717501171509 -0.0034478680466149942 0.0040656790623250245 0.033337384086223068 -0.0011333551530065048
leaf_weight=302.816800147295 166.89571005105972 17.826492741703987 28.536894753575325 106.87586477398872 9.5208517909050006 38.862443327903748 27.584390014410019 116.51781107485294 18.109531164169312 265.55101607739925 156.13307136297226 17.138009294867516 54.725081339478493 10.317928433418272 17.344984084367752 16.291378527879715 38.260131031274796 71.085596397519112 228.81095650792122 8.8962361812591535 19.800907909870148 278.86021657288074 16.954459637403488 6.1001042276620856 115.18241189420223 21.580134510993958 196.09925009310246 18.930165186524395 12.389820933341978 366.52477622032166
leaf_count=757 501 59 78 507 25 97 70 322 49 707 482 59 193 39 44 44 136 256 742 24 70 1110 59 21 306 61 589 52 34 1084
internal_value=-8.4434e-05 -0.00344281 0.00598046 -0.00885281 0.00379131 0.00862818 0.00167642 0.000429668 -0.00572785 0.00326848 -0.00129547 -0.00684283 -6.92271e-06 -0.00886747 0.0105033 -0.00982313 -0.00395228 -0.00279374 -0.00115295 0.0158457 0.0112517 -0.00993615 -0.0123377 -0.0175441 0.0113973 0.00864748 0.000509951 0.00189322 0.0164112 0.00100607
internal_weight=2770.52 1783.73 986.795 505.545 666.633 201.437 465.196 428.715 134.627 294.088 1278.18 398.669 91.664 307.005 320.162 25.8122 517.344 456.03 384.944 36.4806 36.9389 289.178 61.3147 44.3602 175.625 136.763 760.84 564.74 31.32 533.42
internal_count=8577 5993 2584 2037 1783 533 1250 1156 371 785 3956 1530 322 1208 801 69 1696 1480 1224 94 129 1149 216 157 464 367 2260 1671 86 1585
is_linear=0
shrinkage=0.03


Tree=87
num_leaves=31
num_cat=0
split_feature=119 118 121 46 91 32 49 57 47 118 38 78 62 84 60 61 121 58 8 65 69 34 119 121 49 46 57 26 47 85
split_gain=56.9111 18.869 10.4422 6.95845 6.37652 8.18899 6.13049 5.95522 6.74693 6.69845 6.68367 7.36757 5.93789 5.87611 5.73215 5.48977 5.62574 5.28065 5.6124 5.16636 6.84065 5.84366 5.12034 5.11509 6.63387 6.42844 5.6632 5.44312 6.48365 5.28524
threshold=0.23809523809523814 -0.062499999999999979 1.4136904761904765 1509.4445756156063 0.15851449275362309 0.88035714285714295 0.46095971735902325 0.44330959426250066 1459.6259331904068 -0.74930555555555534 2.5000000000000004 0.45227272727272733 1.7947368421052634 -0.52525252525252508 3.0567991182767953 6.8829500287054701 1.2767857142857146 0.26493224473680504 -0.40000000000000002 0.75961538461538469 0.36931818181818188 -0.93749999999999989 -0.43999999999999995 0.66369047619047639 0.47044939860855872 1480.054665444253 0.46105840267516923 1.5000000000000004 1479.8693481433509 -0.62563131313131293
decision_type=2 2 2 2 2 2 2 2 2 2 2 2 2 2 2 2 2 2 2 2 2 2 2 2 2 2 2 2 2 2
left_child=1 15 7 17 -5 -6 19 10 9 -9 11 12 -2 -11 -13 16 -1 18 -4 20 -3 -21 -23 24 26 -26 -8 29 -29 -25
right_child=2 6 3 4 5 -7 23 8 -10 13 -12 14 -14 -15 -16 -17 -18 -19 -20 21 -22 22 -24 27 25 -27 -28 28 -30 -31
leaf_value=-0.0089208681273947113 -0.018742979625855898 -0.014470764999246665 -0.016947883371791476 0.012956118011738241 -0.015965411277457018 0.011564517725266059 0.016274003645220393 0.022447136945604469 0.0032244421708954689 0.0037395676382625171 0.018008979280365899 0.0094570071756534101 0.01169781833611396 -0.01293885672676846 -2.9955384350665278e-05 0.0051582093606653504 0.0083267538873519377 0.01500253178962203 0.0077950996325518726 0.016222275332205698 0.020247935711737386 -0.011586545623260495 -0.0034899249453047474 -0.0041944090063257417 -0.0081143898147173141 -0.00012621162204767784 -0.01070346977390111 -0.0024557311960129577 0.020439213917685429 0.0045008120254525393
leaf_weight=542.57342490553856 19.075197666883472 6.4835586845874813 20.344537019729611 269.87298673391342 15.976639807224272 21.756807625293732 29.379337355494499 5.906808376312255 246.31386516988277 25.800330340862274 37.78224490582943 166.44639925658703 7.1786988675594321 65.175295412540436 86.188830256462097 27.364483714103699 16.64191709458828 11.977729797363279 12.495520710945131 10.255167067050932 15.362687617540358 97.035583689808846 260.66377536952496 92.884985595941544 136.0787777453661 270.21578873693943 8.1975822448730451 16.453658372163773 30.931601420044899 188.85428561270237
leaf_count=1829 49 20 51 846 41 67 99 20 724 76 120 506 22 172 249 94 54 38 38 36 54 317 823 269 403 819 24 47 101 569
internal_value=-8.41653e-05 -0.00336071 0.00557291 0.00974112 0.0113465 -0.000125667 -0.00114244 0.00333083 0.000579542 -0.00607844 0.00629192 0.00463517 -0.0101856 -0.00818707 0.00622126 -0.00774352 -0.00838829 -0.00121889 -0.00749248 -0.00420541 0.00963037 -0.00505888 -0.00572089 0.000401692 -0.00169396 -0.00282238 0.0101861 0.00323363 0.0125409 0.00161883
internal_weight=2761.67 1749.38 1012.29 352.424 307.606 37.7334 1162.8 659.868 343.196 96.8824 316.671 278.889 26.2539 90.9756 252.635 586.58 559.215 44.8178 32.8401 389.801 21.8462 367.955 357.699 772.996 443.871 406.295 37.5769 329.125 47.3853 281.739
internal_count=8577 5558 3019 1081 954 108 3581 1938 992 268 946 826 71 248 755 1977 1883 127 89 1250 74 1176 1140 2331 1345 1222 123 986 148 838
is_linear=0
shrinkage=0.03


Tree=88
num_leaves=31
num_cat=0
split_feature=59 5 118 95 83 14 73 83 47 29 64 60 46 18 16 19 95 54 69 73 30 26 72 56 83 5 7 62 72 72
split_gain=7.24133 8.60708 5.62986 5.3861 6.92518 6.52592 7.95707 9.94355 7.76342 9.32894 5.58576 6.66803 5.67823 5.33695 4.90752 6.71531 4.69207 4.69052 4.51494 11.1001 5.99746 4.34237 4.15281 7.30524 5.53636 5.61254 4.49115 4.41969 9.90709 4.16616
threshold=0.32468653971244649 0.75568181818181845 -0.059999999999999935 -0.19461723433319408 0.58658008658008687 0.16538461538461544 1.3875000000000002 -1.0000000180025095e-35 1426.2419027651324 -0.17857142857142846 1.1791443850267382 2.4618251214434426 1462.5495566754225 0.51666666666666672 1.0000000180025095e-35 0.64583333333333337 0.64658526592598553 3.8333333333333335 0.61250000000000016 1.0416666666666667 2.0625000000000004 -0.49999999999999994 1.8660714285714288 0.83333333333333337 0.89949494949494968 0.31269841269841275 2.0333333333333337 1.8062500000000001 1.2928571428571431 1.7638888888888891
decision_type=2 2 2 2 2 2 2 2 2 2 2 2 2 2 2 2 2 2 2 2 2 2 2 2 2 2 2 2 2 2
left_child=1 3 14 5 18 6 7 -1 -7 -10 11 -6 -12 -8 -2 16 -16 -3 19 -5 -20 -18 26 24 25 -24 27 29 -29 -4
right_child=2 17 22 4 10 8 13 -9 9 -11 12 -13 -14 -15 15 -17 21 -19 20 -21 -22 -23 23 -25 -26 -27 -28 28 -30 -31
leaf_value=-0.016484806369393926 -0.018922811565970178 -0.0034447216870122995 0.0021937373230263998 -0.00335978443176272 0.0076618161392872104 -0.0092111206502904774 0.0096793275174855455 0.0021678380020096655 0.0039771746339106843 0.027384744307078192 -0.0053816277741249577 -0.0092952281782034893 0.0026585814767350188 0.00069324543676082834 -0.0063236553091242246 0.014295113469420142 -0.002398472905960024 -0.024315512209924405 0.00088929966415214677 0.014314554114982992 0.012485374751417736 0.024932281982574377 0.0054249402625662618 0.032985678582056338 0.017445683748082693 -0.010434369849445355 -0.018988042806762043 0.002673283862335975 -0.022777244574061696 -0.014461398077153426
leaf_weight=35.250925570726395 21.330059081315994 222.30956548452377 188.89937524497509 51.303980439901352 23.764090940356255 11.450222313404081 146.76205638051033 87.255824014544487 28.824529051780701 33.590276479721069 114.77059705555439 132.36574655771255 248.16388747096062 101.10359147191048 278.07596671581268 15.597900867462156 12.741186112165453 9.2450352311134321 746.9693683385849 81.537115976214409 41.512004509568214 7.5110922753810874 52.604571923613548 6.8244545310735694 17.92929682135582 31.087569236755371 12.229947343468664 30.499584332108498 23.55588860809803 13.53196284174919
leaf_count=114 76 784 555 152 71 35 413 250 80 85 338 423 716 297 916 47 39 41 2190 225 121 20 155 17 49 101 41 97 87 42
internal_value=0.000169058 0.00105081 -0.0024437 0.00172309 0.00082848 0.00460864 0.00295594 -0.00326513 0.0127053 0.0168551 -0.00193734 -0.00666282 9.99857e-05 0.0060435 -0.00526627 -0.00427169 -0.00529698 -0.00439188 0.00239038 0.00749211 0.00151865 0.0082929 6.46161e-05 0.0050008 0.00278911 -0.000484248 -0.00192751 -0.00103179 -0.00857514 0.00100003
internal_weight=2828.6 2116.18 712.419 1884.62 1440.39 444.237 370.372 122.507 73.865 62.4148 519.064 156.13 362.934 247.866 335.256 313.926 298.328 231.555 921.322 132.841 788.481 20.2523 377.163 108.446 101.621 83.6921 268.717 256.487 54.0555 202.431
internal_count=8577 6335 2242 5510 4236 1274 1074 364 200 165 1548 494 1054 710 1098 1022 975 825 2688 377 2311 59 1144 322 305 256 822 781 184 597
is_linear=0
shrinkage=0.03


Tree=89
num_leaves=31
num_cat=0
split_feature=119 48 48 23 92 36 74 28 3 92 81 16 59 60 23 117 43 9 53 26 95 79 34 59 92 64 119 76 84 84
split_gain=59.5969 19.5369 10.0249 8.04369 7.39807 6.50349 6.64515 6.16869 5.94513 5.83972 5.44368 5.4702 9.46951 5.1381 5.10042 5.07316 6.29267 5.41312 10.7807 5.26987 4.85273 4.77377 5.29361 4.70299 4.62216 4.52576 4.51353 4.25009 4.24707 4.3107
threshold=0.086126373626373667 -95.317053924325919 82.754806232010665 0.41987179487179493 0.63297101449275373 -1.4999999999999998 4.0562500000000012 2.535714285714286 0.70714285714285718 -0.54580026455026442 16.500000000000004 0.095454545454545472 0.30820584816172519 3.2086031452358932 -0.066666666666666666 0.90384615384615397 1.0000000180025095e-35 0.24038461538461542 1.9000000000000001 -1.8333333333333333 -0.33013316462607784 0.44097222222222227 -0.74404761904761896 0.31057573290810353 0.84722222222222232 1.6201923076923079 -1.3844032805429862 0.45227272727272733 0.10000000000000001 -0.42424242424242409
decision_type=2 2 2 2 2 2 2 2 2 2 2 2 2 2 2 2 2 2 2 2 2 2 2 2 2 2 2 2 2 2
left_child=1 15 7 4 5 23 -7 10 -6 -9 11 12 -2 -10 -4 16 17 19 -19 -1 -13 -12 -23 -3 25 -17 -27 -5 29 -18
right_child=2 3 14 27 8 6 -8 9 13 -11 21 20 -14 -15 -16 24 28 18 -20 -21 -22 22 -24 -25 -26 26 -28 -29 -30 -31
leaf_value=0.024153799760996117 0.033933207428249894 8.7703958541509658e-05 -0.013364411213177571 0.020940045345224371 -0.013750661201183656 -0.00057259342354615977 -0.019159048972812096 -0.0074400553047447981 0.0067138900604472836 0.017331816357610386 0.022091113325971409 -0.003626830272063679 -0.014501417735652021 0.023519274377937646 -0.0049555140361745654 -0.0022322914197969996 0.00032550633117762735 -0.0086158820637468689 0.0087351890557214925 0.0094114289232440154 -0.013356414895687301 0.0067051954319864515 -0.004156685885739665 0.0096307534082331267 0.0036033170619425483 0.027649272132770103 0.0098560263810654955 0.0047828369634557166 0.012247005302824184 -0.02095277095988278
leaf_weight=31.010116934776306 6.2239979952573758 87.943590298295021 194.92931637167931 25.925826340913773 9.2882338911294919 918.06804098188877 16.663920015096664 12.729598015546797 84.267285987734795 21.968855693936348 5.8499879240989676 75.621115863323212 6.3705709725618362 20.157086685299873 101.66824235022068 7.7205742597579947 19.264273971319195 38.828626036643982 167.60682502388954 81.355645656585693 125.72770500183105 43.597282961010933 417.82773515582085 99.164059609174728 25.670346885919571 38.983889937400818 22.170439839363098 35.278354912996292 10.35769149661064 14.011763274669649
leaf_count=77 19 245 881 68 25 2660 49 42 227 68 18 281 24 53 404 19 50 99 422 204 462 135 1397 273 63 97 56 95 27 37
internal_value=-8.77565e-05 0.00325651 -0.00588068 0.00137139 0.000838124 9.33168e-05 -0.00092727 -0.00394314 0.00809505 0.00820604 -0.00457749 -0.00853839 0.0099488 0.0101786 -0.0105184 0.00858463 0.00692025 0.00838303 0.00543135 0.0136836 -0.00975306 -0.00274321 -0.00311164 0.00518563 0.0147943 0.0188111 0.0215093 0.0119018 -0.00364846 -0.00889665
internal_weight=2766.25 1753.74 1012.51 1296.76 1235.55 1121.84 934.732 715.917 113.713 34.6985 681.218 213.943 12.5946 104.424 296.598 456.98 362.435 318.801 206.435 112.366 201.349 467.275 461.425 187.108 94.5453 68.8749 61.1543 61.2042 43.6337 33.276
internal_count=8577 4846 3731 3695 3532 3227 2709 2446 305 110 2336 786 43 280 1285 1151 916 802 521 281 743 1550 1532 518 235 172 153 163 114 87
is_linear=0
shrinkage=0.03


Tree=90
num_leaves=31
num_cat=0
split_feature=48 119 2 116 80 74 48 119 47 2 75 88 73 10 116 26 63 40 78 60 93 23 66 12 23 72 116 69 82 48
split_gain=54.132 21.2614 9.92369 8.60854 6.35616 6.94288 6.30366 6.29944 7.12464 5.91943 5.60404 6.60505 5.77611 5.50638 5.16253 5.06823 5.42428 6.04112 5.32653 5.70366 4.78768 4.75659 5.15785 7.915 4.09122 4.1161 4.06681 4.03703 3.6557 3.61953
threshold=-28.661921005916835 0.9086080586080586 -0.12916666666666662 -0.59861111111111098 2.5000000000000004 3.7029411764705888 38.608383680046025 0.80079365079365117 1489.9958590364731 -1.4967948717948714 2.2899159663865549 1.1937500000000003 1.3875000000000002 0.46410256410256417 0.84807692307692328 -0.83333333333333315 1.9750000000000003 1.0000000180025095e-35 0.56696428571428581 2.7357100425728529 -0.41779136473429945 -0.25137362637362631 3.1339285714285716 0.19090909090909094 -0.15871212121212117 1.1055555555555558 -0.40192307692307699 1.4772727272727275 0.87184343434343436 35.232550964847526
decision_type=2 2 2 2 2 2 2 2 2 2 2 2 2 2 2 2 2 2 2 2 2 2 2 2 2 2 2 2 2 2
left_child=3 2 21 15 -3 13 7 8 -4 -5 12 -12 -8 14 -6 18 17 20 -1 -20 -17 -2 23 -23 27 26 -26 -11 -27 -15
right_child=1 4 6 9 5 -7 10 -9 -10 24 11 -13 -14 29 -16 16 -18 -19 19 -21 -22 22 -24 -25 25 28 -28 -29 -30 -31
leaf_value=-0.015201756115098204 0.012879835355636301 -0.0067652453776027282 -0.0020764252479120796 -0.019039501442251937 0.0058844180743461766 0.021845470129711889 0.0048076023947027169 -0.023619520878291771 0.004499946192242526 -0.013198829359831063 0.012641853463168408 0.0041134486332569846 -0.011090500226032366 0.013656346152186805 0.014638511889853692 0.027786176540911811 -0.010586528642510284 -0.0084433774987316499 -0.018361671998162913 0.016756581627511934 0.0022981142704227228 -0.011425182906025894 0.020995958957525672 -0.0014234934315655128 -0.0080584415801717817 -0.0041161389116230974 0.011629230906248829 0.0063749812812198131 0.0040710732231229087 -0.0035643009105407863
leaf_weight=153.01940968632698 16.31896947324276 20.203834757208824 297.05955739319324 20.702632665634155 118.45968970656395 40.411842674016953 51.285626918077469 8.35060206055641 293.48452845215797 54.818964794278145 126.76757726073265 235.99037680029869 32.834965974092484 13.268031328916548 131.83856618404388 7.3311831951141349 115.43094424903393 43.231059923768044 5.8426884710788718 9.5782117992639524 35.355006590485573 90.078884661197662 6.8102835565805426 332.76477092504501 11.899821028113363 336.38130608201027 34.329752564430237 10.570048898458479 56.257331177592278 46.601289063692093
leaf_count=536 53 57 877 71 351 137 152 20 890 165 390 690 89 41 423 30 406 147 20 39 123 263 23 1003 37 1080 115 34 186 129
internal_value=-8.80341e-05 0.00282413 0.0012212 -0.0061498 0.00924438 0.0101922 0.00281971 0.000799156 0.00118887 -0.00365978 0.00551308 0.00712855 -0.00142008 0.00859888 0.0105473 -0.00965719 -0.00636536 -0.000603101 -0.0135136 0.00296034 0.0072801 -0.0025184 -0.00313876 -0.00358317 -0.00298598 -0.00192263 0.00643464 -0.0099412 -0.00292809 0.000364451
internal_weight=2757.28 1862.53 1491.75 894.748 370.783 350.579 1045.77 598.895 590.544 524.96 446.879 362.758 84.1206 310.168 250.298 369.789 201.348 85.9172 168.44 15.4209 42.6862 445.973 429.654 422.844 504.257 438.868 46.2296 65.389 392.639 59.8693
internal_count=8577 5588 4450 2989 1138 1081 3108 1787 1767 1688 1321 1080 241 944 774 1301 706 300 595 59 153 1342 1289 1266 1617 1418 152 199 1266 170
is_linear=0
shrinkage=0.03


Tree=91
num_leaves=31
num_cat=0
split_feature=59 5 25 84 17 67 73 93 73 16 58 118 57 12 94 16 19 47 60 23 95 16 94 60 48 56 70 78 82 7
split_gain=6.95194 8.14761 6.49129 5.52721 6.99388 5.46062 5.5098 6.08381 5.40308 6.17307 5.39161 5.38755 8.67395 6.01543 5.42294 5.37313 6.52132 5.20081 7.20919 6.76237 5.03073 5.02339 5.57873 4.92628 4.41562 4.28203 4.11942 4.43189 4.02037 4.55495
threshold=0.32468653971244649 0.75568181818181845 1.5000000000000002 -0.50252525252525237 -0.094318181818181815 1.6306818181818186 1.788888888888889 -0.17406832298136651 3.1339285714285716 0.82575757575757591 0.23846765317353555 -0.079999999999999905 0.41715983238201965 0.46410256410256417 -0.15507038423751798 1.0000000180025095e-35 0.64583333333333337 1462.0313396283952 2.5529263237740296 -0.082875457875457859 0.64658526592598553 0.75961538461538469 0.15318841885267412 3.259720876138787 -168.68516609789478 0.58333333333333337 1.6306818181818186 0.55277777777777792 0.14213564213564214 1.8944444444444446
decision_type=2 2 2 2 2 2 2 2 2 2 2 2 2 2 2 2 2 2 2 2 2 2 2 2 2 2 2 2 2 2
left_child=1 8 3 28 23 6 7 -4 9 17 -6 15 14 21 -13 -2 20 18 -1 -19 25 22 -14 -5 -22 -17 27 -16 29 -3
right_child=11 2 5 4 10 -7 -8 -9 -10 -11 -12 12 13 -15 26 16 -18 19 -20 -21 24 -23 -24 -25 -26 -27 -28 -29 -30 -31
leaf_value=-0.0048355797441625853 -0.020017474638172651 -0.011744345130637466 0.0053084418385089685 -0.008149139729241606 -0.011380905704513868 -0.0081660195382891303 -0.0047658724552504129 0.043504978646708596 -0.016897865695472258 0.026265414302437822 0.017186502357767051 -0.020443336325967284 0.0047296260341996134 0.017895261075208075 0.0070710676314490626 -0.0080006279758902399 0.013956502602184593 0.0047000550527564423 0.0067542822881546307 -0.00014520719374675695 -0.0069633668961223416 -0.0215403202981072 -0.0043465033376762132 0.017153099917377568 0.020290739980400714 0.0035197676192211505 -0.014769903659990277 -0.011554741934261724 -0.021300902808974422 0.017217640651183853
leaf_weight=56.291951239109039 20.150534734129906 18.995006665587429 7.6509234160184851 105.68538416922092 7.1593837440013912 11.975519195199011 7.1850602924823752 7.497084021568301 12.946495205163954 8.2807710915803892 21.528190270066261 22.92314800620079 193.38652534782887 19.885354995727539 33.84713514149189 221.52378661930561 15.665780797600744 331.56749396026134 305.26936604082584 1170.7056142836809 8.4718342423439044 7.4762995243072501 87.591318309307098 6.4122165888547888 11.459406733512877 32.427777394652367 20.41387440264225 16.129029080271721 31.305571287870407 5.4556451737880698
leaf_count=170 73 65 24 397 24 42 28 19 42 21 64 72 557 53 100 737 47 972 874 3431 28 27 287 22 30 109 69 53 123 17
internal_value=0.000174496 0.00103807 -0.00426623 -0.00637713 -0.00313807 0.00757949 0.0161393 0.025922 0.00169116 0.00183027 0.00981285 -0.00238785 -8.53964e-05 0.00233556 -0.00805683 -0.00535438 -0.00425823 0.00170607 0.00493321 0.000924613 -0.00535798 0.00119442 0.00188424 -0.0065364 0.00878375 -0.00650975 -0.00375117 0.000892279 -0.0143035 -0.00474162
internal_weight=2827.26 2115.91 230.85 196.541 140.785 34.3086 22.3331 15.148 1885.06 1872.12 28.6876 711.352 401.653 308.339 93.3132 309.699 289.549 1863.83 361.561 1502.27 273.883 288.454 280.978 112.098 19.9312 253.952 70.39 49.9762 55.7562 24.4507
internal_count=8577 6335 825 712 507 113 71 43 5510 5468 88 2242 1218 924 294 1024 951 5447 1044 4403 904 871 844 419 58 846 222 153 205 82
is_linear=0
shrinkage=0.03


Tree=92
num_leaves=31
num_cat=0
split_feature=119 2 121 67 46 19 46 55 28 71 19 5 1 75 119 63 28 92 8 32 84 16 72 75 68 34 46 75 96 53
split_gain=56.3134 17.1534 9.72135 9.09604 8.54664 7.82623 7.7911 9.8396 7.59731 7.51645 6.86933 5.90279 5.89773 5.77268 9.88214 6.01677 6.3372 6.47069 5.69901 5.23722 6.61208 5.19604 5.07029 5.87294 4.9628 4.85051 4.82558 5.68061 4.80725 4.54603
threshold=0.086126373626373667 -1.1291666666666664 0.68214285714285727 2.1909090909090914 1417.7368245899399 0.48333333333333339 1459.701331313094 0.36666666666666675 2.535714285714286 1.4365079365079367 0.48333333333333339 -0.33333333333333331 1.3205128205128207 2.1846590909090913 0.9086080586080586 1.5358974358974362 2.4642857142857149 -0.59259332867033754 0.60000000000000031 0.83630952380952406 0.20000000000000001 0.43650793650793657 2.8257575757575766 2.7947368421052636 1.3484848484848486 1.4226190476190479 1503.0899222867192 3.0871212121212124 0.35409893801473785 1.7083333333333337
decision_type=2 2 2 2 2 2 2 2 2 2 2 2 2 2 2 2 2 2 2 2 2 2 2 2 2 2 2 2 2 2
left_child=1 9 -2 4 11 18 21 8 -8 10 -1 25 -13 14 29 19 -17 -18 -6 20 -15 24 23 -12 -5 -3 -11 -28 -7 -4
right_child=2 3 13 6 5 28 7 -9 -10 26 22 12 -14 15 -16 16 17 -19 -20 -21 -22 -23 -24 -25 -26 -27 27 -29 -30 -31
leaf_value=0.017413681152687835 -0.0020517917001939591 0.025854058605649398 0.012639828825354311 0.0033062829011662317 0.0013055605042276281 -0.0036577859306993993 0.0099215802417576236 -0.019109336009489965 -0.0018481670532600996 0.014099867367616169 0.0017318959141363649 0.0088600178901262431 -0.011195919724436568 -0.010125350620628769 -0.014254459713754664 -0.0056979653292803739 -0.003776174188566286 0.0350048741941794 0.010720891978350184 -0.015057305729518678 0.003104601846220697 -0.0041550030945147831 0.016462038866903339 -0.017416838789719329 0.027507330680761673 0.001110790774897424 -0.015775218698783136 0.013725727001386379 0.0043108232398147072 -0.0036746627975729061
leaf_weight=19.495069950819016 395.18476165831089 24.415346384048462 35.78521803021431 10.814288437366484 432.56098636984825 493.0800599604845 142.32775902748108 14.153631091117857 74.273984372615814 194.92507565021515 35.939497008919716 47.933002382516861 17.027706101536751 221.80396769940853 32.920692130923271 78.505521804094315 7.2698325365781784 6.6181001216173154 66.100997507572174 165.2843856215477 39.257372289896011 7.9422430694103232 9.8845387995243055 22.630356341600418 30.786435037851334 10.399663120508192 10.572110623121263 10.912182807922362 77.848222896456718 25.396961852908134
leaf_count=48 1297 64 131 27 1230 1435 383 42 204 489 96 128 46 836 148 304 28 21 178 729 144 21 24 59 76 28 25 27 216 93
internal_value=-8.96464e-05 0.00315615 -0.00573801 0.00179101 0.000622495 -0.000161514 0.00663569 0.00426028 0.00588193 0.00962132 0.00215275 0.00897501 0.00346738 -0.00810293 -0.00121513 -0.00934191 -0.00232969 0.0156128 0.00257859 -0.0108455 -0.00812018 0.0173371 -0.00233836 -0.00578465 0.0215119 0.0187841 0.0126189 -0.000713796 -0.00256035 0.00586919
internal_weight=2762.05 1754.02 1008.03 1449.66 1169.37 1069.59 280.298 230.755 216.602 304.359 87.9495 99.7757 64.9607 612.842 94.1029 518.739 92.3935 13.8879 498.662 426.346 261.061 49.543 68.4544 58.5699 41.6007 34.815 216.409 21.4843 570.928 61.1822
internal_count=8577 4846 3731 4078 3325 3059 753 629 587 768 227 266 174 2434 372 2062 353 49 1408 1709 980 124 179 155 103 92 541 52 1651 224
is_linear=0
shrinkage=0.03


Tree=93
num_leaves=31
num_cat=0
split_feature=48 94 2 116 8 95 2 80 88 74 48 94 20 26 57 82 75 76 31 97 97 82 66 12 59 85 34 23 72 53
split_gain=51.2757 19.5269 9.93062 8.2398 7.93119 7.58784 5.77031 5.43306 6.80351 5.46258 5.60371 5.41224 5.23663 4.94138 5.16255 6.8601 5.16134 4.69334 7.3147 6.12495 5.87649 7.11534 4.57487 4.35469 4.31895 4.24399 4.02303 3.94891 3.92552 5.41911
threshold=-28.661921005916835 0.16644325290437897 0.23205128205128209 -0.59861111111111098 -0.59999999999999998 0.22532427768190164 -1.4967948717948714 19.500000000000004 1.7350877192982459 2.3416666666666672 147.00991569821954 0.14891661451814761 0.10151515151515152 -0.83333333333333315 0.47857468420367238 0.42424242424242431 3.0250000000000004 0.45227272727272733 1.3541666666666667 -0.24602774274905412 -0.05213270142180098 0.14213564213564214 2.954545454545455 0.63068181818181823 0.31625919300337907 -1.0000000180025095e-35 -0.49285714285714294 -0.15871212121212117 1.1055555555555558 2.6333333333333337
decision_type=2 2 2 2 2 2 2 2 2 2 2 2 2 2 2 2 2 2 2 2 2 2 2 2 2 2 2 2 2 2
left_child=3 4 17 13 5 11 -5 8 -4 -9 -11 12 -2 14 -1 -16 24 20 19 -19 -3 -22 -20 -6 25 -15 -18 -8 29 -29
right_child=1 2 7 6 23 -7 27 9 -10 10 -12 -13 -14 16 15 -17 26 18 22 -21 21 -23 -24 -25 -26 -27 -28 28 -30 -31
leaf_value=-0.014966505997672833 0.009052262077062348 -0.01140823584414119 0.017423765488674605 -0.018850824137834763 -0.0011114818186760027 -0.012034597692712739 -0.0097628480954972622 -0.0088645435711946705 -0.0074300423986471869 0.0054150420644846244 0.013469203668012429 -0.014753739194134639 -0.014579758688070845 0 0.019230021464394047 -0.018814848867011985 0.0072972587811642869 0.027914552250057224 -0.0044006870514303126 0.006519545363851552 -0.011349609505277202 0.018831651771809864 0.019590424975988365 0.020377369494509679 -0.010232047747212274 0.019750909082445568 -0.011422335513703119 0.013967373241647376 -0.0028513909927164733 -0.0067996732350693988
leaf_weight=151.3181127011776 192.87974800169468 44.872767001390457 98.591843023896217 20.446972161531448 916.55091309547424 19.681179612874985 65.045232698321342 16.948465764522552 10.276117652654646 239.1887928545475 117.84418702125549 8.8425388634204847 7.855038881301879 37.289684399962425 8.9457176923751813 6.4499215781688681 10.451406612992285 14.531061470508574 71.314211994409561 61.57497002184391 11.253896057605745 15.491942420601843 6.9216366261243811 7.5563843399286261 23.24350942671299 12.252766132354735 117.00292193889618 29.30059552192688 391.88714398443699 17.052167907357216
leaf_count=537 587 124 317 71 2734 53 199 45 28 703 384 23 21 131 36 22 39 50 204 185 31 50 23 26 79 49 408 100 1266 52
internal_value=-9.10954e-05 0.00273926 0.00665442 -0.00600839 0.000326896 0.00531074 -0.00357304 0.00908081 0.0150042 0.00731307 0.00811202 0.00700328 0.00804495 -0.00945691 -0.013288 0.00293293 -0.00620216 0.00143913 0.00438683 0.0109525 -0.00484495 0.00607275 -0.00201984 -0.000910688 0.000137975 0.00516875 -0.00981909 -0.00291025 -0.00186642 0.00628202
internal_weight=2752.86 1862.18 708.81 890.686 1153.37 229.259 523.732 482.849 108.868 373.981 357.033 209.577 200.735 366.954 166.714 15.3956 200.24 225.96 154.342 76.106 71.6186 26.7458 78.2358 924.107 72.786 49.5425 127.454 503.285 438.24 46.3528
internal_count=8577 5588 2144 2989 3444 684 1688 1477 345 1132 1087 631 608 1301 595 58 706 667 462 235 205 81 227 2760 259 180 447 1617 1418 152
is_linear=0
shrinkage=0.03


Tree=94
num_leaves=31
num_cat=0
split_feature=96 117 90 121 68 50 70 58 96 79 58 66 34 49 5 118 62 8 119 61 61 13 93 68 18 26 34 116 31 61
split_gain=6.64946 9.42562 7.25004 7.73695 7.76177 7.93102 7.81869 6.66111 10.1776 6.54015 6.44894 7.69705 6.24857 6.8568 6.16386 5.99146 5.86731 5.75422 5.51838 5.43174 5.3999 5.32059 9.16962 8.30706 7.93946 6.53966 4.90247 4.6113 4.08896 3.93171
threshold=-0.087484733560455011 -0.049999999999999871 -0.5805555555555556 1.2519841269841272 0.78888888888888908 1.0000000180025095e-35 0.80909090909090919 0.27467458210978096 -0.19851346528673783 0.42261904761904767 0.26424280335666323 0.89444444444444449 2.535714285714286 0.43332092327679095 0.66666666666666696 -1.6307715181660896 0.52500000000000013 -0.20416666666666669 1.0351441926095777 7.0365880542184067 3.7012257604091228 0.069047619047619066 0.41666666666666646 1.1909090909090911 0.51666666666666672 1.5000000000000004 -0.5345238095238094 0.84807692307692328 1.1339285714285716 3.8815106545092593
decision_type=2 2 2 2 2 2 2 2 2 2 2 2 2 2 2 2 2 2 2 2 2 2 2 2 2 2 2 2 2 2
left_child=2 18 -1 4 10 14 -7 9 27 -5 26 -12 15 -14 -6 -3 28 -18 21 -11 -15 23 24 -2 -23 -24 -4 -9 -17 -25
right_child=1 12 3 7 5 6 -8 8 -10 19 11 -13 13 20 -16 16 17 -19 -20 -21 -22 22 25 29 -26 -27 -28 -29 -30 -31
leaf_value=-0.013859398233805872 -0.0016122617463358241 -0.013596001599798489 -0.003940148883164369 0.0095212608709056984 -0.0036837060936332194 0.017424086109519562 0.00043655730502501725 0.017275379457608712 -0.014943174315254859 -0.0092733678938573833 0.018331638611024926 -0.0057302146755421474 -0.012426227535693248 -0.0036964287042598552 -0.020249387408702503 0.020491022381498778 -0.0061112617191554485 0.00042886922027308473 -0.0092351963916588349 0.019158492530856577 0.023874968435976668 0.012679710867350631 -0.0039239556143356984 0.0033150295704080239 0.0012763598182364564 0.01803916365822282 0.010564890450585535 -0.0026207789049146435 -0.005071344580672963 0.028375390659074021
leaf_weight=40.962116569280624 18.004732355475426 28.937781915068626 23.844950273633003 18.514385104179382 254.12169370055199 26.720430254936218 206.69357223808765 31.604319021105766 18.154988870024681 232.23466411232948 13.301599875092505 71.748032107949257 7.8555387109518042 7.8823402225971213 21.193011611700058 19.542873829603199 135.96850228309631 1039.1953715384007 21.754558131098747 5.2367563694715491 25.362511187791824 139.30055251717567 119.32053044438362 7.7592825889587393 91.756670579314232 12.559608101844786 137.48027530312538 14.745931088924406 7.0547359883785239 27.09934601187706
leaf_count=128 56 103 84 66 758 73 640 95 67 868 35 217 25 24 77 51 413 3015 73 15 65 382 366 22 267 36 404 62 22 68
internal_value=0.000180265 0.00135707 -0.00161824 -0.00113683 0.000518356 -0.00159401 0.00246006 -0.00503539 0.00350734 -0.007205 0.00488104 -0.00176282 4.68649e-05 0.0114139 -0.00503842 -0.000339272 -6.52369e-06 -0.000329837 0.00514967 -0.00855609 0.0173332 0.00592983 0.00459649 0.0147731 0.00818919 -0.00168971 0.0083914 0.0109606 0.0136641 0.0231288
internal_weight=2825.91 1709.35 1116.56 1075.59 755.104 508.729 233.414 320.491 64.5052 255.986 246.375 85.0496 1271.8 41.1004 275.315 1230.7 1201.76 1175.16 437.555 237.471 33.2449 415.801 362.937 52.8634 231.057 131.88 161.325 46.3503 26.5976 34.8586
internal_count=8577 4988 3589 3461 2288 1548 713 1173 224 949 740 252 3718 114 835 3604 3501 3428 1270 883 89 1197 1051 146 649 402 488 157 73 90
is_linear=0
shrinkage=0.03


Tree=95
num_leaves=31
num_cat=0
split_feature=119 118 17 36 60 34 116 75 62 85 29 61 33 83 25 32 84 84 96 96 117 117 91 118 60 23 85 87 34 27
split_gain=53.1602 16.8743 9.78956 8.03812 8.84253 7.15807 6.66693 6.4277 6.29453 6.02519 6.26388 6.55099 7.72244 5.97031 6.54977 5.84933 6.46633 7.29347 6.4028 9.19653 6.16435 6.88408 5.83808 5.68494 6.56926 6.39142 5.6774 5.67432 5.55577 5.2946
threshold=0.086126373626373667 -0.037500000000000006 -0.066666666666666666 1.5000000000000002 2.4678219916729236 2.5089285714285716 -0.076619433198380368 2.1464285714285718 0.79285714285714304 -0.95535714285714268 -0.29166666666666652 7.0152633858813882 0.64642857142857146 0.4040404040404042 0.83333333333333337 0.37797619047619052 -0.099999999999999908 -0.42857142857142844 0.35409893801473785 -0.073069175260514332 0.79807692307692324 0.54772727272727295 1.3216269841269843 0.080000000000000029 3.1227294190779609 0.063636363636363658 -1.3015151515151513 1.6583333333333334 2.0690476190476197 2.0625000000000004
decision_type=2 2 2 2 2 2 2 2 2 2 2 2 2 2 2 2 2 2 2 2 2 2 2 2 2 2 2 2 2 2
left_child=1 3 9 4 7 22 -4 -1 -5 13 -11 -12 -13 14 -2 18 17 -17 19 28 21 -20 -6 25 -25 -18 -16 -15 -3 -21
right_child=2 15 6 8 5 -7 -8 -9 -10 10 11 12 -14 27 26 16 23 -19 20 29 -22 -23 -24 24 -26 -27 -28 -29 -30 -31
leaf_value=0.017318978813241109 -0.003182801764782655 0.0040007637881076911 0.0073956159050208598 0.01788628453072871 0.0079181787355146801 -0.0072910542343029633 -0.0036061017080693866 -0.0080707559350651943 -0.0068013624142162204 0.0045250247566362171 -0.011047632520292738 0.025928967392239446 -0.014472973381561081 -0.015791649728199138 -0.0038947894792840583 -0.0023265051337140815 0.01459477132133538 -0.017899962733900963 0.0079234910338094756 -0.0008747819826831184 0 0.03418963007697557 0.021640018275115691 -0.016310689890915268 0.010824914244770674 -0.0065028973876393951 0.026750623656540126 0.014530607095861505 0.023411588045343074 -0.010977585327104741
leaf_weight=9.780477359890936 38.118887856602669 223.03427237272263 56.089872986078262 9.8214864134788495 657.84429475665092 25.805408015847206 371.61379583179951 52.091561809182167 64.162321075797081 26.10932245850563 436.49473817646503 8.6625559180974943 6.6483262032270423 31.165902256965637 7.5825431197881725 63.331725791096687 37.258885055780411 47.425486296415329 26.364195302128792 343.0499322116375 31.639159992337227 13.711341947317122 28.856927245855331 24.013262182474136 10.862395122647284 18.572496950626373 15.315823867917059 5.7913817018270484 13.280316099524496 53.261063188314438
leaf_count=27 147 629 174 26 1705 68 1250 143 169 87 1787 28 25 124 30 197 113 147 76 990 82 37 73 75 31 58 58 21 39 161
internal_value=-9.26975e-05 0.00305626 -0.00559727 0.00609409 0.00699752 0.00794318 -0.00214243 -0.00379791 -0.0032892 -0.00814976 -0.00953774 -0.0103652 0.00838986 -0.00132101 0.00439432 0.000204185 -0.00428695 -0.0091223 0.00149731 0.000522405 0.00993062 0.0175967 0.0085298 0.00161959 -0.00770924 0.00753284 0.0167389 -0.0107033 0.0051983 -0.00226428
internal_weight=2757.76 1754.17 1003.59 848.362 774.379 712.507 427.704 61.872 73.9838 575.889 477.915 451.806 15.3109 97.9745 61.0173 905.805 201.464 110.757 704.34 632.626 71.7147 40.0755 686.701 90.707 34.8757 55.8314 22.8984 36.9573 236.315 396.311
internal_count=8577 4846 3731 2211 2016 1846 1424 170 195 2307 1927 1840 53 380 235 2635 621 344 2014 1819 195 113 1778 277 106 171 88 145 668 1151
is_linear=0
shrinkage=0.03


Tree=96
num_leaves=31
num_cat=0
split_feature=48 121 96 116 5 21 4 21 70 57 93 91 67 91 116 17 49 70 61 58 121 85 57 57 30 121 33 32 32 74
split_gain=48.4834 19.531 12.8327 9.26661 8.2403 6.19551 5.53243 7.09623 7.23161 6.0984 5.22745 5.19023 5.22377 5.09179 4.97519 7.82523 6.00287 4.4067 4.25725 4.95503 6.74259 6.73491 5.38781 5.26122 4.22129 4.17854 4.04627 3.89894 5.84829 3.71864
threshold=-28.661921005916835 0.67261904761904778 -0.043869407904620857 0.84807692307692328 -0.86282051282051253 0.51666666666666672 1.3923076923076925 0.40833333333333338 1.4772727272727275 0.44547718072764975 -0.34438131313131293 0.72879178113553134 2.4365079365079372 0.11931216931216949 0.46153846153846168 -0.2696969696969696 0.49539260518093836 1.788888888888889 6.8829500287054701 0.24663245116082153 1.6220238095238098 0.5265151515151516 0.40479520958083837 0.44470871040723986 0.41428571428571431 -0.42857142857142855 0.83630952380952406 0.23511904761904767 -0.57321428571428557 3.6583333333333337
decision_type=2 2 2 2 2 2 2 2 2 2 2 2 2 2 2 2 2 2 2 2 2 2 2 2 2 2 2 2 2 2
left_child=4 5 3 11 -1 10 7 8 -4 -9 17 12 -3 -5 15 -12 -16 25 19 21 22 -6 -21 -23 -20 -2 -13 28 -26 -15
right_child=1 2 6 13 18 -7 -8 9 -10 -11 14 26 -14 29 16 -17 -18 -19 24 20 -22 23 -24 -25 27 -27 -28 -29 -30 -31
leaf_value=-0.010623402031125521 0.0076718988168866598 0.005692560464954196 -0.002220514353459377 0.015258980085955788 -0.0026680121988800266 -0.011464334983081803 -0.0055753278162326602 0.001798005953483619 0.0091963410895866456 0.033850310881824601 0.020039608041654958 0.0060557371639284553 -0.0097280735048316212 -0.015291388276881021 0.026769412332937642 -0.001237264123808178 0.0038797843296287829 0.0037723382676008951 -0.013458088914864105 0.0059736364135245246 0.019507522269221637 -0.0023647177211489484 -0.0084678068388105883 0.03207317742112463 -0.00010083746091527659 -0.012857442645979421 0.03530259066106866 -0.010759735586664064 0.023471165777181544 0.012574699833567899
leaf_weight=239.33594045042992 9.4299181252717954 497.63734884560108 158.84341250360012 158.54116770625114 203.9794527888298 45.680921569466591 93.978032439947128 10.3270111232996 71.515878960490227 10.845121771097181 15.043955937027929 9.2294891476631182 19.565718144178391 8.4076844453811628 10.340378671884535 504.05563354492188 130.45856812596321 26.824142590165138 9.1813147664070112 23.992047116160393 7.5171945393085471 6.4799768030643454 344.12482085824013 8.3464590311050397 18.124642461538311 65.863700389862061 8.4145124405622465 7.3495764136314383 18.265410184860233 6.915449231863021
leaf_count=865 31 1478 459 517 677 139 268 31 217 39 49 28 53 21 36 1517 387 82 28 83 26 21 1110 32 59 184 30 22 66 22
internal_value=-9.55184e-05 0.00265281 0.0053407 0.00764941 -0.00586642 -0.000854027 0.000587977 0.00291557 0.00133535 0.0191379 -0.000199843 0.00566535 0.00508576 0.0136684 0.000776569 -0.000577529 0.0057589 -0.00648498 -0.00408942 -0.00481797 -0.00690593 -0.00120472 -0.00750482 0.017634 0.00397606 -0.0101801 0.02131 0.0079217 0.0119618 -0.00253151
internal_weight=2748.61 1861.92 1054.22 708.711 886.697 807.697 345.509 251.531 230.359 21.1721 762.016 534.847 517.203 173.864 659.899 519.1 140.799 102.118 647.361 594.44 375.634 218.806 368.117 14.8264 52.9209 75.2936 17.644 43.7396 36.3901 15.3231
internal_count=8577 5588 3163 2149 2989 2425 1014 746 676 70 2286 1589 1531 560 1989 1566 423 297 2124 1949 1219 730 1193 53 175 215 58 147 125 43
is_linear=0
shrinkage=0.03


Tree=97
num_leaves=30
num_cat=0
split_feature=118 96 117 14 94 3 17 54 118 82 52 119 92 14 96 3 53 61 93 35 84 34 60 37 47 10 60 30 58
split_gain=6.33591 6.84344 8.05446 7.63567 6.67217 7.9008 6.1036 6.60272 7.30216 6.25997 6.15396 5.25326 5.09624 8.1461 7.33219 5.04197 6.51514 6.24274 4.35542 4.21887 3.67581 3.16222 3.26405 3.0102 2.49402 2.19411 1.72927 1.61303 0.0654332
threshold=-1.6307715181660896 -0.087484733560455011 -0.049999999999999871 -0.25320512820512814 -0.43037051635790297 1.851648351648352 -0.30839160839160834 0.36666666666666675 0.31613630637440165 0.021212121212121241 0.29166666666666669 2.5436356347858902 0.14448836187966643 0.16538461538461544 -0.050496773209311445 2.2182539682539688 3.3666666666666671 5.5626010191691115 0.052499999999999998 2.7738095238095246 -0.10050505050505053 0.80178571428571443 3.1251072041166386 1.5000000000000002 1448.8706244648033 0.22649572649572652 2.6329598623236472 1.8660714285714288 0.2103356216628528
decision_type=2 2 2 2 2 2 2 2 2 2 2 2 2 2 2 2 2 2 2 2 2 2 2 2 2 2 2 2 2
left_child=19 4 3 24 23 11 9 10 -9 -4 -8 18 14 -14 -5 17 -17 -7 -6 20 -1 28 -23 26 -3 -26 -2 -11 -22
right_child=1 2 6 12 5 15 7 8 -10 27 -12 -13 13 -15 -16 16 -18 -19 -20 -21 21 22 -24 -25 25 -27 -28 -29 -30
leaf_value=-0.023978734765544806 -0.0057772934964325784 0.0050359471842788316 0.0062255484115862833 -0.00055100330137430572 0.0017314208061862545 -0.0203893431473979 0.0020597101639709564 -0.0020900611200219627 0.016400460065847791 -0.024158281925620903 0.013322516387212437 0.019687723251025527 -0.0055951559289833183 0.0147717264152245 0.010436315820131785 0.0030457099901727387 -0.011598090563957986 -0.0056542640557244979 -0.0029837663524696113 0.010406404792772113 -0.010245228672809966 -0.01255544736884486 0.013479877803863977 0.00089284934281266761 -0.020614347778183838 -0.00096336383180322055 -0.025315482349770674 -0.0058068107255081942 -0.02196378914282494
leaf_weight=17.509253859519958 6.8361513167619767 7.544181793928149 11.658713251352308 69.540169939398766 523.26145665347576 34.276874706149101 553.10397706925869 583.56507097184658 18.854471206665039 18.402352988719944 46.642830863595009 11.581319659948347 65.148658737540245 23.114978671073914 244.48250466585159 93.361237570643425 37.447510406374931 106.12363636493683 264.55963662266731 6.8213270008563986 5.4831775873899478 6.4641215652227393 9.2609323710203153 7.6961152553558341 14.573589101433756 8.2576634436845762 16.409446701407433 7.1492560654878607 5.4954504668712616
leaf_count=76 21 23 36 212 1551 133 1595 1707 50 64 127 35 197 61 685 333 145 381 846 22 22 25 30 22 48 26 56 25 23
internal_value=0.000185535 0.00038102 0.00159104 0.00511053 -0.00145271 -0.00104558 0.000356844 0.000733782 -0.00148015 -0.011443 0.00296134 0.00045358 0.00621438 -0.000122023 0.00799963 -0.00546087 -0.0011799 -0.0093916 0.000142427 -0.0101841 -0.0135871 -0.00604561 0.00248733 -0.0149721 -0.00914505 -0.0139715 -0.0201686 -0.0195487 -0.0177054
internal_weight=2824.63 2773.59 1672.04 432.662 1101.55 1070.61 1239.38 1202.17 602.42 37.2103 599.747 799.402 402.286 88.2636 314.023 271.209 130.809 140.401 787.821 51.0343 44.2129 26.7037 15.7251 30.9417 30.3754 22.8313 23.2456 25.5516 10.9786
internal_count=8577 8379 4856 1252 3523 3424 3604 3479 1757 125 1722 2432 1155 258 897 992 478 514 2397 198 176 100 55 99 97 74 77 89 45
is_linear=0
shrinkage=0.03


Tree=98
num_leaves=31
num_cat=0
split_feature=48 48 23 48 19 63 53 57 57 92 29 57 69 4 65 64 83 43 92 95 11 8 43 83 68 20 53 29 61 83
split_gain=50.2959 17.9265 8.78904 8.26339 7.26248 8.04952 7.80825 7.07273 6.74976 5.84197 5.10752 4.97802 6.54324 6.99747 6.83957 6.01833 5.91176 5.65265 4.70857 4.70155 5.92216 5.72624 8.87443 5.54823 5.3281 5.32205 4.75092 4.39331 4.34069 4.13122
threshold=13.989131863564355 -95.317053924325919 0.41987179487179493 92.887083652277411 0.48333333333333339 1.341666666666667 3.2250000000000005 0.42728621526841115 0.48092651823115501 0.70357443482443505 -0.99107142857142838 0.43211586471050928 0.95833333333333337 1.1291666666666669 1.6961538461538463 1.5477272727272731 -0.060606060606060601 1.0000000180025095e-35 0.03321382159101461 -0.33013316462607784 -0.082692307692307662 -0.26153846153846144 1.0000000180025095e-35 -0.31212121212121202 0.88194444444444453 -0.012121212121212114 4.8750000000000009 0.93253968253968267 5.9519429434377562 0.24242424242424257
decision_type=2 2 2 2 2 2 2 2 2 2 2 2 2 2 2 2 2 2 2 2 2 2 2 2 2 2 2 2 2 2
left_child=1 11 4 19 9 7 -7 -6 28 10 -3 16 13 -13 17 -15 18 -14 -1 21 -21 22 27 -23 -24 26 -22 -2 -5 -11
right_child=3 2 -4 8 5 6 -8 -9 -10 29 -12 12 14 15 -16 -17 -18 -19 -20 20 25 23 24 -25 -26 -27 -28 -29 -30 -31
leaf_value=-0.0085912595790185609 0.0074333793620610985 0.0091386674026622001 0.012337759503363428 -0.018582917707150978 0.0042865520714322342 -0.00045300558545815562 0.0099061524213905194 -0.0065456683427189688 0.012883410017063838 0.0052390389564641385 0.0011042601728905783 -0.011356874593161266 0.0017299338193996385 0.005634291446682275 0.024017289662313573 0.016630556414161328 0.017545069687221065 -0.016025520296174683 0.012909084034006859 0.0023039402768031568 -0.012306503322092901 0.013994670746794408 -0.0023368912342736866 -0.0086660281303010921 0.03041906649150199 -0.0042693929098021567 0.01132534404594532 -0.010770976074499582 -0.009064534276025606 0.028616853775307611
leaf_weight=16.518840789794922 26.109931483864784 85.094842717051506 58.481938391923904 59.788327649235725 65.279704064130783 343.58677320182323 79.75449150800705 296.19916877150536 9.72218009829521 15.665925532579424 421.97886288166046 12.503509715199469 117.33638328313828 93.992571800947189 9.8970760703086835 89.51574045419693 83.022856146097183 17.669987708330154 18.145763039588928 76.381474286317825 149.72497998178005 10.539370641112326 5.610599651932719 60.455127567052841 16.39308263361454 297.00771309435368 7.1792389601469031 20.280984103679657 177.48885624110699 12.464421033859251
leaf_count=40 95 230 156 286 195 972 227 888 41 42 1222 33 298 242 24 220 206 47 46 236 537 36 22 205 55 1045 25 88 786 32
internal_value=-9.38782e-05 0.00276873 0.00105471 -0.00583083 0.000543597 -0.00129087 0.00151026 -0.00457477 -0.0105218 0.00323663 0.0024738 0.00790085 0.00601734 0.00957905 0.00114621 0.0110756 0.013235 -0.000672631 0.00262572 -0.00408307 -0.00537047 0.000796731 0.00695925 -0.00511264 0.0221979 -0.00667069 -0.0111413 -0.000521167 -0.0115435 0.0163274
internal_weight=2753.79 1837.11 1378.51 916.682 1320.02 784.82 423.341 361.479 246.999 535.204 507.074 458.603 340.915 196.012 144.903 183.508 117.687 135.006 34.6646 669.683 530.293 139.389 68.3946 70.9945 22.0037 453.912 156.904 46.3909 237.277 28.1303
internal_count=8577 5120 3964 3457 3808 2282 1199 1083 1113 1526 1452 1156 864 495 369 462 292 345 86 2344 1843 501 260 241 77 1607 562 183 1072 74
is_linear=0
shrinkage=0.03


Tree=99
num_leaves=31
num_cat=0
split_feature=48 121 96 116 5 66 53 17 93 95 75 17 31 85 93 90 14 48 16 46 61 58 121 84 85 118 118 57 34 11
split_gain=45.8043 18.4108 12.0295 8.88319 7.94271 6.227 6.00429 6.52576 6.79296 5.84405 7.09641 5.56879 5.38903 8.45487 4.65168 7.88173 4.76194 4.5177 4.33626 4.53665 4.07394 4.77818 6.46348 6.49665 6.44672 6.07745 4.04658 4.51986 4.18244 4.15257
threshold=-28.661921005916835 0.67261904761904778 -0.043869407904620857 0.84807692307692328 -0.86282051282051253 3.2863636363636366 2.9000000000000004 -0.44603174603174595 0.43888888888888883 0.098090255296045051 2.7029411764705888 0.31969696969696976 1.267857142857143 0.59797979797979806 -0.25679172679172685 -0.30992238562091495 -0.068686868686868699 6.0459583760720088 0.51666666666666672 1530.0604719428341 6.8829500287054701 0.24663245116082153 1.6220238095238098 -1.109126984126984 0.5265151515151516 -0.029999999999999992 -1.9999999999999996 0.44822791659419875 -0.6583333333333331 -0.098951048951048934
decision_type=2 2 2 2 2 2 2 2 2 2 2 2 2 2 2 2 2 2 2 2 2 2 2 2 2 2 2 2 2 2
left_child=4 5 3 12 26 11 7 -4 -9 10 -5 14 17 -14 16 -16 -2 -3 -8 -20 21 24 23 -23 -6 -26 27 -1 -28 -30
right_child=1 2 6 9 20 -7 18 8 -10 -11 -12 -13 13 -15 15 -17 -18 -19 19 -21 -22 22 -24 -25 25 -27 28 -29 29 -31
leaf_value=0.024425450864301014 0.0047330957699927134 0.0154713031009816 -0.010363406274081022 0.010048268382295807 -0.0025853113602559157 0.022683511084550561 -0.010032153454122353 0.0025527102589907942 0.016744364957473949 -0.0044892375557693057 0.023504500367880553 -0.010096223198988835 -0.0029519248208711092 0.026409974736270735 -0.0055010108353003625 0.0025765042301104236 -0.0084996133476488919 0.0058347147935121713 -0.0035206248703286164 0.017742005136402953 0.0039030687845864271 0.0062788590518836635 0.019009094127956642 -0.00850000857022566 0.0010764334164572651 0.039129901654672325 0.0088647409766910244 -0.0082618676728243353 -0.013079514933204681 0.0068135304783187326
leaf_weight=5.3157445043325415 30.859806105494499 49.805512100458145 26.756452053785324 102.37570238113403 203.53424413502216 8.9954139143228513 65.460635334253311 171.84170706570148 36.23519079387188 14.507800847291945 56.615454286336899 56.905540227890015 101.685645788908 8.6531351208686811 140.66409823298454 465.46649706363678 104.27179549634457 375.30856902897358 34.006854847073555 11.139455318450926 52.986785337328911 28.116529151797295 7.5794776380062094 338.23764954507351 9.2741502970457059 5.6493079513311377 7.9806506484746924 8.55157522857189 206.39374656975269 9.1034050136804563
leaf_count=23 96 160 72 319 677 30 179 515 115 40 201 170 288 29 425 1404 300 1112 97 36 175 100 26 1093 31 22 30 33 746 33
internal_value=-9.80879e-05 0.00256957 0.00517844 0.00741297 -0.00572379 -0.000836852 0.000575661 0.00329488 0.00510671 0.0133144 0.0149756 -0.00113373 0.00547392 -0.0004058 -0.000428982 0.000691049 -0.00544307 0.00700442 -0.00514852 0.00193151 -0.00397978 -0.00469531 -0.00675217 -0.00734361 -0.00114618 0.0172228 -0.0104169 0.00486645 -0.011396 -0.0121977
internal_weight=2744.28 1861.56 1054.39 708.952 882.723 807.163 345.44 234.833 208.077 173.499 158.991 798.168 535.453 110.339 741.262 606.131 135.132 425.114 110.607 45.1463 645.378 592.391 373.934 366.354 218.458 14.9235 237.345 13.8673 223.478 215.497
internal_count=8577 5588 3163 2149 2989 2425 1014 702 630 560 520 2395 1589 317 2225 1829 396 1272 312 133 2124 1949 1219 1193 730 53 865 56 809 779
is_linear=0
shrinkage=0.03


Tree=100
num_leaves=28
num_cat=0
split_feature=116 14 92 73 121 47 10 67 31 116 35 92 3 8 44 17 24 5 85 48 93 25 83 67 30 3 26
split_gain=6.15 6.87893 6.3981 5.89826 5.67824 7.52787 7.18856 7.37149 6.95915 6.19755 5.33222 5.11955 4.83306 4.71314 6.12734 5.85203 5.3179 5.42779 5.1101 4.41661 4.21311 4.11374 2.58407 2.53813 3.84861 4.33566 1.71649
threshold=-1.5916666666666663 0.23205128205128209 -0.14149659863945593 2.1547619047619051 -0.42857142857142855 1462.0313396283952 0.07417582417582419 1.4772727272727275 0.38750000000000007 -0.3000000000000001 2.1982142857142866 -0.15018696581196586 1.8090909090909093 0.50555555555555565 1.5000000000000002 -1.0000000180025095e-35 1.8333333333333337 -1.1547619047619044 -1.9857142857142853 71.735771497749411 0.4919854601919818 2.1666666666666674 0.37436868686868696 2.954545454545455 0.64583333333333337 0.85164835164835173 1.0000000180025095e-35
decision_type=2 2 2 2 2 2 2 2 2 2 2 2 2 2 2 2 2 2 2 2 2 2 2 2 2 2 2
left_child=21 2 3 11 5 -4 7 -6 -8 -7 20 12 -2 14 18 -15 17 -17 -3 -20 -5 23 -23 -1 25 -25 -13
right_child=1 13 4 10 6 9 8 -9 -10 -11 -12 26 -14 15 -16 16 -18 -19 19 -21 -22 22 -24 24 -26 -27 -28
leaf_value=-0.024540673029508488 0.00057013807499987728 -0.013859600919226566 0.018818339606835776 -0.016250318677456251 -0.0017031333347180722 -0.00061287052483265244 0.0095770288816237892 -0.021867153138904121 0.001913466778455828 -0.010330263287433734 0.017427583634766947 -0.0060845882902813989 -0.0044818160541730953 -0.026140237203173999 -0.017657370597121289 -0.02411245851365957 0.023887148401893252 0.0019061570017202764 0.010594256268167785 -0.0044177830679043399 -0.0036376035242308303 0.014031378207482769 -0.010524320468318729 -0.013000027067842656 -0.020908987889919864 0.019137920601172941 -0.026180638429219732
leaf_weight=14.644789338111876 598.09768807888031 8.1611092090606672 12.760020077228544 52.026975497603416 121.31517234444618 174.8673309981823 118.75948485732079 17.980831533670425 1007.7113845944405 88.877716779708862 5.6154881417751303 8.6218723207712191 236.8499922901392 7.0409183204174033 7.6779694408178321 7.6286869496107093 7.0121063590049735 42.604678601026535 174.90363647043705 18.758172824978828 45.967166349291801 8.1274237334728223 5.6373322010040274 6.7385414689779299 10.330165058374403 6.3491274267435074 8.3669579774141294
leaf_count=55 1813 27 32 190 370 514 331 58 2916 270 19 26 864 23 25 25 19 124 491 62 170 24 20 22 38 20 29
internal_value=0.000188954 0.000383127 -0.000111282 -0.00204012 0.00108237 -0.00280104 0.00193461 -0.00446467 0.00273185 -0.00392545 -0.00876842 -0.00120901 -0.00086301 0.00488864 0.00706449 -0.00215583 0.00114077 -0.00238012 0.0081022 0.00910955 -0.0104608 -0.00994888 0.00373978 -0.014945 -0.008062 0.00262966 -0.0170538
internal_weight=2823.43 2771.61 2497.82 955.546 1542.27 276.505 1265.77 139.296 1126.47 263.745 103.61 851.937 834.948 273.787 209.501 64.2864 57.2455 50.2334 201.823 193.662 97.9941 51.8274 13.7648 38.0626 23.4178 13.0877 16.9888
internal_count=8577 8398 7602 3111 4491 816 3675 428 3247 784 379 2732 2677 796 605 191 168 149 580 553 360 179 44 135 80 42 55
is_linear=0
shrinkage=0.03


Tree=101
num_leaves=31
num_cat=0
split_feature=119 48 48 46 63 61 16 121 92 68 7 64 29 61 50 58 84 60 8 5 58 57 69 4 65 64 83 48 72 84
split_gain=47.7139 15.8957 8.80532 6.20773 9.04366 6.06818 9.65054 9.41814 9.25093 6.93209 6.66071 5.55404 5.00103 7.05556 6.10429 5.71771 5.39046 4.75183 4.7419 5.74031 5.3719 4.65468 6.19974 6.72444 6.56321 5.75886 5.64435 5.30806 4.68396 4.21415
threshold=0.086126373626373667 -95.317053924325919 82.754806232010665 1421.3706810725459 1.1937500000000003 5.8185970451577838 0.10555555555555557 -0.42857142857142855 -0.14149659863945593 1.4365079365079367 1.2071428571428573 2.1464285714285718 -0.29166666666666652 6.959873120617643 0.22500000000000003 0.26135474462939257 -0.19999999999999998 2.6158115118767227 0.36515151515151517 0.50714285714285723 0.23846765317353555 0.43211586471050928 0.95833333333333337 1.1291666666666669 1.6961538461538463 1.5477272727272731 -0.060606060606060601 -175.44621511550108 1.720779220779221 -0.63961038961038952
decision_type=2 2 2 2 2 2 2 2 2 2 2 2 2 2 2 2 2 2 2 2 2 2 2 2 2 2 2 2 2 2
left_child=1 21 11 4 -3 7 -7 10 -9 -8 -5 12 14 17 29 -15 -16 -14 19 -4 -20 26 23 -23 27 -25 28 -24 -1 -2
right_child=2 3 18 5 -6 6 9 8 -10 -11 -12 -13 13 15 16 -17 -18 -19 20 -21 -22 22 24 25 -26 -27 -28 -29 -30 -31
leaf_value=-0.0068654392455845025 -0.0061768558991735917 0.00084319978380856643 -0.0052990237171319362 0.01426712282740198 0.022552556003440322 -0.016584237235027249 -0.0027355333705075804 0.0094105401901082922 -0.0015325095079130801 0.0038993869398385363 0.0006551512848864524 -0.022932077705767644 -0.0098624537017278861 0.021555033977344751 0.0015312987503852224 -0.0090851728923050223 -0.016058467993330279 -0.0034355063956216722 0.027247983357604848 -0.014306943790954303 -0.0067666296290928756 -0.011213323936989926 0.010647031752229176 0.0054704604723009803 0.023491722861406494 0.016228405591616347 0.017101451117906716 -0.0038084014822762869 0.014750257416532988 0.0081953744265081205
leaf_weight=19.738994300365448 21.897742167115211 42.814954549074173 109.67728188633919 93.198036044836044 28.388835072517395 34.151731893420219 405.51477055251598 86.240047082304955 340.68379946053028 216.44682794809341 50.15302200615406 12.103230476379393 148.93111029267311 15.177577510476114 34.497265696525574 7.4338374882936469 27.104095801711082 349.53764255344868 5.5299238264560726 161.68011450767517 10.588946416974066 12.481389433145521 28.059090405702591 94.034088104963303 9.8988818228244764 89.441173136234283 82.380028188228607 105.81244403123856 14.911177784204481 91.25114418566227
leaf_count=49 69 116 450 247 76 96 1191 247 971 614 137 42 536 48 108 25 86 1245 21 774 40 33 69 242 24 220 204 273 37 287
internal_value=-9.50313e-05 0.00288019 -0.00533931 0.00118085 0.0097327 0.000674359 -0.00128911 0.00293692 0.000687838 -0.000419168 0.00956313 -0.00352602 -0.00315175 -0.00462358 0.00122131 0.0113964 -0.00629302 -0.00537764 -0.00976658 -0.01071 0.00563759 0.00768813 0.00586413 0.00932401 0.00109582 0.0107906 0.0128631 -0.000699863 0.00250522 0.00535789
internal_weight=2749.76 1754.35 995.41 1297.59 71.2038 1226.39 656.113 570.275 426.924 621.962 143.351 707.934 695.83 521.08 174.75 22.6114 61.6014 498.469 287.476 271.357 16.1189 456.757 339.727 195.957 143.77 183.475 117.03 133.872 34.6502 113.149
internal_count=8577 4846 3731 3695 192 3503 1901 1602 1218 1805 384 2446 2404 1854 550 73 194 1781 1285 1224 61 1151 861 495 366 462 290 342 86 356
is_linear=0
shrinkage=0.03


Tree=102
num_leaves=31
num_cat=0
split_feature=49 121 92 116 116 90 92 92 53 17 93 95 75 31 91 32 49 29 93 80 119 92 7 37 95 73 33 49 93 46
split_gain=42.6941 17.9987 10.8602 8.37203 7.90685 6.73914 6.30363 7.80055 6.18012 7.12246 6.2847 5.63248 7.41623 5.55649 7.27668 5.45666 5.30419 4.95784 4.81902 4.5084 6.80563 5.51377 4.47355 3.99925 4.43143 4.12788 3.88654 4.09113 5.03672 3.87975
threshold=0.46322358103293665 0.67261904761904778 -0.060810288179513609 0.84807692307692328 -0.66515151515151494 -0.30992238562091495 0.50007014590347942 0.39748188405797097 2.9000000000000004 -0.44603174603174595 0.43888888888888883 0.098090255296045051 2.7029411764705888 1.267857142857143 0.72879178113553134 -1.696428571428571 0.50774429365871632 0.61309523809523825 -0.25679172679172685 9.5000000000000018 -0.65871290545203587 0.35024154589371986 0.96666666666666679 -2.4999999999999996 -0.28931235004289574 1.1180555555555558 0.94821428571428579 0.4712557731233516 0.76318922305764414 1519.9370552948808
decision_type=2 2 2 2 2 2 2 2 2 2 2 2 2 2 2 2 2 2 2 2 2 2 2 2 2 2 2 2 2 2
left_child=4 5 3 13 19 26 7 18 9 -4 -11 12 -5 16 -15 -6 -3 -10 -7 20 21 -1 -23 -17 25 -25 27 -2 -29 -26
right_child=1 2 8 11 15 6 -8 -9 17 10 -12 -13 -14 14 -16 23 -18 -19 -20 -21 -22 22 -24 24 29 -27 -28 28 -30 -31
leaf_value=-0.013982798538997981 0.012687373971590806 0.016510728040278116 -0.011027201202196902 0.0095781032444041628 -0.017507851601201354 -0.0045675839010402459 -0.013332058779989341 0.024761069290495919 -0.011120561895518024 0.0028931516882774889 0.016678046015910011 -0.0045186781314660801 0.023275292301083394 -0.0030530164593121569 0.024246222483052474 -0.016477644309275983 0.0056922382811623049 0.0016149356582893743 0.0020866754473742597 -0.011067691387015469 0.023025623386400455 0.027230424127909707 -0.0030166012867090153 0.025298782178800994 -0.0039978540607906021 0.0015232766813625012 -0.015081421891498654 -0.007774667580598622 0.012482966663040742 0.0035440195499975382
leaf_weight=28.665770038962364 11.220853358507155 45.68780043721199 25.811152547597885 103.03069841861725 22.857839852571487 123.23635649681091 27.213071763515472 11.367611616849898 57.62302853167057 166.31119109690189 35.687104299664497 14.506226837635039 56.82346385717392 100.22913452982903 8.61729449033737 17.81242136657238 376.34851804375648 50.742192074656487 460.12453964352608 247.2548024058342 7.6294252425432196 5.3791042566299465 13.22208648920059 8.230096757411955 474.38515861332417 24.414715230464935 35.259934276342392 99.521304458379745 11.402409806847571 69.282982751727104
leaf_count=104 39 147 69 321 77 359 79 40 158 499 113 40 203 283 29 53 1114 148 1384 901 30 23 49 30 1540 80 102 298 38 227
internal_value=-0.000100115 0.00255928 0.00513811 0.00725125 -0.00536858 -0.000885053 0.000516668 0.0011767 0.000687813 0.00349756 0.00541347 0.0129574 0.0145801 0.00535068 -0.000663391 -0.00340446 0.00690675 -0.00516947 0.000670403 -0.0093449 -0.00147253 -0.00588409 0.00652018 -0.00282831 -0.00237343 0.00818028 -0.00641081 -0.00378133 -0.00557255 -0.0030265
internal_weight=2739.9 1820.76 1041.42 705.243 919.134 779.346 621.942 594.729 336.175 227.809 201.998 174.36 159.854 530.883 108.846 616.983 422.036 108.365 583.361 302.151 54.8964 47.267 18.6012 594.125 576.313 32.6448 157.405 122.145 110.924 543.668
internal_count=8577 5463 3124 2137 3114 2339 1862 1783 987 681 612 564 524 1573 312 2007 1261 306 1743 1107 206 176 72 1930 1877 110 477 375 336 1767
is_linear=0
shrinkage=0.03


Tree=103
num_leaves=31
num_cat=0
split_feature=59 5 25 84 17 20 58 66 57 90 11 59 90 30 59 25 84 84 60 43 70 66 14 61 60 75 87 54 57 72
split_gain=6.37744 6.96351 6.24902 5.47291 6.57322 5.29861 5.13865 5.09643 8.45743 6.57555 6.18582 5.82941 5.41253 6.24809 6.074 5.09328 6.35991 6.34143 6.30741 6.40645 6.05393 5.83214 4.97616 4.9371 4.84849 4.66578 8.51588 4.54648 4.38113 5.92196
threshold=0.32468653971244649 0.75568181818181845 1.5000000000000002 -0.50252525252525237 -0.094318181818181815 0.071428571428571438 0.23846765317353555 1.1909090909090911 0.43509548206800192 0.2408609908609908 -0.32261904761904753 0.33638584662518384 -0.3267992424242423 1.0625000000000002 0.33250155666251563 0.83333333333333337 0.67171717171717193 0.099999999999999936 3.2412006772831519 1.5000000000000002 1.2361111111111114 1.3166666666666669 -0.39230769230769219 6.5213569628644246 3.259720876138787 3.4868421052631584 0.64852941176470602 2.7083333333333335 0.41049311354437684 2.1909090909090914
decision_type=2 2 2 2 2 2 2 2 2 2 2 2 2 2 2 2 2 2 2 2 2 2 2 2 2 2 2 2 2 2
left_child=1 5 3 -3 24 15 -6 8 25 10 23 12 13 -10 -14 18 17 -17 19 -1 -20 -18 -12 -9 -5 26 -2 -4 -11 -30
right_child=7 2 27 4 6 -7 -8 9 11 28 22 -13 14 -15 -16 16 21 -19 20 -21 -22 -23 -24 -25 -26 -27 -28 -29 29 -31
leaf_value=0.003908495780647437 0.015971067973425186 -0.013940765687574476 0.013069691410217139 -0.0077233330094851303 -0.011047365416049414 -0.0097340766951689722 0.016922644518508945 -0.012142729346015802 0.0040272618057386302 0.0071139827208714021 -0.017605812220043 -0.010491498806490421 -0.016541440217013752 0.029489989714313235 0.013000057240754086 0.0012846240825920925 0 -0.0044991699575644842 0.0023315057585226386 0.015650320151218602 -0.02062685213769893 0.020781427985880875 0.0046474713400400302 0.012172769439871578 0.017467047021601741 0.0005581319330507814 -0.018180499354087075 -0.013151155746009179 -0.0084864577692398031 0.0099179178576215294
leaf_weight=542.91752672195435 6.3257671147584906 55.029411152005196 27.602688699960709 104.25089627504349 7.0899686515331295 35.226241871714592 21.590257853269577 39.705178543925285 32.653177037835121 22.70227687060833 8.3570478409528715 31.900825679302216 16.428106576204303 11.210950642824171 8.7783026397228223 967.61257204413414 22.476563394069672 206.01851925253868 24.12463952600956 44.748827323317528 16.609506770968437 25.643003702163696 254.98935933411121 8.2500948905944806 6.3583997189998618 20.061095222830772 76.540524870157242 6.5447427928447715 153.97420074045658 16.5283063352108
leaf_count=1577 17 205 86 397 24 110 64 126 96 73 30 103 53 28 25 2821 65 624 68 123 55 67 746 24 22 62 245 27 566 48
internal_value=0.000191924 0.0010185 -0.00391313 -0.00600319 -0.00276887 0.00161945 0.00976792 -0.00226826 -0.0062601 -0.00063981 0.00205024 -4.62434e-05 0.00481605 0.0111142 -0.00603545 0.00184238 0.000709294 0.00026382 0.00403596 0.00483276 -0.00722791 0.0112867 0.00386601 -0.00773507 -0.00610485 -0.0122679 -0.0153783 0.00772763 -0.00497784 -0.00663744
internal_weight=2822.25 2113.84 228.466 194.319 139.29 1885.38 28.6802 708.405 203.899 504.506 311.302 100.971 69.0705 43.8641 25.2064 1850.15 1221.75 1173.63 628.401 587.666 40.7341 48.1196 263.346 47.9553 110.609 102.927 82.8663 34.1474 193.205 170.503
internal_count=8577 6335 825 712 507 5510 88 2242 629 1613 926 305 202 124 78 5400 3577 3445 1823 1700 123 132 776 150 419 324 262 113 687 614
is_linear=0
shrinkage=0.03


Tree=104
num_leaves=31
num_cat=0
split_feature=48 48 116 87 23 92 93 12 75 7 57 25 73 0 82 83 57 69 65 83 17 3 43 72 14 60 30 23 57 34
split_gain=45.2501 16.0435 9.04777 8.26804 8.13542 6.62483 7.72547 7.41335 6.97768 4.63447 5.42625 6.78387 7.02026 5.12681 6.37246 4.79016 4.58688 6.01862 6.33304 5.42551 5.40175 6.07725 5.38212 4.51428 4.50966 4.4658 4.44478 3.66109 3.88317 6.57298
threshold=13.989131863564355 -95.317053924325919 0.95000000000000007 0.55277777777777792 0.41987179487179493 0.63297101449275373 0.25185185185185172 0.07417582417582419 2.5857843137254908 2.1742424242424243 0.48547206979034757 1.1666666666666667 1.7071428571428573 1.5634920634920637 -0.79898989898989881 0.10000000000000005 0.43211586471050928 0.95833333333333337 1.6961538461538463 -0.060606060606060601 0.19848484848484851 1.0801282051282053 1.0000000180025095e-35 1.720779220779221 -1.0000000180025095e-35 2.9340579710144934 0.78888888888888908 -0.2696969696969696 0.44409197252899307 0.36190476190476195
decision_type=2 2 2 2 2 2 2 2 2 2 2 2 2 2 2 2 2 2 2 2 2 2 2 2 2 2 2 2 2 2
left_child=1 16 9 24 5 6 8 -7 -3 10 13 12 -12 14 -2 -15 19 20 22 23 -18 -22 -19 -1 -4 -9 -8 28 -5 -30
right_child=2 4 3 27 -6 7 26 25 -10 -11 11 -13 -14 15 -16 -17 17 18 -20 -21 21 -23 -24 -25 -26 -27 -28 -29 29 -31
leaf_value=-0.0067788703864544581 0.019086357332223351 -0.0019142890061829912 -0.015693541560853647 -0.016251066124836386 0.011835262537128917 -0.0091622480771912564 -0.012752705968626493 0.0048858852866216218 0.0029308429381457528 -0.012624565867414568 -0.016462164737656094 0.031526882455112919 0.018919974173299263 -0.0022883508405066757 -0.0023356197358023406 -0.0094934118528908953 0.00065931797677217234 0.0015799948883002551 0.022994544318052718 0.016717726129801515 0.0058273591939996486 0.018296155826280764 -0.015762377365703815 0.014444253612734067 0.014905891294388124 0.018094555172056898 -0.0016655678153839294 -0.01963062961192448 -0.01776114227223901 0.017174202567367843
leaf_weight=19.729915499687195 11.97329907119274 497.74237401783466 5.2687555104494121 21.289222881197929 58.589822307229042 19.376908153295517 62.280798599123955 54.442654207348824 575.27838353812695 55.452000588178635 10.30702649056912 7.6045531928539267 8.107128441333769 138.34558892250061 329.19089893996716 214.83721327781677 51.561036482453346 117.3018804192543 9.8988300859928113 83.002435594797134 73.650250405073166 70.678384929895401 17.625914394855499 14.908137798309324 13.019921600818632 41.503251641988754 69.18203903734684 75.7064049243927 7.4152010977268246 10.392431572079657
leaf_count=49 38 1458 25 107 156 52 193 144 1636 215 37 25 29 544 1099 835 135 298 24 206 182 178 47 37 51 114 211 368 36 48
internal_value=-9.62784e-05 0.00261162 -0.00556864 -0.012784 0.000990199 0.000497889 -0.000159811 0.00733532 0.000680848 -0.00431212 -0.00365147 0.00952833 -0.000557918 -0.00416266 -0.00152145 -0.00669401 0.00746834 0.00565981 0.000987072 0.0125892 0.00907669 0.0120379 -0.000762701 0.00242033 0.00557843 0.0107582 -0.00699739 -0.015758 -0.0078817 0.00229653
internal_weight=2745.66 1836.75 908.91 133.092 1378.4 1319.81 1204.48 115.323 1073.02 775.818 720.366 26.0187 18.4142 694.347 341.164 353.183 458.357 340.716 144.827 117.64 195.89 144.329 134.928 34.6381 18.2887 95.9459 131.463 114.803 39.0969 17.8076
internal_count=8577 5120 3457 635 3964 3808 3498 310 3094 2822 2607 91 66 2516 1137 1379 1156 864 369 292 495 360 345 86 76 258 404 559 191 84
is_linear=0
shrinkage=0.03


Tree=105
num_leaves=31
num_cat=0
split_feature=48 94 23 5 13 23 116 19 7 17 26 96 52 120 46 17 26 76 120 27 118 34 27 61 58 85 118 84 116 84
split_gain=40.9094 16.0282 8.49081 7.53498 7.46214 6.07415 5.88341 6.47478 5.05163 5.66729 4.9867 4.68378 5.62175 7.072 5.42508 5.05436 4.48839 4.4574 4.44826 4.67167 3.94107 4.05223 3.92142 3.89668 4.63486 6.14013 5.69617 5.50742 6.85698 6.79794
threshold=-28.661921005916835 0.16644325290437897 -0.15119047619047618 -0.86282051282051253 0.069047619047619066 -0.25137362637362631 0.95000000000000007 0.53589743589743599 2.0333333333333337 0.11111111111111115 0.83333333333333359 0.035956013202123376 0.36666666666666675 -0.26969696969696971 1490.6881694203732 -0.039880952380952371 1.1666666666666672 0.45804195804195807 0.70714285714285741 1.8452380952380956 -1.9999999999999996 -0.6583333333333331 1.4642857142857146 6.8829500287054701 0.24663245116082153 0.5265151515151516 -0.029999999999999992 0.094065656565656644 -0.15192307692307702 -1.109126984126984
decision_type=2 2 2 2 2 2 2 2 2 2 2 2 2 2 2 2 2 2 2 2 2 2 2 2 2 2 2 2 2 2
left_child=3 8 5 20 17 18 7 -6 11 10 -10 15 13 -13 -14 16 -2 -4 19 -3 -1 -22 -20 24 25 -5 -27 29 -29 -26
right_child=1 2 4 23 6 -7 -8 -9 9 -11 -12 12 14 -15 -16 -17 -18 -19 22 -21 21 -23 -24 -25 27 26 -28 28 -30 -31
leaf_value=0.0050459077278205604 0.0014529494579977645 0.0076735238292454577 -0.019445205628582495 -0.0023693229712198715 0.001712224315424947 0.015513183871994133 0.013421984220676633 0.016928788362878699 0.012443981782735843 -0.012659194309807408 -0.00087810603689832177 0.0027807339043909598 -0.0014487033076827894 -0.0086309939120331729 0.017027386796737359 -0.0016421898653551366 0.009265850599653529 -0.00031161268126176695 -0.0098819966879240377 -0.011738348542824826 0.008898527522835915 -0.011840993736752984 0.010501432494530555 0.0039609822116056653 0.0050087051471000496 0.001181513379317033 0.037946288180743422 -0.0046003333855843109 0.014894744982397345 -0.010057013527841259
leaf_weight=13.794153869152067 270.55030779540539 21.443565562367439 17.670727506279945 202.33880822360516 295.75085857510567 109.78997492790222 57.392301678657532 26.639770150184631 75.305298328399658 12.275334045290945 37.028698086738586 65.690449416637421 45.482889488339424 181.7016216814518 19.614720389246941 357.97356650233269 87.41195422410965 27.400731325149536 8.2019578516483289 21.106528431177139 7.9699550718069068 212.04535949230194 122.22054408490658 52.909166291356087 29.230381265282631 9.2444553673267347 5.7332740277051917 65.330743327736855 20.497039273381233 255.91258880496025
leaf_count=56 793 65 46 677 866 353 182 86 239 36 105 209 137 525 64 1071 265 80 22 55 30 779 389 175 103 31 22 221 71 824
internal_value=-0.000102763 0.00241179 0.00596279 -0.0054499 0.00325897 0.00998895 0.00463716 0.00302734 0.000226664 0.00590795 0.00805715 -0.000463866 -0.00352411 -0.00558974 0.00424637 0.000870731 0.00338966 -0.00813749 0.00639633 -0.00193508 -0.0100601 -0.0110393 0.0091313 -0.0037511 -0.00445534 -0.000953517 0.0169365 -0.00649059 0.000138773 -0.00849002
internal_weight=2735.66 1860.65 707.617 875.006 424.854 282.763 379.783 322.391 1153.03 124.609 112.334 1028.43 312.49 247.392 65.0976 715.936 357.962 45.0715 172.973 42.5501 233.809 220.015 130.423 641.196 588.287 217.317 14.9777 370.971 85.8278 285.143
internal_count=8577 5588 2144 2989 1260 884 1134 952 3444 380 344 3064 935 734 201 2129 1058 126 531 120 865 809 411 2124 1949 730 53 1219 292 927
is_linear=0
shrinkage=0.03


Tree=106
num_leaves=31
num_cat=0
split_feature=116 62 66 77 29 28 34 85 84 78 62 96 47 75 84 121 6 13 117 117 117 6 25 53 57 32 30 32 13 6
split_gain=5.77709 6.35311 5.45762 7.37961 8.61209 7.17518 6.65835 6.13316 6.41869 6.1667 6.01981 7.4491 5.63607 5.55061 5.42584 5.95197 6.238 8.02428 5.44263 5.24679 4.24213 7.13472 4.03298 3.4262 3.18559 3.06935 2.81293 2.03843 1.98089 1.60641
threshold=-1.5916666666666663 1.7029411764705884 1.9545454545454548 0.52786377708978338 -0.29166666666666652 0.61250000000000016 1.6636904761904765 -0.42640692640692635 0.099999999999999936 0.55277777777777792 0.59411764705882364 0.22629316914073216 1470.8372005955596 2.5811403508771935 0.52929292929292948 -0.42261904761904745 1.7596153846153848 0.27922077922077926 0.33452380952380972 -0.5964285714285712 -0.34285714285714269 1.2182539682539686 2.1666666666666674 2.4500000000000006 0.43367727120654526 1.5416666666666667 0.69047619047619058 -0.86805555555555547 1.0000000180025095e-35 2.759615384615385
decision_type=2 2 2 2 2 2 2 2 2 2 2 2 2 2 2 2 2 2 2 2 2 2 2 2 2 2 2 2 2 2
left_child=22 2 7 5 27 -4 -7 8 13 -10 26 -12 -6 -2 15 28 19 -18 20 -17 25 -22 24 -24 -1 -16 -9 -5 -3 -26
right_child=1 14 3 4 12 6 -8 10 9 -11 11 -13 -14 -15 18 16 17 -19 -20 -21 21 -23 23 -25 29 -27 -28 -29 -30 -31
leaf_value=-7.0498178231106714e-05 0.0076684617203245002 4.8748987425235661e-05 -0.014009618403455293 -0.0048484555666021304 -0.013555773526364313 0.016380075573554073 -0.0034914129673842029 0.0160084757733258 -0.0042021273261838013 0.011596006275598533 1.4068619370389215e-05 -0.0063566623090695823 0.010277457944912074 0.0018380289777422956 0.02060958494211422 -0.0093080212085373364 0.0126781554282887 -0.013097274699916185 0.022524845002206591 -0.0016735578078748137 0.0095288889094665985 -0.026205754684573854 0.016729695803059785 -0.011347429398358559 -0.02336474513038047 -0.0031157349657415061 -0.0020869174404230238 -0.026675276139086743 -0.017251775022257668 -0.0036038864582233774
leaf_weight=10.286276414990423 246.42547218501568 6.7835159152746192 8.7655585557222349 7.0303249359130886 10.598453938961027 86.534496784210205 17.691591948270798 26.868645206093788 165.90218524634838 24.611995339393616 979.67221242189407 197.45721669495106 37.622900828719139 368.58730044960976 10.441212996840475 109.28312805294991 45.337591871619225 13.212967470288275 13.411053255200384 313.11739264428616 8.7646342813968712 9.4621750861406309 7.4863676875829679 6.2199908643960953 21.96884943544865 7.8500891774892798 10.022814333438872 10.906055837869642 33.315789610147476 5.3468241691589347
leaf_count=35 683 21 31 23 36 236 50 72 494 67 2883 592 109 1074 29 459 130 44 33 1062 27 34 22 22 82 30 30 38 111 18
internal_value=0.000196168 0.000383613 0.00111682 0.00612235 -0.00178405 0.010753 0.0129774 0.000668502 0.00269717 -0.00209565 -0.000676201 -0.00105653 0.00480928 0.00418771 -0.00243157 -0.00334358 -0.0023942 0.00668884 0.00690582 -0.00367314 0.000642384 -0.00926431 -0.00967885 0.003879 -0.014671 0.0106382 0.0110877 -0.0189863 -0.0143221 -0.0198665
internal_weight=2820.99 2769.68 2198.7 179.149 66.1577 112.992 104.226 2019.55 805.527 190.514 1214.02 1177.13 48.2214 615.013 570.98 521.05 480.951 58.5506 49.9292 422.401 36.5181 18.2268 51.3083 13.7064 37.602 18.2913 36.8915 17.9364 40.0993 27.3157
internal_count=8577 8398 6418 523 206 317 286 5895 2318 561 3577 3475 145 1757 1980 1827 1695 174 153 1521 120 61 179 44 135 59 102 61 132 100
is_linear=0
shrinkage=0.03


Tree=107
num_leaves=31
num_cat=0
split_feature=49 67 116 4 46 81 121 57 96 29 49 55 91 14 91 33 54 58 29 75 8 93 7 57 34 81 46 118 78 11
split_gain=42.8687 16.9464 8.74209 8.44247 7.89272 7.48925 10.8148 6.62516 6.98189 6.79288 6.54839 6.24299 6.14951 6.09078 5.68115 5.48838 5.46328 5.27338 8.66988 7.21005 4.52156 5.87927 4.4821 5.21071 6.52304 6.05267 5.03791 5.27697 5.15897 4.39009
threshold=0.52012110685964197 1.9545454545454548 0.95000000000000007 0.63068181818181823 1447.470798167268 14.500000000000002 0.055357142857142889 0.44925543154535458 0.32858615670736641 -1.9267857142857141 0.41333470720839588 0.36666666666666675 -0.052326839826839826 0.30801282051282058 -0.25011337868480737 1.5601190476190478 0.36666666666666675 0.2627834325891128 -1.0813492063492063 3.8062500000000004 0.076923076923076997 -1.0000000180025095e-35 2.1742424242424243 0.48547206979034757 0.93095238095238109 15.500000000000002 1540.1729549444187 -0.082500000000000004 0.59411764705882364 -1.0000000180025095e-35
decision_type=2 2 2 2 2 2 2 2 2 2 2 2 2 2 2 2 2 2 2 2 2 2 2 2 2 2 2 2 2 2
left_child=1 5 22 15 29 6 13 10 9 -9 16 17 -12 -1 -10 -4 -7 19 -19 -6 -8 -22 23 26 -25 -26 27 -2 -28 -3
right_child=2 4 3 -5 11 7 20 8 14 -11 12 -13 -14 -15 -16 -17 -18 18 -20 -21 21 -23 -24 24 25 -27 28 -29 -30 -31
leaf_value=0.0028635181343424246 -0.0078919563203412191 0.015762976983739962 -0.0045978444581984716 -0.015728304194654402 0.0016282730259445362 0.001116619255064299 -0.016981126974642404 0.021520098296535409 0.022843057077959125 -0.0047477311311263396 0.0042911293550272197 -0.0086988111763477913 -0.0035941608026323442 -0.020184319077001873 0.0012407184942115786 0.028632754909695819 0.010988393050293716 0.00028387411856834502 0.015732365651859443 0.011795377418939757 -0.011932831133995384 0.0063877062175602241 -0.012415580734681155 -0.0081074102808261893 0.0028537586749756215 0.040049671348084327 -0.0074583945132537625 0.00023651631300513427 0.020586405369581198 -0.0053405964169575245
leaf_weight=146.9165375828743 94.14764592051506 96.427173912525177 14.154790550470354 112.16379244625568 301.19749857485294 78.146818071603775 54.783787503838539 8.1698823422193509 15.440493881702421 251.25968961417675 217.46182708442211 27.702615201473236 148.97473981976509 10.080405831336973 34.209712117910385 5.3391759842634192 146.49899044632912 49.962182432413101 96.059367164969444 78.800730898976326 41.332757323980331 24.085668593645096 54.999023661017418 10.652407616376879 8.4493638873100263 7.0034547597169867 302.11100192368031 291.06040896475315 5.0290371477603903 9.0560760200023633
leaf_count=429 346 239 62 553 810 200 181 21 40 733 631 77 431 32 90 20 386 126 257 217 124 71 215 41 28 22 1194 956 20 25
internal_value=-9.82091e-05 0.00253397 -0.00543941 -0.0125741 0.00638155 0.000373578 -0.00392622 0.00170389 -0.00184497 -0.00382954 0.00356465 0.00492337 0.00107614 0.0012463 0.00833632 0.00531028 0.00758779 0.00566161 0.0105049 0.00376994 -0.0106614 -0.00514781 -0.0042064 -0.00355742 0.00933514 0.0213035 -0.00406063 -0.00175766 -0.00692414 0.0138899
internal_weight=2741.68 1836.57 905.11 131.658 659.206 1177.36 277.199 900.162 309.08 259.43 591.082 553.722 366.437 156.997 49.6502 19.494 224.646 526.02 146.022 379.998 120.202 65.4184 773.452 718.453 26.1052 15.4528 692.348 385.208 307.14 105.483
internal_count=8577 5120 3457 635 1751 3369 837 2532 884 754 1648 1487 1062 461 130 82 586 1410 383 1027 376 195 2822 2607 91 50 2516 1302 1214 264
is_linear=0
shrinkage=0.03


Tree=108
num_leaves=31
num_cat=0
split_feature=48 121 96 116 120 21 53 17 93 44 31 118 61 93 35 91 8 116 18 88 116 59 94 84 121 8 84 85 65 61
split_gain=38.6462 15.8189 10.3577 7.53833 7.21171 5.7249 5.60366 6.16727 6.0804 5.10907 5.77601 5.07582 4.86937 4.77307 5.66527 4.58044 4.54183 4.48635 4.97365 4.29443 4.25206 4.15879 5.07064 3.92052 3.90506 3.74341 3.73273 4.23878 4.06451 3.71286
threshold=-28.661921005916835 0.67261904761904778 -0.043869407904620857 0.84807692307692328 -1.3315018315018312 0.51666666666666672 2.9000000000000004 -0.44603174603174595 0.43888888888888883 1.5000000000000002 1.2250000000000003 -1.9999999999999996 6.8829500287054701 -0.34438131313131293 4.0535714285714297 0.11931216931216949 -0.33333333333333309 -0.59861111111111098 0.45804195804195807 1.648529411764706 0.46153846153846168 0.33470231067633671 0.25589332486705302 0.67171717171717193 0.48392857142857149 -1.0249999999999997 -0.44200244200244188 -1.0000000180025095e-35 1.2426470588235297 7.0044280632177705
decision_type=2 2 2 2 2 2 2 2 2 2 2 2 2 2 2 2 2 2 2 2 2 2 2 2 2 2 2 2 2 2
left_child=4 5 3 9 11 13 7 25 -9 10 -3 -1 17 21 20 23 19 18 -6 -8 -15 -2 -23 -5 -20 -4 28 29 -14 -28
right_child=1 2 6 15 12 -7 16 8 -10 -11 -12 -13 26 14 -16 -17 -18 -19 24 -21 -22 22 -24 -25 -26 -27 27 -29 -30 -31
leaf_value=0.0049253601611547399 -0.0087663206897392928 0.0060229113295516981 0.0070139368662326977 0.014786733976355049 0.0047398002013088417 -0.011085539576412878 -0.0049135335442614704 0.0024358831326283946 0.015821918829410114 0.017430089120155368 -0.0016836774761030942 -0.01439178777967861 0.023551327229172133 -0.00085767029262945847 0.023958909009575431 -0.0030386920329040367 -0.010269112591946855 -0.0030424811119226999 -0.011254394677236186 0.013397626249242641 0.0050578391367156993 -0.0060969826775180676 0.027241382784580544 -0.0083408772710829634 -0.0011830216773763092 -0.016963567467164632 0.0073761807793370944 0.018091077414056668 -0.0047830408049097505 -0.014456423637923531
leaf_weight=13.098526731133459 86.486092418432236 397.981833294034 7.3842048645019558 150.69753994047642 23.880085900425911 45.14735920727253 29.731416165828705 171.93598812818527 36.523084625601768 27.674897223711014 110.92637822031975 104.97285069525242 13.102460205554964 513.31531110405922 8.323270455002783 15.304177999496458 63.102149665355682 442.33198657631874 189.03424747288227 17.385912165045738 137.790267765522 9.0403298735618574 5.9810899645090094 6.1161394566297522 43.518442839384079 19.275126814842224 9.9835534840822238 6.8506562262773505 6.0632536709308615 18.447308287024498
leaf_count=53 249 1185 22 500 89 139 83 515 115 88 316 399 49 1548 29 43 174 1436 680 55 412 27 21 17 151 50 34 24 18 56
internal_value=-0.000105244 0.00233578 0.00475382 0.00682767 -0.00531678 -0.000824325 0.000481791 0.00310356 0.00485985 0.00504925 0.00433722 -0.0122002 -0.00421902 -0.000197826 0.000733222 0.0122934 -0.00506156 -0.00489492 -0.00805437 0.0019188 0.000395436 -0.00622366 0.0078619 0.0138186 -0.00939568 -0.0102003 0.004333 -0.00143586 0.014646 -0.00669779
internal_weight=2731.41 1860.12 1054.04 708.701 871.283 806.084 345.338 235.118 208.459 536.583 508.908 118.071 753.212 760.936 659.429 172.118 110.219 698.765 256.433 47.1173 651.106 101.508 15.0214 156.814 232.553 26.6593 54.4472 35.2815 19.1657 28.4309
internal_count=8577 5588 3163 2149 2989 2425 1014 702 630 1589 1501 452 2537 2286 1989 560 312 2356 920 138 1960 297 48 517 831 72 181 114 67 90
is_linear=0
shrinkage=0.03


Tree=109
num_leaves=31
num_cat=0
split_feature=116 14 96 57 67 60 60 85 11 1 10 70 19 6 96 85 116 42 118 46 1 6 67 25 70 53 57 65 95 17
split_gain=5.50682 6.49288 5.3536 7.1237 6.45469 6.07643 6.85376 7.62158 5.87154 4.69356 8.29237 5.28031 5.77745 6.67248 5.21526 5.17923 5.51716 5.12119 6.13491 4.79395 4.59276 9.55473 6.16799 3.92563 3.53171 3.28618 3.13214 2.43508 2.39488 1.73977
threshold=-1.5916666666666663 0.23205128205128209 -0.087484733560455011 0.40692561959002066 0.43650793650793657 2.698776472349024 2.6813154163008988 -0.49999999999999978 -0.13333333333333333 1.3923076923076925 0.48333333333333339 0.89444444444444449 0.48333333333333339 1.4226190476190479 -0.062777904800871226 -0.20000000000000001 -0.26396103896103879 2.5000000000000004 -0.007499999999999985 1489.967029938972 2.2928571428571431 0.91287878787878796 2.8452380952380958 2.1666666666666674 0.47727272727272735 2.4500000000000006 0.43367727120654526 0.84807692307692317 -0.28104066312050291 -0.17321428571428565
decision_type=2 2 2 2 2 2 2 2 2 2 2 2 2 2 2 2 2 2 2 2 2 2 2 2 2 2 2 2 2 2
left_child=23 2 5 24 28 6 7 -2 -6 11 15 19 13 -13 -14 -11 -17 18 -12 29 22 -22 -7 26 -4 -25 -1 -26 -5 -3
right_child=1 9 3 4 8 20 -8 -9 -10 10 17 12 14 -15 -16 16 -18 -19 -20 -21 21 -23 -24 25 27 -27 -28 -29 -30 -31
leaf_value=0 0.0052555328300132138 0.03194978218571784 0.010796312914741337 -0.022137435965213018 -0.00062006577534861977 -0.0042033367907498564 0.021735156263952077 -0.0028239428530771687 0.0034305170542243664 -0.0237501705213858 0.0083775743990217189 0.0089161198405321232 -0.0017712694663456533 -0.020207580153202679 0.016973769506934785 0.01481571838155466 -0.015896636002638898 0.028435124831433244 -0.0058737021751416093 -0.0015470212647897337 0.02690361852438946 -0.0032695774798399422 -0.022339254815616317 0.016390343002693025 -0.02020370434139453 -0.011134066381281421 -0.019643491878481256 -0.0058492926438168339 0 0.012788058567782644
leaf_weight=10.258563250303267 162.06801953911781 15.438402369618416 9.2984017580747587 12.891699403524401 517.93386839330196 463.68290987610817 12.505503147840498 294.46393467485905 844.74271754920483 15.453166231513022 76.170542940497398 12.745757326483728 19.803293809294701 13.60463525354862 37.376537546515465 9.4215315580368024 9.6228051781654376 6.9201567620038977 40.867826998233795 7.1791127771139136 11.951950535178183 33.808645471930504 16.687261939048767 7.5303547233343107 11.563426330685614 6.16106216609478 26.972966223955154 96.62761116027832 6.487434357404708 9.4295977354049683
leaf_count=35 495 38 25 43 1505 1576 36 940 2437 50 217 39 65 43 99 26 31 18 122 24 31 100 61 22 38 22 100 295 20 24
internal_value=0.000200242 0.000382672 -9.83947e-05 0.00103226 0.00163814 -0.00180443 0.00067267 4.29174e-05 0.00188942 0.00475749 0.00136441 0.00933205 0.00519318 -0.00619975 0.0105113 -0.0114157 -0.000571952 0.00500801 0.00336825 0.0195456 -0.0040155 0.00495385 -0.00488468 -0.00947727 -0.00602328 0.00388551 -0.0144428 -0.00758194 -0.0151094 0.0255751
internal_weight=2819.67 2768.75 2494.71 1499.55 1382.06 995.168 469.037 456.532 1362.68 274.033 158.456 115.577 83.5302 26.3504 57.1798 34.4975 19.0443 123.959 117.038 32.0471 526.131 45.7606 480.37 50.9229 117.489 13.6914 37.2315 108.191 19.3791 24.868
internal_count=8577 8398 7602 4363 4005 3239 1471 1435 3942 796 464 332 246 82 164 107 57 357 339 86 1768 131 1637 179 358 44 135 333 63 62
is_linear=0
shrinkage=0.03


Tree=110
num_leaves=31
num_cat=0
split_feature=119 48 17 116 85 57 25 6 116 121 32 28 85 3 60 84 96 72 117 67 33 33 85 87 85 32 73 17 34 82
split_gain=40.5078 13.4375 8.36136 6.0651 5.81526 6.22723 5.64377 5.59373 5.56719 5.26954 5.07999 6.7899 5.35036 4.9047 4.74116 7.70733 4.82063 4.60292 4.32778 4.7698 4.3465 5.02158 4.32682 5.9138 4.53055 4.29274 5.79206 5.4572 4.38548 4.27115
threshold=0.086126373626373667 -95.317053924325919 -0.066666666666666666 -0.076619433198380368 -0.95535714285714268 0.4395714980697405 1.1666666666666667 2.5166666666666671 0.74705882352941189 0.62678571428571439 0.18452380952380956 1.267857142857143 -0.46464646464646464 1.6306818181818186 2.474865269075063 -0.74873737373737359 -0.39780948954710788 1.4772727272727275 0.90384615384615397 2.3693181818181821 0.40000000000000013 0.93095238095238109 0.22222222222222229 1.1143790849673205 0.070075757575757472 -0.49603174603174599 0.58571428571428574 -0.044444444444444418 0.58630952380952395 0.90138888888888902
decision_type=2 2 2 2 2 2 2 2 2 2 2 2 2 2 2 2 2 2 2 2 2 2 2 2 2 2 2 2 2 2
left_child=1 18 4 17 5 6 -2 8 14 10 11 -6 -12 22 15 -3 -16 -4 25 20 -20 -22 24 -24 -5 26 -1 -27 -28 -7
right_child=2 7 3 13 9 29 -8 -9 -10 -11 12 -13 -14 -15 16 -17 -18 -19 19 -21 21 -23 23 -25 -26 27 28 -29 -30 -31
leaf_value=-0.010686542312730024 0.002941915577500094 0.0091776169846455816 0.010958189240853984 -0.0011825564475991188 -0.017896078135663736 -0.010241044144719762 0.033000483978520644 0.010428519251000964 -0.022283605699718552 -0.01046910274953214 0.018127834968659995 0.0076503911129549261 -0.0022019252944862956 -0.0088395688204236933 -0.011858455383139758 -0.0087347860063449814 0.0017419415767621438 -0.011982982267954256 0.016810412103676377 0.021714089609535216 -0.01245172486816673 0.0099125981490174615 -0.0011229486309886141 0.02026063263174031 -0.014154559672245395 0.015437460851435887 0.0040799131148549486 -0.0032532360075869311 0.0120950623941569 0.0070250313967664697
leaf_weight=14.002046912908552 23.948803156614307 26.818954288959503 47.670316845178604 193.51355889439583 30.616708010435104 49.127100422978401 6.5615973174571982 54.080562472343445 8.4448055922985059 361.29552407562733 14.563225343823431 12.443633019924162 45.005232110619545 99.623265936970711 22.933646976947784 95.632583856582642 1089.74490891397 8.4149834811687452 24.670023441314697 33.970930874347687 14.559193491935728 20.521276324987411 29.812805682420731 17.746291816234589 26.872766345739365 16.065405249595642 114.66427853703499 78.797651618719101 139.08228203654289 16.353596061468124
leaf_count=37 94 78 147 636 108 199 25 144 27 1572 49 42 156 368 68 284 3094 27 62 86 36 51 102 55 89 41 291 201 346 62
internal_value=-0.000100143 0.00263113 -0.00497156 -0.00177624 -0.00737644 -0.000613568 0.0103437 0.0010691 0.000651612 -0.00876497 -0.00269364 -0.0104395 0.00293598 -0.00318748 0.000828751 -0.0047448 0.00144853 0.00731395 0.0070544 0.012811 0.00742573 0.000459888 -0.0010498 0.0070473 -0.00283464 0.00552713 0.00746379 8.82438e-06 0.00851515 -0.00584296
internal_weight=2737.56 1753.99 983.569 423.654 559.915 95.9911 30.5104 1297.66 1243.57 463.924 102.629 43.0603 59.5685 367.569 1235.13 122.452 1112.68 56.0853 456.333 93.7214 59.7505 35.0805 267.945 47.5591 220.386 362.612 267.749 94.8631 253.747 65.4807
internal_count=8577 4846 3731 1424 2307 380 119 3695 3551 1927 355 150 205 1250 3524 362 3162 174 1151 235 149 87 882 157 725 916 674 242 637 261
is_linear=0
shrinkage=0.03


Tree=111
num_leaves=31
num_cat=0
split_feature=48 121 96 2 32 21 53 7 91 21 22 97 35 75 119 97 117 16 36 70 70 35 33 82 21 59 33 68 55 32
split_gain=36.5587 14.9541 9.70104 6.96719 6.75961 5.52042 5.39788 5.33213 5.1696 4.67427 4.59646 4.42626 6.01155 4.2477 4.17185 5.65955 4.1047 4.09765 4.21498 3.96012 3.78577 5.51312 3.76156 3.69776 3.44305 3.38698 4.57812 3.78623 3.3642 2.99315
threshold=-28.661921005916835 0.67261904761904778 -0.043869407904620857 -1.3315018315018312 1.6636904761904765 0.51666666666666672 2.9000000000000004 1.8257575757575759 0.72879178113553134 0.40833333333333338 0.24038461538461542 -0.21731169408429393 4.0535714285714297 2.3416666666666672 -1.3355353252412072 -0.52388670023419415 1.6375000000000004 0.51666666666666672 -1.0000000180025095e-35 1.4083333333333334 0.68333333333333346 2.0922619047619051 1.7928571428571431 0.79898989898989914 0.34523809523809529 0.3341260505152191 0.28869047619047628 1.2928571428571431 0.45000000000000007 0.40000000000000002
decision_type=2 2 2 2 2 2 2 2 2 2 2 2 2 2 2 2 2 2 2 2 2 2 2 2 2 2 2 2 2 2
left_child=3 5 4 16 7 11 9 8 -3 19 -11 25 22 -9 -5 -16 -1 28 -19 -4 21 -17 -13 -6 -22 27 -27 -2 -8 -7
right_child=1 2 6 14 23 29 17 13 -10 10 -12 12 -14 -15 15 20 -18 18 -20 -21 24 -23 -24 -25 -26 26 -28 -29 -30 -31
leaf_value=-0.013695122051484014 -0.0037475251030648768 0.0038179028515159591 -0.0011328500238545201 -0.0097269456688881765 0.018263319506642374 -0.014134929642349759 -0.012627063392328417 -0.0070576741990652477 0.020939522764712167 -0.00089467668625269547 0.025444221963155163 0.00090256914784836873 0.025038407273375928 0.013547847314099559 0.023583202600783736 -0.00019809751737941359 0.0058944065488696412 -0.01202073142090959 0.0077133639371387546 0.0077078306886316081 -0.0028937370567478807 0.025813994721176764 -0.010854281046170778 -0.00042034951674110583 -0.0081310109857655188 0.022761354979294417 -0.0070259274932263872 -0.016592936094858929 0.0056286983828491175 0.0065193879899976825
leaf_weight=107.09459336102009 71.423883005976677 515.22517009079456 146.72323337197304 102.50928948819637 60.014231249690056 38.212402164936066 55.054751187562943 9.0940661132335645 15.538496375083922 9.2566362172365206 14.445852041244505 610.79391497373581 8.0691634565591794 98.008375927805901 6.0087644308805457 94.603374421596527 9.7917845547199232 12.7368076890707 32.250403329730034 64.777096301317215 377.13358959555626 6.9292865693569174 24.494823098182678 10.876615881919859 163.61956563591957 7.447234675288203 9.3301813304424268 29.123144894838333 9.9949878454208356 6.7014905959367743
leaf_count=412 210 1524 429 375 203 117 149 25 51 27 49 1843 28 313 22 324 40 35 98 197 1253 26 70 33 537 26 27 82 30 22
internal_value=-0.000107323 0.00226405 0.00461476 -0.00518976 0.00662149 -0.000809662 0.000479172 0.00561982 0.00436323 0.00305027 0.0154167 -0.000195639 0.000779902 0.0117214 -0.00411216 -0.0032061 -0.0119925 -0.00496748 0.0019211 0.00158423 -0.00349766 0.00178234 0.000428199 0.015389 -0.00449604 -0.00553183 0.00656402 -0.00762446 -0.00973387 -0.0109129
internal_weight=2727.28 1859.59 1054 867.69 708.757 805.596 345.24 637.866 530.764 235.203 23.7025 760.682 643.358 107.102 750.804 648.295 116.886 110.037 44.9872 211.5 642.286 101.533 635.289 70.8908 540.753 117.324 16.7774 100.547 65.0497 44.9139
internal_count=8577 5588 3163 2989 2149 2425 1014 1913 1575 702 76 2286 1941 338 2537 2162 452 312 133 626 2140 350 1913 236 1790 345 53 292 179 139
is_linear=0
shrinkage=0.03


Tree=112
num_leaves=31
num_cat=0
split_feature=59 5 25 121 20 73 85 17 95 72 36 118 32 72 29 58 74 4 16 74 0 14 73 97 121 18 61 92 16 74
split_gain=5.86343 6.34636 5.96258 5.55477 5.13846 4.94466 8.01201 9.16562 5.2886 4.62406 7.46897 7.2115 10.3543 5.53711 4.88555 5.66215 4.70142 4.48295 4.52359 4.46759 4.14967 3.95043 3.94448 4.05301 3.78102 5.00828 5.00598 4.14694 3.58147 3.57377
threshold=0.32468653971244649 0.75568181818181845 1.5000000000000002 -1.4910714285714282 0.071428571428571438 3.1339285714285716 -1.9857142857142853 -1.0000000180025095e-35 -0.19461723433319408 1.8660714285714288 1.0000000180025095e-35 0.033410622071748608 0.41071428571428581 1.738636363636364 0.69345238095238104 0.24842269723748112 3.6961538461538468 1.0871212121212122 0.5634920634920636 3.3944444444444448 1.7303030303030307 0.16538461538461544 1.788888888888889 -0.11025880518640009 0.17083333333333342 0.51666666666666672 5.3958951239350581 -0.74389118220387562 0.25833333333333336 2.1846590909090913
decision_type=2 2 2 2 2 2 2 2 2 2 2 2 2 2 2 2 2 2 2 2 2 2 2 2 2 2 2 2 2 2
left_child=1 4 24 28 5 6 7 -1 -8 13 17 12 -12 14 16 -16 -5 18 -11 -19 -13 29 23 -4 -3 27 -27 -26 -2 -6
right_child=3 2 22 9 21 -7 8 -9 -10 10 11 20 -14 -15 15 -17 -18 19 -20 -21 -22 -23 -24 -25 25 26 -28 -29 -30 -31
leaf_value=-0.0058120776485160982 -0.021337964756032283 0.0095515855132702592 0.0026336098376909486 0.00043383654504876046 0.0013919847208860995 -0.016252861193242922 0.0046377388181027268 0.036671843988257083 0.0008175354179654603 0.014677072865503842 -0.0061602927548775992 0.029021382533182032 0.027109784269574042 -0.014257732533518152 -0.011463550497237403 0.0031435272482044762 -0.017660856424573115 -0.00066369373506226196 -0.0035725553008184195 -0.014194336876851062 0.0020167435038736751 0.010255838606814656 -0.008667861367449908 0.026822290434328842 0.0080159120927912209 0.014266457448899834 -0.0049262461941067311 -0.014170954800843152 0.0044635912578225275 -0.021033431187872088
leaf_weight=6.691094338893893 20.057529866695408 12.489697799086569 14.581732526421545 301.65453015267849 8.6643301546573657 12.549215659499167 426.2543328255415 11.363851130008696 1393.5097718089819 23.388272821903229 32.471167132258415 19.284622207283977 10.234616190195082 37.166690364480019 85.95749494433403 32.024327352643013 12.493276178836821 60.711764469742775 23.479143396019936 33.960295721888542 7.390734374523162 6.4025845825672141 8.8876026719808561 10.67075699567795 7.564521685242652 13.340062350034712 81.148356065154076 78.376808106899261 5.6570593565702429 20.0730309933424
leaf_count=21 74 37 47 910 25 41 1215 26 4097 65 101 50 26 119 332 111 44 183 72 114 23 18 36 30 30 45 301 299 18 67
internal_value=0.000204496 0.000996468 -0.00372744 -0.00215937 0.0015686 0.00178789 0.00192148 0.0212913 0.00171607 -0.00162491 0.00204928 0.0100451 0.00218222 -0.00328346 -0.00230192 -0.00748038 -0.000330005 -0.00189211 0.00558826 -0.00564633 0.021991 -0.00962552 0.0076371 0.0136015 -0.00578305 -0.00690787 -0.00206414 -0.0121138 -0.0155949 -0.0143518
internal_weight=2818.5 2112.57 227.06 705.932 1885.51 1850.37 1837.82 18.0549 1819.76 680.217 210.921 69.3811 42.7058 469.296 432.13 117.982 314.148 141.539 46.8674 94.6721 26.6754 35.1399 34.1401 25.2525 192.919 180.43 94.4884 85.9413 25.7146 28.7374
internal_count=8577 6335 825 2242 5510 5400 5359 47 5312 2150 634 200 127 1516 1397 443 954 434 137 297 73 110 113 77 712 675 346 329 92 92
is_linear=0
shrinkage=0.03


Tree=113
num_leaves=31
num_cat=0
split_feature=48 67 116 4 46 93 94 42 5 46 55 82 74 103 83 74 33 71 25 7 33 66 73 71 60 60 7 54 8 82
split_gain=38.4725 15.4946 8.25921 8.20733 7.3318 6.99698 7.11497 9.16377 6.54473 6.40032 5.95212 5.74334 7.54959 5.32082 5.23539 6.81835 5.2198 4.88565 4.6471 4.27249 4.38954 4.51864 4.2315 4.12747 4.11668 3.79227 3.16067 5.39658 3.12117 3.7926
threshold=13.989131863564355 1.9545454545454548 0.95000000000000007 0.63068181818181823 1447.470798167268 0.28120941558441542 -0.33047847161670613 1.0000000180025095e-35 -1.3412698412698409 1423.6330271025038 0.36666666666666675 0.67866161616161624 2.5131578947368425 1.0000000180025095e-35 -0.04722222222222227 2.897368421052632 1.5601190476190478 2.0454545454545459 0.50000000000000011 2.1742424242424243 -1.2583333333333331 0.6515151515151516 2.1055555555555561 1.8944444444444446 3.1855021164793462 2.5679698963046995 1.1909090909090911 0.90000000000000013 -1.0000000180025095e-35 0.38383838383838403
decision_type=2 2 2 2 2 2 2 2 2 2 2 2 2 2 2 2 2 2 2 2 2 2 2 2 2 2 2 2 2 2
left_child=1 5 19 16 18 8 7 22 23 -8 14 12 -10 -13 15 -6 -4 -16 -3 20 -2 -22 -7 -1 -23 -11 -20 -28 -12 -30
right_child=2 4 3 -5 10 6 9 -9 11 25 28 13 -14 -15 17 -17 -18 -19 26 -21 21 24 -24 -25 -26 -27 27 -29 29 -31
leaf_value=0.031958103900928993 -0.021630140277510854 -0.0045557799987556158 -0.0043320810453088181 -0.015365514114407949 -0.012986346053353288 -0.01661428995667022 0.00912839927713208 0.023650070638109297 -0.001322084140029933 -0.0024286439426396541 -0.021646194984624448 -0.004527265022630394 0.0046070947370142916 0.010715311652031236 0.0046855521471433643 0.007871128020157327 0.02802498730215202 0.011956229282744106 0.019858824004668665 -0.012066752979964807 0.015014700839402676 -0.0042002760975192741 0.0036326157605621862 0.0022323125782444005 0.0030161813185233389 -0.019465645902882498 -0.0053008683372608107 0.017508148617976164 0.012320438794083325 -0.013712095326844096
leaf_weight=8.9963209033012408 10.724467799067495 11.028372526168821 14.020311042666437 109.7474867105484 29.390660494565964 15.360337302088736 10.295090854167936 12.555240795016287 336.95774845778942 16.238223418593407 9.5392367988824862 227.31319569051266 449.20606867969036 21.609912857413292 362.28810797631741 25.253059804439545 5.3919799625873557 109.41241861879826 57.69451567530632 54.22425302863121 11.22138963639736 613.0433386862278 20.440365880727768 7.9323856830596915 79.249986365437508 49.952778279781342 15.124972969293593 21.348881810903549 8.8425792455673236 9.2861752063035947
leaf_count=22 39 29 62 553 74 44 30 36 951 51 27 657 1270 65 984 68 20 284 144 215 33 2248 60 19 287 164 39 52 24 26
internal_value=-0.000102669 0.00238447 -0.00519039 -0.0121975 0.00606323 0.000317898 -0.00636462 0.00256609 0.00111905 -0.0120097 0.00466005 0.000803959 0.00206353 -0.00315442 0.00538035 -0.00332513 0.00544113 0.00640008 0.0133113 -0.00399445 -0.0033614 -0.00304834 -0.00518824 0.0190981 -0.00336669 -0.0154291 0.0154612 0.0080806 -0.00864778 -0.00087722
internal_weight=2733.69 1836.07 897.623 129.16 659.209 1176.86 124.842 48.3559 1052.02 76.4861 554.012 1035.09 786.164 248.923 526.344 54.6437 19.4123 471.701 105.197 768.463 714.239 703.515 35.8007 16.9287 692.293 66.191 94.1684 36.4739 27.668 18.1288
internal_count=8577 5120 3457 635 1751 3369 385 140 2984 245 1487 2943 2221 722 1410 142 82 1268 264 2822 2607 2568 104 41 2535 215 235 91 77 50
is_linear=0
shrinkage=0.03


Tree=114
num_leaves=31
num_cat=0
split_feature=49 121 96 116 116 90 91 31 92 92 119 75 95 75 118 57 21 22 23 33 36 85 68 118 33 49 64 7 56 83
split_gain=34.0025 14.7299 9.22536 7.15263 7.10924 6.00935 5.7262 7.1755 5.68288 6.87361 5.11462 4.93273 4.89197 6.5891 4.5009 4.23625 4.19124 5.47234 6.54345 4.18095 4.14805 4.54773 4.15625 4.00934 3.87201 4.00638 5.11487 3.77184 4.84872 4.27515
threshold=0.46322358103293665 0.66369047619047639 -0.043869407904620857 -0.94999999999999973 0.84807692307692328 -0.30992238562091495 0.72879178113553134 1.267857142857143 0.50007014590347942 0.39748188405797097 -1.5916083916083912 1.6583333333333334 0.098090255296045051 2.7029411764705888 -1.9999999999999996 0.44822791659419875 0.34523809523809529 0.30384615384615393 0.031257631257631265 0.83630952380952406 1.0000000180025095e-35 0.10000000000000002 1.0954545454545457 0.22793685121107274 0.94821428571428579 0.4712557731233516 2.1846590909090913 1.720779220779221 0.58333333333333337 -0.19999999999999998
decision_type=2 2 2 2 2 2 2 2 2 2 2 2 2 2 2 2 2 2 2 2 2 2 2 2 2 2 2 2 2 2
left_child=3 5 4 14 6 24 7 -3 9 23 -5 -12 13 -6 15 -1 27 -18 -19 -8 22 -22 -13 -7 25 -2 -27 28 -4 -29
right_child=1 2 16 10 12 8 19 -9 -10 -11 11 20 -14 -15 -16 -17 17 18 -20 -21 21 -23 -24 -25 -26 26 -28 29 -30 -31
leaf_value=0.024403689008649299 0.01273203598887925 0.0059056106339203359 0.0038495459719760225 -0.013098744253234101 0.0086627079009938424 -0.00014319691389197376 0.0067739060275416162 -0.0029333861128234013 -0.012873231779948341 0.023338244912409403 0.02000762477987179 0.00045732608777978044 -0.0042781722055082114 0.021714654918832527 -0.011782476807696441 -0.0068883223564638841 -0.0018397488212886874 0.0045660903222202185 0.033109749202363141 0.035771981300793877 -0.0020411092428408648 0.0083548352180626041 -0.0063304226020846066 0.0092282308363457952 -0.015021739709709603 -0.0070300519654610634 0.019077629240178279 0.0058531591358153487 -0.011604780342103476 -0.0079367722626717228
leaf_weight=5.3149607777595511 11.20628187060356 417.66477797925472 145.89544814825058 46.421966731548309 101.94652912020683 530.86563141644001 10.549409180879595 101.84110254049301 26.588644161820412 11.207675710320471 7.3589387387037268 104.12133258581161 14.788092494010924 55.122891515493393 159.38215802609921 9.1260841339826566 27.142055734992027 18.409464627504352 11.672673508524893 8.1374739706516248 172.03383740782738 47.462475940585136 353.17233002185822 43.484789028763771 33.880381435155869 103.12185260653496 6.2162797451019278 24.619510039687157 19.823938578367233 94.666621536016464
leaf_count=23 39 1242 441 161 320 1581 32 288 78 39 26 347 41 201 613 36 79 55 42 29 566 165 1177 136 99 310 23 74 54 260
internal_value=-0.000109581 0.00225294 0.00455603 -0.00486146 0.00650424 -0.000906444 0.00478289 0.00416479 0.000425844 0.00105575 -0.0035447 -0.00287387 0.0118186 0.0133706 -0.0103267 0.00526885 0.000498018 0.00783935 0.0164472 0.0207295 -0.00315624 0.000220934 -0.00478075 0.000575918 -0.00617576 -0.00356168 -0.00535909 -0.000987763 0.00192433 -0.00504072
internal_weight=2723.25 1818.85 1052.28 904.394 710.05 766.572 538.193 519.506 612.147 585.558 730.571 684.149 171.858 157.069 173.823 14.441 342.23 57.2242 30.0821 18.6869 676.79 219.496 457.294 574.35 154.425 120.544 109.338 285.006 165.719 119.286
internal_count=8577 5463 3158 3114 2153 2305 1591 1530 1834 1756 2442 2281 562 521 672 59 1005 176 97 61 2255 731 1524 1717 471 372 333 829 495 334
is_linear=0
shrinkage=0.03


Tree=115
num_leaves=31
num_cat=0
split_feature=59 5 25 121 84 17 53 54 46 58 117 66 1 72 36 118 31 72 7 58 23 97 13 62 54 84 5 16 22 6
split_gain=5.5479 6.01564 5.72031 5.38891 5.3837 5.57049 5.0664 6.55072 5.48571 5.13374 5.05912 4.91944 4.90753 4.44901 7.16181 6.83078 6.86506 5.35349 5.13368 5.63005 4.90169 5.31982 4.81808 4.37033 4.22649 3.83574 3.78547 3.50833 3.5058 3.31243
threshold=0.32468653971244649 0.75568181818181845 1.5000000000000002 -1.4910714285714282 -0.61616161616161591 -0.094318181818181815 5.1250000000000009 3.1250000000000004 1417.7368245899399 0.28483152135926654 1.0871212121212126 0.82575757575757591 0.73030303030303034 1.8660714285714288 1.0000000180025095e-35 0.033410622071748608 0.73214285714285732 1.738636363636364 0.86190476190476206 0.25256824274002182 -0.14523809523809519 0.4584612904367385 1.0000000180025095e-35 1.1937500000000003 2.7083333333333335 -0.19999999999999998 0.83974358974358998 0.25833333333333336 0.32051282051282054 1.4083333333333334
decision_type=2 2 2 2 2 2 2 2 2 2 2 2 2 2 2 2 2 2 2 2 2 2 2 2 2 2 2 2 2 2
left_child=1 6 4 27 -3 12 7 8 10 -8 -1 -10 -6 17 18 16 -16 20 -15 -20 22 -22 -5 -7 25 -4 -17 -2 -9 -19
right_child=3 2 24 13 5 23 9 28 11 -11 -12 -13 -14 14 15 26 -18 29 19 -21 21 -23 -24 -25 -26 -27 -28 -29 -30 -31
leaf_value=-0.008779978009701251 -0.02113696536792815 -0.015247379932434 0.022616352935317906 0.008345182352733441 0.0020097562029601102 -0.013534665092076731 -0.013571686139335494 0.0063769196504200954 0.0063903636640180415 0.013118967101368811 0.010245917243285255 0.001376187416163884 -0.010523220430536462 0.01612497601149292 0.018162122403932199 0.028023146829218054 -0.0064540062797447178 -0.0014907543595991325 -0.0015787000379213021 -0.022980143899913083 0.00025950350711166599 -0.019871246776269978 -0.010641991488028423 0.013143681887929817 -0.012817592619930828 0.00035227319702204972 0.0020635800099004825 0.0044226312427794743 0.032952041974575283 -0.020494575360519598
leaf_weight=74.647390350699425 19.808708593249325 40.528958663344383 14.651412233710291 13.018044799566267 43.225233033299446 5.9585252553224555 34.09573931992054 10.77279192209244 198.62689669430256 7.0051942765712729 14.078887328505514 1538.8826565295458 76.200832068920135 11.995612010359762 14.699792221188543 19.574498638510708 27.97611092031002 13.159782022237776 118.02553969621658 11.288513541221617 321.12151004374027 11.257479950785635 86.030217960476875 26.323017060756683 6.4401600062847129 13.107784286141394 7.266400307416915 5.6610898524522772 8.0124498009681684 23.786067381501198
leaf_count=220 74 154 43 40 150 20 113 34 559 20 41 4504 308 36 40 50 87 43 360 38 995 45 317 80 27 43 23 18 19 76
internal_value=0.00020797 0.000977846 -0.00362828 -0.00209394 -0.00564998 -0.00298332 0.00153405 0.00176933 0.00158062 -0.00874775 -0.00564701 0.00195446 -0.00598309 -0.00156903 0.00203472 0.00985226 0.00217808 -0.00319844 -0.00183223 -0.00363198 -0.0022343 -0.000470875 -0.00805803 0.00787054 0.00748828 0.0125855 0.0214296 -0.0153901 0.0189562 -0.0140223
internal_weight=2817.23 2112.56 226.436 704.669 192.237 151.708 1886.12 1845.02 1826.24 41.1009 88.7263 1737.51 119.426 679.2 210.826 69.5168 42.6759 468.373 141.31 129.314 431.427 332.379 99.0483 32.2815 34.1994 27.7592 26.8409 25.4698 18.7852 36.9458
internal_count=8577 6335 825 2242 712 558 5510 5377 5324 133 261 5063 458 2150 634 200 127 1516 434 398 1397 1040 357 100 113 86 73 92 53 119
is_linear=0
shrinkage=0.03


Tree=116
num_leaves=31
num_cat=0
split_feature=48 48 48 23 60 71 4 57 23 76 71 27 37 59 63 93 27 90 95 11 7 117 34 5 82 95 60 2 32 5
split_gain=36.3922 12.9337 6.9216 6.75352 6.73336 10.1224 10.8618 6.47897 6.23665 10.34 5.83171 5.8275 5.28816 5.2603 5.18014 5.74057 5.12218 4.98251 4.83439 5.86871 5.54128 6.21001 5.41228 5.37083 5.63061 5.19061 5.17769 4.52046 4.12007 4.08236
threshold=13.989131863564355 -57.107895457478314 92.887083652277411 0.41987179487179493 2.4893970362800206 0.88194444444444453 1.4641025641025642 0.48092651823115501 0.17537878787878788 0.42481203007518803 0.78888888888888908 2.3875000000000006 3.5000000000000004 0.32979349923564649 1.1213235294117649 -0.009575569358178047 1.1339285714285716 0.61666666666666692 -0.33013316462607784 -0.066666666666666721 1.8708333333333336 -0.69999999999999973 -0.31547619047619041 -0.19999999999999998 1.3686868686868687 0.1302243647516145 3.1865514642774913 -0.26666666666666666 -0.62202380952380942 0.50714285714285723
decision_type=2 2 2 2 2 2 2 2 2 2 2 2 2 2 2 2 2 2 2 2 2 2 2 2 2 2 2 2 2 2
left_child=1 4 18 8 5 -1 -7 29 12 13 -11 14 17 -10 28 -16 -8 -3 19 -2 21 22 -20 -21 -25 -22 -23 -14 -6 -4
right_child=2 3 7 -5 11 6 16 -9 9 10 -12 -13 27 -15 15 -17 -18 -19 20 23 25 26 -24 24 -26 -27 -28 -29 -30 -31
leaf_value=0.023762001389312556 -0.015042746975049377 0.00085901133126191245 -0.005179206236194933 0.011096849539582515 0.0089548176806057284 -0.025243051260584778 0.017676254825065116 0.013614859100534648 0.024076772231494126 0.0054351245696770472 -0.0096547660908656054 -0.0087414426244167079 0.02448555173606699 -0.0054878035198240496 0.0062096440209605452 0.014615307862020312 -0.0051882116111972533 -0.011948038957087879 -0.015819071157042057 0.025639581839865005 -0.015526305144344601 -0.0060059327657426553 0.0099828090573256117 0.00010908907345823168 0.026458508053791092 0.011191138298637184 0.0051078774451024508 -0.0031750195897246756 -0.009535392115578455 -0.013649224536078329
leaf_weight=9.665973097085951 15.858642324805258 762.48752738535404 85.055799812078476 47.502389252185822 15.70632131397724 20.42894946038723 10.954399466514586 9.5365976542234403 14.381947636604311 26.11764532327652 154.75201804935932 21.846201330423355 14.268327191472055 7.6489392817020407 547.71306119859219 85.223367169499397 32.495808571577072 27.340300664305687 7.6857591569423667 8.4083555191755277 60.753220185637474 360.02637973427773 45.401692852377892 105.63192589581013 6.8607569932937613 6.4701201021671286 41.073180928826332 7.5662343204021445 29.705080196261406 141.28468488156796
leaf_count=27 50 2259 362 127 44 58 28 41 40 71 448 58 38 22 1394 221 88 92 29 25 231 1258 162 399 27 25 138 24 81 710
internal_value=-0.00010421 0.00231177 -0.0050655 0.000158631 0.00525937 -0.00331291 -0.00775914 -0.00947463 -0.000360971 -0.00505382 -0.00744138 0.00616748 0.000813239 0.0138893 0.0066642 0.00736745 0.000776727 0.000397347 -0.00346881 0.00152615 -0.00478508 -0.00356903 0.00596846 0.00382969 0.0019615 -0.0127845 -0.00485053 0.0150498 -0.00302044 -0.0105163
internal_weight=2729.85 1835.8 894.047 1062.07 773.739 73.5451 63.8792 235.877 1014.56 202.901 180.87 700.194 811.662 22.0309 678.348 632.936 43.4502 789.828 658.17 136.76 521.41 454.187 53.0875 120.901 112.493 67.2233 401.1 21.8346 45.4114 226.34
internal_count=8577 5120 3457 3121 1999 201 174 1113 2994 581 519 1798 2413 62 1740 1615 116 2351 2344 501 1843 1587 191 451 426 256 1396 62 125 1072
is_linear=0
shrinkage=0.03


Tree=117
num_leaves=31
num_cat=0
split_feature=49 121 96 5 32 66 17 44 53 17 93 31 93 90 14 16 46 79 82 61 58 121 84 85 57 30 23 53 28 34
split_gain=32.1453 13.5772 8.81309 6.70239 6.29997 5.74554 5.22321 5.21375 5.14185 5.86617 6.20628 4.75256 4.27603 6.6691 4.56542 3.92392 4.09281 3.82156 3.57259 3.55432 4.51679 6.0818 6.10034 5.7586 4.75548 3.98258 3.83637 5.70686 3.38866 3.34128
threshold=0.45852885168354635 0.67261904761904778 -0.043869407904620857 -0.86282051282051253 1.6636904761904765 3.2863636363636366 0.31969696969696976 1.5000000000000002 2.9000000000000004 -0.44603174603174595 0.43888888888888883 1.267857142857143 -0.25679172679172685 -0.30992238562091495 -0.068686868686868699 0.51666666666666672 1530.0604719428341 0.48684210526315791 0.79898989898989914 6.8829500287054701 0.24663245116082153 1.6220238095238098 -1.109126984126984 0.5265151515151516 0.44470871040723986 0.41428571428571431 -0.069047619047619038 1.4500000000000002 1.4142857142857144 -0.39999999999999991
decision_type=2 2 2 2 2 2 2 2 2 2 2 2 2 2 2 2 2 2 2 2 2 2 2 2 2 2 2 2 2 2
left_child=3 5 4 29 7 6 12 11 9 -4 -11 -3 14 -14 -2 -10 -17 -9 -6 20 23 22 -22 28 -25 -21 -27 -28 -5 -1
right_child=1 2 8 19 18 -7 -8 17 15 10 -12 -13 13 -15 -16 16 -18 -19 -20 25 21 -23 -24 24 -26 26 27 -29 -30 -31
leaf_value=0.0036103050378552431 0.0047218535607214569 0.0059768850589588599 -0.010094000603505168 -0.0084642849004267686 0.017586668074094543 0.021733064307443439 -0.0098071488876520195 0.029005209569385133 -0.0095907736013143684 0.0021630236475371767 0.01561910499347313 -0.00053232003011796506 -0.0050878496243378282 0.0023690320469163194 -0.0082479781559544347 -0.0033709910846675866 0.016843814064730574 0.0083091198072612581 -0.00078764203558982782 -0.013034073678027717 0.0066393458200056221 0.018953477694576275 -0.0077454729818892771 -0.0023152597417750629 0.030306012027307948 -0.0057410732214484995 -0.011022273501617949 0.01958200213206197 0.0004016191381384682 -0.010338098073420251
leaf_weight=15.858914896845816 30.804187551140785 474.49150718748569 26.576220661401749 51.346195995807648 59.629182398319244 9.0247210711240751 56.706713914871216 12.759099051356314 64.886242344975471 172.83789817988873 36.901488408446312 126.91688519716263 139.25432822108269 466.38512279093266 103.85266837477684 33.864706069231033 11.123453378677366 23.779513984918594 10.832293525338171 9.0211260318756086 27.86803363263607 7.582103803753852 329.97017841041088 6.4518669545650473 8.5306412577629072 12.434939444065092 6.0978045314550426 25.215650424361229 147.45253397524357 210.73480501770973
leaf_count=61 96 1428 72 165 203 30 172 45 179 517 116 366 425 1405 301 97 36 74 33 28 100 26 1092 21 32 38 18 91 508 802
internal_value=-0.000111978 0.00210255 0.00434182 -0.00491151 0.00625703 -0.000825326 -0.00111144 0.00529284 0.000407342 0.00290604 0.0046076 0.00459965 -0.000428965 0.00064397 -0.00524594 -0.00491749 0.00181952 0.0161962 0.0147484 -0.00330772 -0.0039901 -0.00601275 -0.00660146 -0.000506883 0.0168048 0.0040613 0.00786598 0.0133728 -0.00190417 -0.00933712
internal_weight=2719.19 1860.63 1054.6 858.565 708.408 806.028 797.003 637.947 346.19 236.316 209.739 601.408 740.296 605.639 134.657 109.874 44.9882 36.5386 70.4615 631.971 579.202 365.42 357.838 213.781 14.9825 52.7695 43.7484 31.3135 198.799 226.594
internal_count=8577 5595 3166 2982 2149 2429 2399 1913 1017 705 633 1794 2227 1830 397 312 133 119 236 2119 1944 1218 1192 726 53 175 147 109 673 863
is_linear=0
shrinkage=0.03


Tree=118
num_leaves=31
num_cat=0
split_feature=59 53 67 121 46 61 88 47 119 121 69 97 65 116 34 72 36 47 72 82 23 8 84 4 48 16 119 33 33 16
split_gain=5.3214 5.38807 7.37614 5.21381 4.66713 6.49154 5.29075 9.01705 9.04548 7.586 5.09068 4.98662 6.58427 4.62021 5.27701 4.2713 6.86662 5.52569 5.18087 4.71323 4.69836 5.43165 4.6111 4.30095 4.37729 4.28925 4.13685 3.92506 3.43184 3.42761
threshold=0.32468653971244649 5.1250000000000009 1.5227272727272729 -1.4910714285714282 1417.7368245899399 5.7573219937320976 1.2696969696969698 1461.383080896285 -0.26248993558776151 -0.28571428571428581 0.95833333333333337 0.74695458050555785 1.4472222222222224 -1.0000000180025095e-35 0.80178571428571443 1.8660714285714288 1.0000000180025095e-35 1550.350681495024 1.738636363636364 0.090909090909090898 -0.14523809523809519 -1.1435897435897433 0.67171717171717193 1.0871212121212122 -130.19118905446302 0.5634920634920636 -1.1036185383244204 1.767857142857143 0.69345238095238104 0.25833333333333336
decision_type=2 2 2 2 2 2 2 2 2 2 2 2 2 2 2 2 2 2 2 2 2 2 2 2 2 2 2 2 2 2
left_child=1 4 28 29 5 10 11 9 -9 -8 -1 12 -6 14 -7 18 23 19 20 -18 22 -22 -5 25 -25 -17 -4 -19 -3 -2
right_child=3 2 26 15 6 13 7 8 -10 -11 -12 -13 -14 -15 -16 16 17 27 -20 -21 21 -23 -24 24 -26 -27 -28 -29 -30 -31
leaf_value=0.02621393278370017 -0.020933709089555531 -0.010789585048150106 0.0008104717484674897 -0.010749211603825568 0.0011943270908387439 -0.021134411622229961 0.028042553563286589 0.0040367499474052255 -0.0022154275639992521 0.0065334337746674577 -0.0030205594669806906 0.023326656872872366 -0.0045655112232344044 0.005221075944369576 -0.0021634994564460153 0.014342988578708008 0.026712545481045281 -0.015741218075614641 -0.01380731277958412 0.0074668603977425564 -0.019325761740170609 0.00030932918294930995 0.0064299159282720352 0.0087846951231069659 -0.0083285985129866597 -0.0034233764905452686 -0.025319073098965011 0.011143336591928359 0.014304107736844578 0.0043500445950379225
leaf_weight=8.0381586253643054 19.554616823792461 6.79459981620312 6.9439765065908459 82.636508971452713 623.85284397006035 32.985834434628487 15.055369317531584 499.27920185029507 355.30159538984299 226.7732008844614 12.360267266631125 7.0100165605545035 248.9709028750658 13.879138886928557 22.599943697452545 23.482839107513428 17.887840256094933 10.479772210121157 36.749986797571182 33.818727657198906 12.19385105371475 320.04930049180984 15.976364821195601 15.150966644287108 79.139231190085411 23.402438417077065 20.384394139051437 7.4809378534555426 12.17477050423622 5.6690784394741049
leaf_count=21 74 24 23 308 1893 103 35 1419 1050 640 36 21 856 38 67 65 47 35 119 98 50 990 49 48 249 72 72 20 37 18
internal_value=0.00021051 0.00096417 -0.00904149 -0.00204586 0.0011941 -0.00544855 0.00150027 0.00289 0.00143428 0.00799484 0.009046 -0.000229464 -0.000448564 -0.00981544 -0.0136488 -0.00153122 0.00199856 0.00964137 -0.00313006 0.0145623 -0.00218254 -0.000458138 -0.00789928 -0.00179319 -0.00548394 0.00552609 -0.0187796 -0.004388 0.00507541 -0.0151875
internal_weight=2816.08 2112.4 46.2977 703.672 2066.11 89.8633 1976.24 1096.41 854.581 241.829 20.3984 879.834 872.824 69.4649 55.5858 678.449 210.843 69.6673 467.606 51.7066 430.856 332.243 98.6129 141.175 94.2902 46.8853 27.3284 17.9607 18.9694 25.2237
internal_count=8577 6335 156 2242 6179 265 5914 3144 2469 675 57 2770 2749 208 170 2150 634 200 1516 145 1397 1040 357 434 297 137 95 55 61 92
is_linear=0
shrinkage=0.03


Tree=119
num_leaves=31
num_cat=0
split_feature=119 118 36 60 48 73 62 37 118 35 51 64 30 11 28 73 20 60 16 67 55 75 28 23 66 28 71 21 2 57
split_gain=34.6208 11.5107 7.50127 7.30999 7.25479 6.69514 5.97833 5.73997 5.70738 5.63719 5.61888 5.50042 5.35902 4.98694 4.80223 9.32912 4.7437 6.42665 5.92442 4.95738 6.71023 4.88833 4.84859 4.73896 4.64079 4.90033 4.64391 4.57655 4.16745 4.07941
threshold=0.086126373626373667 -0.037500000000000006 1.5000000000000002 2.4678219916729236 82.754806232010665 1.3166666666666669 0.79285714285714304 3.5000000000000004 0.045000000000000005 0.35952380952380975 0.70833333333333337 2.1464285714285718 0.46428571428571436 -1.0000000180025095e-35 2.535714285714286 1.4494949494949496 -0.033150183150183136 3.1831086663039758 0.34523809523809529 2.2792207792207795 0.22500000000000003 3.1464285714285718 1.2250000000000003 -0.066666666666666666 1.5227272727272729 2.3095238095238098 2.3484848484848491 0.48333333333333339 0.33333333333333326 0.46516683518705765
decision_type=2 2 2 2 2 2 2 2 2 2 2 2 2 2 2 2 2 2 2 2 2 2 2 2 2 2 2 2 2 2
left_child=1 2 3 5 11 13 -4 16 9 -9 28 14 -12 -1 27 -16 17 22 -19 21 -21 -18 -3 -6 25 -8 -26 -2 -5 -10
right_child=4 7 6 10 23 -7 24 8 29 -11 12 -13 -14 -15 15 -17 19 18 -20 20 -22 -23 -24 -25 26 -27 -28 -29 -30 -31
leaf_value=-0.0019128051195138563 -0.0036603764861168585 0.00095494688766844583 0.016522026226160696 0.0040122987916080431 -0.011650220176261146 -0.016392336185195498 -0.0041390562695912177 -0.015003053435374378 0.036278310231740392 0.016467225550684129 0.0028932427191953537 -0.02251046298840061 0.013119648117182223 0.02370456228817526 -0.0081136626611314992 0.022243997212738745 0.001690277381816012 -0.0041905923975247318 0.014409843819712097 0.016360022212228556 -0.01131325418789981 -0.006037279560050483 -0.008207358924800897 -0.0033141008548144514 -0.0062107442456889603 -0.026869182686564463 0.01912021874809636 0.010822756736067193 0.016137429702646276 0.0061350641519664463
leaf_weight=30.705652311444283 631.85176721215248 72.426494777202606 9.8154437988996488 446.77338297665119 178.91408048570156 23.295124530792236 19.372876822948456 9.7674355953931826 9.2402512729167956 8.7717796564102155 64.494332581758499 11.823793604969977 175.16279330849648 7.6989394873380652 16.253857985138893 18.382289409637451 427.01843768358231 29.174163013696671 30.456441178917885 36.216642394661903 9.1068236082792264 87.943721726536751 176.62041988968849 96.494494795799255 21.153983697295192 15.494299307465552 8.208334267139433 19.219428598880768 26.440477341413498 7.9305275678634635
leaf_count=82 2235 211 26 1164 881 66 54 26 24 23 159 42 449 22 51 59 1249 80 89 101 30 260 519 404 57 38 20 59 74 23
internal_value=-0.000104655 0.00241231 0.00491994 0.00579368 -0.00464127 -0.00403026 -0.00413548 5.39185e-05 0.0116769 0 0.00665261 -0.00299939 0.0104035 0.0036178 -0.0026263 0.00808582 -0.000433151 -0.00341594 0.00534111 0.00120797 0.0106107 0.00035563 -0.00553767 -0.00876292 -0.00754322 -0.014791 0.00116831 -0.0032123 0.00472871 0.0236252
internal_weight=2726.23 1753.29 848.616 774.571 972.94 61.6997 74.0449 904.673 35.71 18.5392 712.871 697.531 239.657 38.4046 685.707 34.6361 868.963 308.678 59.6306 560.286 45.3235 514.962 249.047 275.409 64.2295 34.8672 29.3623 651.071 473.214 17.1708
internal_count=8577 4846 2211 2016 3731 170 195 2635 96 49 1846 2446 608 104 2404 110 2539 899 169 1640 131 1509 730 1285 169 92 77 2294 1238 47
is_linear=0
shrinkage=0.03


Tree=120
num_leaves=31
num_cat=0
split_feature=48 94 23 13 2 23 121 51 118 65 61 74 68 78 88 59 60 46 48 118 35 94 49 78 57 121 48 35 93 18
split_gain=30.9435 12.7965 7.2462 7.03907 6.56452 5.89942 6.44507 4.88143 4.8471 4.66072 4.4816 4.48089 4.37322 4.28389 4.21959 3.98548 5.24088 5.78637 5.06435 6.2247 4.67565 4.48316 4.20286 4.00789 4.68402 3.94388 3.8728 3.83264 3.8213 4.19742
threshold=-28.661921005916835 0.16644325290437897 -0.15119047619047618 0.069047619047619066 -1.3315018315018312 -0.25137362637362631 1.8839285714285716 0.63333333333333341 -1.9999999999999996 1.7573529411764708 6.8829500287054701 2.6485294117647062 1.6515151515151518 0.54195804195804198 1.7947368421052634 0.33196156798988402 2.5029078613694002 1490.2957743167658 44.366274095577872 0.45222107438016534 -0.56964285714285701 0.12528862793400078 0.49882529895123556 0.45804195804195807 0.45083126638280352 2.2182539682539688 -20.456463735274379 0.09027777777777786 0.42833333333333318 0.51666666666666672
decision_type=2 2 2 2 2 2 2 2 2 2 2 2 2 2 2 2 2 2 2 2 2 2 2 2 2 2 2 2 2 2
left_child=4 15 5 13 8 6 9 14 -1 -3 28 -7 -13 -4 -5 16 17 22 19 26 -21 -19 -2 -18 -25 -8 -17 -20 -6 -30
right_child=1 2 3 7 10 11 25 -9 -10 -11 -12 12 -14 -15 -16 18 23 21 27 20 -22 -23 -24 24 -26 -27 -28 -29 29 -31
leaf_value=0.0052486132287144329 -0.012521074795042973 -0.0011505702119348961 -0.00065779756046523868 0.006076011681602737 -0.0047538865392304898 0.00042607236324434888 0.022111097291382324 -0.0043760708363184608 -0.013721998582399218 0.014473003580779319 0.0044283531567446939 0.019407706048685584 -0.00078428940473397135 -0.019481184906996636 -0.012407371020301629 0.017763129446815486 -0.0091789198913884828 0.010891894267778431 0.023167957099744025 0.0036844956081233358 0.037893136104115085 -0.0088155801043108186 0.0062476679270475986 0.00040411553922843835 -0.0049021124376605555 0.0053490255279445304 -0.0014822323184507525 0.0033238365734896713 0.025354719976450862 -0.0069592347622507112
leaf_weight=12.978573620319365 24.20463515818119 99.549968108534813 27.340116783976555 317.29666793346405 676.28697815537453 17.781555116176605 26.383547604084015 51.845239132642746 101.16966722905636 19.686291962862015 54.305306777358055 81.01642906665802 10.53367258608341 17.550287052989006 10.508643522858618 9.0776069313287717 57.770039528608322 87.147716909646988 18.535145983099937 8.2738735824823362 6.057889223098754 10.850220024585722 17.651336416602135 550.61979381740093 204.15812914073467 26.102552726864815 140.48147314786911 17.313899740576744 7.0506422221660596 5.7410789579153061
leaf_count=53 70 287 80 957 2312 51 94 148 399 65 181 271 31 46 29 31 162 272 61 25 22 30 53 1649 599 85 419 51 26 18
internal_value=-0.000114404 0.00206026 0.00523888 0.00274452 -0.00482594 0.00897297 0.00542579 0.00408229 -0.0115122 0.0015029 -0.00378115 0.0144175 0.0170686 -0.00834649 0.00543842 0.000108148 -0.000698203 0.00464004 0.00395227 0.0016612 0.0198682 0.00861259 -0.0045749 -0.00162527 -0.00103177 0.0140869 -0.000183971 0.0140156 -0.00443795 0.0111813
internal_weight=2715.27 1857.74 705.595 424.541 857.532 281.054 171.722 379.651 114.148 119.236 743.384 109.332 91.5501 44.8904 327.805 1152.14 952.402 139.854 199.74 163.891 14.3318 97.9979 41.856 812.548 754.778 52.4861 149.559 35.849 689.079 12.7917
internal_count=8577 5588 2144 1260 2989 884 531 1134 452 352 2537 353 302 126 986 3444 2835 425 609 497 47 302 123 2410 2248 179 450 112 2356 44
is_linear=0
shrinkage=0.03


Tree=121
num_leaves=30
num_cat=0
split_feature=59 53 67 57 116 14 11 116 80 77 58 20 33 58 59 59 35 84 97 70 14 96 36 33 89 57 83 33 2
split_gain=5.10111 5.19081 7.14177 4.75144 5.95667 6.93171 5.10072 6.09712 5.23136 7.86608 5.17103 4.58867 4.44507 4.948 4.12844 6.94422 5.49423 5.44343 4.97343 4.50712 4.08477 3.76667 3.55123 3.30932 2.71589 2.7072 2.25263 2.08296 0.503515
threshold=0.32468653971244649 5.1250000000000009 1.5227272727272729 0.44344182205213512 -1.4868421052631577 0.24862637362637366 -0.53589743589743566 -1.2555555555555553 12.500000000000002 0.77500000000000013 0.2301765546854517 0.074358974358974331 -0.74107142857142849 0.18588039867109638 0.26113704662722798 0.26268986194853555 2.8363095238095242 0.67171717171717193 -0.19357419354838704 1.6515151515151518 0.19267399267399271 -0.21254921259842516 -1.4999999999999998 0.69345238095238104 1.0954545454545457 0.47660266779317523 0.30000000000000021 0.87797619047619058 -1.9666666666666663
decision_type=2 2 2 2 2 2 2 2 2 2 2 2 2 2 2 2 2 2 2 2 2 2 2 2 2 2 2 2 2
left_child=1 11 23 6 28 12 -2 22 9 -9 -10 14 25 -14 16 18 19 -17 -16 -1 21 -13 -8 -3 -4 -6 -23 -7 -5
right_child=3 2 24 4 5 27 7 8 10 -11 -12 20 13 -15 15 17 -18 -19 -20 -21 -22 26 -24 -25 -26 -27 -28 -29 -30
leaf_value=-0.001979766599918165 -0.02181432373523955 -0.010658443040353585 -0.0031940736119983933 -0.0077351566555362537 0.025029607894018709 0.026619196066061845 0.028959604044577605 -0.01572216676604743 0.0055341418070567923 0.0044959311121876306 -0.0040798573189993088 0.0053981759056954152 -0.0065817611286679281 0.0028634722782865246 -0.00074710534979155919 0.0011714472120758755 0.020740535559754969 0.0085516238930354264 0.020096350895909762 -0.017295309346861069 0.007475367950995581 -0.027174390707075096 0.00046223447974911685 0.013984965832796969 -0.024585685594148022 0.00077413659390540004 -0.0094928296017090553 0.0052381450535315312 -0.023291964342161152
leaf_weight=201.62303057312965 12.971159413456915 6.7712404280900982 8.2276995331048983 5.1635469049215317 9.3953349739313143 11.677873939275743 6.9927477091550818 65.203722670674324 61.258030474185944 22.663104966282845 259.81285677850246 7.7452942430973044 75.909660816192627 140.99964344501495 14.795529589056967 1649.7121568620205 7.8652534186840048 94.37471729516983 30.533587098121643 18.0641128718853 11.222421154379843 11.783243954181673 8.2503850013017637 12.22952878475189 18.867699146270752 7.4303155839443198 18.440404832363129 7.520971179008483 7.4319841563701612
leaf_count=597 48 24 27 20 24 30 19 227 190 67 831 26 255 432 44 4949 20 263 83 64 34 40 26 37 68 21 59 22 30
internal_value=0.000213169 0.000950736 -0.00889138 -0.00199789 0.00115621 0.00219836 -0.00391883 -0.00331452 -0.00402747 -0.0104817 -0.00222477 0.00117596 0.000724768 -0.000443253 0.00139955 0.00188461 -0.00239331 0.00157719 0.013359 -0.00332537 -0.00777715 -0.0124384 0.0146981 0.00495907 -0.0185416 0.0151309 -0.0171319 0.0190659 -0.0181731
internal_weight=2814.94 2112.26 46.0962 702.681 265.529 252.934 437.152 424.181 408.938 87.8668 321.071 2066.16 233.735 216.909 2016.97 1789.42 227.552 1744.09 45.3291 219.687 49.1914 37.9689 15.2431 19.0008 27.0954 16.8257 30.2236 19.1988 12.5955
internal_count=8577 6335 156 2242 834 784 1408 1360 1315 294 1021 6179 732 687 6020 5339 681 5212 127 661 159 125 45 61 95 45 99 52 50
is_linear=0
shrinkage=0.03


Tree=122
num_leaves=31
num_cat=0
split_feature=119 49 121 7 85 23 63 67 92 12 92 61 117 86 117 60 116 53 30 4 15 12 67 33 58 70 58 60 58 2
split_gain=32.7797 11.093 6.98698 7.25345 7.83229 5.83905 5.66908 5.94582 5.5054 6.4961 5.31743 8.71165 6.11434 5.20701 7.1028 4.82334 4.72249 4.33626 5.99946 5.29774 5.65169 4.50503 6.49575 5.10234 5.72441 4.96413 4.27637 7.24887 4.96714 4.20532
threshold=0.086126373626373667 0.36616861490946906 0.68214285714285727 2.1742424242424243 -0.95535714285714268 0.41987179487179493 1.6583333333333334 1.2111111111111115 0.63297101449275373 0.07417582417582419 -0.12548637479987609 5.9519429434377562 -0.058823529411764601 1.5131578947368423 -0.22182539682539668 3.2006928710996037 -0.076619433198380368 2.6333333333333337 1.2250000000000003 1.2583333333333335 0.42261904761904767 0.19090909090909094 2.3875000000000006 0.3535714285714287 0.26460760030347669 1.591666666666667 0.25685244546843311 2.7493689798772931 0.2760373622589532 1.8619047619047622
decision_type=2 2 2 2 2 2 2 2 2 2 2 2 2 2 2 2 2 2 2 2 2 2 2 2 2 2 2 2 2 2
left_child=1 17 16 4 6 8 7 -4 10 -10 11 -3 -12 14 -6 -11 -2 18 19 -1 -21 22 -19 24 -23 -25 27 -7 -28 -15
right_child=2 5 3 -5 13 26 -8 -9 9 15 12 -13 -14 29 -16 -17 -18 21 -20 20 -22 23 -24 25 -26 -27 28 -29 -30 -31
leaf_value=-0.0069637743343928761 0.0067172487270812098 0.0091155118953852136 0.0067858764570681018 -0.017037200190320196 -0.0072540013797940863 -0.016565677236054448 0.020942074259971515 -0.0089853651748276562 -0.0089806423851720215 0.0065192574319916426 -0.0075160744223199431 -0.0012429563770272344 -0.00031445559424054419 -0.010848971202543288 0.0054732971048143779 0.023997162842646753 -0.0027430180208855492 -0.0081390553948519611 -0.0086041968575345431 0.015921612512411816 0.0034735025160925904 0.024400949494041622 0.012332374340034064 0.0094600064117556469 0.0057912409717564891 -0.010282862866720123 0.033656659888746734 0.011273444160958832 0.0020436582592871094 0.0089239380572723181
leaf_weight=25.94403675198555 54.229778528213501 128.50109907984734 44.934320718050003 53.924157798290253 127.36551131308079 10.205980643630026 11.639082685112951 39.422890856862068 18.811521872878075 78.56623113155365 124.21618615090847 166.25875750184059 702.85956108570099 238.59289927780628 55.867801800370216 17.059899002313614 334.26981951296329 28.975916087627411 31.875430762767792 47.773542433977127 105.64537397027016 42.988215118646622 25.040440231561661 111.06039841473103 24.376361936330795 11.80260109901428 10.954413503408434 32.683227717876434 7.7043234854936591 9.2014852166175825
leaf_count=66 163 362 174 245 490 27 42 158 49 211 373 500 1992 1081 201 45 1134 71 84 122 263 110 62 283 60 30 28 88 20 43
internal_value=-0.000105193 0.00234106 -0.00453032 -0.0066119 -0.00550928 0.000922768 0.0021978 -0.000568315 0.000467387 0.00670647 -0.000171791 0.00327825 -0.00140744 -0.00723381 -0.00334852 0.00988448 -0.00140092 0.00636479 0.00317326 0.00531902 0.00744719 0.0090886 0.00134805 0.0112523 0.017894 0.00747152 0.00986804 0.00435395 0.021524 -0.0100698
internal_weight=2722.75 1753.3 969.448 580.948 527.024 1297.82 95.9963 84.3572 1236.27 114.438 1121.84 294.76 827.076 431.028 183.233 95.6261 388.5 455.482 211.238 179.363 153.419 244.244 54.0164 190.228 67.3646 122.863 61.5479 42.8892 18.6587 247.794
internal_count=8577 4846 3731 2434 2189 3695 374 332 3532 305 3227 862 2365 1815 691 256 1297 1151 535 451 385 616 133 483 170 313 163 115 48 1124
is_linear=0
shrinkage=0.03


Tree=123
num_leaves=31
num_cat=0
split_feature=48 121 96 2 116 66 53 118 44 93 90 82 68 75 3 14 85 61 96 116 72 82 84 47 32 121 57 61 93 73
split_gain=29.2739 12.1586 8.03307 6.35584 6.32313 5.45572 5.01399 4.72353 4.71747 4.62007 6.63474 4.66492 6.97802 4.57396 5.7525 5.102 4.41491 4.30985 4.24205 4.02822 4.48214 5.08254 4.15825 3.87381 4.59709 3.72574 8.87559 3.51349 5.46472 4.11696
threshold=-28.661921005916835 0.67261904761904778 -0.043869407904620857 -1.3315018315018312 0.84807692307692328 3.2863636363636366 2.9000000000000004 -1.9999999999999996 1.5000000000000002 -0.25679172679172685 -0.30992238562091495 -0.21825396825396817 1.4772727272727275 2.7029411764705888 2.2583333333333337 -0.29761904761904751 0.59797979797979806 6.8829500287054701 0.38312003280963247 -0.59861111111111098 1.1055555555555558 -0.83080808080808055 0.67171717171717193 1528.9869223519897 -1.2071428571428569 0.93095238095238109 0.45511159084004998 7.0044280632177705 -0.46886904761904741 1.4365079365079367
decision_type=2 2 2 2 2 2 2 2 2 2 2 2 2 2 2 2 2 2 2 2 2 2 2 2 2 2 2 2 2 2
left_child=3 5 4 7 8 9 25 -1 16 11 -11 12 -2 14 -6 -15 -3 19 -12 23 22 -22 -21 24 -5 26 -4 28 -19 -30
right_child=1 2 6 17 13 -7 -8 -9 -10 10 18 -13 -14 15 -16 -17 -18 27 -20 20 21 -23 -24 -25 -26 -27 -28 -29 29 -31
leaf_value=0.0052002039399758389 0.014346273234392581 0.0028535104469210905 0.0035304740175985143 0.023010121272355827 0.012142836750103367 0.021172770497729445 -0.0049079127141486018 -0.013526624522126775 0.016193803865756931 -0.0055099725951446941 0.0022758406851297662 -0.0083484796346702545 -0.01919126483243434 -0.0053078084353132124 -0.0023385244025351816 0.020289044270296142 0.01367466629576935 -0.0069472942785328345 -0.011322824883782528 0.010762710984691731 0.018887277965840325 -0.0041265182869806511 -0.011071606184271525 -0.009211683662038405 -0.0033651838037220766 0.00093751424817582773 0.036006953626586319 -0.002689316205374939 0.033074632164356056 0.0028633280899466799
leaf_weight=12.9938827753067 19.664700657129291 474.43132720887661 36.951465293765068 5.8646584749221793 67.934947863221169 9.0531397014856321 109.67546553909779 100.0905976742506 27.781389653682709 148.61533750593662 479.18061770498753 120.34396252036095 6.6448644995689383 7.3504829704761496 37.540280878543854 57.11911915242672 35.888187438249588 8.2514463812112826 20.53003066778183 36.37779812514782 7.8179415613412848 383.79402197897434 8.9414312541484815 200.60669805109501 43.448126286268234 189.84575979411602 8.7110386490821821 28.95236374437809 10.06947208940983 7.1009485870599738
leaf_count=53 65 1389 112 24 218 30 312 399 88 456 1445 349 19 22 112 208 112 27 61 122 29 1257 28 744 152 558 32 93 38 23
internal_value=-0.00011555 0.00199733 0.00411708 -0.00470941 0.00594455 -0.000777336 0.000353531 -0.0113218 0.00432788 -0.00105736 2.87335e-05 -0.00584673 0.00537346 0.0109907 0.00698696 0.0172883 0.00364563 -0.00368266 0.00168967 -0.00432921 -0.00257139 -0.0036125 0.00624403 -0.00736793 0.000106941 0.00282684 0.0104292 0.00436106 0.012302 0.0215908
internal_weight=2711.57 1857.26 1053.23 854.309 708.046 804.033 345.184 113.084 538.101 794.98 648.326 146.654 26.3096 169.945 105.475 64.4696 510.32 741.225 499.711 686.851 436.931 391.612 45.3192 249.919 49.3128 235.508 45.6625 54.3742 25.4219 17.1704
internal_count=8577 5588 3163 2989 2149 2425 1014 452 1589 2395 1962 433 84 560 330 230 1501 2537 1506 2356 1436 1286 150 920 176 702 144 181 88 61
is_linear=0
shrinkage=0.03


Tree=124
num_leaves=30
num_cat=0
split_feature=121 14 118 69 53 95 46 59 84 95 53 19 46 121 24 12 68 73 83 83 26 78 60 19 86 74 118 73 96
split_gain=5.08691 5.45415 6.3177 5.87777 5.30603 6.58247 6.2962 5.06208 7.41473 6.70174 5.69421 5.56951 8.09935 6.67241 5.01575 4.74164 5.30307 4.42302 4.58189 4.11305 3.13392 2.79618 2.71728 2.64464 1.83678 3.22994 2.53995 1.81796 1.92359
threshold=-1.4196428571428568 0.23205128205128209 0.68057854623330816 2.4494949494949503 4.5833333333333348 -0.21031144060097282 1530.0604719428341 0.32296680099788916 0.67171717171717193 0.0093457943925234991 4.416666666666667 0.51666666666666672 1423.6330271025038 1.6636904761904765 0.50000000000000011 0.63068181818181823 0.61250000000000016 1.1180555555555558 0.78838383838383852 0.26262626262626287 0.83333333333333359 0.65833333333333344 2.6392551892551896 0.60769230769230786 1.1213235294117649 3.5916666666666672 -0.100051775147929 1.788888888888889 0.4692908942228266
decision_type=2 2 2 2 2 2 2 2 2 2 2 2 2 2 2 2 2 2 2 2 2 2 2 2 2 2 2 2 2
left_child=14 4 3 15 7 6 20 8 10 -10 -2 13 -13 -9 23 16 -3 18 -7 -19 -6 -17 -16 24 27 26 -26 28 -1
right_child=1 2 -4 -5 5 17 -8 11 9 -11 -12 12 -14 -15 22 21 -18 19 -20 -21 -22 -23 -24 -25 25 -27 -28 -29 -30
leaf_value=-0.025722676068648555 0.00050271786238245252 0.018381042353882604 -0.02059463950960326 0.024077469835199681 0.0040973515685852084 0.0074928426189316728 -0.015150007252276169 -0.0034506752344432559 0.0031890924198195096 0.019789387845917144 0.016512002531532746 -0.021018245435721776 0.0020118197452898656 -0.019770597949713597 0.014725156631326819 0.0017279839017336795 0.0036235757365089436 -0.0041776502153664527 -0.015315305805306758 -0.018367449988714812 0.026785030072129429 -0.024960291261218605 -0.0053428675106757676 0.0050168113324472333 0.013837769959488818 -0.022644936770599026 -0.010116617876383783 -0.0028713952515318636 -0.0046291468092869532
leaf_weight=20.771040990948681 1582.5814679116011 23.809743270277977 7.7210585772991172 13.364099428057669 13.055731669068342 23.498581245541573 7.8263210952281943 295.7742280960083 61.273133546113968 33.976743772625923 19.270167335867882 13.40964065492153 292.26085662841797 23.623011276125908 11.181876733899118 5.9541008174419385 208.51495143771172 32.05342261493206 10.716996341943739 46.912013381719589 9.5803066343069059 6.683724045753479 11.050982892513273 6.8734544217586508 7.113473668694497 6.0031124949455252 6.7720909267663965 6.5101088583469382 5.7962782531976691
leaf_count=76 4765 64 27 34 35 71 34 926 176 88 57 45 915 100 31 18 607 106 35 157 24 24 35 21 21 22 21 21 21
internal_value=0.000215382 0.000438649 0.00451116 0.00534963 -1.18691e-06 -0.00557735 0.00658775 0.000344701 0.00119578 0.00928586 0.000707362 -0.00195947 0.000926475 -0.00472502 -0.007096 0.00422199 0.00522115 -0.00890684 3.16517e-05 -0.0127694 0.0145534 -0.0129618 0.00482047 -0.0115792 -0.0138416 -0.00598123 0.00205871 -0.0181655 -0.0215643
internal_weight=2813.93 2731.86 266.048 258.327 2465.81 143.643 30.4624 2322.17 1697.1 95.2499 1601.85 625.068 305.67 319.397 82.0724 244.963 232.325 113.181 34.2156 78.9654 22.636 12.6378 22.2329 59.8396 52.9661 19.8887 13.8856 33.0774 26.5673
internal_count=8577 8308 774 747 7534 462 93 7072 5086 264 4822 1986 960 1026 269 713 671 369 106 263 59 42 66 203 182 64 42 118 97
is_linear=0
shrinkage=0.03


Tree=125
num_leaves=31
num_cat=0
split_feature=49 67 19 117 116 4 46 9 67 14 55 21 29 68 47 36 69 61 33 118 57 25 17 36 10 93 93 53 70 29
split_gain=31.0418 13.3695 10.7496 9.71365 7.68219 7.83665 6.66745 5.73996 6.82467 5.55215 5.52127 5.25095 5.00076 9.1487 8.90405 6.3677 6.704 5.23471 4.81954 4.7723 4.77076 4.40243 4.00821 4.46081 4.69826 6.03577 4.40882 6.7162 4.32493 4.28237
threshold=0.52012110685964197 1.9545454545454548 0.48333333333333339 -0.041883116883116737 0.95000000000000007 0.63068181818181823 1447.470798167268 0.11805555555555557 1.8944444444444446 0.20856227106227107 0.36666666666666675 0.095454545454545472 -0.87083333333333335 1.6515151515151518 1481.6985231865017 1.0000000180025095e-35 0.90454545454545465 6.7895344892530387 1.5601190476190478 -0.064814814814814839 0.44376713906704029 0.50000000000000011 -0.41602564102564094 1.5000000000000002 0.39230769230769241 0.084954481792716932 -0.49110671936758865 1.9000000000000001 2.2111111111111117 1.5089285714285716
decision_type=2 2 2 2 2 2 2 2 2 2 2 2 2 2 2 2 2 2 2 2 2 2 2 2 2 2 2 2 2 2
left_child=1 2 12 9 22 18 21 19 -9 11 -8 -4 13 14 -1 16 -14 -17 -6 -5 -15 -3 -2 26 29 -26 27 -24 -28 -25
right_child=4 6 3 7 5 -7 10 8 -10 -11 -12 -13 15 20 -16 17 -18 -19 -20 -21 -22 -23 23 24 25 -27 28 -29 -30 -31
leaf_value=-0.012543073586818245 -0.012721928958983185 -0.0048884324025703372 0.01455591467280668 0.014410493783730077 -0.00391421937750019 -0.014789637616560099 0.0048937601701487818 -0.0025539365153720642 0.015083493459471764 -0.020167346462662751 -0.0086340255297658961 -0.0074854629048880282 -0.0032139028368514694 0.0066579592471147945 0.018686456925366104 -0.0060308415642047484 0.0071152009262943246 0.010854279194459053 0.02711178873702429 -0.00029595113927073364 -0.014525094532855698 0.014571326561200131 0.025912152713043538 -0.015563094360703226 -0.0060223161456737662 0.017223491027748158 -0.0028213264069109453 -0.0066450072610385715 0.013320153352078654 0.0032996142479129356
leaf_weight=8.5383881181478483 40.070994004607201 11.03035795688629 9.4863330870866758 39.484186381101608 13.811319291591646 105.82338540256023 526.4650104790926 378.12973242998123 19.804091036319733 29.523156046867371 27.581449195742607 133.19627356529236 76.123274728655815 19.507698863744736 66.163491562008858 113.02977640926838 210.08242690563202 18.28337924182415 5.4713436365127555 38.135371834039688 16.868731558322906 93.650698512792587 11.48140335083008 66.986105546355247 51.933647125959396 11.389638081192968 540.77033503353596 9.681065231561659 14.328163444995878 12.213698819279669
leaf_count=26 181 29 31 100 62 553 1410 1082 52 91 77 419 209 52 175 324 601 54 20 109 44 235 37 273 192 41 1960 33 55 50
internal_value=-0.00010656 0.00211691 0.000196989 -0.00238935 -0.00472299 -0.0115966 0.00553545 -0.000167158 -0.00163304 -0.00847232 0.00420058 -0.00590804 0.00337056 0.00900622 0.0149588 0.00184613 0.00435586 -0.0035929 0.00564398 0.00723503 -0.00321073 0.0124656 -0.00357208 -0.00304085 -0.00778178 -0.00159181 -0.00185166 0.0112553 -0.00237609 -0.0126119
internal_weight=2719.04 1835.08 1176.36 647.759 883.961 125.106 658.728 475.553 397.934 172.206 554.046 142.683 528.597 111.078 74.7019 417.519 286.206 131.313 19.2827 77.6196 36.3764 104.681 758.855 718.784 142.523 63.3233 576.261 21.1625 555.098 79.1998
internal_count=8577 5120 3369 1884 3457 635 1751 1343 1134 541 1487 450 1485 297 201 1188 810 378 82 209 96 264 2822 2641 556 233 2085 70 2015 323
is_linear=0
shrinkage=0.03


Tree=126
num_leaves=31
num_cat=0
split_feature=48 94 22 34 2 8 95 3 60 93 90 66 64 20 117 96 61 12 85 117 93 95 69 82 12 1 84 69 85 61
split_gain=27.6561 11.6861 6.38658 6.93812 6.14793 5.60723 7.07201 5.44139 5.83216 6.68042 5.34569 5.07929 5.10306 4.83223 4.31157 5.37934 4.15867 4.1257 3.97664 3.84455 3.62771 3.83445 3.65891 3.52086 3.511 4.15881 3.44789 5.40994 3.98381 3.49201
threshold=-28.661921005916835 0.16644325290437897 0.14835164835164838 2.2916666666666674 -1.3315018315018312 -0.59999999999999998 0.22532427768190164 1.607692307692308 3.1305543926798642 0.43888888888888883 0.18948992852501614 3.2361111111111116 0.67543859649122817 0.10151515151515152 -0.5527777777777777 -0.52451056367766313 6.8829500287054701 0.63068181818181823 -1.2182539682539679 1.6375000000000004 0.42833333333333318 -0.28931235004289574 0.90454545454545465 0.20000000000000004 0.45804195804195807 1.2583333333333335 -0.44200244200244188 1.0871212121212122 -1.0000000180025095e-35 7.0044280632177705
decision_type=2 2 2 2 2 2 2 2 2 2 2 2 2 2 2 2 2 2 2 2 2 2 2 2 2 2 2 2 2 2
left_child=4 5 3 11 19 6 10 8 9 -4 13 12 -3 -2 18 -16 20 24 -9 -1 21 22 -6 -22 -7 -26 27 -18 29 -28
right_child=1 2 7 -5 16 17 -8 14 -10 -11 -12 -13 -14 -15 15 -17 26 -19 -20 -21 23 -23 -24 -25 25 -27 28 -29 -30 -31
leaf_value=-0.012845487736007433 0.0078827082416810055 0.015435823414565156 0.0021633973213076789 0.017537973356658128 -0.0076237767907444409 -0.00055396635328663337 -0.012487564965269492 -0.0028901535893979795 -0.013701235836262466 0.025868230117601788 -0.015678138261963095 0.016692942235403518 -0.0053653994677194811 -0.014763576917283118 -0.015248576583808206 0.0073355509949023772 0.024422000672188464 0.019666568469708233 0.01576052651387214 0.0061917817492398997 -0.0024801481820837588 -0.0050270698976059699 0.013363514653890626 0.02722902339740781 -0.011811638583416771 0.0014492631327992658 0.0071517733661078204 -0.0080217744863661702 0.01755352509588598 -0.014052232653472586
leaf_weight=102.30548402667046 193.9186794012785 10.513481751084326 139.19907093048096 16.999834835529327 10.81055034697056 825.4530485868454 19.688082903623581 10.921531602740286 17.737963020801544 10.667480081319807 8.8827982246875745 10.868988975882528 131.77446319162846 7.8790345191955558 8.8674892485141736 253.00605531036854 13.233358025550844 7.6211401075124732 94.160350814461708 9.7090141177177411 7.3931395113468152 641.53295584022999 19.342646837234497 5.4493441432714462 55.127733021974564 33.366672933101654 10.014673441648485 6.0840976983308783 6.9104333817958823 18.170159384608269
leaf_count=412 587 34 409 55 34 2478 53 34 47 37 23 35 374 21 23 774 49 26 322 40 24 2210 68 20 154 102 34 18 24 56
internal_value=-0.000115479 0.00193596 0.00497602 -6.92873e-05 -0.00459194 7.08452e-05 0.00424912 0.00658474 0.00206632 0.00403087 0.00587894 -0.00214418 -0.00371049 0.00691527 0.00862912 0.0065043 -0.0035833 -0.000973839 0.0137848 -0.0111287 -0.00422077 -0.00453146 0.00573964 0.0109657 -0.00117054 -0.00681779 0.00431358 0.0141642 -0.00126757 -0.00642831
internal_weight=2707.61 1856.65 704.717 170.157 850.956 1151.94 230.369 534.56 167.605 149.867 210.681 153.157 142.288 201.798 366.955 261.874 738.941 921.569 105.082 112.014 684.529 671.686 30.1532 12.8425 913.947 88.4944 54.4127 19.3175 35.0953 28.1848
internal_count=8577 5588 2144 498 2989 3444 684 1646 493 446 631 443 408 608 1153 797 2537 2760 356 452 2356 2312 102 44 2734 256 181 67 114 90
is_linear=0
shrinkage=0.03


Tree=127
num_leaves=27
num_cat=0
split_feature=121 14 116 18 2 74 48 32 32 29 88 69 26 76 15 16 30 25 68 96 61 68 31 58 70 61
split_gain=4.8874 5.1911 5.24007 5.15824 5.03334 8.16453 6.13727 5.79093 6.2741 5.6592 4.86384 4.43647 4.19873 4.41924 3.99873 5.58297 3.38378 3.1938 8.70495 4.22615 2.56053 2.84945 1.91042 1.28865 0.961025 0.348449
threshold=-1.4196428571428568 0.23205128205128209 -1.5916666666666663 0.46410256410256417 -1.470833333333333 2.3514705882352946 -175.44621511550108 -1.4910714285714284 -1.1339285714285712 0.66369047619047639 1.4330357142857146 2.4494949494949503 -1.8333333333333333 0.48684210526315791 0.36038961038961043 0.25833333333333336 0.41428571428571431 1.8333333333333337 1.5857142857142861 0.22629316914073216 5.8066387294484665 1.738636363636364 2.3541666666666674 0.20216677096370464 0.90454545454545465 5.8304140474468626
decision_type=2 2 2 2 2 2 2 2 2 2 2 2 2 2 2 2 2 2 2 2 2 2 2 2 2 2
left_child=3 4 -3 23 5 -2 10 9 -9 -8 -6 14 24 -14 15 -4 -16 19 -19 -7 21 -15 -12 -1 -5 -25
right_child=1 2 11 12 6 17 7 8 -10 -11 22 -13 13 20 16 -17 -18 18 -20 -21 -22 -23 -24 25 -26 -27
leaf_value=-0.0051061067904067973 -0.012413628544905408 -0.016416980757448154 0.0099036219482865877 -0.0059330223291468621 0.0057031788006018163 0.010613180418235078 -0.015670245867144439 0.0079277206774441052 -7.4044763161430262e-05 0.0080495790374126176 -0.019391405579191376 0.021093966973764866 0.023728562099231597 -0.019904001565903707 -0.0082024132273338518 -0.002136259586950579 0.011694354616199639 0.025861281453687983 -0.015427654567509464 0.038716415760768348 0.0092790852888664042 0.00184496124642353 -0.00029266893453155896 -0.025097231322439389 -0.022843107939076963 -0.012631533500308854
leaf_weight=7.5665889829397228 10.912684962153433 9.4422402232885343 48.524828225374222 7.7899409085512143 11.25438019633293 12.486189752817156 37.26070936024189 90.795176193118095 2230.8840917348862 10.984251424670218 29.066456347703934 14.125254034996031 6.9637750685214987 8.4491732269525546 7.7017115205526343 113.99532663822174 72.539718896150589 8.201186418533327 8.1726586967706663 8.748602628707884 12.048393309116362 11.848510354757307 6.0073490291833869 12.182800918817522 6.445681631565094 8.4147677570581418
leaf_count=28 34 34 136 25 33 34 116 259 6837 31 99 37 19 31 24 346 197 22 27 23 36 38 19 43 22 27
internal_value=0.000217605 0.000436065 0.00440678 -0.00696503 4.18222e-06 0.00947318 -0.000188566 2.378e-05 0.000240871 -0.0101551 -0.0108855 0.00524452 -0.00134858 0.0036883 0.00422724 0.00147881 0.00967024 0.0160587 0.00537831 0.023547 -0.0011184 -0.00757694 -0.0163022 -0.0171278 -0.0147833 -0.0209642
internal_weight=2812.81 2731.1 266.329 81.7096 2464.77 48.5213 2416.25 2369.92 2321.68 48.245 46.3282 256.887 53.5455 39.3099 242.762 162.52 80.2414 37.6086 16.3738 21.2348 32.3461 20.2977 35.0738 28.1642 14.2356 20.5976
internal_count=8577 8308 774 269 7534 140 7394 7243 7096 147 151 740 171 124 703 482 221 106 49 57 105 69 118 98 47 70
is_linear=0
shrinkage=0.03


Tree=128
num_leaves=31
num_cat=0
split_feature=119 2 19 17 46 67 58 57 71 15 116 35 116 93 84 93 36 48 20 29 12 91 16 45 11 93 74 60 64 92
split_gain=29.3272 10.0896 7.35872 7.05011 6.94873 6.80889 8.15191 6.19107 6.10467 7.937 6.29787 5.6753 5.46501 5.06727 6.43998 4.96718 6.82296 4.85447 4.72358 5.93644 5.75418 4.92322 4.97268 4.51833 5.57624 4.28932 4.46189 6.60522 4.27428 7.35604
threshold=0.086126373626373667 -1.1291666666666664 0.48333333333333339 -0.066666666666666666 1421.3706810725459 1.8944444444444446 0.26633373650718445 0.42728621526841115 1.2928571428571431 0.59166666666666679 -0.70294117647058807 0.68055555555555569 -0.076619433198380368 -0.44787137681159395 -0.099999999999999908 0.24518518518518531 -2.4999999999999996 92.887083652277411 0.033150183150183178 -0.30654761904761896 0.16025641025641027 -0.44405535984483352 0.53589743589743599 1.0000000180025095e-35 -0.44040404040404041 0.31322553558460425 2.6485294117647062 2.6258103132044304 1.4868421052631582 1.0000000180025095e-35
decision_type=2 2 2 2 2 2 2 2 2 2 2 2 2 2 2 2 2 2 2 2 2 2 2 2 2 2 2 2 2 2
left_child=1 8 15 17 -4 7 -7 -6 9 11 -11 -1 25 14 -10 28 -17 18 21 -20 -21 22 -2 24 -15 26 27 -5 29 -3
right_child=3 2 4 12 5 6 -8 -9 13 10 -12 -13 -14 23 -16 16 -18 -19 19 20 -22 -23 -24 -25 -26 -27 -28 -29 -30 -31
leaf_value=-0.020122455068633117 0.0097323099980882993 0.0042022464954578377 0.0089463849805942828 0.0031442434192841462 0.0038885639571229732 -0.00090549700950029466 0.011189420246926497 -0.0054877992554274143 0.010074208138642734 -0.008598502423824329 0.01733690123704636 0.0080861906849646198 -0.0027333833968636871 0.013221424956083697 -0.0046249868291425083 0.015913778031743188 -0.011211095537574083 -0.010606450201698203 0.026123122969919581 0.013549216002659455 -0.0058336128127704561 -0.0086717749447380362 -0.0057833028833317642 0.020571333965590546 -0.0057287648859234343 -0.0082495029176062884 -0.0040920930535523464 0.030110738313341545 0.0068606556545329923 -0.0063670049283848012
leaf_weight=21.392368748784069 29.290423959493637 268.42674289643764 59.113134905695915 16.627967596054077 75.097907915711403 197.02584083378315 66.06135156750679 374.8657228499651 72.526488333940506 11.926974922418593 23.459011748433113 8.1802629232406598 363.13500566780567 55.790353655815125 41.16403341293335 9.5131254792213422 39.42344257235527 179.89931416511536 7.2274089455604544 17.590065628290176 52.160342633724213 210.04182250797749 47.09958378970623 50.051711097359657 17.645073741674423 11.704139515757559 11.533094629645346 16.170511096715927 286.15681862831116 74.86364683508873
leaf_count=59 109 762 160 50 213 551 178 1099 182 29 59 21 1250 141 105 25 117 916 24 68 197 803 190 128 44 41 38 45 765 208
internal_value=-0.000109165 0.00219991 0.00115633 -0.00431505 -0.000843163 -0.00167033 0.00215105 -0.0039111 0.00717989 -0.000916715 0.00851676 -0.0122121 -0.00137793 0.00940454 0.00473198 0.00343454 -0.00566494 -0.00656887 -0.00453829 0.00200941 -0.000780717 -0.00630927 0.000176009 0.0136097 0.00861198 0.00724728 0.0114966 0.0170257 0.0041546 0.00187683
internal_weight=2715.16 1752.68 1450.55 962.48 772.164 713.051 263.087 449.964 302.136 64.9586 35.386 29.5726 419.171 237.178 113.691 678.384 48.9366 543.309 363.41 76.9778 69.7504 286.432 76.39 123.487 73.4354 56.0357 44.3316 32.7985 629.447 343.29
internal_count=8577 4846 4078 3731 2201 2041 729 1312 768 168 88 80 1424 600 287 1877 142 2307 1391 289 265 1102 299 313 185 174 133 95 1735 970
is_linear=0
shrinkage=0.03


Tree=129
num_leaves=31
num_cat=0
split_feature=48 121 92 5 116 66 95 75 53 17 93 17 91 67 33 59 121 93 2 92 37 95 57 93 68 118 57 34 117 84
split_gain=26.1211 11.1307 7.43111 6.06335 5.88946 5.15857 5.04057 6.7692 4.76524 6.02273 5.46366 4.65304 4.09101 4.66844 4.27466 3.97373 5.72241 4.21521 3.79479 4.88994 3.72178 4.29329 4.58218 3.75006 4.17736 3.48248 4.18148 3.87924 3.47201 3.22876
threshold=-28.661921005916835 0.67261904761904778 -0.060810288179513609 -0.86282051282051253 0.84807692307692328 3.2863636363636366 0.098090255296045051 2.7029411764705888 2.9000000000000004 -0.44603174603174595 0.43888888888888883 0.31969696969696976 0.72879178113553134 2.4365079365079372 0.83630952380952406 0.33312629399585925 -1.0000000180025095e-35 -0.34438131313131293 0.5291666666666669 0.15000000000000005 -2.4999999999999996 -0.28931235004289574 0.44681763439290539 0.43888888888888883 1.1180555555555558 -1.9999999999999996 0.44822791659419875 -0.6583333333333331 -0.44444444444444431 -0.19999999999999982
decision_type=2 2 2 2 2 2 2 2 2 2 2 2 2 2 2 2 2 2 2 2 2 2 2 2 2 2 2 2 2 2
left_child=3 5 4 25 12 11 7 -6 9 -4 -11 15 13 -3 -14 17 -17 -2 -10 -20 -5 22 29 24 -23 26 -1 -27 -29 -22
right_child=1 2 8 20 6 -7 -8 -9 18 10 -12 -13 14 -15 -16 16 -18 -19 19 -21 21 23 -24 -25 -26 27 -28 28 -30 -31
leaf_value=0.024082788347730914 -0.0081304850505598495 0.0041545627177153798 -0.010556024434769508 -0.015571525477160954 0.0073679540373787905 0.020534172719372301 -0.0059350182984114451 0.020624853722607212 -0.0098060653094262946 0.002116541462079517 0.014765478582368777 -0.0093436457998055025 0.0030826669275273266 -0.01038737199986201 0.032073119253619685 0.015197241167905979 0.00076934950147471777 -0.00051973151268167061 -0.0056166597615261559 0.013756412395594528 -0.011510165427725396 0.00028829002385571733 0.026256039035462655 0.016502001006761729 -0.0051728412666695207 0.0099680301253960851 -0.0075092561632486765 0.011041429060998064 -0.01123379517273369 0.010946732747335559
leaf_weight=5.3466109484434119 74.039086923003197 499.583242431283 26.274249911308289 19.484358906745911 101.64918667078018 9.0804582238197309 14.482803642749785 54.216303333640099 60.666592717170715 172.23971423506737 36.785656809806824 55.620928347110748 9.751322954893114 19.6454958319664 8.5335447788238508 31.38375061750412 107.51148568093777 525.90905939042568 31.567815840244293 17.282762974500656 9.5436546504497546 185.64818166196346 8.1246017813682538 7.6335293650627127 384.54529026150703 7.7510299831628791 8.2706343382596952 5.6101499050855628 194.13265201449394 11.670134276151659
leaf_count=23 216 1474 71 60 321 30 40 203 169 515 115 170 29 53 30 104 323 1582 88 55 30 625 30 27 1312 30 33 22 757 40
internal_value=-0.00011578 0.0018757 0.0039044 -0.00447686 0.00566178 -0.000779796 0.0105239 0.0121004 0.000282117 0.0026944 0.00441657 -0.00105269 0.00409862 0.00357968 0.0177296 -0.000412693 0.00413614 -0.00147593 -0.00485104 0.00131559 -0.00295411 -0.00251933 0.00846826 -0.00309606 -0.00339212 -0.00874624 0.00548862 -0.00971666 -0.0105413 0.000645426
internal_weight=2703.98 1856.22 1052.68 847.761 707.862 803.545 170.348 155.865 344.817 235.3 209.025 794.464 537.514 519.229 18.2849 738.843 138.895 599.948 109.517 48.8506 626.65 607.165 29.3384 577.827 570.193 221.111 13.6172 207.494 199.743 21.2138
internal_count=8577 5588 3163 2989 2150 2425 564 524 1013 701 630 2395 1586 1527 59 2225 427 1798 312 143 2124 2064 100 1964 1937 865 56 809 779 70
is_linear=0
shrinkage=0.03


Tree=130
num_leaves=19
num_cat=0
split_feature=46 46 46 52 85 48 116 19 88 6 37 25 68 19 67 93 84 116
split_gain=4.87809 7.73931 6.55696 5.97816 5.09878 5.04596 4.69633 5.21652 7.1313 4.24518 4.20831 3.79199 3.16134 3.08482 2.59847 2.49954 1.52812 0.531083
threshold=1682.5048272473898 1662.3250862993925 1636.8260527210291 0.45000000000000007 -0.63564213564213545 135.65163487744624 -1.5916666666666663 0.64583333333333337 2.6464285714285718 0.74166666666666681 1.0000000180025095e-35 2.1666666666666674 1.3166666666666669 0.51666666666666672 2.954545454545455 -0.45988636363636354 -0.30303030303030304 1.1380952380952383
decision_type=2 2 2 2 2 2 2 2 2 2 2 2 2 2 2 2 2 2
left_child=1 2 6 16 -4 -3 11 8 -8 -9 13 14 -13 -7 -1 -6 -2 -17
right_child=3 5 4 -5 15 10 7 9 -10 -11 -12 12 -14 -15 -16 17 -18 -19
leaf_value=-0.023734725612840554 -0.0026988977140792497 0.028253620409064779 0.0057506512865398438 0.012959743212536998 -0.001814992086962878 -0.021213169307443755 0.00043929015675333774 -0.0093354843671452446 -0.015392802098976524 0.010385368603953242 0.018842141532696539 0.016821411844856402 -0.010381286714817892 0.0064392620109587923 -0.0067228204408018733 -0.026002346100523537 -0.022504335582927987 -0.011251615639972757
leaf_weight=13.629541724920271 5.0934388190507951 13.064896881580351 10.377013161778448 6.0684671849012366 7.2493443191051474 5.6206032335758227 2548.7867620289326 10.361364513635634 24.858805969357491 73.629599243402481 9.6918537616729719 7.379373371601103 6.0730463713407516 7.046177938580513 22.323247715830803 16.233693063259132 18.167054936289787 6.1836466193199149
leaf_count=55 21 35 39 19 23 28 7654 35 80 213 34 21 23 31 80 69 88 29
internal_value=0.000219737 0.000351091 0.000167774 -0.011744 -0.0117312 0.01409 0.000349163 0.00052209 0.000279284 0.00783603 0.00483011 -0.00871935 0.00446469 -0.00626574 -0.0137209 -0.0179321 -0.0185811 -0.0227158
internal_weight=2811.84 2782.51 2747.09 29.329 40.0437 35.4235 2707.04 2657.64 2573.65 83.991 22.3586 49.4052 13.4524 12.6668 35.9528 29.6667 23.2605 22.4173
internal_count=8577 8449 8321 128 160 128 8161 7982 7734 248 93 179 44 59 135 121 109 98
is_linear=0
shrinkage=0.03


Tree=131
num_leaves=31
num_cat=0
split_feature=119 2 17 71 91 95 70 57 46 65 85 26 33 66 95 61 46 12 97 29 32 7 73 61 33 97 97 7 46 50
split_gain=27.7323 9.85638 6.86896 6.17224 6.89806 6.00126 7.28017 6.81272 5.73426 5.4339 5.19798 5.67555 6.14351 5.03558 7.07446 5.70143 6.92178 5.19932 5.0097 4.9597 5.38146 4.79077 4.76282 4.66905 6.54577 4.59744 4.50724 5.96074 4.37095 5.49095
threshold=0.11438923395445134 -1.1291666666666664 -0.066666666666666666 1.4365079365079367 -0.074438429217841037 0.29686673802860503 0.88194444444444453 0.42728621526841115 1421.3706810725459 1.7875939849624063 -1.0410353535353531 -0.49999999999999994 2.1875000000000004 1.9545454545454548 0.38418079096045193 6.4142779581694773 1636.8260527210291 0.27922077922077926 -0.35249513063335342 -0.29166666666666652 0.66369047619047639 1.1291666666666669 2.3693181818181821 7.0152633858813882 0.64642857142857146 -0.31050989584193062 -0.34330810023185537 0.78174603174603186 1459.701331313094 0.29166666666666669
decision_type=2 2 2 2 2 2 2 2 2 2 2 2 2 2 2 2 2 2 2 2 2 2 2 2 2 2 2 2 2 2
left_child=1 3 10 4 -1 7 -7 -3 21 -10 11 -2 22 14 18 16 17 -15 -4 20 -12 -9 -13 -21 -25 26 27 -5 -8 -30
right_child=2 5 13 25 -6 6 28 8 9 -11 19 12 -14 15 -16 -17 -18 -19 -20 23 -22 -23 -24 24 -26 -27 -28 -29 29 -31
leaf_value=0.017938016426175023 0.027675450608123681 0.0045724772681208633 0.024498412504057848 -0.0010838001898088221 -0.0035836797201015385 0.011969687607100305 0.011208613930118268 -0.011488725794505997 -0.0012135506340722657 -0.0095026217638286298 0.019742525398393794 0.003934290103305569 0.025635047980170331 -0.008435268905551933 0.02961678217236214 -0.01761411524336148 0.022592161018586299 0.014988528269863495 -0.00062869748769255735 -0.0091606349336634304 -0.0063113103062942561 0.0087650232172630446 -0.012394652800388994 0.025626519032072404 -0.013255201833453249 0.014069468316558368 -0.010221452077545115 0.014180436107659448 0.0028997452474007323 -0.0077603280626632925
leaf_weight=15.356394737958906 5.4615483433008185 227.04330453276634 6.3384018242359152 39.851495295763016 73.131771057844162 85.550924986600876 39.233109414577484 11.177483052015303 725.41653682291508 78.201264590024948 11.034528136253359 29.74555005133152 5.6691761165857306 64.397439822554588 6.4842928349971762 30.134935200214386 7.8801394850015631 8.7997274547815305 264.14539901912212 412.7320894151926 16.462096318602562 75.806467831134796 32.589652583003044 7.4976872056722623 6.2315427660942078 108.39205501973629 13.814655900001524 52.029624491930008 195.95132035017014 54.768604248762131
leaf_count=40 20 634 21 99 188 219 100 30 2100 242 34 116 22 237 18 115 26 31 884 1818 60 201 142 25 25 275 35 133 526 161
internal_value=-0.000111307 0.00205387 -0.00435864 0.00698377 0.000276425 0.00104885 0.00432471 -5.19677e-05 -0.00123806 -0.00203471 -0.00658625 0.000771101 -0.00171591 -0.0013151 0.000844498 -0.00667979 -0.00241407 -0.00541478 3.71401e-05 -0.0077826 0.00436484 0.00602731 -0.00461623 -0.00858122 0.0080731 0.00972798 0.00515748 0.00758721 0.00202536 0.000537605
internal_weight=2711.33 1795.73 915.604 302.576 88.4882 1493.15 375.504 1117.65 890.602 803.618 527.424 73.4659 68.0044 388.18 276.968 111.212 81.0773 73.1972 270.484 453.958 27.4966 86.984 62.3352 426.461 13.7292 214.088 105.696 91.8811 289.953 250.72
internal_count=8577 4983 3594 770 228 4213 1006 3207 2573 2342 2262 300 280 1332 923 409 294 268 905 1962 94 231 258 1868 50 542 267 232 787 687
is_linear=0
shrinkage=0.03


Tree=132
num_leaves=31
num_cat=0
split_feature=48 94 23 13 5 23 121 8 95 90 20 51 83 84 22 74 68 121 47 8 117 96 7 60 58 85 118 58 84 95
split_gain=24.6685 10.7367 6.36195 6.58683 5.81049 5.67102 6.01886 5.2044 6.76695 5.15514 4.59484 4.54822 5.14078 4.58581 4.53742 4.24508 4.0766 3.87404 3.83139 5.31763 7.09721 5.2903 4.19378 3.55404 6.52433 5.39076 5.14472 4.19419 4.01768 6.40796
threshold=-28.661921005916835 0.16644325290437897 -0.15119047619047618 0.069047619047619066 -0.86282051282051253 -0.25137362637362631 1.8839285714285716 -0.59999999999999998 0.22532427768190164 0.18948992852501614 0.10151515151515152 0.63333333333333341 0.66161616161616177 0.70000000000000007 0.32051282051282054 2.6485294117647062 1.6515151515151518 2.2182539682539688 1489.9958590364731 0.79285714285714315 0.59642857142857164 0.34441379310344838 1.5358974358974362 2.554097225562455 0.24663245116082153 0.5265151515151516 -0.029999999999999992 0.25391800533399494 0.10050505050505044 0.21060312114195345
decision_type=2 2 2 2 2 2 2 2 2 2 2 2 2 2 2 2 2 2 2 2 2 2 2 2 2 2 2 2 2 2
left_child=4 7 5 -4 -1 6 14 8 9 10 -2 13 -13 -5 -3 -7 -17 -8 19 20 -9 22 -20 27 25 -25 -27 -6 -29 -30
right_child=1 2 3 11 23 15 17 18 -10 -11 -12 12 -14 -15 -16 16 -18 -19 21 -21 -22 -23 -24 24 -26 26 -28 28 29 -31
leaf_value=-0.0085634552956591944 0.0076003711150543973 -0.014794050969580346 -0.0083548751195446462 0.0057541366077201424 -0.01727217308386185 0 0.021194505991832101 -0.00234374290757917 -0.012340477029136751 -0.015543836298578325 -0.014523700280210834 -0.010306015732610774 0.010211636887862845 -0.011487772470540225 0.0031348063127215765 0.018450568218536311 -0.0010335537093075042 0.0045324405085471501 0.0008042009902946317 0.016329155725908595 -0.021459052322687907 -0.014271295868142179 0.0098570786034783905 -0.001310679582966862 -0.0068620220783065797 0.0015779792241268327 0.036577864235117961 0.00069779250194919849 0.029000992598797883 -0.0052125576659736092
leaf_weight=219.39676122367382 194.25114548206329 13.404071569442747 44.692739516496658 314.08065420389175 8.6018185317516309 17.78223529458046 26.003512188792229 529.80326329171658 19.636041760444641 8.863522529602049 7.8403278142213813 37.43487860262394 14.359777867794035 13.504642024636267 105.548917517066 80.543755620718002 10.519344002008436 25.811102375388145 290.82970564067364 12.109848961234091 17.154726698994637 17.331910908222198 54.00396516919136 196.18832686543465 293.85481207072735 9.1311157643794996 5.8150885701179496 92.744655445218086 11.340506315231325 7.5435197949409476
leaf_count=865 587 35 126 950 25 51 94 1562 53 23 21 103 45 36 317 271 31 85 883 42 49 52 172 673 997 31 22 308 43 25
internal_value=-0.000116575 0.00181687 0.00473367 0.00239811 -0.00436476 0.00824402 0.00476086 2.97378e-05 0.00405288 0.00564398 0.00665999 0.00369139 -0.00447511 0.00500141 0.000983016 0.0135884 0.0161805 0.0131942 -0.000977333 -0.00253465 -0.00298682 0.00141877 0.00225504 -0.00287528 -0.0039793 3.2137e-05 0.0168233 0.00173161 0.00336298 0.0156082
internal_weight=2700.13 1855.51 703.686 424.073 844.617 279.613 170.768 1151.82 230.591 210.955 202.091 379.38 51.7947 327.585 118.953 108.845 91.0631 51.8146 921.233 559.068 546.958 362.166 344.834 625.22 504.989 211.135 14.9462 120.231 111.629 18.884
internal_count=8577 5588 2144 1260 2989 884 531 3444 684 631 608 1134 148 986 352 353 302 179 2760 1653 1611 1107 1055 2124 1723 726 53 401 376 68
is_linear=0
shrinkage=0.03


Tree=133
num_leaves=21
num_cat=0
split_feature=46 46 73 46 47 20 121 84 27 72 18 26 63 71 89 5 35 61 61 30
split_gain=4.68418 7.45245 6.38329 6.28988 5.4781 5.46283 4.74001 5.36256 8.22727 6.38351 5.01233 4.06317 3.14738 2.78018 3.04112 2.08704 1.85935 0.97898 1.87178 0.777652
threshold=1682.5048272473898 1662.3250862993925 0.9545454545454547 1636.8260527210291 1521.7954631566947 0.033150183150183178 -1.4196428571428568 0.67171717171717193 0.73214285714285732 0.84523809523809534 0.46410256410256417 -1.8333333333333333 1.7416666666666669 0.78888888888888908 0.97500000000000009 0.92500000000000016 -1.3184523809523807 6.3604381731226871 6.1366459725839873 1.4642857142857146
decision_type=2 2 2 2 2 2 2 2 2 2 2 2 2 2 2 2 2 2 2 2
left_child=1 3 -2 6 5 15 10 9 -9 -8 16 -12 -6 -5 -15 -3 -1 18 -4 -16
right_child=2 4 17 13 12 -7 7 8 -10 -11 11 -13 -14 14 19 -17 -18 -19 -20 -21
leaf_value=-0.0044766354319786591 0.014706187010030064 0.025250626953575175 -0.02104952714989506 0.0045226827466982146 0.037748223968403528 -0.020917478672580935 -0.006296454170316778 -0.0012029810903419931 0.011485422595940825 0.000558929740890813 -0.014522722637405526 0.0037278230803588909 0.0096860363120547192 0.0009391298970012166 -0.0087935860697956631 0.0018480407414606778 -0.022039202399564663 -0.024072870982757549 0.0026083054954153771 -0.023533467038428107
leaf_weight=8.9524594247341174 5.7349247336387661 5.4602743089199093 5.0355188548564929 7.2069874703884116 8.6802148669958132 5.3091521859168997 128.03268598020077 86.003646895289421 96.49457198381424 2314.8868660926819 14.068460166454313 39.213799133896828 7.7492434978485099 7.6465240567922583 6.8180464357137707 8.3373429179191572 18.857521682977676 13.065899133682249 5.226142942905426 18.092849895358086
leaf_count=30 17 19 25 29 22 27 436 252 269 6935 47 124 23 24 27 37 68 64 22 80
internal_value=0.000220962 0.000349174 -0.0115548 0.000168938 0.01381 0.00240766 0.000346056 0.000568863 0.0055156 0.000195984 -0.00675 -0.00121449 0.0259995 -0.0115255 -0.0151963 0.0123927 -0.0168413 -0.0184734 -0.00957276 -0.0201101
internal_weight=2810.87 2781.81 29.0625 2746.27 35.5362 19.1068 2706.51 2625.42 182.498 2442.92 81.0922 53.2823 16.4295 39.7644 32.5574 13.7976 27.81 23.3276 10.2617 24.9109
internal_count=8577 8449 128 8321 128 83 8161 7892 521 7371 269 171 45 160 131 56 98 111 47 107
is_linear=0
shrinkage=0.03


Tree=134
num_leaves=31
num_cat=0
split_feature=48 91 83 11 47 14 50 88 69 7 66 118 6 57 82 46 57 46 59 92 91 15 4 85 59 46 93 90 59 74
split_gain=26.2735 10.1357 7.98616 6.59728 6.30687 6.52653 5.93154 8.72301 6.04006 7.3009 5.92893 6.4569 5.94056 5.82558 5.294 5.17848 5.90715 7.8482 5.42293 4.94282 7.10038 4.69116 4.54415 5.46106 4.52917 4.25348 6.13197 4.98445 4.25055 4.22224
threshold=13.989131863564355 0.49300733156803961 -0.04722222222222227 -0.3827838827838827 1420.7635632446593 0.2022727272727273 0.29166666666666669 1.7350877192982459 0.47727272727272735 0.89444444444444449 1.8090909090909093 -0.090000000000000011 0.79285714285714304 0.42728621526841115 0.78174603174603197 1495.680253637601 0.48547206979034757 1595.4384772084093 0.3178366617676725 0.57758252284114331 -0.64367102396514164 0.36038961038961043 1.1055555555555558 0.40138888888888896 0.25937582988266078 1494.5506614722501 -0.78517300812106816 0.28333333333333338 0.30322181411689558 2.1846590909090913
decision_type=2 2 2 2 2 2 2 2 2 2 2 2 2 2 2 2 2 2 2 2 2 2 2 2 2 2 2 2 2 2
left_child=1 3 25 14 -5 13 8 -8 28 -10 11 24 -13 -6 22 18 29 -18 -12 20 -14 -7 -1 -24 -2 -3 -27 -28 -4 -17
right_child=10 2 6 4 5 21 7 -9 9 -11 15 12 19 -15 -16 16 17 -19 -20 -21 -22 -23 23 -25 -26 26 27 -29 -30 -31
leaf_value=-0.0099420374173408935 0.012903543136941238 0.0040610225265646322 0.0067013998139476396 0.023290855352625893 0.0045960996603720472 -0.0028550050175134524 -0.0073646479126796126 0.022678069600577597 0.018316018600283788 0.0075543431325633117 -0.0056560505817472599 -0.013229948940784908 0.021560536823695416 -0.00086123157615982532 -0.0059019529324143378 0.01371793058411905 -0.0065766522114784768 0.025148243469925904 0.030159302755571986 -0.023764378881728183 0.00047535280453886219 -0.01721161251545978 0.011665328468310043 -0.0088406447469882802 -0.0090028390382595903 0.013205896077263487 -0.021765513104428619 0.00021594074152594484 -0.015443665553425046 -0.0097499874806566238
leaf_weight=10.43713219463825 8.0856312364339811 49.931803211569786 15.739818766713144 9.2000766694545728 219.71423007547855 57.372985631227493 43.769474014639854 9.7840915322303754 78.611677497625351 215.7359149903059 7.947451099753378 28.04304601252079 14.069446519017218 867.68299178779125 27.107839748263359 6.1123706102371207 18.668125584721569 9.897242143750189 5.7122777998447418 6.1503134965896598 321.86452421545982 31.890894025564194 124.20283465087414 11.998345822095869 136.00127728283405 8.625862240791319 23.666669681668282 14.427109271287916 13.546337723731993 311.5078437179327
leaf_count=29 33 126 40 26 622 175 118 25 202 563 27 110 45 2511 72 23 80 36 20 21 1095 97 318 34 559 23 61 41 37 1408
internal_value=-0.00011203 0.00192721 0.00570141 0.000606431 -0.000192866 -0.000398649 0.0076704 -0.00150584 0.00919805 0.0104909 -0.00439033 -0.00230767 -0.000196108 0.000241904 0.00604888 -0.00734346 -0.0080697 0.00479264 0.0101523 0.000899071 0.00142871 -0.00815122 0.00830347 0.00978576 -0.00767239 -0.00195182 -0.00839137 -0.0135712 -0.00361448 -0.00924731
internal_weight=2707.51 1833.45 473.839 1359.61 1185.86 1176.66 377.187 53.5536 323.634 294.348 874.06 514.214 370.127 1087.4 173.746 359.845 346.186 28.5654 13.6597 342.084 335.934 89.2639 146.638 136.201 144.087 96.6514 46.7196 38.0938 29.2862 317.62
internal_count=8577 5120 1236 3884 3431 3405 985 143 842 765 3457 1863 1271 3133 453 1594 1547 116 47 1161 1140 272 381 352 592 251 125 102 77 1431
is_linear=0
shrinkage=0.03


Tree=135
num_leaves=31
num_cat=0
split_feature=48 121 96 2 32 66 21 44 93 35 21 16 84 61 61 7 70 67 9 58 116 80 116 17 65 24 26 97 84 85
split_gain=23.2876 10.1717 6.9116 5.68636 5.48661 4.94326 5.02279 4.79208 4.78765 4.89221 4.72891 5.35734 4.10649 3.93027 3.80331 3.78798 4.67356 4.0998 3.6541 3.62408 3.60707 5.56528 4.85943 3.97386 5.21859 4.42868 3.35291 3.34208 3.25467 3.81953
threshold=-28.661921005916835 0.67261904761904778 -0.043869407904620857 -1.3315018315018312 1.6636904761904765 3.2863636363636366 0.51666666666666672 1.5000000000000002 -0.29798711755233481 4.0535714285714297 0.34523809523809529 0.51666666666666672 0.67171717171717193 6.8829500287054701 6.6939428633955229 1.7071428571428573 1.3484848484848486 1.6125000000000003 0.32051282051282054 0.26582994444126246 -0.64852941176470569 9.5000000000000018 -0.89761904761904743 0.15470085470085473 1.3141447368421055 1.8333333333333337 -0.49999999999999994 -0.56783193776867924 -0.44200244200244188 -1.0000000180025095e-35
decision_type=2 2 2 2 2 2 2 2 2 2 2 2 2 2 2 2 2 2 2 2 2 2 2 2 2 2 2 2 2 2
left_child=3 5 4 27 7 6 8 12 18 -10 15 19 -3 20 -9 16 -4 -17 -2 -12 21 22 -5 25 -25 -22 -23 -1 -15 -30
right_child=1 2 10 13 -6 -7 -8 14 9 -11 11 -13 -14 28 -16 17 -18 -19 -20 -21 23 26 -24 24 -26 -27 -28 -29 29 -31
leaf_value=0.0042839129612575423 0.0025652228340764856 0.0042713548430259405 -0.0025402390031661602 -0.0028793566654423631 0.013389751731085489 0.020066013721545407 -0.010799773039929798 0.0097524707094341825 0.00027817844790995578 0.024447064536921227 0.0075785018721155166 0.016880822039207568 -0.010318207302105323 0.01392848331418358 0.034958199972826495 -0.0022138042719485615 0.007616079038736766 -0.015158683156011928 -0.0091597425148948735 -0.013193898319219067 -0.006953152432123591 -0.012006182114740124 0.026791811007514023 -0.0022445499451474202 0.0084709972664857372 0.0022148786469385492 -0.0039701771068261634 -0.012409006737744747 -0.0061641421332759355 0.017305749295029135
leaf_weight=11.336811244487761 31.937505125999451 584.04777078330517 100.15618652105331 13.36782978475094 69.273530423641205 9.0963023006916028 43.888854429125786 30.113076955080032 625.13753254711628 6.636058658361434 16.942171439528469 28.897146984934807 16.852859228849411 19.392353162169456 6.2333422750234595 91.578822270035744 67.129547744989395 28.523229882121086 86.376903563737869 12.024143844842909 201.29801471531391 113.27253651618958 6.6232161521911612 142.76847097277641 56.099218279123306 60.823320031166077 83.800468236207962 97.92240796983242 27.957443833351135 6.9393021613359442
leaf_count=48 101 1750 295 52 236 30 138 96 1884 23 52 93 44 67 23 260 204 77 249 33 646 430 27 487 199 201 314 404 90 24
internal_value=-0.000119067 0.00175771 0.00369808 -0.00425612 0.00539628 -0.000781269 -0.00104882 0.00450301 -0.000460666 0.00057502 0.000208688 0.0079646 0.00384073 -0.00328842 0.0149758 -0.00136471 0.00153857 -0.00541266 -0.00597462 -0.00109671 -0.00391349 -0.00710241 0.00761609 -0.00239332 0.000790482 -0.00481404 -0.00864151 -0.0106266 0.00439386 -0.00106144
internal_weight=2696.45 1854.84 1051.77 841.601 706.521 803.073 793.977 637.247 750.088 631.774 345.251 57.8635 600.901 732.342 36.3464 287.388 167.286 120.102 118.314 28.9663 678.053 217.064 19.991 460.989 198.868 262.121 197.073 109.259 54.2891 34.8967
internal_count=8577 5588 3163 2989 2149 2425 2395 1913 2257 1907 1014 178 1794 2537 119 836 499 337 350 85 2356 823 79 1533 686 847 744 452 181 114
is_linear=0
shrinkage=0.03


Tree=136
num_leaves=30
num_cat=0
split_feature=53 67 48 59 8 119 57 116 12 82 7 116 4 48 33 46 61 69 88 47 119 29 97 65 116 34 81 117 2
split_gain=4.5935 8.25657 7.66969 4.92482 4.66735 4.63719 4.52098 5.7994 7.40343 5.66796 5.58171 5.26632 6.02341 5.09608 4.71283 4.25325 6.2106 4.87669 4.59834 8.32975 9.08095 7.13242 4.93247 6.10107 4.36411 5.17634 4.11838 1.00345 0.526693
threshold=5.1250000000000009 1.6306818181818186 -22.718422461457518 0.32468653971244649 -0.53741258741258735 -1.1261747913921825 0.44260011406375244 -1.4868421052631577 0.46410256410256417 1.0000000180025095e-35 1.851648351648352 -1.2480769230769229 1.0690476190476192 -10.017554038987553 -0.80178571428571421 1417.7368245899399 5.7573219937320976 0.95833333333333337 1.2696969696969698 1461.383080896285 -0.26248993558776151 -0.57142857142857117 0.74695458050555785 1.4472222222222224 -1.0000000180025095e-35 0.80178571428571443 17.500000000000004 -0.15075757575757573 -1.9181818181818178
decision_type=2 2 2 2 2 2 2 2 2 2 2 2 2 2 2 2 2 2 2 2 2 2 2 2 2 2 2 2 2
left_child=3 2 -2 15 -4 -3 9 28 14 10 26 -11 -13 -12 -9 16 17 -1 22 21 -21 -20 23 -17 25 -18 -5 -6 -8
right_child=1 5 4 6 27 -7 7 8 -10 11 13 12 -14 -15 -16 18 24 -19 19 20 -22 -23 -24 -25 -26 -27 -28 -29 -30
leaf_value=0.025637749354700382 0.026105655984504261 0.00037869966494100051 0.012299588001536663 -0.01874727911770201 -0.006101415356022437 -0.024911067382140693 -0.0074379246357818814 0.015621372075023735 0.02347163417030582 0.019573340013213335 0.01904077650583132 0.0049697998697550341 -0.005374947816986623 -0.0042495060798177949 -0.00017898717808217444 0.001171670308816366 -0.020775713574614843 -0.0029316473550045469 0.018347409237345003 0.0039279854744808601 -0.0023344821438578546 0.0050986989893558416 0.023242815237680202 -0.0043850178057208969 0.0050522576705144366 -0.0019086174932125342 -0.0071768801125117543 -0.025672574463341671 -0.02313494796497205
leaf_weight=8.0973803400993365 8.5124468207359332 8.5907443761825579 6.3451244086027172 38.344550266861916 5.4982852041721371 23.093727275729179 5.1375697255134583 17.310915157198906 12.932469218969343 10.104509115219114 10.673292800784109 78.578571483492851 137.89172668755054 29.470083311200142 230.78395527601242 623.34746125340462 32.529270574450493 12.331045940518377 44.694767221808434 499.35214903950691 355.67550377547741 197.92161400616169 7.0075236260890952 247.51712416112423 13.890043988823889 22.439337864518166 108.39718079566956 6.057699009776111 7.395493268966673
leaf_count=21 22 29 23 137 21 85 21 46 32 28 28 247 454 99 732 1893 103 36 112 1419 1050 563 21 856 38 67 344 20 30
internal_value=0.000223274 -0.00804994 0.0041889 0.000401894 -0.00690415 -0.0181606 -0.00179493 0.00118623 0.00218135 -0.00377272 -0.00762672 -0.000561107 -0.00160043 0.00218227 0.000969732 0.00113481 -0.0052272 0.0089206 0.00142637 0.00272003 0.00131973 0.00761698 -0.000188998 -0.000407429 -0.00953501 -0.0132991 -0.010327 -0.0178272 -0.0179472
internal_weight=2809.92 58.098 26.4136 2751.82 17.9011 31.6845 687.02 273.56 261.027 413.46 186.885 226.575 216.47 40.1434 248.095 2064.8 89.2871 20.4284 1975.52 1097.64 855.028 242.616 877.872 870.865 68.8587 54.9686 146.742 11.556 12.5331
internal_count=8577 200 86 8377 64 114 2198 861 810 1337 608 729 701 127 778 6179 265 57 5914 3144 2469 675 2770 2749 208 170 481 41 51
is_linear=0
shrinkage=0.03


Tree=137
num_leaves=31
num_cat=0
split_feature=119 118 36 60 121 7 85 73 34 62 82 119 29 34 19 69 69 32 38 57 11 82 46 69 93 69 30 45 5 121
split_gain=24.9191 9.1652 6.97282 6.51383 6.44572 6.90875 7.42237 6.31772 6.29971 5.66197 5.18143 5.68317 5.16653 5.09548 5.02177 6.33615 5.31386 5.67273 8.86755 8.38251 4.87864 5.7323 4.6517 4.64182 4.55958 4.52197 5.15298 4.75114 4.28476 6.0981
threshold=0.11438923395445134 -0.037500000000000006 1.5000000000000002 2.4678219916729236 0.68214285714285727 2.2583333333333337 -0.95535714285714268 1.3166666666666669 2.5089285714285716 0.79285714285714304 0.70353535353535368 1.4291979949874689 -0.2857142857142857 0.61309523809523814 0.48333333333333339 0.6515151515151516 0.58571428571428574 -0.28174603174603163 1.5000000000000002 0.42572269275120289 -1.0000000180025095e-35 0.90138888888888902 1584.1324797703689 0.80909090909090919 0.18551136363636381 0.68333333333333346 0.64583333333333337 1.0000000180025095e-35 1.0000000180025095e-35 0.41071428571428581
decision_type=2 2 2 2 2 2 2 2 2 2 2 2 2 2 2 2 2 2 2 2 2 2 2 2 2 2 2 2 2 2
left_child=1 2 3 7 10 6 20 12 13 -4 23 28 -1 -5 15 -3 -16 18 -18 -19 -6 -22 24 -2 -17 27 -27 -8 29 -12
right_child=4 14 9 8 5 -7 25 -9 -10 -11 11 -13 -14 -15 16 22 17 19 -20 -21 21 -23 -24 -25 -26 26 -28 -29 -30 -31
leaf_value=-0.0044863414565778506 -0.011067655163390021 0.015005904076614771 0.015582634702512629 0.0035872514811110465 -0.019740064904962454 -0.018409480309066799 -0.0040174796503588111 -0.016271505713752441 -0.0084102510798212075 -0.0078434853502786141 -0.010195599713956722 0.012846356917546427 0.018154738763790167 0.0088092263250366259 -0.010872952943284463 0.0034961376417833923 0.0048234816221109532 0.0078585857429998938 -0.012809744703148133 -0.0063267115300819016 0.00020234526227838395 0.018562120933885561 -0.015442674677679572 0.0021089876564258482 -0.0055060681273276643 0.0018561212661745404 -0.0087439592317666171 0.029353381544348855 -0.018006001257258375 0.018746883620949471
leaf_weight=25.71818420290947 25.513869971036911 32.193276301026344 9.8116724044084531 317.21313115954399 7.1695052236318579 38.088165313005447 9.1563913375139219 23.196893572807312 25.822767421603203 64.177502751350403 24.525098562240601 9.4547587931156141 12.693228423595427 369.02817864716053 53.43826624751091 298.71362029016018 195.66780981421471 44.032900393009186 28.482838034629822 221.46752893924713 66.486733466386795 19.025281801819801 13.328345239162443 256.14911764860153 59.789617538452148 45.742548286914825 359.48576503247023 5.2328133285045615 35.424678400158882 7.7950542420148841
leaf_count=70 83 88 26 832 26 181 37 66 68 169 81 35 34 946 161 858 551 129 78 686 272 73 44 867 177 165 1605 19 126 24
internal_value=-0.000112173 0.00193636 0.00420056 0.00504419 -0.00415677 -0.00619466 -0.00524657 -0.0042325 0.00585584 -0.00453058 -0.0010144 -0.00785069 0.00319019 0.00640848 -8.92153e-05 0.00243678 -0.00197494 -0.000977552 0.00252256 -0.00394218 0.00239216 0.00448917 0.00130316 0.000869863 0.0019753 -0.00694256 -0.0075384 0.00904212 -0.0109278 -0.00277201
internal_weight=2704.03 1794.78 847.662 773.672 909.25 550.387 512.299 61.6083 712.064 73.9892 358.863 77.1996 38.4114 686.241 947.114 404.025 543.089 489.651 224.151 265.5 92.6815 85.512 371.832 281.663 358.503 419.618 405.228 14.3892 67.7448 32.3202
internal_count=8577 4983 2211 2016 3594 2378 2197 170 1846 195 1216 266 104 1778 2772 1167 1605 1444 629 815 371 345 1079 950 1035 1826 1770 56 231 105
is_linear=0
shrinkage=0.03


Tree=138
num_leaves=31
num_cat=0
split_feature=46 67 5 65 85 61 47 118 10 18 39 47 29 30 12 31 83 90 119 18 65 38 80 1 121 16 21 121 121 93
split_gain=22.5731 13.3239 9.34017 7.93425 7.0458 7.15622 7.50501 6.97864 5.95992 5.45465 5.23973 6.45952 5.65431 5.6341 5.21532 8.40838 6.19218 6.70891 5.97135 4.61017 4.66518 4.45455 4.33789 4.11115 4.02048 3.9532 3.87398 3.23847 3.92467 4.37701
threshold=1519.4272452704552 2.0416666666666674 0.81861471861471879 1.5278637770897834 -0.040404040404040407 6.6637708581706061 1526.4196665852728 -0.53999999999999981 0.24038461538461542 0.51666666666666672 1.5000000000000002 1490.0041374363593 1.0089285714285718 0.46428571428571436 0.25833333333333336 1.7750000000000001 1.2922979797979799 0.21326685660018987 -0.81078431372549009 0.44949494949494956 0.78174603174603186 1.0000000180025095e-35 16.500000000000004 1.1291666666666669 1.1291666666666669 0.10555555555555557 0.16025641025641027 1.8839285714285716 2.6458333333333335 -0.17750000000000007
decision_type=2 2 2 2 2 2 2 2 2 2 2 2 2 2 2 2 2 2 2 2 2 2 2 2 2 2 2 2 2 2
left_child=1 3 14 4 7 24 -7 -1 -3 -9 11 12 -5 -13 16 21 17 -2 -19 20 -10 22 -16 -23 -6 -22 -18 -4 29 -29
right_child=2 8 27 10 5 6 -8 9 19 -11 -12 13 -14 -15 15 -17 26 18 -20 -21 25 23 -24 -25 -26 -27 -28 28 -30 -31
leaf_value=-0.019401384176875234 -0.0082351198053853911 0.013554996569128756 0.0059574245954759361 -0.00020748441682791159 -0.0021114772851230194 0.021355412656571142 -0.0036737550472414338 -0.0065032814854020689 0.020930294194321967 -0.0004720572992233514 -0.0079955633178613317 -0.0038301262730355804 0.0099256564082154785 0.014531249210384751 0.020518825548722166 -0.0071293274771941015 0.0025087984809609521 -0.013998692807729548 0.0024746955273894046 -0.010536757003717444 -0.016007204867891488 0.0027008114729160835 0.0016168973004510299 0.013918934807155555 0.0099028653560605095 0.0036922369422604387 0.027971489431190596 0.030167715530844217 -0.0023196266454804161 0.011719171698890793
leaf_weight=26.768081277608871 100.19653290510178 10.101542830467222 163.30321107804775 348.45680715143681 257.03207606077194 27.334319680929184 16.693979859352112 316.12458793818951 6.9893459230661383 237.20345708727837 42.964530467987061 18.741366639733315 56.67315049469471 64.562852472066879 10.803405970335005 48.327886343002319 12.211157441139223 20.756644740700722 217.41274538636208 235.21570147573948 14.415867924690245 45.204308331012726 160.63164146244526 90.627255842089653 26.724975258111954 21.509057745337486 9.3826752752065641 14.862943157553671 11.955206066370009 59.597678616642952
leaf_count=95 287 35 505 1052 821 94 57 993 28 770 130 61 174 219 35 154 37 63 646 880 50 133 474 291 84 77 33 55 37 207
internal_value=-0.000120831 -0.00217477 0.00355036 -0.000990922 -0.00269531 0.000811519 0.0119278 -0.00468001 -0.00805204 -0.00392871 0.00191494 0.0028074 0.00122359 0.0103684 0.00179629 0.00436911 -0.000742083 -0.00176042 0.000973956 -0.00889329 8.11394e-05 0.00620462 0.00293753 0.0102545 -0.000938597 -0.00435089 0.0144536 0.00853735 0.0132545 0.0157924
internal_weight=2692.78 1727.51 965.273 1439.28 907.881 327.785 44.0283 580.096 288.232 553.328 531.399 488.434 405.13 83.3042 715.554 355.594 359.96 338.366 238.169 278.13 42.9143 307.267 171.435 135.832 283.757 35.9249 21.5938 249.719 86.4158 74.4606
internal_count=8577 5620 2957 4550 2914 1056 151 1858 1070 1763 1636 1506 1226 280 2153 1087 1066 996 709 1035 155 933 509 424 905 127 70 804 299 262
is_linear=0
shrinkage=0.03


Tree=139
num_leaves=27
num_cat=0
split_feature=53 67 48 8 121 14 74 62 35 18 26 14 48 120 4 116 57 74 35 76 116 84 66 70 82 34
split_gain=4.43195 8.00376 7.36188 4.52321 4.52303 4.9626 5.15307 5.32808 4.78092 4.74639 4.87256 4.74221 9.41465 5.89673 6.90574 5.93518 5.66256 5.01347 4.00017 3.96618 3.53593 2.82101 1.87125 0.923398 0.857419 0.638014
threshold=5.1250000000000009 1.6306818181818186 -22.718422461457518 -0.53741258741258735 -1.4196428571428568 0.23205128205128209 1.7434210526315792 0.64852941176470602 -0.99702380952380931 0.46410256410256417 -1.8333333333333333 0.075595238095238118 -30.589739453552507 -0.027777777777777787 0.75961538461538469 -0.46153846153846151 0.43633939355356682 2.8208556149732629 0.9295634920634922 0.48684210526315791 -0.40192307692307699 -0.39999999999999997 0.38750000000000007 0.88194444444444453 0.49494949494949519 0.68750000000000011
decision_type=2 2 2 2 2 2 2 2 2 2 2 2 2 2 2 2 2 2 2 2 2 2 2 2 2 2
left_child=4 2 -2 -4 9 11 20 -8 -9 22 23 13 16 14 -6 -15 -13 -14 -3 -12 -7 -21 -1 -11 -24 -5
right_child=1 18 3 25 5 6 7 8 -10 10 19 12 17 15 -16 -17 -18 -19 -20 21 -22 -23 24 -25 -26 -27
leaf_value=-0.0013139611000751678 0.025474910345084884 -0.024317727716379259 0.012028480423510212 -0.024249980873939963 0.02686539807969679 -0.025140555993410047 0.02637054601762933 -0.002053254109313916 0.0072410752996582613 -0.0053113272227856157 0.023056408196965361 -0.015229654946027276 0.003812116985126358 -0.0077573696809231686 0.0024260810853782592 7.9265679292373213e-05 -0.0040211219015449315 -0.0042147190076190985 -0.00014729936626996535 -0.011855255977191417 0.0048017680096981959 0.0061494409957311416 -0.025199098066551354 -0.023055882344292795 -0.009494796938270985 -0.0073792688224399066
leaf_weight=6.2629809677600887 8.5735127478837985 22.72814874351025 6.3733909279108074 5.9669293314218503 9.5788367986679059 7.6567006409168243 9.655353516340254 69.077870801091194 170.31311145424843 5.7725746631622297 7.0263101607561103 60.479258328676224 188.08366057276726 94.264882326126099 829.74358473718166 992.10274021327496 125.82341462373734 110.05727601051331 8.6799652427434904 11.452587872743605 5.3047141432762128 20.045579597353939 13.841888383030893 7.2551969736814499 7.155499503016471 5.5236722081899643
leaf_count=21 22 84 23 23 24 29 24 204 486 19 19 186 552 288 2375 3205 368 358 30 40 16 62 51 25 25 18
internal_value=0.000225876 -0.00791823 0.00409976 -0.00680647 0.000401031 0.000612034 0.00452546 0.00550934 0.00454927 -0.00663347 -0.00113134 0.000183658 -0.00246485 0.000852431 0.00274021 -0.000604474 -0.00773764 0.000834837 -0.0179412 0.00422138 -0.013205 -0.000468028 -0.0165242 -0.0163463 -0.0206587 -0.0176203
internal_weight=2808.8 57.8456 26.4375 17.864 2750.95 2672.14 262.008 249.046 239.391 78.8126 51.5522 2410.13 484.444 1925.69 839.322 1086.37 186.303 298.141 31.4081 38.5245 12.9614 31.4982 27.2604 13.0278 20.9974 11.4906
internal_count=8577 200 86 64 8377 8115 759 714 690 262 165 7356 1464 5892 2399 3493 554 910 114 121 45 102 97 44 76 41
is_linear=0
shrinkage=0.03


Tree=140
num_leaves=31
num_cat=0
split_feature=119 118 36 121 7 34 83 121 53 34 5 76 19 67 96 94 118 53 28 74 74 75 95 46 76 118 76 48 28 117
split_gain=23.6206 8.72236 6.69569 6.13125 6.77397 5.61055 5.31825 5.17646 4.88049 6.05553 5.07761 6.05287 4.84027 5.13609 5.34294 6.06589 4.59646 5.7886 4.84453 5.98559 5.71428 4.52949 4.50883 4.22263 7.02114 6.93411 5.70183 7.8519 5.18774 4.21315
threshold=0.11438923395445134 -0.037500000000000006 1.5000000000000002 0.68214285714285727 2.2583333333333337 2.5089285714285716 -0.082070707070707058 1.5208333333333337 4.1250000000000009 0.19523809523809524 0.66190476190476211 0.45804195804195807 0.48333333333333339 1.9545454545454548 0.062666513173400079 0.56628665198428141 -0.02 2.7083333333333335 1.9375000000000002 2.2426470588235299 2.897368421052632 2.3944444444444448 0.92564530627969699 1520.5344371788012 0.46862745098039221 0.012500000000000016 0.42481203007518803 68.849439423563027 1.6458333333333337 -0.041883116883116737
decision_type=2 2 2 2 2 2 2 2 2 2 2 2 2 2 2 2 2 2 2 2 2 2 2 2 2 2 2 2 2 2
left_child=1 2 5 6 23 7 -2 22 10 -10 11 -8 16 29 15 -15 17 -3 20 -20 -18 -4 -1 24 25 -5 27 -25 -26 -14
right_child=3 12 21 4 -6 -7 8 -9 9 -11 -12 -13 13 14 -16 -17 18 -19 19 -21 -22 -23 -24 26 28 -27 -28 -29 -30 -31
leaf_value=0.0051982037975675842 -0.0064846302703563214 -0.022621664561560381 0.013082253446328788 -0.017556732240414232 -0.018229366982167258 -0.0085044772662246793 0.0095161255341291249 -0.01432415682497807 -0.0073192232124621205 0.029260810392669492 -0.010498977660605495 -0.0015336228407382602 -0.0081796648446674503 0.0021049161749284338 0.015259055230334514 -0.022422912230357334 -0.0014362371854239155 0.0041458866609456885 0.020658271439385936 0.00430789206061766 0.0084128849453604295 -0.0075090332784294262 0.016890220146435601 -0.0061691404290947294 -0.0011613714440121112 0.0059258388732851162 -0.0078752649716929326 0.037185991962360415 0.012575841802412571 -0.0015548027983471947
leaf_weight=706.2518123537302 109.3832670301199 13.434154674410822 10.271742716431616 35.827566087245941 37.597592808306217 26.044611781835556 65.228423058986664 10.785954445600508 5.5704102665185955 10.651695862412451 32.712574437260628 135.10251376032829 128.88765498995781 115.74991698563099 24.569596961140633 8.8370350748300535 201.98770463466644 13.817365810275076 27.001393973827362 77.316670715808868 70.654019936919212 63.649701565504074 30.517105847597122 8.8136842846870405 86.298635989427567 15.509137481451033 324.9390267431736 5.1672253459691992 33.434554919600487 264.56933344900608
leaf_count=1836 387 41 28 143 181 69 212 31 21 34 120 442 396 335 66 30 597 37 71 220 201 167 80 41 317 59 1503 24 110 778
internal_value=-0.000113331 0.00187929 0.00408823 -0.00405974 -0.00605511 0.00491473 -0.00099649 0.00539699 0.00141613 0.01683 0.00026303 0.00207871 -9.70417e-05 -0.00194992 0.00276606 0.000176561 0.00238154 -0.00927715 0.00325463 0.00872443 0.00112658 -0.00447131 0.00570879 -0.00511781 -0.00124417 -0.0104275 -0.00705479 0.0110669 0.00272218 -0.0037478
internal_weight=2700.58 1794.35 847.521 906.236 547.587 773.599 358.649 747.555 249.266 16.2221 233.044 200.331 946.825 542.614 149.157 124.587 404.211 27.2515 376.96 104.318 272.642 73.9214 736.769 509.99 171.07 51.3367 338.92 13.9809 119.733 393.457
internal_count=8577 4983 2211 3594 2378 2016 1216 1947 829 55 774 654 2772 1605 431 365 1167 78 1089 291 798 195 1916 2197 629 202 1568 65 427 1174
is_linear=0
shrinkage=0.03


Tree=141
num_leaves=31
num_cat=0
split_feature=46 47 116 32 67 10 9 66 75 25 14 75 118 14 29 84 77 84 94 45 47 68 10 80 29 54 75 70 77 61
split_gain=21.3722 12.8271 7.7007 6.95266 5.50475 6.71796 5.10237 5.09831 4.9636 5.09936 5.01689 4.81172 5.20585 5.19137 6.38783 4.97291 4.67596 5.82993 4.41336 4.23604 6.70852 4.01767 3.96249 4.55742 5.57836 5.01281 3.74663 3.72099 3.49323 3.28729
threshold=1519.4272452704552 1546.8459485763046 0.85357142857142876 -0.2628968253968253 2.0416666666666674 0.24038461538461542 0.25833333333333336 3.1180555555555558 2.7029411764705888 1.8333333333333337 -0.2696969696969696 3.1622807017543866 -0.2995844875346258 -0.37083333333333329 0.63392857142857151 -0.90238095238095217 0.54195804195804198 0.010606060606060621 0.37931034482758624 1.0000000180025095e-35 1515.0656629834723 0.78888888888888908 0.77350427350427364 17.500000000000004 -0.17857142857142846 0.55000000000000016 2.5751879699248126 1.9045454545454548 0.48684210526315791 6.4191799320416782
decision_type=2 2 2 2 2 2 2 2 2 2 2 2 2 2 2 2 2 2 2 2 2 2 2 2 2 2 2 2 2 2
left_child=1 4 3 6 11 -6 21 28 9 16 -10 13 -13 14 -1 -14 26 -18 -15 -7 -21 -2 23 24 -5 -25 -4 -3 -8 -11
right_child=2 27 8 22 5 19 7 -9 10 29 -12 12 15 18 -16 -17 17 -19 -20 20 -22 -23 -24 25 -26 -27 -28 -29 -30 -31
leaf_value=0.001619481212118825 -0.0054550501200912246 -0.0078858707779096687 0.015158715832640928 -0.0060516547067441025 0.020339727316534547 -0.011755970998120724 0.0074275883265278947 0.019323074977061334 -0.0067003465460902245 -0.014323940981640006 0.017514693132748418 -0.0066904852371372754 0.01722255156635516 -0.0016646354558840974 0.033754975459696676 0.0036890333572077889 0.0076542905584406186 -0.01641252724649319 0.012194434537111273 0.022988067710776969 -0.0099221414302651228 0.024778514602752405 -0.014957401799829406 -0.0027870703183320803 0.015086792297797167 0.0044356254073110498 -0.0031838264827032171 0.010616558653281927 -0.0077633134427420635 0.0075332790527712599
leaf_weight=17.524405121803287 5.8813776075839987 329.33327642083168 61.078555732965469 13.140423461794851 6.5734686553478232 88.595862776041031 14.190482854843138 6.3754796832799903 7.9874902814626685 16.79790219664574 65.604894131422043 32.815805286169052 29.401278182864189 1027.0996062755585 7.3882694095373145 135.02786935865879 25.130662962794304 12.851413905620573 20.069494590163231 8.1093390882015246 13.310778871178625 8.8266492486000043 9.1916117668151838 108.93461658060551 56.729111731052399 400.62700580060482 11.272336870431898 9.111477389931677 131.65012934803963 8.523430794477461
leaf_count=57 18 1253 202 37 23 282 47 21 24 44 238 101 97 3178 27 426 80 35 63 30 49 32 26 313 179 1198 34 34 403 26
internal_value=-0.000119824 -0.00212108 0.00345238 0.00203094 -0.000837838 -0.00704852 -0.00334977 -0.00501552 0.00853657 0.00503782 0.0147917 -0.000259917 0.00403115 -0.00105522 0.0122004 0.00621655 0.00782907 -0.000624005 -0.00138478 -0.00888047 0.00287298 0.0129202 0.003565 0.00388926 0.0110396 0.00288324 0.0122556 -0.00734911 -0.00622427 -0.00684591
internal_weight=2689.15 1724.36 964.794 755.547 1385.92 116.589 166.924 152.216 209.247 135.654 73.5924 1269.33 197.245 1072.08 24.9127 164.429 110.333 37.9821 1047.17 110.016 21.4201 14.708 588.623 579.431 69.8695 509.562 72.3509 338.445 145.841 25.3213
internal_count=8577 5620 2957 2274 4333 384 521 471 683 421 262 3949 624 3325 84 523 351 115 3241 361 79 50 1753 1727 216 1511 236 1287 450 70
is_linear=0
shrinkage=0.03


Tree=142
num_leaves=20
num_cat=0
split_feature=46 46 46 47 20 85 59 66 79 94 47 1 60 97 54 63 93 61 66
split_gain=4.38247 7.35421 5.9158 5.06514 5.32206 5.05188 4.56233 4.91712 5.86146 5.31266 4.4811 6.75412 5.97365 4.24239 3.94807 2.93639 2.43204 1.20433 0.619285
threshold=1682.5048272473898 1662.3250862993925 1636.8260527210291 1521.7954631566947 0.033150183150183178 -0.63564213564213545 0.32468653971244649 1.1909090909090911 0.40833333333333338 0.15318841885267412 1461.383080896285 0.79285714285714304 2.5575300182359308 -0.31387183294818405 1.9000000000000001 1.7416666666666669 -0.45988636363636354 6.3741723047025554 2.683333333333334
decision_type=2 2 2 2 2 2 2 2 2 2 2 2 2 2 2 2 2 2 2
left_child=1 2 6 4 14 -4 10 8 -8 -9 12 -12 -1 -2 -3 -5 -7 -15 -18
right_child=13 3 5 15 -6 16 7 9 -10 -11 11 -13 -14 17 -16 -17 18 -19 -20
leaf_value=-0.0039214649063454652 0.0077825595736562784 -0.005032814437778952 0.0062217319649244861 0.036664439340151962 -0.020665626854291564 -0.0015995150905752991 0.0062362678113747072 0.0022612896233978482 -0.0078964513556911368 -0.0043729081342643158 -0.0064186122446126459 0.0008890780581165919 0.0054542278195688233 -0.007785454117850127 0.02548167492396863 0.0095530110923298158 -0.025430325326144233 -0.023814233129541396 -0.0096566636651372693
leaf_weight=73.075851529836655 7.0997635722160366 6.0424044430255908 10.257737800478933 8.7763156145811099 5.1872234493494025 7.2096703797578803 30.229122340679169 301.62699094414711 169.87871405482292 168.43701578676701 122.18027152121067 1492.2533999234438 346.70383180677891 9.2392311692237872 7.7211133688688278 7.759810045361518 16.519277453422553 12.291708528995512 5.3606790304183951
leaf_count=222 24 28 39 22 27 23 90 901 539 601 385 4406 1017 43 28 23 75 61 23
internal_value=0.00022805 0.000351329 0.000172229 0.0137323 0.00265266 -0.0112283 0.000343299 -0.00180012 -0.00572619 -0.000113796 0.00105146 0.000330544 0.00380952 -0.0112455 0.0124486 0.0253834 -0.0174836 -0.01772 -0.0222878
internal_weight=2807.85 2779.22 2743.73 35.4869 18.9507 39.3474 2704.39 670.172 200.108 470.064 2034.21 1614.43 419.78 28.6307 13.7635 16.5361 29.0896 21.5309 21.88
internal_count=8577 8449 8321 128 83 160 8161 2131 629 1502 6030 4791 1239 128 56 45 121 104 98
is_linear=0
shrinkage=0.03


Tree=143
num_leaves=31
num_cat=0
split_feature=119 2 23 116 1 82 10 8 49 71 36 23 5 53 21 47 8 15 35 30 96 92 68 22 63 5 28 96 11 35
split_gain=22.2372 8.1902 6.10404 6.34437 5.98533 7.86418 5.8632 8.1946 5.80506 5.65579 6.02145 5.59591 5.90664 5.46911 5.54436 5.31531 5.29692 5.08334 4.77629 5.5562 4.53806 6.11692 6.46317 6.13392 5.31406 6.05252 4.48316 7.02029 4.13764 4.1163
threshold=0.11438923395445134 -1.1291666666666664 -0.073593073593073585 0.15000000000000027 1.7416666666666669 0.35353535353535376 0.26969696969696971 -0.20416666666666669 0.23149639550563791 1.4365079365079367 -2.4999999999999996 -0.28452380952380946 0.13589743589743611 4.5833333333333348 0.51666666666666672 1445.9580797552314 0.73030303030303045 0.32051282051282054 0.63154761904761925 1.0000000180025095e-35 0.25266684407917261 -0.12548637479987609 1.4772727272727275 1.0000000180025095e-35 1.7817460317460319 -0.99545454545454526 2.535714285714286 -0.31463089925491255 0.21483516483516485 2.2589285714285716
decision_type=2 2 2 2 2 2 2 2 2 2 2 2 2 2 2 2 2 2 2 2 2 2 2 2 2 2 2 2 2 2
left_child=1 9 3 6 11 -6 7 -2 -3 10 -1 -5 -13 14 26 -15 17 -11 19 -12 21 23 -23 -10 28 -26 29 -28 -22 -4
right_child=2 8 13 4 5 -7 -8 -9 20 16 18 12 -14 15 -16 -17 -18 -19 -20 -21 24 22 -24 -25 25 -27 27 -29 -30 -31
leaf_value=0.015448918939878261 -0.00060535151110481771 0.02139070543129452 -0.0028956986833838828 -0.003771336238902565 0.025055567953325648 -0.010977338305393075 -0.0086616020210125971 0.029182035080515447 -0.0071590869309184658 -0.0035800455651230135 0.0096189056038757347 0.0024844797892760134 -0.013596036728226402 -0.01156468455049338 0.018237273510409747 0.019883691651071209 0.0051418673988995701 0.017894910897788493 0.0098083995562504474 -0.013048750340341076 0.001616790380534728 -0.0035903751789599309 0.0020394766372469988 0.004484991459217021 -0.0074136597586278016 0.020183831301527014 -0.0090313928525263664 0.0213839353628048 0.020241075659559377 -0.015198690220054056
leaf_weight=17.037902802228928 22.128626391291618 11.351161450147627 402.38443191349506 119.42176614701748 10.08746972680092 9.7549886554479581 23.789827212691307 12.095563113689421 45.391976878046989 10.912040799856184 11.508852928876875 22.300562664866447 195.49084275960922 5.6206735074520138 10.411275312304495 17.979640781879425 131.69618339836597 70.338461726903915 16.398368239402771 43.531438872218132 257.93628337979317 518.59180861711502 282.21490554511547 327.43833868205547 8.46629551053047 30.885405749082565 10.777139872312548 15.408976271748541 10.263604596257208 25.320893526077271
leaf_count=43 91 29 1487 539 34 40 90 40 129 28 30 87 884 25 31 61 333 181 42 113 709 1488 782 944 22 81 38 45 29 102
internal_value=-0.000116835 0.00181454 -0.00395504 -0.00662769 -0.00812169 0.00752031 0.0024983 0.0103666 0.000899355 0.00631834 -2.7291e-05 -0.00907049 -0.0119319 -0.00166632 -0.00239734 0.0121063 0.0089567 0.0149659 -0.00392205 -0.00816838 0.000725969 -0.000122591 -0.00160253 0.00304395 0.00396376 0.0141355 -0.0029163 0.00888411 0.0024132 -0.00366481
internal_weight=2696.94 1793.96 902.973 415.07 357.056 19.8425 58.014 34.2242 1492.54 301.423 88.4766 337.213 217.791 487.903 464.303 23.6003 212.947 81.2505 71.4387 55.0403 1481.19 1173.64 800.807 372.83 307.552 39.3517 453.891 26.1861 268.2 427.705
internal_count=8577 4983 3594 1805 1584 74 221 131 4213 770 228 1510 971 1789 1703 86 542 209 185 143 4184 3343 2270 1073 841 103 1672 83 738 1589
is_linear=0
shrinkage=0.03


Tree=144
num_leaves=31
num_cat=0
split_feature=46 47 5 67 10 12 31 90 61 3 78 7 57 31 26 15 57 118 95 45 47 46 61 12 46 34 121 59 121 121
split_gain=20.2359 12.2552 8.57362 5.2535 6.45875 5.0524 7.83094 5.66539 5.87076 5.81092 5.00523 5.69198 5.29815 4.86207 4.86146 5.33995 5.27397 4.37453 6.1767 4.11258 6.41675 4.0452 4.02799 3.7324 3.60003 3.30941 3.14759 3.13516 3.09389 3.82074
threshold=1519.4272452704552 1546.8459485763046 0.81861471861471879 2.0416666666666674 0.24038461538461542 0.25833333333333336 1.7750000000000001 0.21326685660018987 6.273819513894054 2.379807692307693 0.45804195804195807 1.966666666666667 0.45167676736121964 0.86607142857142871 0.50000000000000022 0.11805555555555557 0.40323515119799652 -0.024965373961218829 0.013250099488560851 1.0000000180025095e-35 1515.0656629834723 1496.2091802760881 6.5854815236201967 0.25833333333333336 1464.378444188302 0.12916666666666668 0.60357142857142876 0.34381175889328069 1.8839285714285716 2.6458333333333335
decision_type=2 2 2 2 2 2 2 2 2 2 2 2 2 2 2 2 2 2 2 2 2 2 2 2 2 2 2 2 2 2
left_child=1 3 5 10 -5 7 14 -2 9 -9 17 21 -13 23 15 -7 -16 24 -19 26 -21 -12 -10 -3 -1 -8 -6 -15 -4 -30
right_child=2 13 28 4 19 6 25 8 22 -11 11 12 -14 27 16 -17 -18 18 -20 20 -22 -23 -24 -25 -26 -27 -28 -29 29 -31
leaf_value=0.00031181567880196446 -0.0065784660241844 -0.0075576989937540901 0.0056265697034004504 0.019868343865902402 -0.0072909766484687537 0.026880156906002126 0.0029772314862685908 0.0075544350652650876 -0.0094847944488604952 -0.0080052671086125564 -0.0017809224593741144 0.0097633106596982412 -0.0013152057934490845 -0.0084972178218206563 -0.019951396737368572 0.0076832345639531955 0.0033562155826717963 0.0040736527580771138 -0.0178280903826422 0.022417093394268315 -0.0097401588955825947 0.0023702052329459067 0.0030843481600610519 0.018566161956556564 -0.019239394775303443 -0.012915145661591855 -0.01960182626560977 0.011750679776812557 0.015292380630874482 -0.0025863862431250348
leaf_weight=11.183775708079336 107.06197179853916 7.6835346668958691 163.02339571714401 6.6159112602472296 59.019901111721992 13.71784098446369 18.121128275990486 135.19147215783596 54.800966456532478 24.64679978787899 705.42877104878426 99.676660105586052 62.205483347177505 312.28351505100727 8.332881957292555 152.9600820094347 132.58016826212406 45.702933669090271 14.390607625246046 8.1761924326419848 13.212226137518881 300.07720376551151 37.841777682304382 10.445038601756094 30.198916047811508 29.933941632509232 29.028708606958389 6.079317793250083 73.910094201564789 11.927346333861349
leaf_count=38 311 26 505 23 202 47 59 420 154 68 2240 315 185 1197 20 473 393 145 40 30 49 905 113 40 81 95 80 24 262 37
internal_value=-0.000120086 -0.0020697 0.00335658 -0.000817426 -0.00689971 0.00167729 0.00420882 -0.000823206 0.00162174 0.00510165 -0.00025377 0.000301552 0.00550588 -0.00719719 0.00597441 0.00943195 0.00182591 -0.0066121 -0.00132802 -0.00871037 0.00287087 -0.00053798 -0.00434053 0.00752084 -0.0140022 -0.00692259 -0.011558 -0.0080656 0.00814456 0.0127724
internal_weight=2685.46 1721.41 964.05 1384.92 116.053 715.189 355.646 359.543 252.481 159.838 1268.86 1167.39 161.882 336.491 307.591 166.678 140.913 101.476 60.0935 109.437 21.3884 1005.51 92.6427 18.1286 41.3827 48.0551 88.0486 318.363 248.861 85.8374
internal_count=8577 5620 2957 4333 384 2153 1087 1066 755 488 3949 3645 500 1287 933 520 413 304 185 361 79 3145 267 66 119 154 282 1221 804 299
is_linear=0
shrinkage=0.03


Tree=145
num_leaves=26
num_cat=0
split_feature=53 67 48 119 8 121 24 14 118 69 34 14 49 46 11 85 97 0 2 33 19 86 116 49 117
split_gain=4.2238 7.74822 7.05066 4.55373 4.38251 4.30242 4.90884 4.7383 5.55827 5.44364 4.92067 4.56477 9.31353 5.8557 5.85072 6.19096 5.65523 5.24592 4.16401 3.22415 4.06631 2.86515 1.58546 1.04795 0.998157
threshold=5.1250000000000009 1.6306818181818186 -22.718422461457518 -1.1261747913921825 -0.53741258741258735 -1.4196428571428568 0.50000000000000011 0.23205128205128209 0.68057854623330816 2.4494949494949503 -0.5345238095238094 0.075595238095238118 0.45572358866391888 1516.4812295081558 -0.5109557109557108 -2.0252525252525246 -0.3022810015602943 1.6396103896103897 -1.4142857142857139 0.078571428571428639 0.55050505050505061 1.1213235294117649 -0.75277777777777755 0.44302935770360791 -0.15075757575757573
decision_type=2 2 2 2 2 2 2 2 2 2 2 2 2 2 2 2 2 2 2 2 2 2 2 2 2
left_child=5 2 -2 -3 -4 6 19 11 9 10 -9 14 17 -14 16 -16 -7 -13 22 20 21 -1 -8 -21 -6
right_child=1 3 4 -5 24 7 18 8 -10 -11 -12 12 13 -15 15 -17 -18 -19 -20 23 -22 -23 -24 -25 -26
leaf_value=-0.019773180866573991 0.024874431662482561 0.00071421819576865072 0.011799355712187671 -0.02448792579934039 -0.0057231195336613075 0.029064909482262188 0.023859975160759644 -0.0088675729928947549 -0.019867884288029044 0.023269446909365346 0.0054965368378868344 -0.009472706624673425 0.0043553020116699447 -0.0041457941747798342 0.016945852203817401 0.00045952364068959376 0.0013612751417016726 0.0063683984466840387 -0.011454158714641767 -0.024168872846650733 0.012023784450658437 -2.0793515967202661e-05 0.003262742900143333 -0.0074893056926242539 -0.02524277897479691
leaf_weight=13.787184059619905 8.6292593926191348 8.4961046874523181 6.3939929008483913 22.558393076062202 5.4313124716281918 11.913787215948107 7.1272242814302453 22.738024145364761 7.2046031504869452 13.287521883845328 219.00566864013672 164.49275898933411 176.14353753626347 122.77491638064384 19.741928383708 1879.077519774437 14.339936062693594 20.29330550134182 7.5427731722593299 15.457289278507234 8.4068827182054502 12.507620111107824 7.021468549966813 6.5225076526403418 5.9679900854825929
leaf_count=52 22 29 23 85 21 33 20 72 26 33 628 496 501 411 54 5762 43 56 24 59 26 38 20 23 20
internal_value=0.000228543 -0.00774741 0.00405025 -0.0176922 -0.00667548 0.000399131 -0.00648104 0.000604482 0.00442655 0.0051995 0.00410215 0.000185477 -0.00241527 0.000851459 0.000841427 0.00064134 0.0146483 -0.00769197 0.00538692 -0.0110895 -0.00502957 -0.0108325 0.0147265 -0.0198911 -0.017396
internal_weight=2806.86 57.4771 26.4226 31.0545 17.7933 2749.39 78.3729 2671.01 262.236 255.031 241.744 2408.78 483.705 298.918 1925.07 1898.82 26.2537 184.786 21.6915 56.6815 34.7017 26.2948 14.1487 21.9798 11.3993
internal_count=8577 200 86 114 64 8377 262 8115 759 733 700 7356 1464 912 5892 5816 76 552 64 198 116 90 40 82 41
is_linear=0
shrinkage=0.03


Tree=146
num_leaves=31
num_cat=0
split_feature=49 121 69 46 21 93 97 26 79 64 46 82 9 7 7 82 95 83 5 121 20 40 6 53 83 20 16 97 9 53
split_gain=20.9646 10.3097 8.43769 7.58851 9.43097 13.5375 6.84233 6.03017 12.8188 5.77753 5.52507 5.40522 5.3152 5.92175 5.18814 4.99915 6.13974 6.88102 5.43574 5.63638 5.18775 9.00071 4.70735 4.68662 7.14384 4.63444 4.52703 4.52372 4.49914 4.4447
threshold=0.44400386028176397 0.68214285714285727 1.1742424242424245 1572.0587379280125 0.24038461538461542 0.029440391206016273 -0.43077658102954025 -1.8333333333333333 0.48684210526315791 2.6464285714285718 1492.7941399043657 -1.0000000180025095e-35 0.25833333333333336 1.1909090909090911 1.966666666666667 0.64823232323232338 0.40561378270996035 0.47474747474747481 0.18181818181818174 -0.21428571428571433 0.033150183150183178 1.5000000000000002 1.1909090909090911 3.1000000000000005 -1.0000000180025095e-35 -0.055050505050505065 0.25833333333333336 0.61235896576587556 0.46410256410256417 3.3666666666666671
decision_type=2 2 2 2 2 2 2 2 2 2 2 2 2 2 2 2 2 2 2 2 2 2 2 2 2 2 2 2 2 2
left_child=7 15 3 4 5 -3 26 8 12 14 11 -10 13 -1 23 16 20 -18 19 -17 27 -22 -12 28 -25 -4 -5 -2 -9 -21
right_child=1 2 25 6 -6 -7 -8 9 10 -11 22 -13 -14 -15 -16 18 17 -19 -20 29 21 -23 -24 24 -26 -27 -28 -29 -30 -31
leaf_value=0.01414958309308709 -0.0011081140761341299 0.0023642406106964991 -0.01134010051450786 -0.0050760360226741151 -0.0040965220680989727 0.026310933969900491 -0.011223698563006259 0.0020466090983046301 0.031797811245662971 0.020232845577513099 0.020178852559602733 0.013442558416019542 -0.012529113866715904 -0.012546191441566023 -0.013027121518540337 -0.01050321143082897 0.0020768747646205841 0.029044510010666869 -0.010884929081885748 0.0042743841032962639 0.010560417694894429 -0.0092252085474437539 -0.0064466677880645152 -0.0038274711530679314 0.0089616719921787307 -0.005003381014535074 0.029601475446735113 0.015306105343511876 -0.0053864181604609341 -0.014178711374137905
leaf_weight=22.167869061231613 485.73549222946167 100.41562300920486 158.37732067704201 6.1388620734214765 123.5257119089365 26.158460706472397 82.90374743193388 494.89245600998402 22.848074078559875 15.001488089561461 8.209490507841112 47.0693549066782 24.768687218427658 10.035689935088156 19.140805900096893 39.281016990542412 20.691505432128906 14.005457356572149 65.96832711994648 113.37113243341446 94.898002073168755 25.394424170255661 15.91937482357025 49.849620759487152 172.24791404604912 317.3388481810689 5.6694491058588028 14.582603082060812 84.880110025405884 12.060859829187391
leaf_count=58 1491 342 668 21 408 91 372 1292 58 40 22 122 63 26 53 118 58 39 225 341 296 77 41 129 449 1338 20 46 231 42
internal_value=-0.000117315 -0.00213089 -0.0045518 -0.000963845 0.00176907 0.00750415 -0.0081549 0.00335962 0.00886573 0.002352 0.0156161 0.0198469 -0.00230281 0.00561265 0.00199742 0.000110385 0.00145093 0.0135551 -0.00367464 -0.000720523 0.000748667 0.0063172 0.0029354 0.00237557 0.00607342 -0.00713868 0.0123505 -0.000594133 0.00094583 0.0023782
internal_weight=2693.55 1706.52 820.528 344.812 250.1 126.574 94.7121 987.031 151.019 836.012 94.0463 69.9174 56.9722 32.2036 821.011 885.989 655.307 34.697 230.681 164.713 620.611 120.292 24.1289 801.87 222.098 475.716 11.8083 500.318 579.773 125.432
internal_count=8577 5993 3260 1254 841 433 413 2584 390 2194 243 180 147 84 2154 2733 2007 97 726 501 1910 373 63 2101 578 2006 41 1537 1523 383
is_linear=0
shrinkage=0.03


Tree=147
num_leaves=31
num_cat=0
split_feature=46 67 5 39 65 84 85 61 60 97 33 2 10 97 119 93 46 18 65 13 33 16 85 2 117 85 121 121 93 57
split_gain=19.1154 11.8046 8.21263 7.48128 7.12499 6.11215 5.93473 6.70239 5.83052 5.69547 5.67682 5.39646 5.33356 5.30246 4.93704 4.78853 4.71681 4.43488 4.40203 4.18683 4.79989 3.81274 3.69647 3.63062 3.05743 3.01957 2.99797 3.69352 4.35383 3.38999
threshold=1519.4272452704552 2.0416666666666674 0.81861471861471879 1.5000000000000002 1.5278637770897834 -0.31132756132756118 -0.033333333333333263 6.6713996331534711 2.5575300182359308 0.034450331727121239 0.93095238095238109 -1.012271062271062 0.24038461538461542 -0.41584622241331953 0.3571428571428571 0.41666666666666646 1476.3986003000448 0.44949494949494956 0.78174603174603186 0.069047619047619066 1.1845238095238098 0.10555555555555557 0.7537878787878789 1.4642857142857146 -0.58114035087719285 -0.19191919191919179 1.8839285714285716 2.6458333333333335 -0.17750000000000007 0.44409197252899307
decision_type=2 2 2 2 2 2 2 2 2 2 2 2 2 2 2 2 2 2 2 2 2 2 2 2 2 2 2 2 2 2
left_child=1 3 13 4 6 10 8 -8 -1 14 11 -5 -3 25 -6 -11 -12 18 -14 20 24 -20 23 -21 -15 -2 29 28 -28 -4
right_child=2 12 26 5 9 -7 7 -9 -10 15 16 -13 17 19 -16 -17 -18 -19 21 22 -22 -23 -24 -25 -26 -27 27 -29 -30 -31
leaf_value=0.0014041743538665363 0.00053441595315595434 0.01270634590414645 0.0090900426641093574 -0.015093584352200746 0.015315886309461128 -0.011869873696301412 -0.00018248710548760054 0.013709380928980195 -0.0059000042662397008 -0.0016459296066291744 -0.01931066983975633 0.013484986210864528 0.020584619942425986 0.0059807860519522846 -0.0018639785469775519 0.0047805169744015519 0.00070436111862407229 -0.010052595665256825 -0.015553874818023363 0.0030907573565915076 0.010351895986601023 0.0039318094635859011 0.015442287487637216 -0.010616455283165776 -0.01471317789438994 -0.012441711423642067 0.029375921338521002 -0.0025767816772252448 0.01093622911296995 0.00027652236085074953
leaf_weight=134.46147169172764 28.615661963820457 10.226218819618223 95.304252818226814 6.4050236493349066 51.707029238343239 93.998451590538025 249.83900380134583 34.660199746489525 356.04787786304951 221.50374242663383 17.625646516680717 29.705340802669525 7.0233314335346213 7.1658460050821295 20.379832804203033 194.97647742927074 23.791156336665154 230.62391796708107 14.110090002417563 563.98699758946896 11.729561343789099 21.355652332305908 20.320087715983391 16.892954289913177 31.918181091547012 34.578662976622581 14.696094781160353 11.92690250277519 58.922775089740753 67.651873111724854
leaf_count=430 93 35 302 24 179 302 794 120 1139 674 55 104 28 22 58 595 76 880 50 1693 39 77 66 46 88 106 55 37 207 203
internal_value=-0.000119279 -0.00201665 0.00325949 -0.000907151 -0.000104558 -0.00676733 -0.00189465 0.00154153 -0.00389285 0.00272699 -0.000470143 0.00806494 -0.00760269 0.00161679 0.0104588 0.00135969 -0.00799711 -0.00841765 0.000414701 0.00242689 -0.00574594 -0.00395227 0.00313103 0.00266941 -0.0107897 -0.00660233 0.00794984 0.0125148 0.0150018 0.00547338
internal_weight=2682.15 1718.44 963.71 1435.1 1263.58 171.526 775.009 284.499 490.509 488.567 77.5272 36.1104 283.339 715.208 72.0869 416.48 41.4168 273.113 42.4891 652.014 50.8136 35.4657 601.2 580.88 39.084 63.1943 248.502 85.5458 73.6189 162.956
internal_count=8577 5620 2957 4550 3989 561 2483 914 1569 1506 259 128 1070 2153 237 1269 131 1035 155 1954 149 127 1805 1739 110 199 804 299 262 505
is_linear=0
shrinkage=0.03


Tree=148
num_leaves=21
num_cat=0
split_feature=46 46 73 46 47 20 59 38 46 58 66 118 42 54 71 93 71 28 5 61
split_gain=4.16832 7.15482 6.03319 5.64481 4.7487 5.16552 4.28779 5.21207 11.3821 5.00526 5.68842 4.59555 4.5164 3.7724 2.75659 2.96218 2.60366 1.18979 0.995714 1.99528
threshold=1682.5048272473898 1662.3250862993925 0.9545454545454547 1636.8260527210291 1521.7954631566947 0.033150183150183178 0.32468653971244649 3.5000000000000004 1561.2719659132404 0.2301765546854517 1.1909090909090911 -0.069722222222222172 1.5000000000000002 1.9000000000000001 0.78888888888888908 -0.45988636363636354 1.5505050505050508 1.0625000000000002 1.1291666666666671 6.3604381731226871
decision_type=2 2 2 2 2 2 2 2 2 2 2 2 2 2 2 2 2 2 2 2
left_child=1 3 -2 6 5 13 7 12 -9 11 -11 -8 -1 -3 -5 -16 -6 -17 -4 -20
right_child=2 4 18 14 16 -7 9 8 -10 10 -12 -13 -14 -15 15 17 -18 -19 19 -21
leaf_value=0.00039093905881556974 0.014378345565700862 -0.0048629441293645504 -0.023952599527812479 0.005030892724515337 0.035257627488091615 -0.020472190581048131 -0.0033325680795470076 -0.012497101326960258 0.020060407345052728 -0.010739489659406362 -0.0017576158647032308 0.0033422837728784129 0.0059271675715719761 0.024975518582619288 0.0012887221191828684 -0.0063411243584157043 0.0095646966681550982 -0.023501715246855917 0.0033753431887660161 -0.020756667251563225
leaf_weight=1846.3368936479092 5.7489337474107769 6.0009475797414797 12.049350664019586 7.1023298799991599 8.9499648213386553 5.0900925099849692 159.22199007868767 12.589073449373243 33.064209207892418 93.850510239601135 196.53184524178505 219.3432904034853 142.07962773740292 7.778389111161232 7.5235511064529446 6.2903701215982464 7.6983249336481085 18.112154483795166 5.1926023215055448 5.3351750373840332
leaf_count=5485 17 28 58 29 22 27 541 42 100 300 631 659 403 28 23 28 23 80 24 29
internal_value=0.000229862 0.000349576 -0.0110183 0.000172723 0.0135422 0.00274402 0.000339287 0.00102541 0.0109428 -0.00174093 -0.00469771 0.000525599 0.000790811 0.012328 -0.0110085 -0.0147121 0.0247621 -0.01962 -0.0179479 -0.00933354
internal_weight=2805.89 2777.56 28.3261 2742.05 35.5177 18.8694 2703.02 2034.07 45.6533 668.948 290.382 378.565 1988.42 13.7793 39.0284 31.9261 16.6483 24.4025 22.5771 10.5278
internal_count=8577 8449 128 8321 128 83 8161 6030 142 2131 931 1200 5888 56 160 131 45 108 111 53
is_linear=0
shrinkage=0.03


Tree=149
num_leaves=31
num_cat=0
split_feature=48 67 116 87 33 33 7 12 8 57 23 33 82 29 93 5 62 46 59 83 74 23 53 53 74 20 25 23 20 29
split_gain=19.815 9.70761 6.48328 7.15909 5.62665 7.74922 8.26714 7.99023 7.38744 10.6361 8.08531 6.76322 6.11892 7.58809 6.01412 5.98549 5.93732 5.60632 5.10933 4.97217 6.71211 5.57767 7.36631 4.83268 4.6783 4.33402 4.03773 4.03477 4.28169 4.69977
threshold=13.989131863564355 1.9545454545454548 0.95000000000000007 0.55277777777777792 0.42261904761904773 0.069047619047619066 1.1291666666666669 0.26969696969696971 0.5732142857142859 0.4143305401835814 0.24603174603174607 0.64642857142857146 0.78174603174603197 -0.65178571428571408 -0.24218055555555548 -0.1519230769230768 1.151923076923077 1447.470798167268 0.26037142061007396 -0.04722222222222227 2.897368421052632 0.39523809523809533 2.9000000000000004 3.3666666666666671 2.3944444444444448 -0.091287878787878765 0.50000000000000011 -0.2696969696969696 -1.0000000180025095e-35 1.2113095238095242
decision_type=2 2 2 2 2 2 2 2 2 2 2 2 2 2 2 2 2 2 2 2 2 2 2 2 2 2 2 2 2 2
left_child=1 4 -2 25 5 7 15 14 9 10 -6 -11 16 -14 -1 -7 -10 26 -9 20 -19 23 -23 -21 -8 -4 -3 28 29 -5
right_child=2 17 3 27 8 6 24 18 12 11 -12 -13 13 -15 -16 -17 -18 19 -20 21 -22 22 -24 -25 -26 -27 -28 -29 -30 -31
leaf_value=0.0099030591435756675 -0.0028258781679233336 -0.0056152416222056811 -0.012106002193631485 0.026742406105252685 0.011996158734563639 0.0065796059949206013 0.0018908536434710825 0.013953120878529745 0.0017817549862691668 -0.01425851469598163 -0.016822275227908107 -0.0038121040429061376 -0.022297944361353576 0.0026306846061864629 -0.00014090822128052792 -0.015308321407945203 0.014763650596751174 -0.01445339929330592 -0.0092231148998100088 0.0013650492289470015 0.0059589212619168969 0.019533455736622199 -0.0070979437048871623 0.0085619170247962211 0.016485896966278734 0.017234150958368437 0.01300345542234493 -0.017858804828630989 -0.012078284941874287 -0.0093602240169440108
leaf_weight=74.845588967204094 741.41187722235918 11.005826652050017 6.113585606217387 5.7437447980046255 54.741566523909569 25.539390668272972 27.542528241872787 8.4454280585050565 90.080305472016335 66.002920836210251 9.4150067716836912 353.60832530260086 15.740630984306334 30.985872521996498 181.34583356976509 18.45485807955265 48.757064059376717 30.240690514445305 92.122506514191628 333.64659380912781 26.011706158518791 40.110971838235855 11.33810020983219 112.11558312177658 76.661797791719437 11.523028276860712 92.363386303186417 65.488361366093159 23.314930014312267 5.3503519669175148
leaf_count=204 2822 29 30 25 152 70 79 26 239 196 27 1050 42 87 536 51 135 76 269 906 70 104 31 300 206 46 235 368 133 33
internal_value=-0.000119712 0.00164251 -0.0038775 -0.0104061 5.50587e-06 0.00239628 0.00813742 0 -0.00179455 -0.00374754 0.00752772 -0.0054924 0.00327363 -0.00599535 0.00280884 -0.00267151 0.00643518 0.00456015 -0.00712908 0.0033423 -0.00502291 0.00430291 0.0135839 0.00319699 0.0127114 0.0067988 0.0109576 -0.0135106 -0.00487953 0.00974883
internal_weight=2690.07 1831.12 858.946 117.534 1174.29 504.958 148.199 356.759 669.332 483.768 64.1566 419.611 185.564 46.7265 256.191 43.9942 138.837 656.833 100.568 553.464 56.2524 497.211 51.4491 445.762 104.204 17.6366 103.369 99.8974 34.409 11.0941
internal_count=8577 5120 3457 635 3369 1441 406 1035 1928 1425 179 1246 503 129 740 121 374 1751 295 1487 146 1341 135 1206 285 76 264 559 191 58
is_linear=0
shrinkage=0.03


Tree=150
num_leaves=31
num_cat=0
split_feature=119 94 5 11 74 48 35 68 94 13 79 47 32 34 65 84 22 60 11 117 4 83 21 1 64 66 97 117 34 18
split_gain=18.0054 9.20897 6.94375 6.54625 6.10323 6.0841 7.32344 5.56021 6.1298 5.4814 5.30854 6.44035 5.89169 5.34331 4.7208 7.23273 7.13821 4.61966 4.61396 4.5425 4.85489 4.33422 5.70378 4.19243 5.56535 4.9834 4.54298 3.99742 4.17656 3.92618
threshold=-0.40754985754985756 0.16644325290437897 -0.26666666666666672 1.0000000180025095e-35 2.3944444444444448 4.3429207150804823 -0.55178571428571421 1.6125000000000003 0.23520874242294892 0.10555555555555557 0.48684210526315791 1501.151544988327 -0.67261904761904745 0.12916666666666668 1.4472222222222224 -0.090097402597402551 0.25833333333333336 2.474865269075063 0.39696969696969703 0.54772727272727295 1.3693181818181819 -0.21111111111111117 0.12916666666666668 1.4833333333333336 1.552777777777778 1.4772727272727275 -0.29853638357058954 0.87867647058823539 -1.0000000180025095e-35 0.51666666666666672
decision_type=2 2 2 2 2 2 2 2 2 2 2 2 2 2 2 2 2 2 2 2 2 2 2 2 2 2 2 2 2 2
left_child=2 19 9 4 -3 6 -5 8 -7 23 12 29 13 -4 15 -6 -16 -11 -9 -2 27 22 -19 -1 25 -25 -26 -21 -29 -12
right_child=1 3 10 5 14 7 -8 18 -10 17 11 -13 -14 -15 16 -17 -18 21 -20 20 -22 -23 -24 24 26 -27 -28 28 -30 -31
leaf_value=0.022133844817860369 0.00025747305765312737 0.019212190406384524 0.0047853472555617407 -0.0037422407553035263 -0.00044322064966360815 0.014534237901934569 0.030866145886480279 -0.015781320836629805 0.0044875801940103092 0.0033119394539739234 0.02562024345479547 -0.0058392119991026491 0.0011503197100626323 0.035463158061239064 -0.0030625238455467122 -0.016334354964845168 0.017615500575410236 0.022993133578671849 0.0073736237317309043 -0.015564248680531087 0.008550703243800065 -0.010760131683462062 -0.005119687179545555 0.012457069234472087 0.00480208086709064 -0.0077598116665376525 -0.017041047377408972 0.017319494354421389 -0.01035716529572071 -0.00052274846252765514
leaf_weight=6.1817359924316397 1214.0614923983812 11.983905553817747 11.644020438194277 7.4919263273477581 80.036846369504929 63.326255068182945 16.67059014737606 19.281723469495777 395.77597612142563 28.189252033829689 9.0499494224786758 133.09618051350117 62.197466373443604 9.0809352248907071 40.205890268087387 37.354939684271812 22.608234971761703 6.3867463767528525 11.56374119222164 44.220827132463455 13.377666547894476 271.24764464795589 52.194768369197845 29.427267417311668 11.779250040650366 16.138148695230484 25.825294435024261 7.2978041321039226 10.972866609692572 10.117193102836609
leaf_count=23 3678 39 40 22 238 200 58 50 1229 100 34 443 207 37 119 104 73 27 37 134 47 1026 200 120 50 57 92 26 34 33
internal_value=-0.000118876 0.00131837 -0.00432246 0.00406958 -0.000638203 0.00583314 0.0202938 0.00507399 0.00590846 -0.00651248 -0.000133963 -0.00346688 0.00591862 0.019379 -0.00207357 -0.00562049 0.00449237 -0.00816739 -0.00704754 -0.000187721 -0.00726143 -0.0091646 -0.00166992 0.000102279 -0.00174312 0.00521945 -0.010174 -0.010775 0.000867059 0.0123305
internal_weight=2678.79 1996.23 682.556 706.3 192.19 514.11 24.1625 489.948 459.102 447.37 235.186 152.263 82.9224 20.725 180.206 117.392 62.8141 358.018 30.8455 1289.93 75.8692 329.829 58.5815 89.3517 83.17 45.5654 37.6045 62.4915 18.2707 19.1671
internal_count=8577 6088 2489 2169 573 1596 80 1516 1429 1695 794 510 284 77 534 342 192 1353 87 3919 241 1253 227 342 319 177 142 194 60 67
is_linear=0
shrinkage=0.03


Tree=151
num_leaves=27
num_cat=0
split_feature=53 67 48 119 59 5 54 61 25 95 73 30 13 2 121 121 29 31 57 82 116 22 71 59 57 17
split_gain=4.01977 7.48674 6.75066 4.50076 4.17372 4.48404 6.20939 5.27875 5.02718 6.00566 6.60805 4.9245 10.8472 7.01847 4.15743 3.98926 4.31409 3.82872 3.71297 4.83235 6.31378 4.36744 3.75756 6.86842 6.50043 2.7918
threshold=5.1250000000000009 1.6306818181818186 -22.718422461457518 -1.1261747913921825 0.32468653971244649 0.75568181818181845 3.1250000000000004 6.3180664002468605 1.1666666666666667 -0.35281183713590969 1.788888888888889 2.1547619047619051 0.20714285714285716 1.3166666666666671 -1.508928571428571 0.17083333333333342 1.6291666666666669 0.76388888888888895 0.44260011406375244 1.0000000180025095e-35 -1.2480769230769229 0.72077922077922085 1.2111111111111115 0.32728643905114502 0.45083126638280352 0.38214285714285723
decision_type=2 2 2 2 2 2 2 2 2 2 2 2 2 2 2 2 2 2 2 2 2 2 2 2 2 2
left_child=4 2 -2 -3 5 6 11 -8 15 -10 -11 13 -13 -1 25 -7 -17 -4 19 21 -21 -16 23 -20 -24 -6
right_child=1 3 17 -5 14 8 7 -9 9 10 -12 12 -14 -15 18 16 -18 -19 22 20 -22 -23 24 -25 -26 -27
leaf_value=0.00092344031417346002 0.024282786398181436 0.0008695981272149021 0.0058128420919139811 -0.024259611897535317 0.00014805199194726156 0.010639224044308129 0.0038880663203840074 0.035770887643608293 0.022793247889447015 0.0054269771367253649 -0.018942523039579506 0.021183261338621383 -0.0060453416059737105 0.022232678745372388 -0.007691615881648229 -0.010890275064881268 0.00021294066085135129 -0.020715737610049769 -0.0098028527901232732 0.022837413898990348 -0.0012065636281271229 0.016167188165874608 0.0077814657863021185 0.009163814432532745 -0.005557199676912739 -0.022953683243477772
leaf_weight=1761.8327191621065 8.682567164301874 8.4536939710378665 9.6726291030645388 22.242324247956276 6.8272183090448406 11.068557322025297 11.170266896486284 7.7404063940048209 11.379048645496367 40.828576266765594 12.160387605428694 31.713607624173164 21.203076928853989 13.038692384958265 169.7694263458252 96.379205465316772 45.718765988945961 8.0609508454799634 20.074682652950287 9.3001835793256742 213.49120758473873 6.2055772095918647 46.104663699865341 91.919709548354149 107.48727682232857 12.461156353354452
leaf_count=5124 22 29 33 85 23 33 33 20 33 136 54 87 75 38 555 362 184 31 67 25 693 17 139 281 345 53
internal_value=0.000231094 -0.00757458 0.00399231 -0.0174353 0.000397116 0.0010708 0.00155205 0.01823 -0.00298931 0.0039755 -0.000357262 0.00136798 0.0103077 0.0010941 -0.00163126 -0.00594252 -0.00732043 -0.00654792 -0.0012159 -0.0030457 -9.19058e-05 -0.00674671 0.00152133 0.00568087 -0.00150941 -0.0150246
internal_weight=2804.99 57.1122 26.4161 30.696 2747.87 2064.23 1846.7 18.9107 217.535 64.368 52.989 1827.79 52.9167 1774.87 683.641 153.167 142.098 17.7336 664.353 398.766 222.791 175.975 265.586 111.994 153.592 19.2884
internal_count=8577 200 86 114 8377 6179 5377 53 802 223 190 5324 162 5162 2198 579 546 64 2122 1290 718 572 832 348 484 76
is_linear=0
shrinkage=0.03


Tree=152
num_leaves=31
num_cat=0
split_feature=121 82 69 53 23 46 47 75 97 119 77 31 47 17 14 84 27 28 59 59 49 61 58 82 18 62 121 93 82 82
split_gain=18.9665 8.91465 7.65198 6.92457 6.73321 6.58622 7.60609 9.83258 6.65103 6.37102 6.10516 8.24419 7.46152 5.99771 5.88778 5.67747 6.24258 5.47324 5.24035 5.11532 5.09815 4.94488 5.2777 5.04484 4.90683 4.75564 4.62067 5.78635 4.56623 4.13971
threshold=0.66369047619047639 0.67866161616161624 1.1742424242424245 2.5500000000000003 0.37321428571428578 1572.0587379280125 1474.6109807986666 2.7434210526315792 -0.43077658102954025 -0.52816240132416592 0.51315789473684215 1.4642857142857146 1551.7245836701711 -0.10279720279720277 -0.25320512820512814 0.5795454545454547 1.8660714285714288 2.535714285714286 0.25937582988266078 0.20344827586206901 0.44400386028176397 6.6326601053380045 0.20216677096370464 0.04040404040404056 0.57738095238095244 0.90454545454545465 1.4910714285714288 0.23799171842650094 -0.50252525252525226 0.79898989898989914
decision_type=2 2 2 2 2 2 2 2 2 2 2 2 2 2 2 2 2 2 2 2 2 2 2 2 2 2 2 2 2 2
left_child=1 3 5 4 21 6 26 28 13 15 12 -12 -11 -7 -9 16 -5 19 -19 -3 -4 22 -1 -23 -22 29 27 -2 -8 -21
right_child=2 17 20 9 -6 8 7 14 -10 10 11 -13 -14 -15 -16 -17 -18 18 -20 25 24 23 -24 -25 -26 -27 -28 -29 -30 -31
leaf_value=-0.0056596932186128816 0.01166072659537718 0.016081788975917204 0.0030026050069288397 0.013468087289956842 0.0094278167411437162 0.029444919096602688 0.014784888725795699 0.027934837520264624 -0.010584939526032643 -0.0030316665490609049 0.014861487569076771 -0.0047410578107980337 0.012849044754167644 -0.0079659737884841819 0.0044463076659343268 -0.0078841389080598831 -0.0015698917767138902 -0.017193716292202798 0.0083306602642750881 0.024283727198312018 -0.0072674378100535285 -0.011829245264605938 0.0024738156922515116 0.00055128746727131585 0.014978444270266077 -0.005860060838682327 0.02602264761427564 -0.01442190237190469 -0.0056244604397362825 -6.2962300801612823e-05
leaf_weight=81.046436756849289 34.754406288266182 10.116831034421919 51.357987880706787 161.8540500998497 81.824616804718971 6.8327215611934662 9.4124675691127759 10.014076694846151 83.544808551669121 154.67043860256672 64.539041116833687 26.521945714950562 31.111771211028099 6.7565785646438581 85.871188715100288 14.270156055688856 28.673198670148849 7.1864459663629523 61.185173988342285 7.5269095003604916 471.48647882789373 54.358373388648033 567.6721825748682 62.592459663748741 8.1077003180980665 276.78068792819977 13.632028877735136 8.7420042157173139 181.34878708422184 22.969070911407471
leaf_count=240 113 28 139 415 215 23 30 30 377 474 191 82 83 23 255 34 77 19 157 21 2004 151 1614 183 29 836 48 33 590 63
internal_value=-0.000121619 0.00177449 -0.00346888 0.00294034 0.00130054 -0.000537672 0.00140803 -0.000586602 -0.00739862 0.00581084 0.00281162 0.00913008 -0.000301609 0.0113676 0.00719338 0.00981721 0.0111929 -0.00223182 0.00539541 -0.00389605 -0.00589176 0.000416923 0.00144591 -0.00522921 -0.00685474 -0.00461357 0.0113058 0.00614486 -0.00452994 0.00643117
internal_weight=2686.76 1714.9 971.861 1329.13 847.494 440.909 343.775 286.647 97.1341 481.641 276.843 91.061 185.782 13.5893 95.8853 204.797 190.527 385.765 68.3716 317.393 530.952 765.669 648.719 116.951 479.594 307.277 57.1284 43.4964 190.761 30.496
internal_count=8577 4883 3694 3759 2403 1522 1099 905 423 1356 830 273 557 46 285 526 492 1124 176 948 2172 2188 1854 334 2033 920 194 146 620 84
is_linear=0
shrinkage=0.03


Tree=153
num_leaves=31
num_cat=0
split_feature=119 94 5 11 74 48 35 68 24 77 47 32 34 60 67 59 65 84 22 11 34 117 118 49 73 51 18 30 119 92
split_gain=17.0163 8.73057 6.66154 6.21324 5.84315 5.83531 6.98884 5.32462 6.2026 5.15539 6.165 5.60474 5.03422 4.67648 5.88309 4.95852 4.53021 6.98837 6.84121 4.44177 4.43404 4.35632 4.75718 4.74242 4.13094 4.12123 3.99718 3.92218 3.8341 3.71772
threshold=-0.40754985754985756 0.16644325290437897 -0.26666666666666672 1.0000000180025095e-35 2.3944444444444448 4.3429207150804823 -0.55178571428571421 1.6125000000000003 0.83333333333333337 0.51315789473684215 1501.151544988327 -0.67261904761904745 0.12916666666666668 2.474865269075063 1.4772727272727275 0.32669888627308952 1.4472222222222224 -0.071067821067821044 0.25833333333333336 0.39696969696969703 0.59226190476190499 0.54772727272727295 0.68057854623330816 0.43584120408049271 1.2613636363636365 0.22500000000000003 0.51666666666666672 0.61250000000000016 0.12355099169123572 -0.11850834350834359
decision_type=2 2 2 2 2 2 2 2 2 2 2 2 2 2 2 2 2 2 2 2 2 2 2 2 2 2 2 2 2 2
left_child=2 21 13 4 -3 6 -5 8 -7 10 26 12 -11 14 -1 20 17 -6 -18 -9 24 -2 23 -23 -15 -17 -4 -16 -8 -13
right_child=1 3 9 5 16 7 28 19 -10 11 -12 29 -14 15 27 25 18 -19 -20 -21 -22 22 -24 -25 -26 -27 -28 -29 -30 -31
leaf_value=-0.014699812583098991 0.00024484573939397838 0.018749111949867139 0.026226973954125272 -0.0036972845772659112 -0.00053654677744344149 0.012977429783661247 0.044085420569698351 -0.015533592524116419 0.0040353381603002066 0.0046806494962092927 -0.0057277183300051366 0.014438083043033491 0.034344839793565445 -0.0083746865891143919 -0.0034586007794863293 0.0030776265824956086 -0.0030198176086481919 -0.01629961935729269 0.017207692446940235 0.0072061709872228612 -0.012146046438990461 0.0027856310534381296 0.016391928915892938 -0.014300546933900635 0.0034352985005132322 -0.0092584188012346282 -0.00052702036837416863 0.019341268771302624 0.013195790634145213 -0.0026866731683582524
leaf_weight=10.256128296256064 1214.1129370927811 12.034331768751143 8.5164739042520523 7.4855102747678783 81.009859770536423 86.128288492560387 8.1925142258405703 19.22153347730637 372.69991917908192 11.670576050877573 132.67220890522003 13.741994202136992 9.2268607616424543 83.223600044846535 10.127082392573358 64.075585424900055 40.17314325273037 36.146458610892296 22.673463061451912 11.546655923128126 184.4636522680521 19.749442100524902 6.0768896341323844 49.764853313565254 37.902235895395279 37.854316785931587 10.117346704006195 17.094711020588875 8.5863720476627332 49.09376086294651
leaf_count=31 3678 39 32 22 241 282 31 50 1147 40 443 47 37 315 36 244 119 101 73 37 701 70 20 151 150 151 33 67 27 162
internal_value=-0.000119627 0.00127601 -0.00421546 0.00395577 -0.000632328 0.00567413 0.0198058 0.00492871 0.00574499 -0.000114814 -0.0034267 0.00580418 0.0188856 -0.0063695 0.00363917 -0.00730395 -0.0020411 -0.00552214 0.00438599 -0.00694719 -0.00921217 -0.000190319 -0.00713086 -0.00943305 -0.00465672 -0.00151998 0.0122609 0.0109309 0.0300781 0.00117897
internal_weight=2675.64 1995.6 680.037 705.898 192.037 513.861 24.2644 489.596 458.828 235.039 151.306 83.7332 20.8974 444.997 37.4779 407.519 180.003 117.156 62.8466 30.7682 305.589 1289.7 75.5912 69.5143 121.126 101.93 18.6338 27.2218 16.7789 62.8358
internal_count=8577 6088 2489 2169 573 1596 80 1516 1429 794 508 286 77 1695 134 1561 534 342 192 87 1166 3919 241 221 465 395 65 103 58 209
is_linear=0
shrinkage=0.03


Tree=154
num_leaves=31
num_cat=0
split_feature=96 12 117 68 57 74 13 56 82 5 82 97 13 17 82 13 8 54 121 93 84 3 33 84 72 53 33 47 0 30
split_gain=4.02393 7.49012 6.57388 6.2199 7.74908 6.89118 8.20233 6.31299 5.9917 5.92668 6.42543 5.5207 5.86308 5.51264 6.01877 5.46614 7.83619 5.47567 6.49507 6.01185 5.09377 4.80113 7.5393 5.74814 4.62396 4.0829 3.8723 3.83435 2.19155 1.62671
threshold=-0.087484733560455011 0.53589743589743599 -0.049999999999999871 0.78888888888888908 0.4075928478923842 3.7029411764705888 0.20714285714285716 0.29166666666666669 -0.19999999999999982 0.66666666666666696 -0.2857142857142857 0.64961906584053231 0.07417582417582419 -0.30839160839160834 0.021212121212121241 0.07417582417582419 -1.0000000180025095e-35 0.36666666666666675 -0.42261904761904745 -0.11458714896214904 1.2321428571428574 1.3205128205128207 -0.32738095238095227 -0.040404040404040407 0.68333333333333346 3.6333333333333337 0.83630952380952406 1483.1225028132797 1.2583333333333335 1.8660714285714288
decision_type=2 2 2 2 2 2 2 2 2 2 2 2 2 2 2 2 2 2 2 2 2 2 2 2 2 2 2 2 2 2
left_child=1 3 11 5 24 6 7 -1 -8 10 -6 20 -13 14 -4 16 -15 18 -17 -19 21 22 -2 -23 -5 -18 -26 -11 -14 -16
right_child=2 -3 13 4 9 -7 8 -9 -10 27 -12 12 28 15 29 17 25 19 -20 -21 -22 23 -24 -25 26 -27 -28 -29 -30 -31
leaf_value=0.0040953402262597464 -0.0058799567672485568 -0.023476668963859318 0.0060866065676946834 0.027005687245182465 -0.010112707456911875 -0.020485299995129248 0.010110862902545054 0.017078279929380255 -0.0035662365873313246 -0.0040235098104389171 -0.00071631241941602099 0.012356531147482775 -0.022840901207018264 -0.02396887363117815 -0.02390738012037126 -0.0019047088485449263 -0.00074692660882258552 0.0017170017250166863 0.0057250417031900107 -0.0046779885992604582 0.026602136567280311 -0.0036594424066271748 0.0096130810952277847 0.0075434718557290097 -0.0060924161180975064 -0.015813155429806918 0.012451283748551499 -0.014859596868050745 -0.0019236571045925016 -0.005438123708238248
leaf_weight=126.56831848621368 31.945166796445847 12.406958118081091 11.620378717780111 9.1829862445592862 75.643718481063843 10.715643331408499 33.703358560800552 45.957971885800362 168.1623954474926 61.534038454294205 458.42668634653091 8.134235545992853 13.932811558246614 15.695784911513327 18.157453253865246 139.30709871649742 153.04861900210381 333.87656842172146 350.3545093536377 217.43290019035339 8.8782304823398572 102.26014123857021 200.37719978392124 67.514908581972122 17.63260543346405 17.197512492537498 21.110359221696854 58.99004390835762 7.2111005187034598 7.0441241711378089
leaf_count=398 91 44 36 25 244 53 109 138 562 258 1401 21 46 52 64 422 471 974 980 638 22 324 548 193 60 56 62 235 25 25
internal_value=0.000232516 -0.00117995 0.00114627 -0.000901514 -0.0025819 0.00215486 0.00286369 0.00764954 -0.00122935 -0.00344146 -0.0020692 0.00429884 -0.00805884 4.30886e-05 -0.0112351 0.000392886 -0.00432756 0.00124229 0.00354883 -0.000803613 0.00520392 0.00465918 0.0074538 0.000796169 0.00892744 -0.00236982 0.00399529 -0.00943051 -0.0162516 -0.0192641
internal_weight=2804.02 1100.04 1703.99 1087.63 702.52 385.108 374.392 172.526 201.866 654.594 534.07 440.254 29.2781 1263.73 36.822 1226.91 185.942 1040.97 489.662 551.309 410.976 402.097 232.322 169.775 47.926 170.246 38.743 120.524 21.1439 25.2016
internal_count=8577 3589 4988 3545 2285 1260 1207 536 671 2138 1645 1270 92 3718 125 3593 579 3014 1402 1612 1178 1156 639 517 147 527 122 493 71 89
is_linear=0
shrinkage=0.03


Tree=155
num_leaves=31
num_cat=0
split_feature=119 120 23 116 1 82 10 8 23 5 48 53 47 46 90 69 33 91 22 97 84 96 92 68 55 63 5 33 94 29
split_gain=17.9607 6.82536 5.64181 6.03453 5.76213 7.35603 5.5907 7.59947 5.48323 5.70279 5.40326 5.25499 5.00783 4.77853 8.17026 5.09622 4.31195 4.26636 5.78822 4.21458 4.20893 4.19226 5.85697 6.04023 5.9539 4.78264 5.73538 4.19975 4.14343 6.21262
threshold=0.11438923395445134 -1.1291666666666664 -0.073593073593073585 0.15000000000000027 1.7416666666666669 0.35353535353535376 0.26969696969696971 -0.20416666666666669 -0.28452380952380946 0.13589743589743611 -208.44067633214033 4.5833333333333348 1445.9580797552314 1503.0899222867192 0.22937860750360753 0.47727272727272735 1.2817460317460319 -0.074438429217841037 0.13809523809523813 0.44418707523061068 -0.50252525252525237 0.25266684407917261 -0.12548637479987609 1.4772727272727275 0.29166666666666669 1.7817460317460319 -0.99545454545454526 0.56011904761904774 -0.29757316708526438 0.2678571428571429
decision_type=2 2 2 2 2 2 2 2 2 2 2 2 2 2 2 2 2 2 2 2 2 2 2 2 2 2 2 2 2 2
left_child=1 13 3 6 8 -6 7 -2 -5 -10 -3 19 -13 15 -15 20 -8 -17 -19 28 -1 22 24 -24 -12 27 -27 -23 29 -4
right_child=2 10 11 4 5 -7 16 -9 9 -11 21 12 -14 14 -16 17 -18 18 -20 -21 -22 25 23 -25 -26 26 -28 -29 -30 -31
leaf_value=0.013228191991861401 -0.00030366288039077179 0.02064085685127973 0.024638095969635832 -0.0033446508778313139 0.024467152484658552 -0.010499110670788476 -0.01720277279710037 0.028341310655037675 0.002699749742346515 -0.013155290098933419 0.0044552543203132686 -0.011151111969835622 0.019582696805845456 -0.019845663293892497 0.011067316464668719 0.023441731025184286 0.0086850811068092358 0.010157733561699391 -0.0015038824817586967 -0.0111920804215715 -0.0082678406136029569 -0.0017717615488391661 -0.0035830478900926123 0.001860383673170346 -0.0062204884096413249 -0.0075822022201521688 0.019296207377057853 0.0057208728616204184 -0.0018791485452498721 -0.0083833414138064898
leaf_weight=10.028317064046858 21.917673721909523 11.229097694158552 12.021775603294374 117.55291514843702 10.172970503568651 9.5443825274705869 15.480555340647699 12.233208060264586 22.159483268857002 190.99894726276398 318.87911711633205 5.5011576712131527 18.043310314416885 15.6519822627306 13.297135591506956 15.814253896474836 7.9902705103158942 165.76780244708061 48.866673737764359 40.974594630300999 30.649525314569473 124.05379618704319 517.67762693762779 282.29245826601982 54.009133622050285 8.4417031705379468 30.763658344745636 144.15261536836624 399.68468705564737 7.6255398243665686
leaf_count=27 91 29 34 539 34 40 61 40 87 884 908 25 61 38 34 40 29 426 124 168 81 344 1488 782 165 22 81 394 1473 28
internal_value=-0.000122561 0.00160788 -0.00359979 -0.00619599 -0.00767476 0.00770678 0.00272352 0.0103863 -0.00862134 -0.0114881 0.000773285 -0.00139586 0.0121178 0.00572985 -0.00565087 0.00697233 -0.0082723 0.00869801 0.00749411 -0.00211835 -0.0027062 0.000606715 -0.000209101 -0.00165851 0.00288845 0.00371958 0.0133895 0.00225044 -0.00120006 0.0118912
internal_weight=2683.48 1791.57 891.901 408.05 350.429 19.7174 57.6217 34.1509 330.711 213.158 1491.5 483.851 23.5445 300.076 28.9491 271.127 23.4708 230.449 214.634 460.307 40.6778 1480.27 1172.86 799.97 372.888 307.412 39.2054 268.206 419.332 19.6473
internal_count=8577 4983 3594 1805 1584 74 221 131 1510 971 4213 1789 86 770 72 698 90 590 550 1703 108 4184 3343 2270 1073 841 103 738 1535 62
is_linear=0
shrinkage=0.03


Tree=156
num_leaves=31
num_cat=0
split_feature=46 47 31 47 97 74 13 31 56 68 20 76 14 72 93 57 21 47 6 6 73 93 72 39 85 62 118 8 6 70
split_gain=16.5023 10.5914 6.96851 6.12559 5.08521 5.77177 5.03022 4.61261 4.20917 6.30377 6.06435 4.95363 6.74857 6.16105 5.34742 4.93724 4.88266 4.14716 3.90837 5.31681 4.47541 5.05299 4.79283 4.24827 5.3357 5.32993 3.8629 3.63248 3.3676 3.05872
threshold=1519.4272452704552 1546.8459485763046 1.3541666666666667 1449.5662959987651 -0.41584622241331953 3.7416666666666671 0.07417582417582419 0.86607142857142871 0.22500000000000003 1.5505050505050508 0.061111111111111123 0.46862745098039221 -0.37083333333333329 2.8090909090909095 0.3073495370370371 0.4473824039375805 0.40833333333333338 1429.2530847614105 1.1909090909090911 1.2696969696969698 1.3875000000000002 0.18551136363636381 1.1742424242424245 1.0000000180025095e-35 -0.1236111111111111 1.7947368421052634 -0.14999999999999997 -0.40256410256410263 1.4641025641025642 1.9128787878787883
decision_type=2 2 2 2 2 2 2 2 2 2 2 2 2 2 2 2 2 2 2 2 2 2 2 2 2 2 2 2 2 2
left_child=1 8 18 -4 -5 6 -6 28 11 10 15 13 16 14 -1 -10 -13 -11 -2 20 22 -22 -20 24 -21 -25 -14 -12 -3 -9
right_child=2 7 3 4 5 -7 -8 29 9 17 27 12 26 -15 -16 -17 -18 -19 19 23 21 -23 -24 25 -26 -27 -28 -29 -30 -31
leaf_value=0.0019143568861076795 0.0068965038134090459 0.019617378555727642 -0.023769629510787493 -0.0077256025162187819 -0.0099450941585316841 0.015732077957219304 0.0022608743387842051 -0.0080493892500090331 0.0010305922484448453 0.00079206988907781935 -0.0066726195868077216 0.027022116102753679 -0.0064156159531208942 -0.010500234430676511 0.010836307367549885 -0.010612822775076504 -0.0028490604929074506 -0.01506350108425589 0.016370978062730576 0.0041671087297256298 -0.015094613232596905 0.0014254258910912716 -0.0037576241086197037 0.01009094940159206 0.020485353127499644 -0.0094159513031774941 -0.00082575918485288541 0.013932580511602033 -0.0050125982742511852 0.01034033425301437
leaf_weight=305.89511220157146 370.62342271208763 9.1152254492044467 8.7391624897718412 57.352132633328438 33.904192015528679 24.103562042117119 232.36612357199192 304.49486458301544 73.005760326981544 19.068561092019081 9.2604569643735868 11.690901443362238 138.30554999411106 28.569086611270905 74.991818532347679 57.650186166167259 7.4863795936107627 59.607135772705078 17.120175674557686 49.508646383881569 36.56111803650856 29.115324780344963 24.718706026673317 21.471031427383423 28.598509311676025 27.658160135149956 564.07995265722275 30.89863047003746 8.9461820125579816 7.3999163359403601
leaf_count=989 1169 34 22 181 99 79 712 1193 223 57 26 42 453 92 237 165 24 179 55 149 96 87 70 67 95 76 1744 102 32 28
internal_value=-0.000119806 -0.00188843 0.00302096 -0.000299007 0.000348732 0.00197484 0.000664069 -0.00670968 -0.000729902 -0.00424873 -0.000973187 4.67316e-05 -0.00144568 0.00268115 0.00370261 -0.00412571 0.0156491 -0.0112212 0.00497808 0.00192016 -0.00295847 -0.0078145 0.00459871 0.00605695 0.0103633 -0.00079973 -0.00193827 0.00906157 0.00763732 -0.00757184
internal_weight=2672.31 1710.47 961.84 356.465 347.726 290.374 266.27 329.956 1380.51 249.491 170.815 1131.02 721.563 409.456 380.887 130.656 19.1773 78.6757 605.375 234.752 107.515 65.6764 41.8389 127.236 78.1072 49.1292 702.386 40.1591 18.0614 311.895
internal_count=8577 5620 2957 1093 1071 890 811 1287 4333 752 516 3581 2263 1318 1226 388 66 236 1864 695 308 183 125 387 244 143 2197 128 66 1221
is_linear=0
shrinkage=0.03


Tree=157
num_leaves=28
num_cat=0
split_feature=53 58 59 20 23 79 117 57 91 121 71 5 54 25 73 121 63 48 14 96 54 69 22 51 71 36 59
split_gain=3.80135 5.29684 3.96982 4.26591 4.06135 4.37141 6.93513 6.72277 5.72818 5.28454 4.96916 3.9686 5.82311 4.73877 4.47259 4.27265 3.92814 8.7124 3.79868 3.75728 3.54289 3.38672 3.23725 2.11061 1.40698 1.1138 0.216967
threshold=5.1250000000000009 0.28952513414340503 0.32468653971244649 0.074358974358974331 0.65151515151515171 0.40833333333333338 0.33452380952380972 0.4520401904372463 -0.12326078869047628 -1.4910714285714282 2.8730158730158735 0.75568181818181845 3.1250000000000004 1.5000000000000002 3.1339285714285716 0.17083333333333342 1.5477272727272731 -22.718422461457518 0.19267399267399271 -0.21254921259842516 2.5833333333333335 1.8944444444444446 0.32051282051282054 0.29166666666666669 1.9045454545454548 1.0000000180025095e-35 0.28634605699980936
decision_type=2 2 2 2 2 2 2 2 2 2 2 2 2 2 2 2 2 2 2 2 2 2 2 2 2 2 2
left_child=2 16 3 11 5 6 8 -8 -4 24 -11 12 14 15 -1 -13 17 -2 19 -5 -15 26 -14 -21 -7 -18 -19
right_child=1 -3 4 18 -6 9 7 -9 -10 10 -12 13 22 20 -16 -17 25 21 -20 23 -22 -23 -24 -25 -26 -27 -28
leaf_value=0.0016541906363989587 0.023306378466253538 0.016498074320421333 -0.0023033477275698757 0.0057399299686726529 -0.023113581614590376 -0.0034365361591840345 -0.023040609017440997 0.0077509410693827911 0.019177649779770652 -0.0020724059444652936 0.017176621272323216 0.01206568642989473 0.0057955182217399063 0.012125292122776748 -0.015852655352245597 -0.0061521478045560756 -0.024357171712110239 -0.01089788878756503 0.0070582521502307169 -0.023250969093594209 -0.01196327551524522 0.0058696459449530877 0.031146812000060402 -0.0061007632673207336 -0.023423976206195928 -0.0091189780127510483 -0.024918951370761611
leaf_weight=1784.648401170969 7.3596573323011425 6.3698038756847373 16.1822589635849 7.6586553156375876 6.8189592361450186 5.1963152438402203 11.492399945855142 12.090500637888907 32.234194368124008 575.11276605725288 11.307963803410528 11.497061997652052 10.857648059725763 26.908703684806824 12.208376765251158 154.7902649641037 14.90136478841305 5.0771379768848446 11.252637743949888 17.879977524280552 5.870803326368331 5.292682245373725 8.1412680149078351 12.077120438218115 12.059882506728171 9.4638005942106229 8.2569099366664869
leaf_count=5186 19 18 59 26 26 19 39 36 94 1842 33 34 34 84 40 599 58 18 34 63 24 19 19 36 50 35 33
internal_value=0.000231632 -0.00738505 0.000392668 0.00104942 -0.00158751 -0.001332 0.00559468 -0.0074592 0.012036 -0.00217098 -0.00166751 0.00126463 0.00170672 -0.00274136 0.00152482 -0.00481004 -0.0107273 -0.00230232 -0.00761155 -0.0121468 0.00749578 -0.0132454 0.0178231 -0.0168542 -0.0180875 -0.0191495 -0.0209222
internal_weight=2803.01 56.7214 2746.29 2063.79 682.495 675.676 71.9994 23.5829 48.4165 603.677 586.421 2014.92 1815.86 199.067 1796.86 166.287 50.3516 25.9864 48.8684 37.6158 32.7795 18.6267 18.9989 29.9571 17.2562 24.3652 13.334
internal_count=8577 200 8377 6179 2198 2172 228 75 153 1944 1875 6020 5279 741 5226 633 182 89 159 125 108 70 53 99 69 93 51
is_linear=0
shrinkage=0.03


Tree=158
num_leaves=31
num_cat=0
split_feature=121 91 83 7 46 116 94 70 94 57 48 85 72 32 68 72 53 84 68 85 60 68 74 47 91 41 2 30 36 83
split_gain=17.2457 8.14729 8.86945 7.20619 5.78081 7.41131 5.76035 5.42614 5.41917 6.78861 6.18542 5.14987 7.24225 6.4126 6.3419 5.72686 5.1418 4.94755 4.8957 4.87094 4.37643 6.62859 6.54402 4.78628 4.31997 4.29693 4.76775 4.94305 4.04296 3.56614
threshold=0.66369047619047639 0.49300733156803961 -0.04722222222222227 2.2583333333333337 1509.4445756156063 -0.26396103896103879 0.16342025427341358 0.41428571428571431 0.139622480560228 0.44980307329704922 88.776142912128662 -0.40202020202020206 2.8452380952380958 0.23511904761904767 1.6125000000000003 2.6125000000000003 3.1000000000000005 -1.1691919191919189 1.4365079365079367 0.34532828282828293 2.7783158836065485 1.6833333333333336 3.4852941176470593 1618.6278000655784 -0.52119190268700055 1.0000000180025095e-35 -0.99393939393939368 0.46428571428571436 1.5000000000000002 1.4494949494949496
decision_type=2 2 2 2 2 2 2 2 2 2 2 2 2 2 2 2 2 2 2 2 2 2 2 2 2 2 2 2 2 2
left_child=1 4 25 6 11 -6 8 -4 10 -10 18 12 15 19 -15 -1 28 -7 -2 -13 23 22 -22 -8 -19 26 27 -3 -9 -18
right_child=3 2 7 -5 5 17 20 16 9 -11 -12 13 -14 14 -16 -17 29 24 -20 -21 21 -23 -24 -25 -26 -27 -28 -29 -30 -31
leaf_value=-0.0013810443474527511 -0.0024794762916697274 -0.014967938316132938 0.027321411192195912 -0.015031852852449687 -0.016618118061700819 0.018108734024763894 -0.010103100846098745 0.0056766362255021574 -0.0029833513404342112 0.029122466501859609 -0.013763904238696447 0.0035238100750455002 0.015615372298977128 0.0044485697800284996 0.01973768696947785 -0.021079436132678084 0.014091187863343761 0.012689003341161261 0.0039837542266212616 -0.0030089950164993448 0.001126964419449403 0.018644681688620317 -0.011535365398814943 0.012188397691033671 -0.0036255253807911435 0.014436199626239333 -0.01319338099561466 0.0079308161033485799 -0.00654465216028478 -0.003669527433305877
leaf_weight=365.38521824777126 378.25417922437191 10.7260225713253 11.352427273988722 44.269221186637878 32.567937776446342 10.008346468210219 172.89608777314425 180.63587127625942 11.163986325263979 10.909719184041021 33.738585531711578 391.5085982978344 20.923827707767487 72.507046118378639 37.047968298196793 12.830058887600897 94.28695410490036 14.673806592822073 144.94722621142864 137.80455392599106 90.792046181857586 11.653199404478071 60.099848724901676 8.1839293092489225 206.83234795928001 10.021226167678831 36.919753789901733 29.517055958509445 27.064758330583572 10.691868618130682
leaf_count=1035 1245 29 30 212 92 32 796 463 41 37 155 1079 53 224 106 35 247 58 440 406 421 40 282 25 696 29 96 74 70 29
internal_value=-0.000121668 0.00168475 0.00536132 -0.00332408 0.000518125 -0.00343329 -0.00274341 0.00764447 -0.000907774 0.0133291 -0.00150029 0.00152864 -0.00113754 0.00319823 0.00977776 -0.002111 0.00683567 -0.00150214 -0.000679002 0.0018149 -0.00581618 -0.00219785 -0.0039394 -0.00901775 -0.00247911 -0.00308077 -0.00554968 0.00153991 0.00404602 0.0122364
internal_weight=2680.21 1713.31 411.216 966.908 1302.09 264.082 922.639 324.032 579.014 22.0737 556.94 1038.01 399.139 638.868 109.555 378.215 312.679 231.515 523.201 529.313 343.625 162.545 150.892 181.08 221.506 87.1841 77.1628 40.2431 207.701 104.979
internal_count=8577 4883 1067 3694 3816 878 3482 839 1918 78 1840 2938 1123 1815 330 1070 809 786 1685 1485 1564 743 703 821 754 228 199 103 533 276
is_linear=0
shrinkage=0.03


Tree=159
num_leaves=31
num_cat=0
split_feature=46 67 5 39 65 47 85 61 30 29 47 10 12 31 83 90 61 26 15 57 68 75 57 28 59 21 78 47 34 68
split_gain=15.5323 10.3331 7.01159 7.00706 6.39452 6.25199 5.6286 6.34771 5.26676 5.03497 4.9805 4.96225 4.79612 6.89295 5.85049 5.90861 5.17583 4.80092 5.08329 5.04352 4.2902 4.19535 6.1868 4.12858 3.90861 3.77467 3.37821 3.66301 3.1578 3.35606
threshold=1519.4272452704552 2.0416666666666674 0.81861471861471879 1.5000000000000002 1.5278637770897834 1490.0041374363593 -0.033333333333333263 6.6713996331534711 0.46428571428571436 1.0089285714285718 1490.3039384685537 0.24038461538461542 0.25833333333333336 1.7750000000000001 1.2922979797979799 0.21326685660018987 6.273819513894054 0.50000000000000022 0.11805555555555557 0.40323515119799652 1.3484848484848486 2.6961538461538468 0.44792249906681608 0.93750000000000011 0.25265030904663804 0.16025641025641027 0.55277777777777792 1529.8058806665294 0.12916666666666668 1.1742424242424245
decision_type=2 2 2 2 2 2 2 2 2 2 2 2 2 2 2 2 2 2 2 2 2 2 2 2 2 2 2 2 2 2
left_child=1 3 12 4 6 9 10 -8 -7 -6 -1 -3 14 17 15 -2 -17 18 -14 -19 21 22 -5 -23 -13 -16 -26 -28 -15 -30
right_child=2 11 -4 20 5 8 7 -9 -10 -11 -12 24 13 28 25 16 -18 19 -20 -21 -22 23 -24 -25 26 -27 27 -29 29 -31
leaf_value=-0.0076212972594437347 -0.0081093623408646977 0.012425830418797428 0.0072766559902663116 -0.013922164373960317 -0.00026131933768000194 -0.0036999990716707963 -7.0004350684459542e-05 0.013430786140341957 0.014079235086568494 0.0092927862292048104 -0.0013358089167024606 0.010156758779915908 0.025969049384887217 0.0030376851964492484 0.0019695933912904891 0.0040086387066636921 -0.0050738341314428429 -0.019906046347218282 0.0072518845248575846 0.0029025295280716117 -0.011640491319916466 -0.008709017766828496 0.0057190180433157661 0.013672185039603629 -0.010060048742723204 0.027052712175767275 -0.0089100457084193632 0.0092234659537470103 -0.017334911318796966 0.0070612644259505433
leaf_weight=181.05208413302898 99.780675783753395 10.252278923988341 246.91202467679977 37.985857412219048 348.24306422472 18.632701620459557 248.95539627969265 34.78593809902668 64.849338337779045 56.789045885205269 306.56342968344688 9.4065228849649412 13.71996036171913 18.046610817313194 12.174661189317705 147.53471954166889 90.011110484600067 8.320584684610365 153.3739225268364 132.62611775100231 78.049860760569572 9.9554206728935259 21.948021724820137 22.035632029175758 219.92772975564003 9.4000469148159009 20.292660295963287 17.925969243049622 23.927908152341846 5.5832426846027365
leaf_count=542 287 35 804 118 1052 61 794 120 219 174 1027 36 47 59 37 450 259 20 473 393 261 28 74 80 857 33 65 77 75 20
internal_value=-0.000121106 -0.00183906 0.00292593 -0.000805907 -3.01054e-05 0.00265002 -0.0017326 0.00161598 0.0100787 0.00109045 -0.00368658 -0.00712391 0.00141018 0.00387636 -0.00102895 -0.00202059 0.00054768 0.00552381 0.00895193 0.00140417 -0.00650488 -0.0020338 -0.00670444 0.00656349 -0.00792769 0.0137454 -0.00863489 -0.000309943 -0.00662674 -0.0125409
internal_weight=2669.06 1707.65 961.412 1429.85 1259.87 488.514 771.357 283.741 83.482 405.032 487.616 277.805 714.5 355.598 358.901 337.327 237.546 308.041 167.094 140.947 169.975 91.9249 59.9339 31.9911 267.553 21.5747 258.146 38.2186 47.5578 29.5112
internal_count=8577 5620 2957 4550 3989 1506 2483 914 280 1226 1569 1070 2153 1087 1066 996 709 933 520 413 561 300 192 108 1035 70 999 142 154 95
is_linear=0
shrinkage=0.03


Tree=160
num_leaves=20
num_cat=0
split_feature=46 46 73 46 85 63 59 7 96 46 65 59 37 74 57 57 5 61 5
split_gain=3.86034 7.0917 5.75628 5.32764 4.93438 3.98073 3.78926 5.03065 8.56889 6.66586 4.87733 4.47982 3.43576 3.33098 3.33047 2.73142 1.02045 1.96368 0.404691
threshold=1682.5048272473898 1662.3250862993925 0.9545454545454547 1636.8260527210291 -0.63564213564213545 1.3944444444444446 0.30526976990214233 1.5773809523809526 -0.31063250043480789 1455.8381689862858 0.56071428571428583 0.26113704662722798 1.0000000180025095e-35 3.2426470588235299 0.45413188935641863 0.43445211480507984 1.1291666666666671 6.3604381731226871 0.066666666666666555
decision_type=2 2 2 2 2 2 2 2 2 2 2 2 2 2 2 2 2 2 2
left_child=1 3 -2 6 -5 12 10 9 -9 -8 14 -12 -3 -7 -1 -6 -4 -18 -17
right_child=2 5 16 4 15 13 7 8 -10 -11 11 -13 -14 -15 -16 18 17 -19 -20
leaf_value=-0.0012578822417089969 0.014019408742320194 -0.010093787948662529 -0.023696084480443389 0.0065165793126568229 -0.00047591060151474282 0.034862178310049168 -0.0084349159741098269 -0.010558779526255564 0.0026603500780438666 -0.0010876329924036719 -0.0021360255319265533 0.0024601625318914654 0.016061098645407074 0.0088116578236138478 -0.019791328691652128 -0.010288236989261823 0.0037025702096282051 -0.020426259837145702 -0.024972132005421872
leaf_weight=20.643049374222755 5.7651003003120449 8.6812062188982981 11.769800558686258 10.167090266942976 7.2005939781665829 9.1022392362356204 134.19444991648197 47.610117167234421 473.77519749104977 635.27759985625744 227.43803553283215 1146.4624964594841 7.4375774264335623 10.184431701898573 14.812101781368254 5.0479141920805004 5.1291489601135236 5.1696664690971375 16.196945935487747
leaf_count=58 17 44 58 39 28 23 426 193 1424 1970 680 3361 25 36 49 17 24 29 76
internal_value=0.000232566 0.000346991 -0.0106848 0.000170976 -0.0107491 0.0135017 0.000332163 -0.000840329 0.00142961 -0.00238216 0.00140803 0.00169612 0.00203266 0.0223664 -0.0094134 -0.0170339 -0.0175964 -0.00887966 -0.0222374
internal_weight=2802.06 2774.23 27.8337 2738.83 38.6125 35.4055 2700.21 1290.86 521.385 769.472 1409.36 1373.9 16.1188 19.2867 35.4552 28.4455 22.0686 10.2988 21.2449
internal_count=8577 8449 128 8321 160 128 8161 4013 1617 2396 4148 4041 69 59 107 121 111 53 93
is_linear=0
shrinkage=0.03


Tree=161
num_leaves=31
num_cat=0
split_feature=49 49 116 58 14 27 53 117 23 23 76 71 16 20 8 33 83 60 60 27 20 89 16 59 81 59 33 66 66 57
split_gain=16.4328 8.22033 5.58318 6.29665 5.69453 5.48807 5.4764 6.77047 5.35352 7.21951 9.61194 6.08905 5.19221 5.51078 6.15496 5.15533 5.7661 5.48198 5.11359 5.08126 4.81414 4.84845 4.71144 4.42617 4.272 4.25388 4.14914 4.14061 3.75835 3.62928
threshold=0.57490826711301735 0.41875537960616654 0.95000000000000007 0.21602469135802471 0.039560439560439593 2.3875000000000006 3.1000000000000005 -0.29999999999999993 0.41987179487179493 0.17537878787878788 0.42481203007518803 0.68333333333333346 0.51666666666666672 -0.035714285714285691 -0.62361111111111089 0.42261904761904773 -0.010101010101010053 2.645057944073093 2.4844378597071062 0.93750000000000011 -0.14708624708624704 1.9198717948717952 0.24038461538461542 0.32949750163320807 17.500000000000004 0.32061924485674193 0.83630952380952406 1.8944444444444446 0.89444444444444449 0.43530307100008958
decision_type=2 2 2 2 2 2 2 2 2 2 2 2 2 2 2 2 2 2 2 2 2 2 2 2 2 2 2 2 2 2
left_child=1 5 3 4 -2 6 7 -1 9 20 23 -12 13 19 -15 17 -17 -8 -9 -5 22 -22 -3 -11 25 26 -4 -7 -14 -30
right_child=2 8 24 12 -6 27 15 18 -10 10 11 -13 28 14 -16 16 -18 -19 -20 -21 21 -23 -24 -25 -26 -27 -28 -29 29 -31
leaf_value=0.019816881824498932 0.02317531795962962 0.00162097340101493 -0.0052619183359244861 0.015194805563896893 -0.010943593449256925 -0.021614147831896517 0.0018910078628684207 -0.0069634606635493495 0.0089529302357695493 0.020518768424937304 0.0083442531779995173 -0.0089576485507023313 0.012378161417984899 0.013010705599393393 -0.0018242805778846956 -0.0069104847003692996 0.0074276132199725033 0.018091511863616714 0.002582920065690619 -0.01115211558330275 0.0014173959534767404 -0.0059063075816371104 -0.0119339032447114 -0.0049713540340338858 -0.016965050807481355 -0.013536786617839214 0.026143221849852061 0.0023076350288199596 -0.0035004062294745147 -0.015449682548904978
leaf_weight=17.910511583089828 13.051396384835245 38.796674937009811 7.4901194199919718 6.3173877596855155 5.5622592717409125 12.576648458838465 27.531453907489777 55.817443370819092 52.068593636155128 16.544797077775005 19.160060927271843 202.29885563254356 5.4528868943452826 30.39571812748909 125.31506706774235 32.130352675914764 104.34919786453247 63.319603055715561 447.24177721142769 68.635051086544991 982.38292409479618 87.599253594875336 53.986602976918221 8.6640626639127714 56.767115160822868 14.018683657050131 5.9251422956585884 11.789347872138022 36.551365442574024 67.392534725368023
leaf_count=46 51 114 46 21 27 33 69 154 141 46 55 603 19 134 501 84 276 163 1149 292 3051 307 192 25 346 85 30 32 169 316
internal_value=-0.000121558 0.00092438 -0.00539495 -0.0037304 0.0127886 0.00342535 0.00388898 0.00217805 -0.000397218 -0.00075087 -0.00540201 -0.00741647 -0.00467823 -0.00209073 0.001117 0.00777004 0.00400457 0.0132888 0.00150603 -0.00872114 0.000237035 0.000810049 -0.00627719 0.0117882 -0.0123233 -0.002354 0.00925208 -0.0102868 -0.0100385 -0.0113498
internal_weight=2677.04 2234.17 442.875 358.674 18.6137 772.666 748.3 520.97 1461.5 1409.43 246.668 221.459 340.06 230.663 155.711 227.331 136.48 90.8511 503.059 74.9524 1162.77 1069.98 92.7833 25.2089 84.2011 27.4339 13.4153 24.366 109.397 103.944
internal_count=8577 6540 2037 1530 78 2006 1941 1349 4534 4393 729 658 1452 948 635 592 360 232 1303 313 3664 3358 306 71 507 161 76 65 504 485
is_linear=0
shrinkage=0.03


Tree=162
num_leaves=31
num_cat=0
split_feature=119 94 5 11 13 74 72 69 77 27 53 2 82 82 74 61 94 60 83 17 117 4 7 6 64 9 91 10 64 91
split_gain=14.6131 7.4823 6.1952 5.55699 5.26244 5.16619 5.77359 8.49136 4.92951 5.24932 5.40452 4.86642 4.73074 4.64741 4.4312 4.58351 4.39728 4.25252 4.16391 4.9313 4.01726 4.68894 4.08341 5.3333 5.77384 4.89055 3.98423 3.96696 5.39586 6.05678
threshold=-0.40754985754985756 0.16644325290437897 -0.26666666666666672 0.076923076923076913 0.10555555555555557 2.3944444444444448 1.4494949494949496 0.72077922077922085 0.51315789473684215 1.267857142857143 3.3666666666666671 -0.44949494949494945 -0.15858585858585858 0.28427128427128429 2.3038461538461541 7.0365880542184067 0.23520874242294892 2.474865269075063 -0.21111111111111117 0.05677655677655679 0.54772727272727295 1.3693181818181819 2.0333333333333337 1.7928571428571431 2.0606617647058827 0.24038461538461542 -0.005555555555555535 0.48333333333333339 1.552777777777778 0.57926868335053328
decision_type=2 2 2 2 2 2 2 2 2 2 2 2 2 2 2 2 2 2 2 2 2 2 2 2 2 2 2 2 2 2
left_child=2 20 4 5 27 -3 -7 -8 12 11 13 26 -4 -11 -5 16 -16 -6 19 -19 22 -22 -2 25 -25 -24 -10 -1 29 -29
right_child=1 3 8 14 17 6 7 -9 9 10 -12 -13 -14 -15 15 -17 -18 18 -20 -21 21 -23 23 24 -26 -27 -28 28 -30 -31
leaf_value=0.021837036049985475 -0.00036603899988016115 0.017009109082199922 0.0071517335184889284 -0.0077572408155679997 0.0033238935638147402 -0.0052427171576590655 0.034305122667996291 0.0017056102647020873 -0.010278084911447641 0.027303438230333939 -0.0073611234806467323 -0.017027732014638499 -0.0059188064691581875 0.0071460530014240756 0.014229644620396185 -0.016203655826257306 0.005397418605069081 0.020441819374982538 -0.010242733138893491 -0.0047108784741934622 -0.010372720958878191 0.0086523673263615014 0.025437722964313951 -0.0091757772040466021 0.011004204522267028 0.0063115533149386638 0.018551570189433042 0.016566905825980603 -0.0097491900862979042 -0.0049357533483329365
leaf_weight=6.2128386795520774 1085.8638451397419 14.072621643543242 30.295715466141701 20.354894667863846 28.172906011343002 130.98528581857681 6.8421493321657172 92.031557753682137 6.4148963689804068 17.853170961141586 10.50231997668743 13.415343597531317 120.12068077921867 26.136824205517769 59.115808457136154 7.0543022453784934 373.77055661380291 7.1032849103212348 265.0264079272747 50.712121307849884 61.670885130763054 13.348225176334379 14.763031333684919 34.371229127049446 18.915107741951942 59.287154614925385 9.3455130010843295 21.811745688319206 36.914152577519417 23.374116703867912
leaf_count=23 3290 45 109 55 100 376 25 279 21 66 34 43 399 88 188 18 1183 28 1026 199 194 47 50 98 62 178 34 85 142 92
internal_value=-0.000120242 0.00117008 -0.00393847 0.00365438 -0.00603492 0 -0.00111869 0.00431246 0 0.00580221 0.0112449 -0.00429968 -0.00323658 0.0158186 0.0055909 0.00623148 0.00664049 -0.00767818 -0.00865485 -0.00127456 -0.000187465 -0.00687882 0.000229153 0.00529134 -0.00188645 0.0104528 0.00672505 0.000475745 -0.00134798 0.00551284
internal_weight=2665.86 1992.45 673.412 704.227 439.328 243.932 229.859 98.8737 234.084 83.6681 54.4923 29.1758 150.416 43.99 460.296 439.941 432.886 351.015 322.842 57.8154 1288.22 75.0191 1213.2 127.337 53.2863 74.0502 15.7604 88.3129 82.1 45.1859
internal_count=8577 6088 2489 2169 1695 725 680 304 794 286 188 98 508 154 1444 1389 1371 1353 1253 227 3919 241 3678 388 160 228 55 342 319 177
is_linear=0
shrinkage=0.03


Tree=163
num_leaves=21
num_cat=0
split_feature=46 46 73 46 47 116 19 88 41 25 19 57 68 75 73 31 67 72 5 4
split_gain=3.7133 6.85542 5.60164 5.12179 4.19359 3.68995 4.76339 6.56353 3.90076 3.74766 3.59886 3.14426 2.86353 2.46169 3.81697 3.55779 2.37224 2.04227 1.01381 1.8776
threshold=1682.5048272473898 1662.3250862993925 0.9545454545454547 1636.8260527210291 1521.7954631566947 -1.5916666666666663 0.64583333333333337 2.6464285714285718 1.5000000000000002 2.1666666666666674 0.51666666666666672 0.43367727120654526 1.3166666666666669 3.0250000000000004 1.6515151515151518 1.6125000000000003 1.9545454545454548 0.95833333333333337 1.1291666666666671 1.0333333333333334
decision_type=2 2 2 2 2 2 2 2 2 2 2 2 2 2 2 2 2 2 2 2
left_child=1 3 -2 5 10 9 7 -7 -8 11 -3 -1 -11 14 15 -5 -6 -12 -4 -20
right_child=2 4 18 13 16 6 8 -9 -10 12 17 -13 -14 -15 -16 -17 -18 -19 19 -21
leaf_value=0.0011982044816872032 0.01378256832784081 -0.012316424681401223 -0.023532149117150038 -0.020381310161011346 0.033607640669078447 0.00039898419050608374 0.0046592517180227902 -0.014945319295796159 0.022970503384992638 0.01695074174979988 0.024803298174270624 -0.018445752449915 -0.0093163509809018174 -0.023241369477700641 0.0091845992416664524 0.007130711892207528 0.0091313039785300577 0 -0.019959784215330914 0.0037046034386807292
leaf_weight=9.6907334178686124 5.78187167644501 7.2817819938063648 11.599772557616236 14.454361811280256 9.1187420636415499 2543.6214938610792 72.527449265122414 24.332809239625931 11.612812682986258 7.3388668298721296 5.4931591302156431 24.820595517754555 5.7478618919849396 9.451210290193556 9.413016274571417 5.0488253533840171 7.6957444697618476 5.9022399634122849 5.1743004471063596 5.0474032461643219
leaf_count=35 17 38 58 62 23 7654 217 80 31 21 19 100 23 45 38 15 22 26 30 23
internal_value=0.000232311 0.00034414 -0.0105184 0.000170813 0.0132624 0.000328425 0.000479426 0.000246659 0.00746187 -0.00786011 0.00297279 -0.0129669 0.00535856 -0.0105699 -0.0056895 -0.0131125 0.023715 0.0131902 -0.0174105 -0.00871833
internal_weight=2801.16 2773.55 27.6033 2738.06 35.4917 2699.69 2652.09 2567.95 84.1403 47.5981 18.6772 34.5113 13.0867 38.3674 28.9162 19.5032 16.8145 11.3954 21.8215 10.2217
internal_count=8577 8449 128 8321 128 8161 7982 7734 248 179 83 135 44 160 115 77 45 45 111 53
is_linear=0
shrinkage=0.03


Tree=164
num_leaves=31
num_cat=0
split_feature=48 48 116 35 31 85 97 62 8 57 91 35 68 35 46 72 46 54 88 82 44 57 117 19 59 19 25 69 0 31
split_gain=15.5808 7.89538 5.42186 5.23318 7.11828 8.25947 6.6827 5.91417 5.86399 5.14295 9.77703 7.4907 7.08392 5.81686 5.48719 9.49424 7.48142 6.68317 8.12845 4.9972 4.93036 4.75648 4.64611 6.23272 5.70395 6.31185 5.26735 5.81217 6.98864 5.31856
threshold=52.446357932930034 -57.107895457478314 0.95000000000000007 2.0922619047619051 1.267857142857143 -0.19999999999999982 -0.088956968055350513 0.97500000000000009 0.059981684981684998 0.44781464231179607 0.48443675889328069 -1.6974206349206347 1.2928571428571431 -1.2827380952380949 1503.0899222867192 1.4494949494949496 1541.0622354419424 1.2250000000000003 1.3944444444444446 0.67866161616161624 1.0000000180025095e-35 0.47353261138307873 0.099999999999999936 0.51666666666666672 0.29773246745390841 0.59166666666666679 1.8333333333333337 1.2111111111111115 0.96666666666666679 1.0625000000000002
decision_type=2 2 2 2 2 2 2 2 2 2 2 2 2 2 2 2 2 2 2 2 2 2 2 2 2 2 2 2 2 2
left_child=1 9 3 4 7 6 -6 -2 -9 14 11 -11 13 -12 17 -16 -17 19 -19 -1 -14 -13 23 -3 -25 -26 29 28 -28 -24
right_child=2 22 -4 -5 5 -7 -8 8 -10 10 12 21 20 -15 15 16 -18 18 -20 -21 -22 -23 26 24 25 -27 27 -29 -30 -31
leaf_value=0.0060907582635071388 0.012145016228671587 0.00063930690201641704 -0.012141599933672956 -0.01808760164247817 0.00065477288809879879 -0.0038239915583938491 0.027156528647634372 -0.0084828402095568998 0.0030343574307483763 0.014941502579320993 -0.023256670428177081 -0.011203020550406784 0.016730308977036749 0.0027701659499802839 0.0066557165163196466 -0.022655631535046683 0.0055459993936049935 -0.0029448586093527179 0.018082147609411715 -0.0038466126609115422 -0.0074257952955204933 0.001233561403053066 0.00035008948193417328 -0.0087149836274458305 0.001038753972252608 -0.011679722735229367 0.017342264837623949 -0.013819419656973782 -0.0034199377854320606 0.006572019596491222
leaf_weight=272.84857435524464 15.893956065177916 415.62690189480782 83.268980495631695 20.309874564409256 15.247638806700705 39.881825625896454 19.412362709641457 197.96040434390306 48.745780289173126 13.842343926429747 8.1193876862525922 92.179099544882774 52.526609003543854 49.301418974995613 49.861907362937927 24.112344533205032 12.042555153369902 20.575709760189056 74.350708246231079 53.527951672673225 8.0908584296703321 38.521704033017159 304.76037243008614 171.51678675413132 179.98603792488575 42.510695770382881 16.460537701845169 36.211108222603798 87.786872491240501 208.47352108359337
leaf_count=705 55 1340 507 88 55 155 71 915 191 39 19 244 138 128 131 59 30 53 191 137 20 105 887 575 577 152 46 112 254 598
internal_value=-0.000122358 0.000894397 -0.00527164 -0.0036335 -0.00270298 0.0054094 0.0159273 -0.00502893 -0.00619202 0.0033519 -4.59117e-05 -0.00527244 0.00631953 -0.00119381 0.00511309 -0.0017477 -0.013285 0.00652177 0.01351 0.00444503 0.0133892 -0.00753325 -0.000397922 -0.0019174 -0.00461674 -0.00141923 0.00147952 -0.00364118 0 0.00289111
internal_weight=2673.95 2233.23 440.721 357.452 337.142 74.5418 34.66 262.6 246.706 769.901 262.581 144.543 118.038 57.4208 507.32 86.0168 36.1549 421.303 94.9264 326.377 60.6175 130.701 1463.33 809.64 394.014 222.497 653.692 140.459 104.247 513.234
internal_count=8577 6540 2037 1530 1442 281 126 1161 1106 1999 693 388 305 147 1306 220 89 1086 244 842 158 349 4541 2644 1304 729 1897 412 300 1485
is_linear=0
shrinkage=0.03


Tree=165
num_leaves=31
num_cat=0
split_feature=119 94 68 11 23 53 18 61 97 32 78 38 117 0 60 7 117 7 33 59 73 27 17 84 62 78 67 11 63 74
split_gain=13.8115 7.08298 5.49924 5.06664 4.69711 4.31681 5.11995 4.11278 4.64403 4.09161 4.8181 4.03816 4.39248 3.95766 5.52268 3.9424 3.84639 3.9227 4.97782 6.1603 3.88304 4.05113 3.59874 3.87741 3.57485 3.55289 3.44742 5.20863 3.7022 3.419
threshold=-0.40754985754985756 0.16644325290437897 1.6125000000000003 -0.016025641025641049 0.22222222222222227 4.1250000000000009 0.51666666666666672 6.8829500287054701 -0.42394879089615933 0.11507936507936511 0.54772727272727284 1.0000000180025095e-35 0.10128205128205127 1.0954545454545457 2.7517361948396437 0.34848484848484856 0.54772727272727295 2.0333333333333337 -0.052777777777777805 0.3198246220634281 1.3166666666666669 2.4142857142857146 0.026709401709401694 -0.39999999999999997 1.5131578947368423 0.51315789473684215 0.47727272727272735 -0.10000000000000005 1.0250000000000001 1.4750000000000003
decision_type=2 2 2 2 2 2 2 2 2 2 2 2 2 2 2 2 2 2 2 2 2 2 2 2 2 2 2 2 2 2
left_child=4 16 3 11 7 22 -7 15 -9 10 -10 25 -13 14 -5 -1 17 20 19 -19 21 -2 23 -6 -15 -3 -18 28 -28 -22
right_child=1 2 -4 13 5 6 -8 8 9 -11 -12 12 -14 24 -16 -17 26 18 -20 -21 29 -23 -24 -25 -26 -27 27 -29 -30 -31
leaf_value=0.015065885848940207 0.0038199299731762233 -0.0014205382205398839 -0.0053442480610747444 0.035752784196054065 0.019463008361487521 0.028181220124120401 -0.0084373714121935596 -0.011747118186219719 0.038624200102341681 -0.0020081907238540006 0.0032422512956527569 0.0092183873757478996 -0.0094442252750477056 -0.0033862736624187379 0.00015823774601232988 -0.0034187444432077362 0.011226074197348456 0.0014555131767303108 0.0014322522013212285 0.026537517253804887 0.018634276229852177 -0.0070025513308004045 -0.01060559447030437 -0.0091977008297224327 0.0058072916145204354 -0.017117693677485821 -0.0087656364569745938 -0.015977215312361348 0.012231602526878752 -0.0016635429278114811
leaf_weight=9.6001161485910398 263.37369360029697 37.98996739089489 56.364037230610847 8.1080078333616239 7.025371253490448 5.3891274183988553 6.5140957832336426 6.7812498360872295 7.8219989985227603 7.7406088858842841 6.3575829118490219 41.505308389663696 14.445743158459662 40.282455712556839 7.2070301175117484 452.63356471061707 7.5901102572679511 17.324322327971458 92.309864565730095 17.799671798944473 6.5241543799638739 34.187061488628387 153.160698980093 7.9872584789991361 478.54969863593578 19.2693872153759 15.578810110688211 38.72545899450779 12.858334437012671 781.62059676647186
leaf_count=33 815 114 165 29 26 26 30 22 31 25 21 130 43 113 21 1644 25 52 274 62 22 96 605 26 1503 51 51 117 48 2357
internal_value=-0.00011951 0.00113367 0.00355185 0.00433809 -0.00383966 -0.00797881 0.0088082 -0.00230217 0.00850591 0.0151415 0.0242166 -0.00139562 0.00426607 0.00555927 0.0202228 -0.00299667 -0.000187058 0.000219897 0.00517941 0.014632 -0.000363692 0.00254719 -0.00922977 0.00440501 0.00508259 -0.00695771 -0.00674673 -0.00895676 0.000719697 -0.00146832
internal_weight=2662.63 1991.61 703.722 647.358 671.012 180.077 11.9032 490.935 28.7014 21.9202 14.1796 113.21 55.9511 534.147 15.315 462.234 1287.89 1213.14 127.434 35.124 1085.71 297.561 168.173 15.0126 518.832 57.2594 74.7527 67.1626 28.4371 788.145
internal_count=8577 6088 2169 2004 2489 713 56 1776 99 77 52 338 173 1666 50 1677 3919 3678 388 114 3290 911 657 52 1616 165 241 216 99 2379
is_linear=0
shrinkage=0.03


Tree=166
num_leaves=30
num_cat=0
split_feature=53 67 48 119 8 121 24 84 57 58 47 93 78 84 22 90 29 94 29 94 97 2 57 70 77 62 116 83 117
split_gain=3.59825 7.01976 6.24582 4.47537 4.17788 3.68136 4.66068 4.58281 7.47909 7.01422 7.28423 6.66548 5.8572 5.08664 7.68964 5.63032 5.55598 5.47215 4.88178 4.50155 4.29962 4.01592 2.86004 2.66809 2.52329 1.9824 4.07078 2.06383 0.976411
threshold=5.1250000000000009 1.6306818181818186 -22.718422461457518 -1.1261747913921825 -0.53741258741258735 -1.4196428571428568 0.50000000000000011 0.67171717171717193 0.44713150032913063 0.25870202954895466 1481.6985231865017 -0.48318452380952359 0.54772727272727284 0.29999999999999999 0.34523809523809529 0.2337121212121214 -0.55357142857142838 0.094504652862001701 -0.99107142857142838 -0.058823529411764837 0.34402751153753658 -1.4142857142857139 0.49428552769070017 0.95833333333333337 0.60769230769230786 1.1213235294117649 -0.3000000000000001 -0.40000000000000019 -0.15075757575757573
decision_type=2 2 2 2 2 2 2 2 2 2 2 2 2 2 2 2 2 2 2 2 2 2 2 2 2 2 2 2 2
left_child=5 2 -2 -3 -4 6 24 13 9 11 -11 -9 18 15 19 17 -17 -7 -10 -15 -16 23 -14 -8 25 27 -27 -1 -6
right_child=1 3 4 -5 28 7 21 8 12 10 -12 -13 22 14 20 16 -18 -19 -20 -21 -22 -23 -24 -25 -26 26 -28 -29 -30
leaf_value=-0.002651370121109321 0.023337589687590879 0.0014224289747941654 0.011702264197529825 -0.023846746588643265 -0.0053381580833478598 0.0010093730960826089 0.025929361560045668 0.017351618740906408 0.0002934769601326962 0.025553524386309825 0.00083302981413716415 -0.009507648838004883 0.013090261773811351 -0.0054202312848165013 -0.016771610932243355 -0.009117054934311343 -0.00065566876444247068 0.0068405638786752238 0.028101269110348635 0.0036145973005396563 0.004241480204097251 -0.011146758138523763 -0.0034386828232608074 0.00010306167007018709 0.0056340206759926629 0.0047060026796661644 -0.020967064797299869 -0.022747657078975504 -0.024715262445017157
leaf_weight=6.6407580226659801 8.75745737552643 8.2924142926931399 6.3771904557943371 21.639008097350597 5.3410644680261639 1510.4219156503677 7.4124907851219195 8.6666463017463666 7.5721548050642005 15.209935426712034 32.725446447730064 58.395251616835594 16.464391067624092 97.664205878973007 49.029326722025871 81.076111271977425 477.17966408282518 159.61811020970345 25.077393606305122 98.65023235976696 9.9352399259805662 7.4450731873512259 19.329020857810974 6.7194352000951767 6.7377182543277732 13.097020134329798 8.1651458591222745 20.794673427939415 5.8458207994699434
leaf_count=23 22 29 23 85 21 4376 20 23 21 38 96 182 45 293 167 258 1686 467 63 311 31 24 58 20 21 42 28 84 20
internal_value=0.000233626 -0.00720748 0.00395291 -0.0169294 -0.0062872 0.000389833 -0.0060308 0.00057855 0.00514188 0.000416717 0.00910007 -0.00578851 0.0129175 0.000238354 -0.00376261 0.000699543 -0.00190399 0.00157226 0.0219416 -0.000869614 -0.0131693 0.00552735 0.00423196 0.0146661 -0.0106009 -0.0129757 -0.00551723 -0.0182532 -0.0169072
internal_weight=2800.28 56.253 26.3215 29.9314 17.5641 2744.03 77.0123 2667.02 183.44 114.997 47.9354 67.0619 68.443 2483.57 255.279 2228.3 558.256 1670.04 32.6495 196.314 58.9646 21.577 35.7934 14.1319 55.4353 48.6976 21.2622 27.4354 11.1869
internal_count=8577 200 86 114 64 8377 262 8115 526 339 134 205 187 7589 802 6787 1944 4843 84 604 198 64 103 40 198 177 70 107 41
is_linear=0
shrinkage=0.03


Tree=167
num_leaves=31
num_cat=0
split_feature=121 82 69 20 24 19 73 8 24 85 57 71 7 8 73 85 121 5 44 69 35 93 121 41 5 62 69 12 87 80
split_gain=14.9082 8.23175 6.9418 7.0226 6.75252 6.4002 7.07554 6.39059 7.01401 6.72721 5.93129 5.57964 6.67719 5.28232 6.67768 5.42498 5.27578 4.98703 4.89035 5.11178 4.8227 4.7284 6.11042 4.67003 4.71824 4.51501 4.97319 5.13138 4.74963 4.31312
threshold=0.66369047619047639 0.67866161616161624 1.1742424242424245 -0.055050505050505065 1.0000000180025095e-35 0.48333333333333339 1.9545454545454548 0.037179487179487276 1.5000000000000002 -0.86767676767676738 0.48092651823115501 1.4772727272727275 0.96666666666666679 -0.80892857142857133 1.1547619047619049 -0.39999999999999997 -1.6220238095238093 0.18181818181818174 1.0000000180025095e-35 0.78888888888888908 -1.4970238095238093 -0.22442237249929561 -0.1934523809523809 1.5000000000000002 -1.0000000180025095e-35 1.4641025641025642 1.1055555555555558 0.069047619047619066 1.4868421052631582 18.500000000000004
decision_type=2 2 2 2 2 2 2 2 2 2 2 2 2 2 2 2 2 2 2 2 2 2 2 2 2 2 2 2 2 2
left_child=1 5 4 -4 18 6 10 8 9 -7 16 12 -9 -5 -15 -16 -1 21 19 -2 -13 -3 -23 29 -25 26 27 -6 -27 -8
right_child=2 17 3 13 25 7 23 11 -10 -11 -12 20 -14 14 15 -17 -18 -19 -20 -21 -22 22 -24 24 -26 28 -28 -29 -30 -31
leaf_value=0.02512554703056083 0.00050539672971485774 0.0033751996796384668 -0.010435862016286459 -0.010969081031515318 0.01727115776646336 -0.012785752980657128 0.0062116434277282948 -0.0070519288571286231 -0.01523508339918558 0.0015002614010027756 0.023734844354617025 -0.0040182206373356047 0.0028719181823125359 -0.012137645157342334 -0.0064104444581934835 0.0033882378220093344 0.0052258014568418313 -0.0091944152350944205 -0.0050286171377936081 0.017348013981372784 0.0082296868639725532 -0.012658041486776994 -0.00019855763022967452 -0.0044047451646645457 0.027678816114887195 -0.01165723768335483 0.023798166396733243 -0.0016555638530480518 -0.00053553969878289117 -0.011266092975582891
leaf_weight=11.489839613437651 26.933664247393608 143.02851337194443 170.5835433229804 60.827543780207634 12.829267621040342 34.890525609254837 16.220305204391479 84.081494212150574 35.789864718914032 169.2463391572237 16.398609772324562 33.232023671269417 214.72792115807533 42.470199413597584 69.943756096065044 178.13158778101206 461.44942224025726 74.975279927253723 22.306470274925232 41.493146032094955 186.56682492792606 50.313601598143578 116.1572752147913 7.7521453201770782 7.0067640691995603 72.546037331223488 6.9717413336038581 188.0321584045887 66.496307350695133 47.726901590824127
leaf_count=31 86 379 720 322 41 109 48 238 112 513 45 87 612 166 274 690 1278 248 77 135 495 145 352 24 22 341 22 587 233 145
internal_value=-0.00012469 0.00155249 -0.00311699 -0.00545032 -0.000321004 0.00267341 0.00507959 0.000863237 -0.00317096 -0.000977266 0.00642299 0.00273789 5.52494e-05 -0.00299869 -0.00128785 0.000598853 0.00576758 -0.00230421 0.00691232 0.0108645 0.00635449 -0.000601184 -0.00403528 -0.0032109 0.0114263 -0.0022361 0.000553578 -0.000352258 -0.00640157 -0.00675927
internal_weight=2670.62 1711.05 959.565 521.957 437.609 1326.58 568.044 758.535 239.927 204.137 489.338 518.608 298.809 351.373 290.546 248.075 472.939 384.475 90.7333 68.4268 219.799 309.499 166.471 78.7061 14.7589 346.876 207.833 200.861 139.042 63.9472
internal_count=8577 4883 3694 2172 1522 3759 1593 2166 734 622 1354 1432 850 1452 1130 964 1309 1124 298 221 582 876 497 239 46 1224 650 628 574 193
is_linear=0
shrinkage=0.03


Tree=168
num_leaves=31
num_cat=0
split_feature=46 67 117 47 75 24 6 82 84 31 47 10 83 50 5 58 116 67 84 30 11 82 78 119 71 92 95 91 97 97
split_gain=13.4219 9.35373 6.521 6.10777 5.2684 5.4406 6.55014 5.2607 5.11877 5.06479 5.37186 4.68988 4.51536 5.60747 5.45236 4.50016 7.35979 4.16542 4.08143 3.60605 4.20323 3.81215 3.55632 3.47612 3.73398 2.71322 3.17887 3.61751 2.56519 5.78118
threshold=1519.4272452704552 2.0416666666666674 -1.1026315789473682 1559.8921221364992 3.1622807017543866 1.5000000000000002 1.8619047619047622 0.62626262626262652 -0.90238095238095217 1.3541666666666667 1449.5662959987651 0.24038461538461542 0.10050505050505056 0.36666666666666675 1.1380952380952383 0.23412338317057013 0.39615384615384613 1.9545454545454548 0.67171717171717193 2.3095238095238098 0.59761904761904783 -1.0000000180025095e-35 0.55277777777777792 -2.7290209790209778 1.6125000000000003 -0.21767910710159485 0.47850542681138164 0.39347826086956522 -0.025924608116389029 -0.049926681777038455
decision_type=2 2 2 2 2 2 2 2 2 2 2 2 2 2 2 2 2 2 2 2 2 2 2 2 2 2 2 2 2 2
left_child=1 3 7 4 15 8 -7 -2 -6 18 -11 -3 14 -14 -12 16 -1 -17 19 20 -4 -21 28 -24 -25 -5 27 -27 29 -13
right_child=2 11 9 25 5 6 -8 -9 -10 10 12 22 13 -15 -16 17 -18 -19 -20 21 -22 -23 23 24 -26 26 -28 -29 -30 -31
leaf_value=-0.0076060275562340922 0.022239282847187711 0.012187509257553429 0.0042321239507921446 -0.016777665757099408 0.012569077571920731 0.022615745117275116 -0.003344522710816724 0 -0.00070113715753917778 -0.023192993966830461 -0.0057167583405225144 -0.0081420732348568611 -0.00076477182017076651 0.009796442823001468 0.015401089683668394 -0.00028994455060271494 0.0041618478149300581 0.012149619497100899 -0.0090771088201735996 0.022960934918671211 -0.0077187134922165473 0.0061568510589933342 0.018301092159944132 0.0078425682571527846 -0.011761852483929363 -0.0068873962470108819 -0.021689138611690879 0.0060290375833052436 -0.014375551980083768 0.019942037293096817
leaf_weight=181.48111207783222 25.890612944960594 10.27419453859329 461.64639562368393 20.975465908646584 31.39797979593277 26.023483738303185 12.31428414583206 14.633164718747137 133.7156757414341 8.2576660513877851 134.92810854315758 156.22674597799778 128.1640750169754 68.450832948088646 10.95143276453018 830.9466043561697 63.733811393380165 23.950263291597366 19.869443491101265 17.231988400220871 27.026705354452133 42.381410852074623 7.0438154786825171 14.002940133213995 19.829939365386963 67.102432504296303 8.3709104359149915 26.247569128870964 60.715841338038445 5.8951676934957495
leaf_count=560 97 35 1395 71 105 87 38 48 418 21 400 654 405 214 37 2607 192 88 55 64 78 143 29 49 74 246 33 105 204 25
internal_value=-0.000118524 -0.00172022 0.00271562 -0.00074055 -0.000133563 0.00428652 0.0143279 0.0143621 0.00186474 0.0021837 -0.000642856 -0.00678781 -2.44924e-05 0.00292787 -0.00401692 -0.000956875 -0.00453077 6.88375e-05 0.00393201 0.00442458 0.00355063 0.0113624 -0.00758166 0.000474572 -0.00356953 -0.0071119 -0.00494562 -0.00319843 -0.00906839 -0.00698648
internal_weight=2659.68 1700.25 959.432 1426.26 1303.56 203.451 38.3378 40.5238 165.114 918.908 350.752 273.989 342.494 196.615 145.88 1100.11 245.215 854.897 568.156 548.287 488.673 59.6134 263.714 40.8767 33.8329 122.696 101.721 93.35 222.838 162.122
internal_count=8577 5620 2957 4550 4095 648 125 145 523 2812 1077 1070 1056 619 437 3447 752 2695 1735 1680 1473 207 1035 152 123 455 384 351 883 679
is_linear=0
shrinkage=0.03


Tree=169
num_leaves=31
num_cat=0
split_feature=96 12 90 117 14 34 3 81 8 95 7 61 3 61 61 121 66 37 65 37 0 84 88 57 6 8 15 57 16 83
split_gain=3.65739 7.27571 6.67591 5.92035 6.7156 5.36421 5.06628 6.6266 5.01872 6.35184 5.71113 5.4742 4.99732 6.69122 5.47075 4.89317 4.82103 4.74677 4.45249 7.49434 10.7716 5.9275 7.102 3.9954 3.71238 9.55505 4.21345 3.25011 2.76185 2.30342
threshold=-0.087484733560455011 0.53589743589743599 -0.5805555555555556 -0.049999999999999871 -0.25320512820512814 2.535714285714286 1.851648351648352 7.5000000000000009 -0.20416666666666669 0.26697154291725717 2.0333333333333337 7.1151757872754589 2.2182539682539688 5.5626010191691115 6.5169321744776205 0.86190476190476206 1.3693181818181819 1.0000000180025095e-35 2.1026315789473689 -1.4999999999999998 0.96666666666666679 0.97698412698412695 1.297058823529412 0.40028818443804043 1.851648351648352 -0.14194139194139185 0.65476190476190488 0.44766973748267991 0.26969696969696971 0.66161616161616177
decision_type=2 2 2 2 2 2 2 2 2 2 2 2 2 2 2 2 2 2 2 2 2 2 2 2 2 2 2 2 2 2
left_child=1 2 17 4 29 8 7 15 9 10 -5 23 13 -8 -14 -4 -9 -1 21 20 -20 22 -6 -10 25 -7 -26 -27 -19 -2
right_child=3 -3 6 5 18 24 12 16 11 -11 -12 -13 14 -15 -16 -17 -18 28 19 -21 -22 -23 -24 -25 26 27 -28 -29 -30 -31
leaf_value=-0.02236215412441105 -0.0045516031469957051 -0.023219505590794432 0.022918864829509677 -0.00064116076416782406 -0.0021098176834895631 0.025875648177119386 -0.019392029109172721 -0.0029086384558204164 -0.0065552609572400505 -0.020449774595141548 -0.023448615001934237 -0.017725988167608554 0.0026098577274161557 -0.0040140499740826726 -0.015084512151549583 0.0030772602951234817 0.0020709279091213899 -0.012339171841259943 -0.015405009774336172 -0.0111855871548049 0.015435076410562935 0.025436096371825402 0.0083518579354984156 0.0010974317166390531 0.031999878262000417 -0.026076296130037473 0.0030817415621218823 0.0012285072785402115 0.010899746424456116 -0.024602127769107172
leaf_weight=20.759016573429108 24.4699119925499 12.251802578568457 19.241030171513557 105.21813344955444 76.452751532196999 8.343423396348955 33.665310218930244 285.61265820264816 64.322598442435265 21.162718772888184 9.9522864669561368 13.819528087973593 115.01987727731466 101.93614507466555 17.186883464455605 26.75296513736248 448.08318220078945 8.3040612637996691 13.285802558064459 36.136423319578171 34.630590289831161 13.692536920309065 236.23291458189487 1005.9055256620049 10.395768880844118 6.8671962022781354 8.3328611552715284 7.2604192644357681 8.0785559564828855 6.0088213980197898
leaf_count=69 78 44 52 311 227 21 142 853 203 70 35 43 449 384 73 88 1386 26 42 116 93 33 660 2942 24 22 25 22 23 21
internal_value=0.000233725 -0.00111525 -0.000841646 0.00110476 0.0040931 5.55716e-05 -0.00038941 0.000830894 -0.000305416 -0.00570978 -0.00282274 0.000376124 -0.00394321 -0.00796786 0.000191095 0.0117527 0.000127082 -0.0131727 0.00511177 -0.00100531 0.00668259 0.00669454 0.00578581 0.000629001 0.0105734 0.00199257 0.0200939 -0.012692 -0.00073927 -0.0092558
internal_weight=2799.38 1096.89 1084.64 1702.49 440.91 1261.58 1047.5 779.69 1220.38 136.333 115.17 1084.05 267.808 135.601 132.207 45.994 733.696 37.1416 410.431 84.0528 47.9164 326.378 312.686 1070.23 41.1997 22.471 18.7286 14.1276 16.3826 30.4787
internal_count=8577 3589 3545 4988 1270 3718 3427 2379 3604 416 346 3188 1048 526 522 140 2239 118 1171 251 135 920 887 3145 114 65 49 44 49 99
is_linear=0
shrinkage=0.03


Tree=170
num_leaves=31
num_cat=0
split_feature=121 82 69 24 32 17 69 83 85 46 75 0 47 5 64 10 69 85 70 59 13 93 121 47 46 0 81 58 84 54
split_gain=14.1449 7.88347 6.68462 6.46922 5.69905 7.29836 5.26981 5 5.59036 4.97381 4.96812 7.18583 5.20404 4.78366 4.65902 4.53292 4.60019 8.72638 4.88923 5.82335 4.54165 4.522 5.89973 4.386 5.71808 8.01103 4.52236 5.10815 4.25067 4.15726
threshold=0.66369047619047639 0.67866161616161624 1.1742424242424245 1.0000000180025095e-35 -0.57321428571428557 -0.069047619047619038 0.27922077922077926 0.54653679653679654 -1.4264069264069261 1440.2186720452246 2.7029411764705888 1.7817460317460319 1481.0666849212655 0.18181818181818174 1.297058823529412 0.37980769230769235 1.5227272727272729 0.44200244200244199 1.3484848484848486 0.3178366617676725 0.45804195804195807 -0.22442237249929561 -0.1934523809523809 1472.1476681998258 1555.4688526774689 1.4641025641025642 9.5000000000000018 0.19461273353890807 -0.082070707070707058 1.3666666666666669
decision_type=2 2 2 2 2 2 2 2 2 2 2 2 2 2 2 2 2 2 2 2 2 2 2 2 2 2 2 2 2 2
left_child=1 4 3 10 5 -1 -7 -6 -9 -8 12 -12 -2 21 -10 20 18 -18 19 -17 -4 29 -23 24 25 -5 -25 -28 -15 -3
right_child=2 13 15 23 7 6 9 8 14 -11 11 -13 -14 28 -16 16 17 -19 -20 -21 -22 22 -24 26 -26 -27 27 -29 -30 -31
leaf_value=-0.018842362734544427 0.019292354156994651 0.0012855845264614471 -0.007856924682385703 -0.001048720836786747 -0.00057265709515899913 0.022306960307564013 0.010333503094744897 -0.018346286981733156 0.01182976898017578 0.003293084668156923 0.025164693870177311 -0.00081606348828559448 -0.0039196897589022671 -0.014265707924287562 0.0025433263361518302 -0.0054098837275384894 0.021079278627482229 -0.011742533216248314 -0.01235326298190201 0.017935704502386345 0.0017798741006204832 -0.012454144744331838 -0.00019794129164210094 -0.017636116852752043 -0.011782078367595417 0.024826777204606257 0.020610157348205135 -0.0033381404455531034 0.000509551162761112 0.016545591978781193
leaf_weight=10.330253243446348 9.8423024415969831 125.48512855172157 369.3397624194622 22.926793113350868 555.30446171760559 15.41986161470413 117.71311855316162 8.1258243322372419 72.053770422935486 396.14559303224087 22.868304222822189 15.539763882756231 42.6762555539608 48.110072061419487 151.28872814774513 25.036584675312042 20.158443883061413 10.204273000359533 32.05957455188036 14.206514641642569 49.016982331871986 50.161407083272934 116.13912832736969 18.499157957732677 12.110604360699652 18.836213886737823 7.2470785230398169 266.63664735853672 26.545565828680992 17.575588092207909
leaf_count=34 36 328 1569 75 1659 40 303 23 212 1065 64 54 144 157 423 82 75 47 141 45 213 145 352 74 69 64 23 919 91 51
internal_value=-0.00012597 0.00150691 -0.00304536 -0.00030193 0.00260353 0.00497651 0.00548171 0.00096796 0.00466345 0.00492865 0.00676754 0.0148229 0.000653533 -0.00226993 0.00559203 -0.005341 0.000311003 0.0099302 -0.00382433 0.00320265 -0.00671912 -0.000603834 -0.00396507 -0.00218115 0.00559297 0.0108593 -0.00363799 -0.00262087 -0.00903507 0.003283
internal_weight=2667.6 1710.4 957.205 437.183 1326.38 539.609 529.279 786.773 231.468 513.859 90.9266 38.4081 52.5186 384.017 223.342 520.022 101.665 30.3627 71.3027 39.2431 418.357 309.361 166.301 346.256 53.8736 41.763 292.383 273.884 74.6556 143.061
internal_count=8577 4883 3694 1522 3759 1442 1408 2317 658 1368 298 118 180 1124 635 2172 390 122 268 127 1782 876 497 1224 208 139 1016 942 248 379
is_linear=0
shrinkage=0.03


Tree=171
num_leaves=31
num_cat=0
split_feature=46 67 39 117 84 65 47 82 97 29 90 67 61 18 3 13 82 35 34 83 74 7 28 96 69 47 34 77 69 57
split_gain=12.71 8.9436 6.53471 6.26808 5.83727 5.63787 6.07184 5.08953 4.73212 4.70801 4.59103 7.16294 5.59332 4.57669 4.10006 4.64281 5.26687 3.8484 8.16982 3.84715 3.79581 3.60932 5.27455 3.5252 3.5688 4.41932 3.19325 4.94729 4.61827 5.87749
threshold=1519.4272452704552 2.0416666666666674 1.5000000000000002 -1.1026315789473682 -0.31132756132756118 1.5278637770897834 1490.0041374363593 0.62626262626262652 -0.50230411481067005 1.0089285714285718 0.22937860750360753 1.5505050505050508 6.7895344892530387 0.42261904761904767 3.1339285714285716 0.069047619047619066 1.4797979797979801 0.37500000000000017 0.86190476190476206 1.6984848484848489 3.9250000000000003 0.93095238095238109 1.8166666666666669 -0.095010474704702447 0.41428571428571431 1624.3102368548186 -1.0000000180025095e-35 0.52786377708978338 0.95833333333333337 0.44422108725342041
decision_type=2 2 2 2 2 2 2 2 2 2 2 2 2 2 2 2 2 2 2 2 2 2 2 2 2 2 2 2 2 2
left_child=1 2 5 7 17 10 9 -2 23 -7 12 -12 -1 21 15 16 -10 18 -4 -17 -8 -3 -23 24 -5 -26 28 -28 -15 -30
right_child=3 13 4 8 -6 6 20 -9 14 -11 11 -13 -14 26 -16 19 -18 -19 -20 -21 -22 22 -24 -25 25 -27 27 -29 29 -31
leaf_value=-0.0032711696840842593 0.021865067772253277 0.019048265150793331 0.030622136397374614 0.01002649934622403 -0.011301226496119301 -0.00030473419437467475 0.012124195599549716 0 -0.0066508267214021319 0.0089305749502155973 0.00022360826297915636 0.02405757193820968 0.0046831374844006606 -0.012837403392272134 0.019824931308655466 0.0028060313600870457 0.020672505596439669 -0.0063606742454541329 -0.001326609045404339 0.021304998566299721 -0.0073778333732532871 0.022404079161996365 -0.0093383238716879934 -0.021729730651554709 -0.021120475280919739 0.0069041608328569105 -0.013493956752599654 -0.0037629067467578516 0.02390927178855946 -0.0050408108145858863
leaf_weight=619.07144141197205 25.739346951246262 8.7526484727859479 8.6856359690427762 12.039325818419458 91.979584217071533 348.15630485117435 74.321798741817474 14.627030998468397 75.744342222809792 56.840630128979683 44.522669240832329 14.361040994524954 90.098331391811371 14.826965942978857 11.322085216641424 774.31414951384068 5.9108158349990836 40.643535912036896 27.202052906155586 9.3345150500535947 9.3254986852407438 5.0386897325515774 20.260928645730019 10.643933594226835 11.59826907515526 7.6073359549045554 119.55774454772472 80.432527601718903 10.325037106871607 13.344514220952986
leaf_count=2001 97 35 35 40 302 1052 251 48 224 174 136 52 294 62 42 2360 21 131 93 32 29 18 73 32 34 27 470 316 45 51
internal_value=-0.000117271 -0.00167754 -0.000721003 0.00264101 -0.00625024 2.24079e-05 0.002541 0.0140819 0.00212017 0.00100284 -0.00157727 0.0063912 -0.0022512 -0.00664773 0.00259617 0.00234465 -0.00441049 -7.35084e-05 0.00694491 0.00305708 0.00985308 0.00349538 -0.00229091 -0.00759954 -0.00216829 -0.0100791 -0.00811709 -0.00963342 -0.000119295 0.00792335
internal_weight=2656.63 1697.75 1425.21 958.881 168.511 1256.7 488.644 40.3664 918.515 404.997 768.053 58.8837 709.17 272.539 876.626 865.304 81.6552 76.5312 35.8877 783.649 83.6473 34.0523 25.2996 41.8889 31.2449 19.2056 238.487 199.99 38.4965 23.6696
internal_count=8577 5620 4550 2957 561 3989 1506 145 2812 1226 2483 188 2295 1070 2679 2637 245 259 128 2392 280 126 91 133 101 61 944 786 158 96
is_linear=0
shrinkage=0.03


Tree=172
num_leaves=14
num_cat=0
split_feature=32 116 71 3 75 65 3 57 18 92 95 57 60
split_gain=3.49208 3.90798 4.21346 5.55844 7.28571 6.74605 4.85455 4.51581 3.99208 4.65771 4.27594 0.259104 0.235077
threshold=-2.9374999999999996 -2.1358974358974359 2.6515151515151518 1.0333333333333334 3.8062500000000004 0.79285714285714304 3.1339285714285716 0.47779075804776744 0.57738095238095244 -0.11850834350834359 -0.099902152641878766 0.43320955163006042 3.2348830784731142
decision_type=2 2 2 2 2 2 2 2 2 2 2 2 2
left_child=-1 12 6 -4 5 -5 8 -6 9 -3 -10 -8 -2
right_child=1 2 3 4 7 -7 11 -9 10 -11 -12 -13 -14
leaf_value=-0.017044705717604077 -0.021348180903810011 -0.0011128779892845442 -0.011419658875485171 -0.00055912322440504123 -0.0081352577648881787 0.031018286840325891 -0.0089983933037773335 0.016031787981728256 -0.023710425685276555 0.0014478550167874979 -0.0024134932141332732 -0.022605764788470435 -0.0082057139569056883
leaf_weight=9.4832114428281766 5.9756011366844159 1064.8897356912494 10.455921560525892 8.2646224945783633 18.315343677997593 20.007868513464928 5.1663796901702863 9.8656369149684888 11.457440376281737 1593.965136423707 28.68047796189785 6.8114494681358337 5.0975594222545624
leaf_count=37 24 3476 36 25 61 52 24 27 40 4634 87 34 20
internal_value=0.000232921 0.000298833 0.000373777 0.00775571 0.0114964 0.0219813 0.000187685 0.000481831 0.000276693 0.000421103 -0.00899425 -0.0181133 -0.0167273
internal_weight=2798.44 2788.95 2777.88 66.9094 56.4535 28.2725 2710.97 28.181 2698.99 2658.85 40.1379 11.9778 11.0732
internal_count=8577 8540 8496 201 165 77 8295 88 8237 8110 127 58 44
is_linear=0
shrinkage=0.03


Tree=173
num_leaves=31
num_cat=0
split_feature=116 117 19 95 68 46 46 84 47 38 34 117 84 5 70 84 6 26 95 94 45 116 28 26 70 93 29 47 46 34
split_gain=13.5176 7.34037 5.83365 7.79752 6.12415 7.90547 5.41117 6.04428 6.68602 5.27119 5.13264 4.98702 4.54314 6.23438 5.53533 4.94091 4.51965 4.38904 4.11508 4.50724 5.88901 4.5352 4.06789 4.04645 3.93346 3.31855 3.05275 2.89885 2.65152 2.34541
threshold=0.50000000000000011 0.64473684210526327 0.51666666666666672 0.64658526592598553 2.0954545454545461 1420.0323291263483 1606.0054582667158 -0.38239538239538234 1479.2903290528839 1.5000000000000002 0.2327380952380953 0.59642857142857164 -0.52525252525252508 0.21547619047619052 0.38750000000000007 -0.70353535353535335 0.86190476190476206 0.83333333333333359 0.29686673802860503 0.64581944748897591 1.5000000000000002 1.752777777777778 1.267857142857143 -1.8333333333333333 0.95833333333333337 -0.030000000000000134 -1.0813492063492063 1566.5589230062717 1621.2287299516254 0.88392857142857151
decision_type=2 2 2 2 2 2 2 2 2 2 2 2 2 2 2 2 2 2 2 2 2 2 2 2 2 2 2 2 2 2
left_child=1 2 6 4 5 -4 7 8 -1 12 -11 -9 14 17 -3 -16 -5 -14 19 20 23 -21 -15 -2 -25 -18 -6 -8 -29 -23
right_child=18 9 3 16 26 -7 27 11 -10 10 -12 -13 13 22 15 -17 25 -19 -20 21 -22 29 -24 24 -26 -27 -28 28 -30 -31
leaf_value=-0.0078248241817428319 0.017653397020892244 -0.014318979745660057 0.012398423572177403 -0.00871759743411798 -0.029061103227157298 -0.0025956287038129897 -0.022814995498359872 0.0044458546442164935 0.0013824613644035993 -0.0030132455983522795 0.024862047740640582 -0.014282554647206689 0.0034630716481693319 0.0012939506907376783 0.0059160839482119438 0.019736597467834745 0.01427905324379455 -0.017547625500639596 0.013177574822230486 -0.01669371391626976 0.020710970394223781 -0.008675233326514523 -0.022429458455865203 0.0076975868143005464 -0.0065166229804595353 -0.0053784550101960678 -0.0085870854084159585 -0.016618408670657867 0.0054930016772020904 0.017702779309978819
leaf_weight=93.818343505263329 5.8852539062499991 9.0076605379581434 31.91609925031662 11.309975072741507 9.1165461391210538 796.50505790114403 10.531431719660761 536.72620426118374 280.47387290000916 7.8485645502805736 19.424653321504593 12.084240719676016 191.34110444784164 10.344288647174837 119.05106501281261 28.922015219926834 49.018017709255219 8.3629395961761457 9.405218765139578 52.915742926299572 7.18760722875595 5.0666890740394575 15.130892604589461 17.72516131401062 268.91514926403761 8.3565317243337613 24.851698324084282 6.996205389499667 11.408239737153052 5.0302045270800591
leaf_count=323 20 24 83 33 25 2537 52 1602 820 20 52 33 502 27 311 77 125 24 39 298 28 32 43 65 1196 23 71 22 39 31
internal_value=-0.000126566 0.000733846 -5.68885e-05 -0.00174593 -0.00252598 -0.00200009 0.00159191 0.00199974 -0.000932101 0.00436927 0.0169113 0.00400279 0.00342457 0.000670554 0.00732679 0.00875186 0.00790093 0.00248522 -0.00542301 -0.00594846 -0.00437186 -0.0132151 -0.0129981 -0.00506685 -0.00560351 0.0113215 -0.0148417 -0.0109506 -0.00318101 0.00460682
internal_weight=2664.68 2292.55 1883.11 931.074 862.389 828.421 952.039 923.103 374.292 409.433 27.2732 548.81 382.16 225.179 156.981 147.973 68.6845 199.704 372.131 362.726 299.713 63.0126 25.4752 292.526 286.64 57.3745 33.9682 28.9359 18.4044 10.0969
internal_count=8577 6868 5788 2897 2716 2620 2891 2778 1143 1080 72 1635 1008 596 412 388 181 526 1709 1670 1309 361 70 1281 1261 148 96 113 61 63
is_linear=0
shrinkage=0.03


Tree=174
num_leaves=31
num_cat=0
split_feature=46 47 117 66 31 66 47 13 31 78 60 89 14 91 53 56 68 41 20 4 65 4 12 13 24 23 32 117 13 27
split_gain=11.984 8.55144 6.03835 5.69402 4.72553 5.50615 5.60513 5.5844 4.24903 4.15663 4.15634 4.04597 4.23077 4.23266 3.9474 3.92584 6.01921 6.44307 6.11304 4.19733 6.48627 3.94574 3.56848 3.49598 3.88045 5.9915 2.93457 2.81416 2.74709 2.47974
threshold=1519.4272452704552 1546.8459485763046 -1.1026315789473682 3.1055555555555561 1.3541666666666667 3.2361111111111116 1453.3266640591139 0.07417582417582419 0.86607142857142871 0.45804195804195807 3.1549647887323946 0.85357142857142865 -0.23273809523809522 -0.30266499582289041 5.1250000000000009 0.22500000000000003 1.5505050505050508 1.0000000180025095e-35 0.061111111111111123 1.8257575757575759 0.82085561497326209 1.0871212121212122 0.25833333333333336 0.5634920634920636 0.83333333333333337 -0.13214285714285709 1.6636904761904765 -0.39999999999999997 0.069047619047619066 2.0625000000000004
decision_type=2 2 2 2 2 2 2 2 2 2 2 2 2 2 2 2 2 2 2 2 2 2 2 2 2 2 2 2 2 2
left_child=1 9 3 29 23 6 -6 -8 22 11 -7 -1 -13 -14 27 19 18 -18 -17 21 -21 -11 -3 24 25 -4 -26 -10 -29 -2
right_child=2 8 4 -5 5 10 7 -9 14 15 -12 12 13 -15 -16 16 17 -19 -20 20 -22 -23 -24 -25 26 -27 -28 28 -30 -31
leaf_value=0.015588133437467098 0.0040540141415025569 -0.0071817416059676859 0.01857737564637273 -0.012764446590381989 -0.022214124671793588 0.03108313552901365 -0.010454597408753404 0.0008275441654811296 0.012174654619428271 -0.000738884338520998 -0.00041159752680085081 0.013799398218154887 -0.018604915646359563 -0.0049361742753104045 0.011092577181132605 -0.0037256828518903418 -0.017745445880517175 0.00032836838711086582 0.0098727314829060338 0.014800631351624807 -0.0074271896111948498 0.0031819906081715743 0.018489014487001364 -0.010747754151210483 0.0022458135619122621 0.0022806933160653626 0.010145021094859236 -0.0011645873766704174 -0.0092273146864741955 0.022992750486676063
leaf_weight=6.2189817875623694 9.3136522173881513 7.5507736057043102 38.597120612859726 5.4038743674755088 10.345489352941511 7.4086139500141126 44.862838938832283 281.36994215846062 5.4249966144561759 433.18094700574875 6.4561792314052582 6.7383188009262076 29.576294183731079 67.497103467583656 9.641250938177107 117.54301685094833 44.329561501741409 28.590827316045761 38.705355614423752 12.392001509666441 98.518176153302193 490.75777749717236 10.434867367148398 13.572410956025122 425.8082218170166 43.312545403838158 46.531224563717842 46.512609362602234 241.5493922829628 25.490435898303986
leaf_count=23 29 26 131 17 26 27 133 872 22 1329 19 22 81 210 44 351 132 88 124 48 333 1592 40 37 1277 129 161 195 960 99
internal_value=-0.000118171 -0.00163493 0.00256017 0.0138118 0.00204974 -0.000681581 -0.00147472 -0.000741991 -0.00603557 -0.000600684 0.0171746 -0.00616648 -0.00763463 -0.00927859 -0.00688575 -0.000109327 -0.00365527 -0.0107099 -0.000296686 0.000675802 -0.0048068 0.00134167 0.00774322 0.00373894 0.00411781 0.0101276 0.00305011 -0.0075222 -0.00794436 0.0182633
internal_weight=2653.63 1695.16 958.473 40.208 918.265 350.443 336.578 326.233 321.114 1374.05 13.8648 110.031 103.812 97.0734 303.128 1264.02 229.169 72.9204 156.248 1034.85 110.91 923.939 17.9856 567.822 554.249 81.9097 472.339 293.487 288.062 34.8041
internal_count=8577 5620 2957 145 2812 1077 1031 1005 1287 4333 46 336 313 291 1221 3997 695 220 475 3302 381 2921 66 1735 1698 260 1438 1177 1155 128
is_linear=0
shrinkage=0.03


Tree=175
num_leaves=31
num_cat=0
split_feature=53 75 46 91 34 95 39 38 121 71 75 97 31 31 31 71 58 79 26 61 63 60 61 70 71 27 117 64 74 34
split_gain=3.45704 6.00434 5.98733 6.50078 5.72283 4.97624 4.89693 5.16594 3.8104 4.86131 7.77004 5.32174 4.81827 6.02859 6.06931 5.28595 4.46155 3.99663 3.98019 5.33784 5.97955 3.74951 3.1396 3.89174 3.04321 2.81234 2.45072 3.73861 2.10782 2.87182
threshold=4.5833333333333348 3.1026315789473689 1528.1916413921742 -0.35833333333333345 0.2327380952380953 0.29020865029341453 1.0000000180025095e-35 1.5000000000000002 -1.4910714285714282 2.6515151515151518 4.1339285714285721 -0.51133179613139546 2.4142857142857146 1.9375000000000002 1.7321428571428574 1.1742424242424245 0.19652889245585878 0.47213622291021679 -1.8333333333333333 5.9309171654189532 1.8480769230769234 3.2348830784731142 5.7317205299356608 1.788888888888889 1.6515151515151518 2.0625000000000004 1.4777597402597407 1.5590277777777779 2.9750000000000005 0.74642857142857155
decision_type=2 2 2 2 2 2 2 2 2 2 2 2 2 2 2 2 2 2 2 2 2 2 2 2 2 2 2 2 2 2
left_child=8 2 3 -2 -5 -6 -4 -8 18 12 11 -11 13 14 -10 -14 -15 -17 -1 26 -21 -12 23 24 -3 -13 27 -20 29 -24
right_child=1 22 6 4 5 -7 7 -9 9 10 21 25 15 16 -16 17 -18 -19 19 20 -22 -23 28 -25 -26 -27 -28 -29 -30 -31
leaf_value=-0.018468901240064978 0.022383512325419096 -0.020224239609828845 -0.022803955525758444 0.020016383384609881 -0.010773048223950275 0.013577501012768131 -0.012807953650007598 0.021587984418249811 0.00057513913460274465 -0.003380971229467579 -0.020177836582043879 0.013194755948351209 0.012754972872611786 -0.012145090945417445 -0.0070465732320538817 0 0.0072773428848085502 -0.019217075946902813 -0.01751557634572292 -0.0063421249473273929 0.03001123496790908 0.0048124526053568107 -0.019586886983992732 0.013473019375021815 0.0023278622963013983 0.032401569677983563 -0.021895754675489713 0.004974842651526569 -0.022563296342692749 0.0048036748839847231
leaf_weight=17.405947238206863 15.229168459773062 10.822302296757703 13.484290942549707 9.57281646132469 29.625210523605347 9.0086486637592298 8.2146121114492399 5.8327940106391898 2191.2319644466043 9.3822424262762052 8.5906398743391055 20.143980264663696 7.8385604172945014 10.38328632712364 97.219521328806877 15.028611809015272 163.08526386320591 28.063079550862312 9.6156798452138919 7.1525857150554639 7.377484604716301 11.385278493165968 7.394573286175727 7.9473950490355483 9.1554652750492078 13.0012921243906 8.1389707103371602 16.692182540893555 21.718102641403675 8.0588928461074811
leaf_count=64 37 36 56 26 90 26 30 20 6687 30 32 57 22 35 300 45 466 92 35 22 19 35 27 26 31 32 37 53 84 25
internal_value=0.00023239 -0.00408981 0.000870391 0.00595726 0.000357576 -0.00481998 -0.0105431 0.00176017 0.000490317 0.000675385 0.00887569 0.0160255 0.000466771 0.000658398 0.000247102 -0.0085728 0.00603463 -0.0127217 -0.00654844 -0.0019672 0.0126666 -0.0062412 -0.010975 -0.00307373 -0.0101277 0.0215448 -0.00840776 -0.00347607 -0.0165962 -0.00716612
internal_weight=2797.8 156.064 90.9675 63.4358 48.2067 38.6339 27.5317 14.0474 2641.74 2575.35 62.5034 42.5275 2512.85 2461.92 2288.45 50.9303 173.469 43.0917 66.3829 48.9769 14.5301 19.9759 65.0967 27.9252 19.9778 33.1453 34.4468 26.3079 37.1716 15.4535
internal_count=8577 514 285 179 142 116 106 50 8063 7833 186 119 7647 7488 6987 159 501 137 230 166 41 67 229 93 67 89 125 88 136 52
is_linear=0
shrinkage=0.03


Tree=176
num_leaves=31
num_cat=0
split_feature=49 19 46 95 83 93 57 0 94 87 100 35 32 116 58 91 53 1 32 8 33 7 46 8 81 74 119 61 74 83
split_gain=12.9602 6.62058 7.22762 7.34821 8.94076 6.46395 7.19239 6.94982 8.68579 7.14813 8.34344 6.65666 5.24313 5.06502 6.05752 4.61067 5.06383 4.5485 4.52949 4.45695 5.4279 4.56583 4.45506 4.73643 4.36214 4.19966 7.31579 4.6337 4.05792 3.98373
threshold=0.57490826711301735 0.48333333333333339 1421.3706810725459 0.64658526592598553 -0.20101010101010106 0.24518518518518531 0.41358480587924218 1.6396103896103897 -0.24095633470210423 0.75735294117647067 1.0000000180025095e-35 -1.6974206349206347 -1.0000000180025095e-35 0.95000000000000007 0.21602469135802471 -0.73757623022740615 2.7083333333333335 0.80909090909090919 0.66369047619047639 0.23571428571428579 0.19523809523809524 1.5166666666666668 1677.5850453213395 -0.68782051282051282 17.500000000000004 2.0250000000000004 1.0582579185520364 5.9414853139235673 1.8062500000000001 0.89949494949494968
decision_type=2 2 2 2 2 2 2 2 2 2 2 2 2 2 2 2 2 2 2 2 2 2 2 2 2 2 2 2 2 2
left_child=1 5 -3 15 -5 7 -7 9 -9 10 -1 -10 -6 14 18 17 -17 -4 -2 20 -8 -21 25 -24 29 26 -16 -27 -11 -15
right_child=13 2 3 4 12 6 19 8 11 28 -12 -13 -14 24 22 16 -18 -19 -20 21 -22 -23 23 -25 -26 27 -28 -29 -30 -31
leaf_value=-0.014130968273731569 0.027381810697341056 0.0078296063496341092 -9.2906376902201107e-05 -0.011845707478324388 0.013645144643577602 0.026585363965599903 0.00045101220071725378 -0.026483388780027518 0.02028357259214952 0.018697714346362741 0.009094778400511587 -0.0023181807454621191 -0.0078481458414668883 -0.0075010446806547688 0.016573400843289596 -0.003532573535650463 0.0010862317097987584 0.021765234167468648 -0.0011732388523839855 -0.0086366004105696177 -0.016636205420524616 0.018640907114801313 0.032407016388755212 -0.0051180792401917998 -0.016433306914318827 -0.011965501499168606 -0.017240092585874486 -0.003541075215039068 0.005240524701941477 0.019409352892331148
leaf_weight=35.427947998046875 8.7872907668352145 84.44946600496769 20.564014881849289 18.522020488977432 71.996009424328804 5.2122175991535178 26.036225497722626 11.330839142203329 11.956947416067122 20.234142750501633 21.511097326874733 122.41847614943981 11.021940574049948 21.102670378983024 18.247233107686046 775.38052789866924 292.97330975532532 13.354365095496176 9.6689412593841535 9.807625427842142 43.945980474352837 10.274283960461615 5.0867556482553482 5.3278959244489652 54.163257375359535 81.238233514130116 7.2232517004013053 217.37500201165676 621.95429143309593 5.3649635165929785
leaf_count=110 33 226 80 48 188 15 83 33 34 53 64 395 32 134 65 2372 861 43 45 28 143 29 25 27 346 382 35 918 1703 27
internal_value=-0.000125317 0.00079744 -0.000597552 -0.00119723 0.00647981 0.00271083 -0.00464871 0.00354887 -0.00238473 0.00479143 -0.00529917 -0.000149903 0.0106964 -0.00486557 -0.00328499 -0.00191238 -0.00226333 0.00880404 0.0129766 -0.00676134 -0.01032 0.00539902 -0.00422719 0.0141806 -0.0116227 -0.00486977 0.00658176 -0.00587525 0.00569761 -0.00142907
internal_weight=2661.96 2228.37 1288.26 1203.81 101.54 940.11 95.2763 844.834 145.706 699.127 56.939 134.375 83.0179 433.585 352.955 1102.27 1068.35 33.9184 18.4562 90.0641 69.9822 20.0819 334.498 10.4147 80.6309 324.084 25.4705 298.613 642.188 26.4676
internal_count=8577 6540 3850 3624 268 2690 298 2392 462 1930 174 429 220 2037 1530 3356 3233 123 78 283 226 57 1452 52 507 1400 100 1300 1756 161
is_linear=0
shrinkage=0.03


Tree=177
num_leaves=31
num_cat=0
split_feature=32 46 26 121 12 28 73 84 86 121 66 61 61 11 73 46 93 75 59 93 121 84 58 96 47 84 35 46 21 118
split_gain=11.4188 8.15929 6.45897 5.57716 5.60009 5.51176 7.22421 7.24537 5.49845 5.5576 5.37118 5.18192 5.00783 5.03455 4.34137 5.38394 5.37506 4.69296 4.23808 6.65171 4.35303 4.19019 4.14274 4.05311 3.9368 3.80657 3.7325 3.67801 3.54189 3.19455
threshold=-0.35357142857142854 1510.0030182741286 -1.1666666666666663 1.646825396825397 0.20714285714285716 2.4142857142857146 0.61250000000000016 -0.87184343434343414 2.3416666666666672 1.5208333333333337 1.5634920634920637 6.303533889083444 6.3604381731226871 0.59761904761904783 1.1055555555555558 1506.7455907973033 0.41666666666666646 1.6583333333333334 0.33312629399585925 1.0000000180025095e-35 0.37797619047619052 -0.33333333333333309 0.24663245116082153 -0.0085476329631792355 1482.6530648453661 0.11507936507936513 0.053571428571428638 1449.7998625993437 0.32051282051282054 -0.0024999999999999875
decision_type=2 2 2 2 2 2 2 2 2 2 2 2 2 2 2 2 2 2 2 2 2 2 2 2 2 2 2 2 2 2
left_child=5 14 26 4 11 8 7 -7 9 18 -9 -4 22 -14 15 17 29 -2 20 -20 -1 23 -5 -18 -6 -19 28 -23 -3 -16
right_child=1 2 3 12 24 6 -8 10 -10 -11 -12 -13 13 -15 16 -17 21 25 19 -21 -22 27 -24 -25 -26 -27 -28 -29 -30 -31
leaf_value=-0.00168637583254188 0.026029447488035207 0.026013692818991761 0.0015279168929482638 0.0089625321764144807 0.00011023784358206395 -0.015172070648199401 -0.0098989083598243176 0.041208889073810734 0.01876992754132405 0.022831598707466438 0.0024418501248862322 -0.005958466880797801 0.017024167366509531 -0.0031520855177479051 -0.0052452015743915895 -0.011053181469174559 0.020035147164119957 0.0014317950736275173 -0.0015054057238185565 0.017307545066083695 -0.0075621765348278325 0.011575638473003115 -0.00070735525647726196 0.0036306486117394627 0.0072007713364187088 0.015906214585262424 0.001687278254078482 -0.0036509242277675273 0.0031288436636873335 -0.000943592526229129
leaf_weight=405.60425092279911 9.7088372558355314 22.268460452556614 210.24473257362843 70.64937898516655 122.64335972070694 6.2457134723663357 155.16248567402363 5.7007462680339795 10.519616290926932 6.9206359535455695 6.7845792323350906 135.98074389994144 57.345076411962509 13.110341057181357 275.38510224223137 16.09799899160862 20.626084372401237 71.486128330230713 57.001937568187714 22.832676082849503 158.15035971999168 16.745100885629654 88.440791592001915 39.491347581148148 167.58777663111687 20.528490141034126 15.874539852142332 71.672597602009773 9.075145557522772 360.95006820559502
leaf_count=1427 34 77 634 240 357 24 624 27 35 24 26 393 193 41 871 46 67 241 197 82 478 55 275 120 515 75 48 207 28 1116
internal_value=-0.000117402 0.0012165 0.00321492 0.00261228 0.00115641 -0.00302015 -0.00776262 0.00938656 -0.0017582 -0.00212307 0.0221084 -0.00141243 0.00661341 0.0132362 -0.000803226 0.00453605 -0.00161331 0.00711587 -0.00243107 0.00398553 -0.0033505 0.00350005 0.00359731 0.00954379 0.00422548 0.00482959 0.013922 -0.000636465 0.019782 -0.0028152
internal_weight=2650.84 1815.91 913.22 866.002 636.457 834.923 173.894 18.731 661.029 650.51 12.4853 346.225 229.546 70.4554 902.692 117.821 784.87 101.723 643.589 79.8346 563.755 148.535 159.09 60.1174 290.231 92.0146 47.2181 88.4177 31.3436 636.335
internal_count=8577 5633 2801 2648 1899 2944 701 77 2243 2208 53 1027 749 234 2832 396 2436 350 2184 279 1905 449 515 187 872 316 153 262 105 1987
is_linear=0
shrinkage=0.03


Tree=178
num_leaves=31
num_cat=0
split_feature=21 71 23 63 97 60 48 48 34 48 57 19 94 116 69 65 8 92 71 59 34 75 58 59 71 57 16 71 22 61
split_gain=3.22897 7.24637 6.09486 8.04768 7.91512 5.74364 6.5619 5.46795 6.75061 6.09061 5.20577 5.19838 5.71964 5.12985 4.96215 6.74722 4.64932 4.53738 4.01832 3.88031 3.7898 3.61637 4.96435 3.22061 2.85374 3.2306 4.46229 4.02851 2.76655 4.09221
threshold=0.37980769230769235 1.6125000000000003 0.39523809523809533 1.3867521367521369 -0.22898501098210888 3.1330159723463855 -127.23551608929061 -64.534170832929689 0.27678571428571436 86.068966523873783 0.39028324154209287 0.64583333333333337 -0.47797819280435733 -0.46153846153846151 0.61250000000000016 0.80625000000000013 0.46969696969696978 0.12275252525252535 0.9545454545454547 0.32120563234053606 1.0690476190476192 3.7434210526315792 0.25129535224333838 0.30736237322639592 1.4772727272727275 0.44260011406375244 0.19090909090909094 0.9545454545454547 0.39230769230769241 5.8185970451577838
decision_type=2 2 2 2 2 2 2 2 2 2 2 2 2 2 2 2 2 2 2 2 2 2 2 2 2 2 2 2 2 2
left_child=10 2 3 7 16 20 19 8 -2 -9 -1 12 13 -12 15 -14 -5 -16 -6 -7 -3 22 -8 -22 25 26 -4 -27 29 -13
right_child=1 5 24 4 18 6 21 9 -10 -11 11 28 14 -15 17 -17 -18 -19 -20 -21 23 -23 -24 -25 -26 27 -28 -29 -30 -31
leaf_value=-0.0093329819012374794 0.0098734878636871897 -0.012794920551808434 0.0062153364508168839 0.0075886060370165273 -0.00093558849596002945 0.0036276291510911902 0.010742013026895042 0.0047254994739850936 -0.015786788783940006 -0.011908282685461879 -0.022811962693737278 0.0066555678703390034 -0.001330790061732692 0.0045735456004793841 0.00024472153196411267 0.010116425064786196 -0.013415989070453408 -0.0031636702420488141 0.018239848534219932 0.034836377098379022 0.015325111716090632 -0.019659295500926238 -0.018758009418378938 -0.0076312850616554028 -0.020668382656281417 -0.012651289216424147 -0.021429617656371084 0.0096179401200301006 -0.004295928225752344 0.027603343766626105
leaf_weight=55.489464998245239 12.477880597114561 61.46475824713707 7.4933513849973705 24.164810717105865 10.772831335663794 7.4645059853792173 17.213986948132522 304.56921209394932 28.469681799411774 20.149774938821793 17.798529654741291 44.171607136726379 90.031596787273884 8.4764815717935544 1301.363883420825 93.180472210049629 14.211038321256636 479.89277744293213 78.831200584769249 6.9210868626832962 8.376138851046564 8.1659885197877866 6.1299266666173926 12.219497114419935 8.2794098407030088 9.2483678609132749 13.339368939399717 24.2891526222229 12.317294582724569 9.9457166939973813
leaf_count=182 34 199 22 68 30 24 51 850 87 69 59 131 269 25 4162 265 46 1429 210 19 24 29 20 41 27 27 45 66 42 25
internal_value=0.000231239 0.0020214 0.00350483 0.00462743 0.0110792 -0.00438181 0.00401665 0.00233714 -0.00784689 0.00365072 -0.000347821 -9.95848e-05 -0.000378329 -0.0140235 -0.000187255 0.00449822 -0.000256637 -0.000673118 0.0159164 0.0201258 -0.0091069 -0.00363844 0.00241997 0.00184336 -0.00522727 -0.00249093 -0.0115193 0.00320158 0.00809037 0.0109908
internal_weight=2796.92 684.252 556.296 493.646 127.98 127.956 45.8955 365.667 40.9476 324.719 2112.67 2057.18 1990.74 26.275 1964.47 183.212 38.3758 1781.26 89.604 14.3856 82.0604 31.5099 23.3439 20.5956 62.6497 54.3702 20.8327 33.5375 66.4346 54.1173
internal_count=8577 1988 1581 1394 354 407 143 1040 121 919 6589 6407 6209 84 6125 534 114 5591 240 43 264 100 71 65 187 160 67 93 198 156
is_linear=0
shrinkage=0.03


Tree=179
num_leaves=31
num_cat=0
split_feature=116 8 53 35 23 59 90 93 82 97 8 70 72 67 35 82 57 83 48 91 31 95 90 58 97 23 15 48 118 74
split_gain=12.3495 8.04431 9.58755 5.68299 8.69232 5.49239 5.46096 5.53281 7.06857 6.88467 5.33646 4.90649 4.89349 4.88862 4.68616 8.65402 4.54183 4.51718 4.62969 4.47079 4.42898 4.2203 4.08671 6.89795 5.54003 3.76326 2.83614 2.66683 2.65941 2.63034
threshold=0.50000000000000011 0.037179487179487276 2.9000000000000004 0.9295634920634922 -0.13636363636363633 0.3409898875698763 0.78648635477582829 -0.37391304347826076 0.69696969696969724 -0.29090728408305061 1.190277777777778 0.41428571428571431 1.5227272727272729 0.88194444444444453 -0.62499999999999978 1.0050505050505054 0.32345248474280736 -0.83095238095238078 92.887083652277411 -0.3248015873015872 0.41428571428571431 0.29686673802860503 0.82349498327759219 0.19879408666594023 -0.063238633544944911 -0.34935897435897428 0.36038961038961043 28.850425059307558 0.15000000000000011 2.7735042735042739
decision_type=2 2 2 2 2 2 2 2 2 2 2 2 2 2 2 2 2 2 2 2 2 2 2 2 2 2 2 2 2 2
left_child=1 11 6 14 -5 10 7 9 -9 -3 21 13 -6 -1 19 -16 -13 29 -19 -4 28 22 24 -24 -2 27 -22 -7 -15 -18
right_child=5 2 3 4 12 25 -8 8 -10 -11 -12 16 -14 20 15 -17 17 18 -20 -21 26 -23 23 -25 -26 -27 -28 -29 -30 -31
leaf_value=-0.014804424895355937 0.0027256746244217946 0.0022771909266428485 -0.014264163984260593 0.021571239276898423 0.0048857171876182277 -0.014380347444081296 -0.022559795206703839 0.00062971135510160798 -0.007603536878217851 0.016701225210679786 0.020110808485556665 0.014346750519921759 -0.0095958642396126014 0.0096597030378295368 0.012115827491615222 -0.011019349593814735 -0.0066056123643995438 -0.001093525559129263 -0.0097997913807228183 0.0048809951186988129 0.0026585589671760815 0.014596875733447097 0.01772349959026949 -0.014702600219562182 -0.0066015242184984243 -0.02305246976455633 0.025910854175720588 0.011188975731511723 -0.015221143655779821 -0.025431094766405222
leaf_weight=6.087178722023963 86.861178278923035 252.82194866240025 10.931091025471686 12.794020369648932 33.037743777036667 6.8603834211826307 8.246711850166319 439.54434460401535 118.12391756474972 32.987173900008202 7.0760056078433982 14.37027423083782 53.571333408355713 7.7555022537708265 194.21536876261234 14.823637276887892 22.491061791777611 837.22849623858929 58.021988302469254 132.66057187318802 7.075526729226115 9.0264392346143705 5.6006374135613433 61.15981051325798 162.99792748689651 23.571861237287521 17.499059677124023 5.8414503931999207 5.8932072818279266 9.7022378444671613
leaf_count=19 351 678 33 35 89 25 27 1231 340 90 22 42 144 24 527 42 74 2705 283 364 20 37 27 362 744 114 47 27 20 34
internal_value=-0.000125065 0.000695182 0.00224173 0.0057683 -0.000535902 -0.00521152 0.00036199 0.000616098 -0.00111935 0.00400485 -0.00396231 -0.00134667 -0.00404479 0.00828787 0.00755036 0.0104163 -0.00181145 -0.00208022 -0.00167144 0.00331423 0.0123256 -0.00455455 -0.00515422 -0.0117166 -0.00334911 -0.0161757 0.0196991 -0.00244392 -0.0011842 -0.0129647
internal_weight=2658.88 2289.88 1303.76 452.034 99.4031 368.996 851.724 843.477 557.668 285.809 332.722 986.125 86.6091 44.3105 352.631 209.039 941.814 927.444 895.25 143.592 38.2233 325.646 316.62 66.7604 249.859 36.2737 24.5746 12.7018 13.6487 32.1933
internal_count=8577 6868 3600 1234 268 1709 2366 2339 1571 768 1543 3268 233 130 966 569 3138 3096 2988 397 111 1521 1484 389 1095 166 67 52 44 108
is_linear=0
shrinkage=0.03


Tree=180
num_leaves=31
num_cat=0
split_feature=119 46 56 16 84 33 23 13 2 90 53 69 64 27 76 12 96 31 83 33 47 18 85 87 91 33 7 119 32 28
split_gain=10.8684 6.09238 5.39584 5.32174 5.07866 6.67141 4.87994 5.10852 4.75687 4.54786 4.46039 4.32884 4.10509 6.98849 5.33947 3.98746 4.48177 4.35106 3.66139 5.12126 3.45253 3.41604 6.11484 3.33033 4.31047 3.2354 3.20814 4.45244 5.22489 4.56673
threshold=-0.43999999999999995 1509.4445756156063 0.22500000000000003 0.19090909090909094 -0.91792929292929293 0.92261904761904778 0.22222222222222227 0.11805555555555557 -0.89523809523809506 -0.67574189095928194 4.1250000000000009 2.6306818181818188 1.1846590909090911 2.8750000000000004 0.47213622291021679 0.43650793650793657 0.089494163424124515 1.4642857142857146 0.041035353535353598 1.541666666666667 1580.2936292037259 0.48333333333333339 -0.99494949494949481 2.2071428571428577 0.30771825396825409 0.92261904761904778 0.34848484848484856 -1.2165856261859582 -1.1767857142857141 2.2361111111111116
decision_type=2 2 2 2 2 2 2 2 2 2 2 2 2 2 2 2 2 2 2 2 2 2 2 2 2 2 2 2 2 2
left_child=6 2 12 18 5 -4 26 8 9 -8 -9 23 13 14 -2 16 -14 -17 -3 20 -20 25 -23 24 -5 -6 -1 -28 29 -29
right_child=1 3 4 11 21 -7 7 10 -10 -11 -12 -13 15 -15 -16 17 -18 -19 19 -21 -22 22 -24 -25 -26 -27 27 28 -30 -31
leaf_value=0.014293257742985219 0.015438448776052778 -0.01061360674332377 0.032663899334699861 0.0036525865830271281 -0.0058798656065194273 -0.0062140286456444137 0.016974363113889595 -0.012089197627660199 0.021456862324511081 -0.0097310111164459184 0.0085991966373095367 0.020082107457189274 -0.0020925928834649218 -0.021752056835693853 0.0023645285266638586 -0.0095991544086499736 0.0030822850434232157 0.013846462996336297 -0.0007347059185306915 -0.013288940955811812 0.015033574113005432 0.018787777518028927 -0.0048493588297745596 0.016776873620717458 -0.0026821797974874539 -0.016913362634410806 -0.0071123505667234537 -0.00064509799215981976 -0.0018752601023784492 0.019325227141690361
leaf_weight=9.7023974508047086 42.851773545145988 40.821596145629883 6.2408227771520606 759.11304770410061 72.936815351247787 8.0017073154449445 6.4272426515817669 124.90222382545471 7.6540232747793189 24.020212233066559 9.2654070258140546 12.840516433119772 327.36124520003796 7.1069842875003806 81.559634894132614 65.292391687631607 277.06532835960388 6.999426692724227 31.048477604985237 16.585471451282501 19.452002584934235 10.417039424180983 70.110808998346329 14.880591198801993 109.46630308032036 37.157483607530594 124.16385467350483 19.521430224180222 285.15774889290333 20.047492459416389
leaf_count=33 140 114 23 2324 220 23 29 499 29 96 44 47 996 18 252 194 894 24 91 45 67 35 210 50 320 104 495 72 1003 86
internal_value=-0.000115005 0.00095881 -0.000680047 0.0026142 -0.00501725 0.0116501 -0.00354958 -0.00784614 0.00174645 -0.00363779 -0.0105852 0.00337397 0.000420442 0.00525115 0.00697877 -0.00052033 0.000275756 -0.00713022 -0.00364208 0.000649594 0.00545472 -0.00633252 -0.00156193 0.0031053 0.00284861 -0.00974946 -0.0019155 -0.00230349 -0.000439359 0.00962582
internal_weight=2648.17 2017.31 1013.1 1004.21 204.865 14.2425 630.862 172.269 38.1015 30.4475 134.168 896.3 808.237 131.518 124.411 676.718 604.427 72.2918 107.908 67.086 50.5005 190.622 80.5278 883.46 868.579 110.094 458.593 448.891 324.727 39.5689
internal_count=8577 6191 3133 3058 615 46 2386 697 154 125 543 2741 2518 410 392 2108 1890 218 317 203 158 569 245 2694 2644 324 1689 1656 1161 158
is_linear=0
shrinkage=0.03


Tree=181
num_leaves=31
num_cat=0
split_feature=14 5 35 84 59 59 70 66 53 4 92 59 20 84 80 84 30 97 82 68 19 46 22 121 4 20 92 63 92 42
split_gain=3.41248 4.99939 4.18751 6.27514 5.54038 6.5776 5.69455 4.81258 4.53649 6.51269 5.5809 3.88055 5.659 4.5445 5.66228 5.48733 4.33478 4.09862 4.07505 4.19535 4.07121 8.40123 6.46211 5.63777 5.68674 3.88473 3.85741 3.82149 2.79212 2.55663
threshold=0.23205128205128209 -1.4128787878787876 -1.0148809523809523 -1.5458333333333332 0.32204636091724831 0.33638584662518384 0.73863636363636376 0.78888888888888908 2.2250000000000005 1.1291666666666669 -0.057124060150375848 0.32296680099788916 0.071428571428571438 0.67171717171717193 5.5000000000000009 0.099999999999999936 2.2250000000000005 0.33591535565920322 -0.89949494949494935 1.6125000000000003 0.51666666666666672 1421.3706810725459 0.37980769230769235 1.6636904761904765 1.0741758241758244 0.061111111111111123 -0.27763888888888894 1.6583333333333334 -0.032727152963385568 1.0000000180025095e-35
decision_type=2 2 2 2 2 2 2 2 2 2 2 2 2 2 2 2 2 2 2 2 2 2 2 2 2 2 2 2 2 2
left_child=11 -2 4 -4 6 -6 -3 -8 10 -10 -5 12 13 15 27 17 -17 -1 19 -13 23 -22 -23 24 -20 -16 -14 -15 -25 -28
right_child=1 2 3 8 5 -7 7 -9 9 -11 -12 18 26 14 25 16 -18 -19 20 -21 21 22 -24 28 -26 -27 29 -29 -30 -31
leaf_value=0.0017723152705126726 -0.012042248248205385 0.012057166226882798 -0.01782017469175199 0.0034162540414046454 0.022463261569553146 -0.007954724254623494 0.0074149942322534503 -0.019324883572754487 -0.022726510357855615 0.0048142068572751065 0.016449309993296548 -0.023555409694339106 0.0060700649738361619 -0.0084192643686152105 0.014471017041221322 -0.0041176130419251691 0.0092044466153563161 -0.0044108000322647277 0.0029405436640537138 0 -0.019176800810647879 0.004251140352799325 -0.0061865740343040529 -0.024292626281321679 -0.0057165286238272201 -0.0076009219957986884 -0.019119235741413096 0.014730148181348457 -0.0013210212760656999 -0.00044868769389324475
leaf_weight=1271.0499608144164 16.844142213463783 8.7400516867637617 8.1470153629779798 52.110545665025711 13.471775889396669 10.565312862396238 6.9065914750099173 27.847890093922615 7.7819379121065131 62.77082484960556 71.592161998152733 14.694308221340181 9.8912835195660573 26.103713065385818 60.261826068162918 287.7063417583704 22.734282895922661 103.21802647411823 101.84693093597889 11.843612760305403 16.906659990549088 241.36418496072292 67.343787953257561 16.411690540611747 201.19589586555958 7.314219966530799 25.754782766103745 7.38034564256668 7.1109068542718878 9.2696228921413404
leaf_count=3782 60 25 27 154 36 34 19 89 26 183 189 55 34 80 158 886 84 346 312 38 60 752 227 82 658 23 87 20 23 28
internal_value=0.000229946 0.00332456 0.00433544 0.00648936 -0.00207689 0.00918974 -0.00843738 -0.0138683 0.0076103 0.00145939 0.0110545 -0.000123699 0.000593452 0.000861916 0.00701132 0.000487314 -0.00310595 0.00130287 -0.00206049 -0.0133832 -0.00157538 0.000790282 0.00195187 -0.00393852 -0.00279708 0.0119623 -0.00980118 -0.00295063 -0.0178077 -0.0144108
internal_weight=2796.18 286.778 269.934 202.402 67.5316 24.0371 43.4945 34.7545 194.255 70.5528 123.703 2509.4 1830.68 1785.77 101.06 1684.71 310.441 1374.27 678.718 26.5379 652.18 325.615 308.708 326.565 303.043 67.576 44.9157 33.4841 23.5226 35.0244
internal_count=8577 842 782 579 203 70 133 108 552 209 343 7735 5528 5379 281 5098 970 4128 2207 93 2114 1039 979 1075 970 181 149 100 105 115
is_linear=0
shrinkage=0.03


Tree=182
num_leaves=31
num_cat=0
split_feature=121 82 69 20 19 75 57 57 74 33 27 57 75 121 58 46 47 75 21 59 70 97 17 14 8 117 57 60 43 67
split_gain=11.8057 7.35665 6.17042 6.74838 5.7026 7.67436 7.04699 9.35647 8.19573 6.13689 8.0774 6.09985 6.01168 5.82284 5.47488 5.28306 7.15362 8.78187 6.22327 7.53787 6.70215 5.98287 5.58773 5.54915 4.85173 4.745 8.72516 5.13443 4.57948 5.33521
threshold=0.66369047619047639 0.67866161616161624 1.1742424242424245 -0.055050505050505065 0.48333333333333339 3.1519230769230773 0.47019566326773193 0.45284762668712736 3.5358974358974362 1.0000000180025095e-35 1.1339285714285716 0.48092651823115501 2.9045454545454548 -1.6220238095238093 0.2103356216628528 1572.0587379280125 1474.6109807986666 2.7434210526315792 0.24038461538461542 0.27735609006673395 0.90454545454545465 -0.43077658102954025 -0.10279720279720277 -0.25320512820512814 -0.80892857142857133 -0.60208333333333319 0.42804083181018732 3.275459290427905 1.5000000000000002 2.2361111111111116
decision_type=2 2 2 2 2 2 2 2 2 2 2 2 2 2 2 2 2 2 2 2 2 2 2 2 2 2 2 2 2 2
left_child=1 4 15 -4 11 9 7 -7 -8 12 -11 13 -6 -1 -15 16 18 -18 20 -20 -2 22 -17 -19 -5 26 -26 -27 29 -3
right_child=2 28 3 24 5 6 8 -9 -10 10 -12 -13 -14 14 -16 21 17 23 19 -21 -22 -23 -24 -25 25 27 -28 -29 -30 -31
leaf_value=0.024245776659300635 0.040217569266570163 -0.0050010693852539246 -0.0099720620089607508 -0.010386851295615888 -0.002801480043708472 0.0043832171564859683 -0.015810784031210275 0.021367047450264191 0.013464821053659206 0.0069389822187875486 -0.0025209532164300712 0.021129445820376153 -0.016017418647325102 -0.011126001720521618 0.0042188077358305005 0.028553822801272805 -0.0041553868842378215 0.027009446459854682 0.022035081199465768 -0.0084367505238014551 0.0087731617279638904 -0.0096154021891489156 -0.0076189600148360787 0.0042684007220660852 0.031370912115663514 -0.0035361356840111005 0.00072624675437415163 0.021168814688183272 0.012754941365985073 0.0035050202648859697
leaf_weight=11.683960661292074 9.759597063064577 280.98095542192459 167.18498860299587 58.961930572986603 158.0688648968935 149.70655617117882 25.444504082202911 35.776152491569519 11.763866648077963 133.0856785774231 204.67594653367996 18.763188660144806 38.017565622925758 20.768066808581352 516.69628621637821 6.8975648581981659 188.69556242227554 10.085924237966536 9.9690986126661318 20.808399066329002 16.618395298719406 79.807933367788792 6.6490084081888181 85.701962351799011 9.7575995326042158 232.20935374498367 38.754287652671337 6.8096506446599951 16.345790699124336 85.57781095802784
leaf_count=32 30 846 720 322 479 409 75 99 33 365 595 51 111 58 1452 23 620 30 33 75 56 377 23 255 45 879 180 26 47 231
internal_value=-0.000126282 0.00136327 -0.00280884 -0.00503219 0.00242291 0.000710804 0.00537854 0.00777218 -0.00636628 -0.00123712 0.0012071 0.00469315 -0.0054473 0.00408872 0.00360074 -0.000170922 0.00155339 -0.000394962 0.0111427 0.00172175 0.0215609 -0.00646257 0.0112898 0.00694822 -0.0026182 -0.000984268 0.00745977 -0.00273453 -0.00229095 -0.00300292
internal_weight=2656.03 1707.36 948.671 513.678 1324.45 756.539 222.691 185.483 37.2084 533.848 337.762 567.912 196.086 549.148 537.464 434.993 341.639 284.483 57.1555 30.7775 26.378 93.3545 13.5466 95.7879 346.493 287.531 48.5119 239.019 382.905 366.559
internal_count=8577 4883 3694 2172 3759 2166 616 508 108 1550 960 1593 590 1542 1510 1522 1099 905 194 108 86 423 46 285 1452 1130 225 905 1124 1077
is_linear=0
shrinkage=0.03


Tree=183
num_leaves=31
num_cat=0
split_feature=32 46 26 117 26 46 28 73 84 66 62 13 55 73 46 65 8 84 64 61 20 31 84 73 118 83 82 19 67 38
split_gain=10.4011 7.33351 6.22266 5.36021 5.28644 5.8796 5.16038 5.33408 5.90683 6.86993 5.30601 4.7373 5.98139 4.22493 5.18922 5.03168 4.3141 4.92349 4.25316 4.19908 5.02071 3.97988 3.84591 3.82642 3.77676 3.58203 3.56167 5.61759 3.52149 2.77014
threshold=-0.35357142857142854 1510.0030182741286 -1.1666666666666663 -1.1026315789473682 1.5000000000000004 1510.0030182741286 2.4142857142857146 0.61250000000000016 -0.87184343434343414 1.5634920634920637 2.2052631578947373 0.13809523809523813 0.29166666666666669 1.1055555555555558 1506.7455907973033 1.0871212121212122 -0.59999999999999998 -0.6176046176046176 1.7350877192982459 6.6637708581706061 -0.035714285714285691 2.3875000000000006 0.67171717171717193 2.3166666666666669 -0.036996187363834358 -0.19999999999999998 -0.59999999999999964 0.48333333333333339 2.8090909090909095 2.5000000000000004
decision_type=2 2 2 2 2 2 2 2 2 2 2 2 2 2 2 2 2 2 2 2 2 2 2 2 2 2 2 2 2 2
left_child=4 13 25 23 6 -6 10 8 -8 -10 26 12 -5 14 19 -15 18 -18 -17 20 -2 -12 -13 -4 -21 -3 27 -1 -28 -25
right_child=1 2 3 11 5 -7 7 -9 9 -11 21 22 -14 15 -16 16 17 -19 -20 24 -22 -23 -24 29 -26 -27 28 -29 -30 -31
leaf_value=-0.0065608702023787586 0.013589091325883021 -0.0043725305291084093 0.024605444841690263 -0.0055231496335122181 0.026927768854854987 -0.0029636010672165649 -0.014973849915126651 -0.0097433173704692868 0.039743145933848721 -0.0031622490048008049 0.030124384336767562 0.0035584525610585162 0.0079955853475872571 -0.01045718649720097 -0.010843302049129771 0.0069419207276650531 0.0029765210999586427 -0.0034365616223046842 -0.0064409513092638813 0.0023264913740916084 -0.0012651083464797397 -0.0002064640650442204 -0.0076560839614964963 0.010376780806720292 0.032158070369320613 0.017138716838693936 -0.0033140894901003567 0.019159028077586168 0.012685584976473895 -0.011644312007964383
leaf_weight=13.041532322764398 31.410573899745941 7.7268016785383216 14.813977614045141 132.60277841985226 10.171505033969881 11.893509909510611 6.1681999862194088 153.01160371303558 5.8254105746746045 6.1118851453065872 6.9482365846633893 625.42959706485271 36.707800433039665 52.388485118746758 16.008971333503723 99.826495811343193 138.66958150267601 466.64636394381523 26.051853150129318 6.6950639933347729 54.378783106803894 7.2257869839668274 27.708397701382637 22.61869798600674 9.313569098711012 39.603619009256363 583.52014952898026 15.856770709156988 11.611970990896223 5.5647412985563269
leaf_count=44 110 22 58 387 37 34 24 622 27 23 24 1909 119 167 46 304 441 1448 76 24 182 22 78 79 34 131 1974 60 53 18
internal_value=-0.000115314 0.00115688 0.00305152 0.00245909 -0.00289303 0.0112557 -0.0032959 -0.00791406 0.00708896 0.0189973 -0.00204252 0.00190651 -0.00254483 -0.000759612 0.00450734 -0.00156003 -0.000905055 -0.00195998 0.00411961 0.0070326 0.00423289 0.0154697 0.00306713 0.012677 0.0207287 0.0135471 -0.0024692 0.00762032 -0.00297612 0.00567596
internal_weight=2645.55 1814.17 912.776 865.446 831.387 22.065 809.322 171.117 18.1055 11.9373 638.204 822.449 169.311 901.39 117.807 783.583 731.194 605.316 125.878 101.798 85.7894 14.174 653.138 42.9974 16.0086 47.3304 624.03 28.8983 595.132 28.1834
internal_count=8577 5633 2801 2648 2944 71 2873 696 74 50 2177 2493 506 2832 396 2436 2269 1889 380 350 292 46 1987 155 58 153 2131 104 2027 97
is_linear=0
shrinkage=0.03


Tree=184
num_leaves=17
num_cat=0
split_feature=46 46 73 46 85 121 32 116 19 68 48 16 35 61 83 118
split_gain=3.3606 6.85369 5.39701 4.7579 4.74294 3.70139 3.3746 3.73734 4.08902 2.93176 3.53849 2.4577 1.44244 1.01268 0.419905 0.250531
threshold=1682.5048272473898 1662.3250862993925 0.9545454545454547 1636.8260527210291 -0.63564213564213545 1.6982142857142859 -2.9374999999999996 -2.1358974358974359 0.64583333333333337 0.78888888888888908 135.65163487744624 0.19090909090909094 0.09027777777777786 6.3604381731226871 0.14141414141414135 -1.8149999999999999
decision_type=2 2 2 2 2 2 2 2 2 2 2 2 2 2 2 2
left_child=1 3 -2 6 -5 9 -1 15 -9 -3 -11 -6 -7 -4 -13 -8
right_child=2 5 13 4 11 12 7 8 -10 10 -12 14 -14 -15 -16 -17
leaf_value=-0.016798734554955605 0.013680685971083392 0.033160650063021671 -0.0080092467728546425 0.0066551165930278083 0.0016590905596395669 -0.010279100774326231 -0.0079583738212020607 0.00023666560878648479 0.006845549456503246 0.02135155190147801 -0.0062897747517240204 -0.012756554866673764 0.0094948857087231945 -0.022942275769701481 -0.024936702725156624 -0.021229655537186747
leaf_weight=9.327825725078581 5.7759313732385662 8.6067715138196963 9.5643931776285189 10.112727493047712 5.0318468809127834 5.9528602808713895 5.1146190166473389 2588.7790328636765 86.161658063530922 9.3258424252271634 6.1514848470687857 9.779666408896448 5.3163871392607689 11.700563654303549 12.969221085309981 5.7356012165546399
leaf_count=37 17 22 47 39 17 31 21 7825 255 25 25 47 25 64 57 23
internal_value=0.000227365 0.000332964 -0.0101029 0.000159669 -0.0102561 0.0132742 0.000310977 0.000377746 0.000453142 0.0196961 0.0104684 -0.0165336 -0.000692445 -0.0170219 -0.0205844 -0.0164264
internal_weight=2795.41 2768.37 27.0409 2733.01 37.8935 35.3533 2695.12 2685.79 2674.94 24.0841 15.4773 27.7807 11.2692 21.265 22.7489 10.8502
internal_count=8577 8449 128 8321 160 128 8161 8124 8080 72 50 121 56 111 104 44
is_linear=0
shrinkage=0.03


Tree=185
num_leaves=31
num_cat=0
split_feature=116 117 59 19 95 68 88 85 68 121 26 25 7 12 76 74 20 59 59 12 62 84 59 67 70 84 97 6 85 14
split_gain=11.372 6.40045 5.37566 5.13607 6.96673 5.91348 7.22551 5.80385 7.11223 7.0841 5.15596 6.06741 5.1545 5.11171 4.88028 6.32086 5.45283 4.67069 8.28145 6.21923 5.50129 4.35261 9.26298 6.25389 5.64601 5.03462 4.24265 4.21289 4.74533 4.06865
threshold=0.50000000000000011 0.64473684210526327 0.3409898875698763 0.51666666666666672 0.64658526592598553 2.0954545454545461 1.2182539682539686 -0.22500000000000001 1.4494949494949496 -0.86607142857142838 -0.83333333333333315 1.5000000000000002 1.6547619047619049 0.25833333333333336 0.44722222222222224 3.2052631578947373 -0.11388888888888889 0.31625919300337907 0.31900741033929242 0.19090909090909094 1.5131578947368423 -0.52525252525252508 0.28836594069152216 1.2111111111111115 0.38750000000000007 -0.71269841269841261 -0.063238633544944911 0.86190476190476206 -0.42640692640692635 0.069047619047619066
decision_type=2 2 2 2 2 2 2 2 2 2 2 2 2 2 2 2 2 2 2 2 2 2 2 2 2 2 2 2 2 2
left_child=1 3 14 7 5 6 -5 10 12 -10 11 -1 -9 -12 15 -2 -17 20 19 -19 26 24 23 -23 -3 -26 -16 -6 -29 -25
right_child=2 21 -4 4 27 -7 -8 8 9 -11 13 -13 -14 -15 17 16 -18 18 -20 -21 -22 22 -24 29 25 -27 -28 28 -30 -31
leaf_value=0.017297178073032202 -0.0084870667150934095 -0.014211771339416791 -0.015944886056054534 -0.0056816874450495913 -0.0085971371307829829 -0.014550106091402885 0.00018093344171543377 0.0035740736806932527 -0.0094838445715904867 0.01337545156862515 0.0012306325330781844 0.0011360683366897785 -0.0058187345940395162 -0.0058236082074269481 0.015771565741678945 0.0048031436337193541 0.036750107541688372 0.00087962394193493311 -0.0033029050760447587 0.040710986774929937 -0.010409639458327678 0.007769559725770361 0.0051001939814200306 -0.018471793312834689 0.0061679615810128425 0.019186557628440806 -0.0058279837627228702 -0.0041234986752078616 0.015597338821004943 5.1984846242623524e-05
leaf_weight=25.009685263037682 13.813688181340693 8.9756968319416028 35.788823060691357 291.16678735613823 11.259150415658949 33.723158165812492 534.05822038650513 273.52145308256149 13.064420312643049 96.565746486186981 170.20495809614658 110.03255651891232 63.909904181957245 199.14229972660542 13.031278610229494 13.662696257233618 6.99175497889519 7.3132169842720014 100.92766136676073 6.2041589170694351 149.96895191818476 16.201814830303192 173.16354776918888 35.797379776835442 125.41611810028553 34.206484824419022 18.530949100852013 13.831467509269713 43.299560010433197 14.569573268294333
leaf_count=69 64 24 166 1019 33 96 1601 840 34 275 522 307 223 621 45 51 28 35 480 24 740 46 461 91 327 92 76 36 112 39
internal_value=-0.000123427 0.000661982 -0.00502491 -7.70138e-05 -0.00166643 -0.00240528 -0.00188834 0.0014691 0.00395496 0.0105631 -0.000731763 0.00425629 0.00177426 -0.00257018 -0.00378863 0.00672153 0.0169538 -0.00504121 -0.000260353 0.0209129 -0.00802089 0.00406142 0.00143734 -0.00798081 0.00774447 0.00907855 0.00320829 0.00747086 0.0107825 -0.0131583
internal_weight=2653.35 2287.12 366.233 1878.79 927.338 858.948 825.225 951.451 447.062 109.63 504.389 135.042 337.431 369.347 330.444 34.4681 20.6545 295.976 114.445 13.5174 181.531 408.331 239.732 66.5688 168.598 159.623 31.5622 68.3902 57.131 50.367
internal_count=8577 6868 1709 5788 2897 2716 2620 2891 1372 309 1519 376 1063 1143 1543 143 79 1400 539 59 861 1080 637 176 443 419 121 181 148 130
is_linear=0
shrinkage=0.03


Tree=186
num_leaves=31
num_cat=0
split_feature=119 94 59 7 22 47 90 88 69 9 14 76 3 30 66 66 5 1 23 46 121 119 36 58 4 35 85 59 121 55
split_gain=9.86983 7.73123 6.02591 4.79759 4.69567 3.75216 5.59853 4.26752 4.68412 4.67422 4.59414 4.97007 3.71419 3.99514 3.44917 5.19327 4.29391 3.94466 3.72484 3.9582 3.60484 3.44199 3.75333 3.47209 3.34146 3.07696 2.89321 2.71086 2.44476 2.33156
threshold=-0.79099462365591389 0.16644325290437897 0.35066049065019739 0.34848484848484856 0.10555555555555557 1559.8921221364992 0.18948992852501614 1.1937500000000003 2.0954545454545461 0.74166666666666681 -0.37083333333333329 0.54195804195804198 2.5166666666666671 1.9375000000000002 1.5634920634920637 1.3166666666666669 -0.99545454545454526 2.5916666666666672 0.14112554112554115 1491.3496826236778 0.035714285714285761 -0.47996794871794873 -1.0000000180025095e-35 0.26135474462939257 1.2696969696969698 0.63154761904761925 -0.89949494949494946 0.32927503031936406 0.98412698412698429 0.22500000000000003
decision_type=2 2 2 2 2 2 2 2 2 2 2 2 2 2 2 2 2 2 2 2 2 2 2 2 2 2 2 2 2 2
left_child=3 5 4 -1 12 7 29 8 9 -2 25 -12 13 -3 15 16 27 -18 20 -20 -17 23 -23 -6 -10 -9 -16 -5 -14 -7
right_child=1 2 -4 14 21 6 -8 10 24 -11 11 -13 28 -15 26 18 17 -19 19 -21 -22 22 -24 -25 -26 -27 -28 -29 -30 -31
leaf_value=0.012486191699650475 0.0024082976379502614 -0.0039162065355202551 0.020009484642773068 -0.015001998481619967 0.030826634565202213 -0.0099429574958290762 0.019878037078267869 0 0.0062964156992829741 -0.01225745794292589 -0.00085623044133631312 -0.0086097357628033815 -0.0017815398755807452 0.010147617543251752 0.0042844491487074587 -0.010214750192654594 -0.0034022951191392406 0.021214427997242501 0.02057844115686468 -0.0035856631263078919 0.0082465247362022622 -0.00093710128078581666 0.0047125601488699001 0.0015384836144382893 0.032715098223540212 0.025383058301068524 -0.011725911533512082 -0.0025081340889684294 -0.024981428488982691 0.00059573618706553811
leaf_weight=12.989778980612753 379.48717401921749 74.241913810372353 17.682153508067131 53.644466146826744 7.4279846101999265 81.67485773563385 6.138963818550109 8.1571941971778887 12.675862118601801 19.581567719578743 925.80662351846695 80.11920066177845 7.5478325486183193 22.94570229947567 10.596549168229101 20.677772000432014 98.956676438450813 5.2085859030485144 17.007549546658996 8.5402283817529661 15.895820513367651 136.98076599836349 448.14957773685455 7.010833814740181 6.4344511330127707 8.620819225907324 92.231104999780655 23.404933273792267 9.2889377921819669 23.666755512356758
leaf_count=45 1142 223 64 235 28 294 23 26 39 53 2916 241 23 73 40 83 392 22 84 33 60 406 1411 23 23 31 337 103 23 81
internal_value=-0.000114496 0.000612023 0.00315368 -0.00473119 0.00270439 -0.000584609 -0.0058626 -0.000170389 0.00237697 0.00165234 -0.00121623 -0.00148469 -0.00284228 -0.000495694 -0.00542002 -0.00343011 -0.00599489 -0.00195284 0.00398055 0.012557 -0.00210523 0.00376722 0.0033855 0.0178207 0.0165252 0.0138889 -0.0100218 -0.011326 -0.0154322 -0.00756372
internal_weight=2642.79 2283.64 731.276 359.153 713.594 1552.36 111.481 1440.88 418.179 399.069 1022.7 1005.93 114.024 97.1876 346.164 243.336 181.215 104.165 62.1214 25.5478 36.5736 599.569 585.13 14.4388 19.1103 16.778 102.828 77.0494 16.8368 105.342
internal_count=8577 7143 2274 1434 2210 4869 398 4471 1257 1195 3214 3157 342 296 1389 1012 752 414 260 117 143 1868 1817 51 62 57 377 338 46 375
is_linear=0
shrinkage=0.03


Tree=187
num_leaves=20
num_cat=0
split_feature=18 118 90 38 46 5 46 93 96 90 12 117 14 34 14 93 60 117 47
split_gain=3.31541 5.33687 4.22942 4.17345 5.44044 7.27625 5.22714 4.9055 4.39929 6.93904 6.78144 4.96695 6.34457 5.98304 3.96076 3.51355 3.167 2.56086 0.287259
threshold=0.57738095238095244 -0.21999999999999989 1.4780068175288763 3.5000000000000004 1561.2719659132404 0.87083333333333357 1588.9535207776346 0.017391304347825879 -0.087484733560455011 -0.5805555555555556 0.53589743589743599 -0.049999999999999871 -0.25320512820512814 2.535714285714286 -0.11196581196581194 -0.25679172679172685 3.238242665487248 -0.34285714285714269 1490.3039384685537
decision_type=2 2 2 2 2 2 2 2 2 2 2 2 2 2 2 2 2 2 2
left_child=2 -2 3 8 7 6 -6 -5 9 16 -11 12 -10 -13 -7 -3 -1 -17 -4
right_child=1 15 18 4 5 14 -8 -9 11 10 -12 13 -14 -15 -16 17 -18 -19 -20
leaf_value=-0.018528133272008741 0.009592325901802019 0 -0.0082053102931982976 -0.019113168368290068 0.029813384457898676 0.007128428358803539 0.0079491469147418056 0.014396892427772638 -0.0090571284827039404 -0.00055234962061848471 -0.025486722137876231 -0.0001654107460874176 0.0049887206989698615 0.011501125018566058 -0.021592903734522061 -0.0037854655418461738 0.00056433466716323058 -0.027572585163960023 -0.022015520716408176
leaf_weight=28.739731803536415 10.576842442154883 10.39515069127083 5.0666885152459127 10.422949954867361 18.440695747733116 9.0729581862688047 23.009374186396599 5.0218875259160987 30.161813780665398 963.48634938895702 8.9267274141311628 1189.9528785794973 397.63940593600273 39.911549016833305 6.5531471073627463 6.4136783927679089 10.122007355093954 14.621764004230497 6.1911201477050781
leaf_count=97 31 30 28 38 49 40 76 16 98 3120 32 3513 1131 109 36 21 30 52 30
internal_value=0.000225814 -0.00803658 0.000355863 0.000435391 0.00748799 0.0117459 0.0182202 -0.00782205 0.0002399 -0.00131731 -0.000810276 0.00119192 0.00397262 0.000219791 -0.00531032 -0.0141743 -0.0135906 -0.020957 -0.0172213
internal_weight=2794.73 42.0074 2752.72 2741.46 72.521 57.0762 41.4501 15.4448 2668.94 1011.27 972.413 1657.67 427.801 1229.86 15.6261 31.4306 38.8617 21.0354 11.2578
internal_count=8577 134 8443 8385 255 201 125 54 8130 3279 3152 4851 1229 3622 76 103 127 73 58
is_linear=0
shrinkage=0.03


Tree=188
num_leaves=31
num_cat=0
split_feature=48 53 8 35 37 96 5 11 65 65 53 59 62 57 62 81 96 35 82 91 78 32 30 32 17 1 0 82 58 71
split_gain=10.8414 5.43911 6.32949 7.51734 7.40277 8.3219 5.9911 5.6081 5.58981 6.67241 6.34546 5.7968 4.94515 4.58671 4.88518 4.40796 4.40083 4.18928 6.27853 5.68459 4.12876 5.07511 6.0449 5.76025 4.02248 5.10575 4.60143 3.70437 3.53765 6.38048
threshold=52.446357932930034 2.7083333333333335 0.059981684981684998 0.86011904761904767 -1.4999999999999998 0.21915820029027583 -1.3412698412698409 -0.22649572649572647 1.3514705882352944 1.8856209150326799 3.3666666666666671 0.27827851206771897 1.0250000000000001 0.48547206979034757 0.97500000000000009 14.500000000000002 0.52395295467584635 -0.62499999999999978 1.0050505050505054 -0.26939300411522626 0.58114035087719318 0.71130952380952406 2.6904761904761911 0.64642857142857146 0.59523809523809534 2.3205128205128207 1.0954545454545457 0.83585858585858608 0.26460760030347669 1.1180555555555558
decision_type=2 2 2 2 2 2 2 2 2 2 2 2 2 2 2 2 2 2 2 2 2 2 2 2 2 2 2 2 2 2
left_child=1 6 8 17 -5 -6 7 -1 11 10 -10 -3 -11 14 -2 -15 24 19 -19 -4 21 23 -23 -16 26 -26 -8 -13 -18 -30
right_child=13 2 3 4 5 -7 16 -9 9 12 -12 27 -14 15 20 -17 28 18 -20 -21 -22 22 -24 -25 25 -27 -28 -29 29 -31
leaf_value=0.0096587640147137912 0.010334101570049284 -0.018106295815488598 -0.013906965484328968 -0.02778271488969819 -0.0043017854218623764 0.015975599258456499 -0.0034348216208296136 -0.016276073948483506 0.014127216552639852 0.010714329503503109 -0.00034195407264430659 -0.0047256416716881825 -0.01889651415114493 -0.0017920308487112033 -0.0044848570719246894 0.028503273929118386 0.0015828399631392146 0.011214082917492905 -0.0085769013469340141 0.0051178928777999306 0.012205628109077937 -0.012029960890603861 0.007399674043294919 0.01582831884958659 0.028106869017697562 -0.0026896374910289943 0.00013755586494446079 0.011010129127039716 0.028116024530626105 -0.0013695801908127961
leaf_weight=79.690905407071114 16.603206604719162 25.265539184212685 14.776940852403639 8.1482738852500898 77.418673187494278 22.717800676822662 563.50644502043724 7.2900041490793219 50.473949790000916 6.1457140594720867 57.09827134013176 79.845407217741013 17.230611361563206 10.026141345500948 204.04904559254646 6.24666804075241 54.88982293009758 194.24597738683224 14.686923265457152 132.568952023983 10.133020274341105 152.68322233855724 15.041488923132418 12.359514519572256 8.4905192553997058 9.2501683831214887 759.5007492005825 15.106979340314863 13.785982280969622 11.441969424486159
leaf_count=210 58 86 42 22 209 60 1622 22 153 19 171 240 61 53 865 21 151 529 42 361 51 850 81 58 23 23 2384 46 36 28
internal_value=-0.000122793 0.000717464 0.00286949 0.00494142 -0.00194536 0.000381324 -0.000303275 0.00729074 -0.000955301 0.00330722 0.00648708 -0.00561203 -0.0108685 -0.00449539 -0.00512653 0.0106407 -0.000775067 0.00704252 0.00977436 0.00310883 -0.00580969 -0.00632316 -0.0102362 -0.00324346 -0.00118665 0.0126025 -0.0013832 -0.00210215 0.00600543 0.0150863
internal_weight=2650.72 2223.58 715.73 464.564 108.285 100.136 1507.85 86.9809 251.166 130.949 107.572 120.218 23.3763 427.142 410.869 16.2728 1420.87 356.279 208.933 147.346 394.266 384.133 167.725 216.409 1340.75 17.7407 1323.01 94.9524 80.1178 25.228
internal_count=8577 6540 2041 1265 291 269 4499 232 776 404 324 372 80 2037 1963 74 4267 974 571 403 1905 1854 931 923 4052 46 4006 286 215 64
is_linear=0
shrinkage=0.03


Tree=189
num_leaves=31
num_cat=0
split_feature=32 94 35 73 84 13 121 26 64 116 47 8 73 73 95 85 94 35 32 31 91 82 94 12 74 49 57 121 121 82
split_gain=9.48757 5.52225 5.07596 4.91502 4.67222 5.4228 10.1987 4.03607 5.21714 4.39615 3.53564 3.3559 5.07768 5.55144 4.92603 4.33642 4.89202 4.23537 3.94444 3.93625 5.68378 5.67135 3.33629 6.07079 4.20513 3.32103 3.28751 3.20469 5.97252 4.19697
threshold=-0.35357142857142854 0.16644325290437897 -0.69444444444444431 0.6515151515151516 0.70000000000000007 0.069047619047619066 1.3779761904761909 1.5000000000000004 1.4472222222222224 0.78055555555555567 1463.3959591145688 -0.59999999999999998 1.3166666666666669 1.6125000000000003 0.22532427768190164 -0.79999999999999993 0.139622480560228 -1.7410714285714282 1.0000000180025095e-35 0.94444444444444453 -0.045674764501448133 0.19999999999999987 0.22590891495050766 0.26969696969696971 2.2899159663865549 0.52405450214743465 0.44965980097199726 0.37797619047619052 0.095238095238095302 -0.49999999999999989
decision_type=2 2 2 2 2 2 2 2 2 2 2 2 2 2 2 2 2 2 2 2 2 2 2 2 2 2 2 2 2 2
left_child=2 11 3 -1 5 6 -3 9 -9 27 -6 14 19 18 15 17 -17 -2 -14 21 -21 -13 23 -7 -24 -15 -12 28 -4 -29
right_child=1 4 7 -5 10 22 -8 8 -10 -11 26 12 13 25 -16 16 -18 -19 -20 20 -22 -23 24 -25 -26 -27 -28 29 -30 -31
leaf_value=0.013424726764824023 -0.00097782702632133499 -0.014117570670921115 -0.0030293355802663751 -0.010027103690562743 -0.02322086620428334 0.016044459802581332 0.010139171809737337 -0.0026659010159253856 0.02563327435808822 0.011152900595843295 0.0068044543196810981 0.011741631896612348 -0.00059563619286594682 0.0019130411909383817 -0.010292102943675181 0.0033225233249377399 -0.018706436475960781 0.017285600889888723 -0.0089872271746250509 0.0053310806720489184 -0.0065077819361319582 0.00061270400707116879 -0.012403208631741528 -0.0010477176121287109 0.0043787981411016353 -0.0036247944191634632 -0.01661008149456232 0.014170614080974904 0.0052330294759747303 -0.0070654648013227682
leaf_weight=7.6914749443531027 15.722014501690863 37.581209108233452 387.07348842918873 113.75796681642532 8.4991326034069079 55.628737509250641 25.154462188482285 11.941275700926782 9.914755165576933 20.443343669176102 14.797826632857324 70.345351219177246 76.738517865538597 238.61085642874241 21.229879602789879 147.347880885005 8.6452857553958875 37.231596007943153 151.40308728814125 63.054053470492363 83.587473705410957 99.300851181149483 12.822482436895369 27.274800032377243 447.00790895521641 163.1093420535326 7.173815816640853 7.8035863786935797 97.636962205171585 171.64476092159748
leaf_count=34 46 103 1433 442 21 182 88 34 36 64 47 237 249 780 61 438 22 120 450 200 279 303 33 79 1409 467 19 27 341 533
internal_value=-0.000112558 0.00110176 -0.00277241 -0.00841988 0.00335182 0.0039355 -0.00433805 -0.00178677 0.0106003 -0.00220148 -0.00790734 -0.000113922 -0.000907244 -0.00246561 0.0031239 0.00454384 0.00197117 0.0118899 -0.00619261 0.00218466 -0.00139527 0.00528676 0.00490359 0.01044 0.00387842 -0.000331439 -0.00110015 -0.0026332 -0.00135149 -0.00605194
internal_weight=2640.17 1812.27 827.908 121.449 635.94 605.47 62.7357 706.458 21.856 684.602 30.4708 1176.33 946.15 629.862 230.177 208.947 155.993 52.9536 228.142 316.288 146.642 169.646 542.734 82.9035 459.83 401.72 21.9716 664.159 484.71 179.448
internal_count=8577 5633 2944 476 1981 1894 191 2468 70 2398 87 3652 2965 1946 687 626 460 166 699 1019 479 540 1703 261 1442 1247 66 2334 1774 560
is_linear=0
shrinkage=0.03


Tree=190
num_leaves=19
num_cat=0
split_feature=46 46 52 46 85 63 36 2 121 121 2 92 70 37 57 3 73 7
split_gain=3.222 6.6696 5.40518 4.54031 4.62934 3.59844 3.40096 7.70504 6.61997 4.52158 4.86731 3.68802 3.14287 3.11477 2.67259 1.61293 1.29197 0.403538
threshold=1682.5048272473898 1662.3250862993925 0.45000000000000007 1636.8260527210291 -0.63564213564213545 1.3944444444444446 1.5000000000000002 1.6299603174603177 2.1291666666666669 -1.3732142857142855 -1.470833333333333 0.36889880952380932 2.2928571428571431 1.0000000180025095e-35 0.43445211480507984 2.5166666666666671 1.5227272727272729 1.0333333333333334
decision_type=2 2 2 2 2 2 2 2 2 2 2 2 2 2 2 2 2 2
left_child=1 3 15 6 -5 13 9 8 -8 11 -11 -1 -7 -3 -6 -2 -9 -16
right_child=2 5 -4 4 14 12 7 16 -10 10 -12 -13 -14 -15 17 -17 -18 -19
leaf_value=-0.0027560613333590857 -0.023320309892392022 -0.0096627034852502045 0.01360496491021638 0.0066201351792325976 0 0.030027468775282735 0.0032426663704512248 -0.0051594820153157053 0.026105767500852698 0.0085222624408060905 -8.8385034604359514e-05 -0.016763218218588782 0.0040112727519554092 0.015313313470567112 -0.0099787669142458353 -0.0050494496738746324 -0.023057831750966453 -0.024447946534854065
leaf_weight=57.943802118301392 12.898208506405359 8.4909578487277013 5.8728303462266913 10.117378771305082 7.0777478888630894 12.417161628603937 324.15274745225906 7.4382167011499432 10.895994007587431 59.699842557311058 2200.9446670860052 23.638851687312126 6.9913527965545645 7.4879677593708029 5.1245412975549725 8.0148131325840932 9.5052756294608098 15.300194293260573
leaf_count=192 70 44 19 39 28 33 1011 31 34 173 6576 94 26 25 19 39 50 74
internal_value=0.000224007 0.000327006 -0.00993764 0.000155888 -0.0100553 0.0130872 0.00030326 0.00304865 0.00407059 -0.000109165 0.000141349 -0.00700485 0.0214586 0.00207732 -0.016312 -0.017005 -0.0160931 -0.0215929
internal_weight=2794.01 2767.23 26.7859 2731.84 37.6199 35.3874 2694.22 351.992 335.049 2342.23 2260.64 81.5827 19.4085 15.9789 27.5025 20.913 16.9435 20.4247
internal_count=8577 8449 128 8321 160 128 8161 1126 1045 7035 6749 286 59 69 121 109 81 93
is_linear=0
shrinkage=0.03


Tree=191
num_leaves=31
num_cat=0
split_feature=116 46 19 67 29 95 61 54 47 3 117 85 83 95 57 62 54 35 75 66 85 26 14 95 94 45 116 26 70 14
split_gain=10.4216 6.07242 6.99682 7.40848 6.33538 7.54385 5.89514 5.93072 5.81787 5.19358 5.18945 4.71869 4.41966 7.06133 4.28923 3.98545 5.07324 6.28852 5.05496 4.7754 4.16682 3.7913 3.73388 3.67537 4.24719 5.59564 4.52023 3.81583 3.6758 3.42674
threshold=0.50000000000000011 1421.3706810725459 0.48333333333333339 1.8944444444444446 -0.23214285714285712 0.71337370517928278 5.6646935841241897 0.90000000000000013 1479.2903290528839 1.3205128205128207 1.0871212121212126 -0.19999999999999982 -0.13131313131313135 0.64658526592598553 0.43719701300837205 0.94868421052631591 0.70833333333333337 0.16666666666666674 3.2565789473684217 0.52272727272727282 -0.39999999999999997 -0.33333333333333331 0.28371212121212125 0.29686673802860503 0.64581944748897591 1.5000000000000002 1.752777777777778 -1.8333333333333333 0.95833333333333337 0.06300366300366303
decision_type=2 2 2 2 2 2 2 2 2 2 2 2 2 2 2 2 2 2 2 2 2 2 2 2 2 2 2 2 2 2
left_child=1 15 4 6 5 8 22 -8 -3 -7 11 -6 14 -14 -5 19 17 20 29 21 -17 -1 -4 24 25 27 -26 -2 -29 -18
right_child=23 2 3 12 10 9 7 -9 -10 -11 -12 -13 13 -15 -16 16 18 -19 -20 -21 -22 -23 -24 -25 26 -27 -28 28 -30 -31
leaf_value=0.0094437592089984812 0.017537166845087021 -0.002344943157131471 0.0014398544345966382 -0.016952014373373497 -0.003537521345927888 -0.019432236364382155 -0.0087498534685043726 -0.0021006261740728694 0.0074995628870948442 0.0043213401274528078 0.023949307131726313 0.0024496524462154978 0.00076828048179936048 0.01070971413456095 0.0011795237160303726 -0.013019789230558833 -0.0084038166893516137 -0.02415303340537733 0.021555141393637855 0.013672502394447283 0.01380538126565977 -0.017720207527586594 -0.012395800339547665 0.012665040819905151 -0.016140136935057659 0.020606151466947952 0.0053932936630829448 0.0078274980829630188 -0.0059447205808637682 0.011203531269382604
leaf_weight=8.4515755772590655 5.8868805766105643 63.304389789700508 250.40721130371094 20.205539956688881 240.90404185652733 17.718223839998249 217.15728662908077 275.71798937022686 336.90929102897644 14.012772142887114 6.8752834200859061 230.83867432177067 321.93781006336212 79.67250519990921 25.411932900547981 7.9399314224720028 16.888002395629886 12.047748297452925 14.299260586500166 72.977306112647057 11.42573541402817 8.011070251464842 17.857245266437531 9.4795342683792096 50.572334036231041 7.1981428563594809 9.8264184743165952 17.646826699376106 262.87374866753817 13.528265684843062
leaf_count=22 20 196 782 51 779 45 683 919 904 37 18 739 931 216 68 22 43 31 39 192 30 22 62 39 298 28 63 65 1196 37
internal_value=-0.000122996 0.000627191 0.000192076 -0.00130244 0.00217792 0.00480782 -0.00310296 -0.00504809 0.00593295 -0.00903919 -0.00019434 -0.000602477 0.00175528 0.00276964 -0.00697857 0.00614314 0.00102713 -0.00802127 0.00748582 0.0104051 0.00256049 -0.00386079 0.000465116 -0.00483495 -0.00534637 -0.00381523 -0.0125572 -0.004509 -0.00504296 0.000300494
internal_weight=2647.98 2284.5 2118.93 1208.37 910.563 431.945 761.14 492.875 400.214 31.731 478.618 471.743 447.228 401.61 45.6175 165.569 76.1289 31.4134 44.7155 89.44 19.3657 16.4626 268.264 363.484 354.004 293.606 60.3988 286.407 280.521 30.4163
internal_count=8577 6868 6430 3712 2718 1182 2446 1602 1100 82 1536 1518 1266 1147 119 438 202 83 119 236 52 44 844 1709 1670 1309 361 1281 1261 80
is_linear=0
shrinkage=0.03


Tree=192
num_leaves=31
num_cat=0
split_feature=119 90 84 95 47 7 88 85 61 69 59 48 60 88 59 51 61 90 32 13 59 67 117 118 15 7 60 34 48 2
split_gain=9.05553 6.87283 5.00013 4.95862 4.91584 4.57803 3.78067 4.92709 4.36806 3.85632 3.72989 4.23964 3.70605 4.06324 3.8411 4.31027 6.75039 3.63638 3.60564 5.09336 5.13682 4.10345 3.31088 4.9033 3.2383 4.95833 3.20033 3.11293 3.82429 2.73746
threshold=-0.79099462365591389 0.20768213268213279 0.67171717171717193 -0.24685814182066451 1559.8921221364992 0.34848484848484856 1.1937500000000003 -1.3282828282828281 5.6222091859522445 2.0954545454545461 0.33168723276268519 49.535936355959741 2.5114957716701904 1.0954545454545457 0.32927503031936406 0.70833333333333337 5.0005792898547883 0.029314355294940423 1.6726190476190481 1.0000000180025095e-35 0.33250155666251563 0.68333333333333346 0.84807692307692328 -0.77152777777777759 0.39230769230769241 1.5166666666666668 3.1176944971537006 0.43095238095238103 -95.317053924325919 1.558730158730159
decision_type=2 2 2 2 2 2 2 2 2 2 2 2 2 2 2 2 2 2 2 2 2 2 2 2 2 2 2 2 2 2
left_child=5 4 18 -4 6 26 7 8 -2 -9 17 -12 13 -7 22 16 -16 -8 19 20 -3 -21 23 -14 25 -5 -1 -15 -29 -20
right_child=1 2 3 24 -6 12 10 9 -10 -11 11 -13 14 27 15 -17 -18 -19 29 21 -22 -23 -24 -25 -26 -27 -28 28 -30 -31
leaf_value=0.025192239821323653 0.0025720429956560707 -0.016892592753133047 -0.024698575515889581 0.01772108609853917 -0.0066907786174823921 -0.016657212522493376 -0.0009351639409967209 0.00075642652123837834 0.027361006855862895 0.014720503456369846 0.0010158612109430751 0.014770335618777474 0.010257450812185846 -0.0041764081569915026 -0.0063207993317345801 -0.012857077680306436 0.015260253488672326 -0.0060142427779643296 0.017174691198220574 0.013813580672241508 0.012833479310770977 0.0028325436580548813 -0.013241646413205082 -0.0073014006248343141 -0.013671684560618938 -0.011224141447948933 -0.0028439483523369554 0.0014380887129777189 0.02648808072175508 0.0038852037226546018
leaf_weight=6.7563412785530073 13.718765005469324 20.369621425867084 9.7935298979282361 12.043443933129316 108.79816497862339 6.6332563906908026 697.67600187659264 370.7328429967165 11.91870006918907 17.754148423671722 126.90528286993504 23.16644911468029 14.874946303665636 12.350419640541075 25.315024077892303 16.503949597477913 24.80677604675293 154.86117075383663 28.415964052081108 31.568914666771889 5.9989458620548239 599.14003379642963 77.783345609903336 143.70461285114288 10.625838860869406 8.0017954856157285 6.2759687304496765 11.403763085603712 10.316326364874842 29.347056582570076
leaf_count=25 42 55 24 41 390 22 2227 1104 41 57 408 73 76 43 93 72 106 453 105 106 20 1841 323 570 30 22 20 44 40 104
internal_value=-0.000112448 0.000582166 0.00292123 -0.00719705 -0.000575116 -0.00455129 -9.89593e-05 0.00230674 0.0148034 0.00143845 -0.00109692 0.0032427 -0.00523021 0.00315751 -0.00637358 0 0.0043912 -0.00186725 0.00350743 0.00285931 -0.00979837 0.00340792 -0.00816021 -0.0055816 -0.000910554 0.00603968 0.0122366 0.00746578 0.0141102 0.0106549
internal_weight=2637.56 2280.84 755.305 40.4646 1525.53 356.725 1416.73 414.124 25.6375 388.487 1002.61 150.072 343.692 40.7038 302.989 66.6257 50.1218 852.537 714.841 657.078 26.3686 630.709 236.363 158.58 30.6711 20.0452 13.0323 34.0705 21.7201 57.763
internal_count=8577 7143 2348 117 4795 1434 4405 1244 83 1161 3161 481 1389 149 1240 271 199 2680 2231 2022 75 1947 969 646 93 63 45 127 84 209
is_linear=0
shrinkage=0.03


Tree=193
num_leaves=17
num_cat=0
split_feature=18 118 90 94 70 57 62 66 77 31 94 72 68 93 93 118
split_gain=3.18648 5.17443 4.0758 3.51647 4.64652 4.09056 3.73961 6.00799 7.16189 4.92764 6.15416 5.41993 4.4197 3.43255 1.16952 0.242242
threshold=0.57738095238095244 -0.21999999999999989 1.4780068175288763 0.8795118001630301 2.0454545454545459 0.43464548940143438 1.7029411764705884 1.9545454545454548 0.52786377708978338 0.53571428571428581 0.3518578433738892 2.3875000000000006 0.78888888888888908 -0.25679172679172685 0.10238095238095248 -0.8915624999999997
decision_type=2 2 2 2 2 2 2 2 2 2 2 2 2 2 2 2
left_child=2 -2 3 6 -5 -6 7 12 -9 11 -11 -8 -1 -3 -15 -4
right_child=1 13 15 4 5 -7 9 8 -10 10 -12 -13 -14 14 -16 -17
leaf_value=0.0037626034100924342 0.0094376772964905892 0 -0.0083977963837200079 0.03139065630940046 0.015169047915842268 -0.011430604459244898 0.0014539879617321552 0.010724284224651498 -0.0017573329065541489 -0.0080877901625308838 -0.00053547408097906794 0.023817499030143987 -0.00018737768058805159 -0.026767701301292263 -0.0099308667907533187 -0.021718915967681451
leaf_weight=297.82527752220631 10.592164635658262 10.389064535498621 5.1314890533685684 6.4920773357152965 10.398656457662584 8.5302131623029691 91.182196468114853 111.68495661020279 64.39382329583168 157.42823602259159 253.71863973140717 10.003145277500151 1728.5937854871154 12.237953945994379 8.6390501111745817 5.9742035865783674
leaf_count=882 31 30 29 19 37 40 345 312 202 546 896 26 5080 45 28 29
internal_value=0.000222295 -0.00789205 0.000349656 0.000427302 0.0113225 0.00305941 0.000320046 0.0008581 0.00615854 -0.00198435 -0.00344714 0.00390564 0.000393246 -0.0139665 -0.02071 -0.0170137
internal_weight=2793.21 41.8582 2751.36 2740.25 25.4209 18.9289 2714.83 2202.5 176.079 512.332 411.147 101.185 2026.42 31.2661 20.877 11.1057
internal_count=8577 134 8443 8385 96 77 8289 6476 514 1813 1442 371 5962 103 73 58
is_linear=0
shrinkage=0.03


Tree=194
num_leaves=31
num_cat=0
split_feature=121 82 7 19 73 33 71 33 119 47 57 121 68 26 69 73 24 28 116 44 69 20 73 44 68 69 73 35 52 92
split_gain=9.96114 6.9296 6.27527 5.07461 6.11698 5.47534 7.21093 10.9955 6.71889 5.7253 5.34637 4.62409 4.54482 5.87188 5.50734 5.10802 5.05804 5.00427 4.63464 4.56431 4.36913 4.36672 4.62538 4.26377 5.44733 5.07247 5.47491 4.2573 4.16834 5.38676
threshold=0.66369047619047639 0.67866161616161624 2.2583333333333337 0.48333333333333339 1.9545454545454548 0.020833333333333291 0.68333333333333346 0.3535714285714287 0.37241581415174757 1459.0223432577839 0.48092651823115501 -1.6220238095238093 1.5634920634920637 1.1666666666666672 1.1742424242424245 1.0954545454545457 1.0000000180025095e-35 0.73214285714285732 0.95000000000000007 1.0000000180025095e-35 1.2613636363636365 -0.038278388278388274 1.1547619047619049 1.0000000180025095e-35 1.3484848484848486 1.2613636363636365 1.2111111111111115 3.0178571428571437 0.45000000000000007 -0.12230289776729407
decision_type=2 2 2 2 2 2 2 2 2 2 2 2 2 2 2 2 2 2 2 2 2 2 2 2 2 2 2 2 2 2
left_child=1 3 12 4 10 9 7 -7 -8 -5 11 -1 14 15 16 -14 19 -17 -18 -2 -11 -16 -23 27 25 26 -25 -3 29 -6
right_child=2 23 -4 5 28 6 8 -9 -10 20 -12 -13 13 -15 21 17 18 -19 -20 -21 -22 22 -24 24 -26 -27 -28 -29 -30 -31
leaf_value=0.023386016665640261 0.010735914782458039 -0.00014625229648185118 -0.01391011186675687 -0.014268253293666978 0.013235525275528999 0.036797696951221794 0.0025151714548895432 0.0036394714945733229 -0.01213703305991224 -0.0040999986389368545 0.022064765666397035 0.0045397261982683323 -0.013465809669501522 -0.0098313969497243105 -0.009943838053149117 0.02556411079869109 -0.0011910794327702841 0.0054208868296596871 -0.01675981401870124 -0.005253762812914696 0.0039926253432900636 -0.012756497576398129 -0.0014520425984033531 -0.0010722153001398345 -0.021509343981593213 0.011719862017299529 -0.027291624776726277 -0.019007251049640017 -0.018183935186442495 -0.0055120666093173782
leaf_weight=11.185992047190664 57.131626203656197 304.91238029301167 41.280724480748177 32.50254100561142 18.350053980946541 12.563346207141874 398.47437374293804 28.247595116496086 29.26713190972805 158.33977842330933 16.448616608977318 461.7229680866003 9.9256637394428235 24.88199470937252 129.98470896482468 12.073161020874975 283.86153607070446 86.90543170273304 17.396932631731033 21.220078468322754 95.144261911511421 37.551952205598354 218.88650395721197 22.937249660491943 20.833784461021423 13.454521670937536 9.6604312211275083 10.180683314800261 12.973964512348173 47.014691963791847
leaf_count=31 186 896 212 108 58 36 1087 87 109 456 45 1278 32 89 576 44 990 270 109 75 283 156 955 66 60 41 28 33 42 139
internal_value=-0.000121467 0.00124522 -0.00259825 0.00227432 0.0044153 0.000655812 0.00265346 0.0145547 0.00147966 -0.00260447 0.00566243 0.00504025 -0.0020611 0.00301329 -0.00295401 0.00603804 -0.000376408 0.00813903 -0.00215253 0.00635597 -0.00104692 -0.00547093 -0.0031622 -0.00230583 -0.00913048 -0.00312847 -0.00951275 -0.000823348 -0.00331054 -8.36597e-05
internal_weight=2645.31 1704.21 941.1 1322.24 567.696 754.539 468.552 40.8109 427.742 285.987 489.358 472.909 899.82 133.786 766.033 108.904 379.61 98.9786 301.258 78.3517 253.484 386.423 256.438 381.979 66.886 46.0522 32.5977 315.093 78.3387 65.3647
internal_count=8577 4883 3694 3759 1593 2166 1319 123 1196 847 1354 1309 3482 435 3047 346 1360 314 1099 261 739 1687 1111 1124 195 135 94 929 239 197
is_linear=0
shrinkage=0.03


Tree=195
num_leaves=31
num_cat=0
split_feature=32 46 26 59 62 14 7 57 117 121 26 46 13 121 121 121 73 46 53 93 6 64 118 30 95 48 95 73 35 83
split_gain=8.65449 6.20033 5.99853 5.16763 6.63209 5.77043 5.51342 5.05788 4.97032 4.83532 4.87191 4.36146 4.35584 5.75276 4.26522 5.4565 4.09779 5.02498 4.96615 4.85696 4.51571 4.8718 4.36057 4.10837 4.00065 3.76647 3.75427 3.72516 3.58715 3.4693
threshold=-0.35357142857142854 1510.0030182741286 -1.1666666666666663 0.3335440370838601 1.3867521367521369 0.020634920634920621 1.0871212121212122 0.40479520958083837 -1.1026315789473682 1.5208333333333337 1.5000000000000004 1510.0030182741286 0.13809523809523813 1.3073412698412701 0.37797619047619052 0.095238095238095302 1.1055555555555558 1506.7455907973033 3.7083333333333335 0.41666666666666646 1.8090909090909093 2.0606617647058827 -0.040000000000000015 0.73214285714285732 -0.39907645261455377 -57.107895457478314 -0.39907645261455377 2.3166666666666669 0.053571428571428638 0.36363636363636365
decision_type=2 2 2 2 2 2 2 2 2 2 2 2 2 2 2 2 2 2 2 2 2 2 2 2 2 2 2 2 2 2
left_child=3 16 28 9 7 -6 -7 -5 27 10 14 -12 13 -10 15 -1 17 18 22 23 26 -22 -2 25 -25 -18 -21 -4 29 -3
right_child=1 2 8 4 5 6 -8 -9 12 -11 11 -13 -14 -15 -16 -17 19 -19 -20 20 21 -23 -24 24 -26 -27 -28 -29 -30 -31
leaf_value=-0.0043549717819930797 0.0014854232215899038 0.0092925052324008394 0.0239625404270613 0.014100570965126904 0.021853611481222106 -0.012816293477012877 0.015098733235199153 -0.0084146844110247268 -0.0067221500191316777 0.01863426129611874 0.024387084689739786 -0.0039585753417097688 0.0027920166098084121 0.0047465431270736231 -0.0083558039863277957 0.0033167721207870127 0.011480144068400745 -0.010675091543777351 -0.01008855707428441 0.017161363090641389 -0.014620692855984118 0.005967187096670456 0.015007004569379733 -0.013375926283292379 -0.0033727196025450392 -0.00070202856431612806 0.0035163556751985721 0.005198695867322552 0.0011253109186075895 0.03018795885598503
leaf_weight=428.85375438630581 37.430025696754456 18.310434013605121 14.578950211405752 10.382992848753927 23.791708186268806 11.857571706175806 11.591585233807562 41.151535838842392 108.34160210192204 7.7304030656814566 9.3486079573631304 8.5044516026973707 651.97874061763287 60.341461345553398 169.1041594594717 102.30151960253716 25.09484900534153 15.923156321048735 12.471060767769812 22.606009900569916 21.433403015136719 18.16114142537117 51.872863739728928 39.183462217450142 388.74833439290524 180.3844085931778 86.274729371070862 27.961756676435471 15.88652467727661 13.211973696947096
leaf_count=1618 135 58 58 41 84 40 41 156 312 27 33 24 1987 194 523 357 95 46 41 73 59 59 174 110 1223 559 258 97 48 47
internal_value=-0.000111225 0.00104803 0.00279245 -0.00265784 0.00373773 0.011756 0.000913347 -0.00363923 0.00220915 -0.00353625 -0.00380466 0.0112315 0.00167864 -0.00259808 -0.00420776 -0.00286829 -0.000715572 0.00447347 0.00695356 -0.00150523 0.00335404 -0.00518921 0.00945206 -0.00265249 -0.0043247 0.000819625 0.00650706 0.0121007 0.0130859 0.0188016
internal_weight=2634.81 1810.19 910.611 824.618 98.7754 47.2409 23.4492 51.5345 863.203 725.843 718.112 17.8531 820.662 168.683 700.259 531.155 899.583 117.697 101.774 781.886 148.475 39.5945 89.3029 633.411 427.932 205.479 108.881 42.5407 47.4089 31.5224
internal_count=8577 5633 2801 2944 362 165 81 197 2648 2582 2555 57 2493 506 2498 1975 2832 396 350 2436 449 118 309 1987 1333 654 331 155 153 105
is_linear=0
shrinkage=0.03


Tree=196
num_leaves=31
num_cat=0
split_feature=53 67 49 119 8 59 66 57 59 90 35 77 77 90 118 61 57 33 121 66 35 63 33 20 118 35 37 6 88 117
split_gain=3.16543 6.59053 5.80051 4.56365 3.98506 3.18841 4.36977 6.13476 4.92413 5.73889 5.34069 4.83752 4.74345 4.18015 5.30622 7.91925 5.73246 4.73559 4.37043 4.06472 5.69421 5.16669 5.93292 4.34016 3.89397 3.79965 1.86246 1.75187 1.58462 0.964182
threshold=5.1250000000000009 1.6306818181818186 0.46852907849007597 -1.438948306595365 -0.53741258741258735 0.32468653971244649 1.1909090909090911 0.43509548206800192 0.33638584662518384 -0.3267992424242423 -2.1589285714285711 0.45227272727272733 0.59166666666666679 0.17250000000000013 0.030000000000000037 6.4808108456015434 0.40692561959002066 -0.53452380952380951 -0.39285714285714279 0.47727272727272735 -3.5178571428571423 1.648529411764706 0.069047619047619066 0.074358974358974331 -0.0024999999999999875 2.9226190476190479 -1.0000000180025095e-35 1.4641025641025642 1.4868421052631582 -0.15075757575757573
decision_type=2 2 2 2 2 2 2 2 2 2 2 2 2 2 2 2 2 2 2 2 2 2 2 2 2 2 2 2 2 2
left_child=5 2 -2 -3 -4 19 7 11 9 -9 -10 -7 -13 14 15 -8 -16 -15 -19 21 -21 22 28 25 -25 -22 -24 -23 -1 -6
right_child=1 3 4 -5 29 6 13 8 10 -11 -12 12 -14 17 16 -17 -18 18 -20 20 23 27 26 24 -26 -27 -28 -29 -30 -31
leaf_value=0.013458040500054462 0.02255211015255151 0.0064941756004932025 0.011537079776990431 -0.022099738457380988 -0.0050007181233990968 0.0067169337565404757 -0.0029854699511928347 0.011307042871874954 0.011922710611545781 -0.0066880834497623507 -0.01641384761335089 -0.016548508983314406 0.0011464595446413859 -0.019895948989620403 -0.015110236259769502 0.011275245753225936 0.012367224684802718 -0.017833753549124771 -0.00057227253561407281 -0.018697659438152582 0.00088106495211465294 -0.017316994935008094 0.011861968096649231 -0.00053831465800015287 -0.018033478228999884 0.0095634927489914884 -0.0061310496807116376 0.0030557505041069683 0.034110423003244253 -0.024308260239937422
leaf_weight=8.5231625735759753 8.8023111522197741 5.6454620361328152 6.3528771400451687 23.461722664535046 5.2629733085632351 11.934581130743025 162.44495835900307 42.188640378415585 6.9893293678760555 24.241862550377846 23.563200607895851 67.731236606836319 16.465271711349487 13.136810168623922 6.6913428306579581 43.609296575188637 63.989159852266312 13.291391685605047 180.76392298191786 12.462827786803244 1904.5379660725594 5.8944679200649244 8.7685937285423261 27.271880328655243 19.29152524471283 45.576928824186325 9.8970288932323474 7.4744120687246323 10.564724698662756 5.7385139912366823
leaf_count=23 22 20 23 94 21 38 500 122 20 77 83 227 52 54 21 126 176 47 655 45 5706 20 22 87 67 132 29 24 24 20
internal_value=0.000222116 -0.00681909 0.00396855 -0.0164227 -0.00600894 0.000367806 -0.00141513 -0.00521807 8.77086e-05 0.00469396 -0.00966395 -0.0105476 -0.0130801 0.000103903 0.00251873 5.80561e-05 0.00954956 -0.00310364 -0.00185531 0.00095557 0.000738989 0.0092323 0.0148298 0.000871109 -0.0080765 0.00109032 0.00234239 -0.00629804 0.0261671 -0.016508
internal_weight=2792.57 55.2639 26.1567 29.1072 17.3544 2737.3 677.041 193.114 96.983 66.4305 30.5525 96.1311 84.1965 483.927 276.735 206.054 70.6805 207.192 194.055 2060.26 2009.14 51.1224 37.7535 1996.68 46.5634 1950.11 18.6656 13.3689 19.0879 11.0015
internal_count=8577 200 86 114 64 8377 2198 619 302 199 103 317 279 1579 823 626 197 756 702 6179 6037 142 98 5992 154 5838 51 44 47 41
is_linear=0
shrinkage=0.03


Tree=197
num_leaves=31
num_cat=0
split_feature=116 19 29 23 85 12 26 32 83 59 42 56 47 58 60 33 27 91 13 27 76 74 20 59 59 12 62 47 29 75
split_gain=9.50692 5.48703 6.32954 6.62226 5.79433 7.00251 5.6627 5.73751 5.29335 5.23188 4.97456 4.8455 5.67029 13.6061 6.59648 5.25014 4.77879 9.43217 6.91609 4.6324 4.56859 5.98344 5.06296 4.57344 7.87398 5.78368 5.21116 4.44944 5.46286 4.20317
threshold=0.50000000000000011 0.48333333333333339 -0.21130952380952375 -0.19761904761904756 -0.22500000000000001 0.25833333333333336 1.1666666666666672 0.64642857142857146 0.66161616161616177 0.3409898875698763 1.0000000180025095e-35 0.83333333333333337 1612.7002755925146 0.23164654716904445 2.9538016896398402 1.2817460317460319 1.7321428571428574 -0.42523042929292926 0.46410256410256417 2.6904761904761911 0.44722222222222224 3.2052631578947373 -0.11388888888888889 0.31625919300337907 0.31900741033929242 0.19090909090909094 1.5131578947368423 1479.2903290528839 -1.0813492063492063 2.1464285714285718
decision_type=2 2 2 2 2 2 2 2 2 2 2 2 2 2 2 2 2 2 2 2 2 2 2 2 2 2 2 2 2 2
left_child=1 2 27 16 5 -5 11 8 -8 20 -10 12 14 -14 -3 -13 17 -4 -18 -6 21 -2 -23 26 25 -25 -22 28 -1 -30
right_child=9 6 3 4 19 -7 7 -9 10 -11 -12 15 13 -15 -16 -17 18 -19 -20 -21 23 22 -24 24 -26 -27 -28 -29 29 -31
leaf_value=-0.016291548079557169 -0.0081829957783518086 -0.0030446524919347942 -0.016294565309354095 0.00051550157080773097 0.0021670563742291838 -0.011461739957905441 -0.0076330165020073526 -0.016037083598350578 -0.00039652520369987376 -0.015541009617071546 0.027675002331797479 0.0036679311582985576 -0.017254698920257064 0.010272317747354426 0.0020038542951182972 0.026704578305287208 -0.0037572469077886222 0.020338075176889996 0.023988971327570226 -0.020716285493665124 0.0033014855201439976 0.0048298371231840385 0.035527760145137116 0.0011167849328241137 -0.0029112584919185353 0.039545870565619333 -0.0099930668711076566 0.0059572833606755552 -0.016447916864218218 0.0052442177923892322
leaf_weight=16.987584367394447 13.641217358410357 647.6596265733242 6.7549445480108252 80.940781399607658 218.54451081156731 93.694664463400841 47.36822934448719 40.313978753983974 15.665433883666994 34.946851000189781 7.7128560096025458 43.333909213542938 18.347485154867172 97.040833532810211 361.88238808512688 10.508727341890333 46.746156379580498 35.999706164002419 8.7247739285230619 7.2485599964857093 31.439152300357819 13.63427525013685 7.1071557849645641 7.2453397959470731 99.478618003427982 6.3089583516120911 146.93682269752026 410.20406565070152 8.2762237489223462 58.283670693635941
leaf_count=49 64 1977 21 256 672 305 169 168 52 166 24 145 47 255 1067 32 170 107 32 26 121 51 28 35 480 24 740 1094 25 175
internal_value=-0.000122666 0.000592114 0.00226869 -0.00011049 -0.00183156 -0.00592207 -0.000696286 -0.00714106 -0.0018771 -0.00464221 0.00949698 -8.09975e-05 -0.000507587 0.00575892 -0.00123179 0.00862375 0.00682317 0.0142417 0.000901229 0.00133111 -0.00341997 0.00675193 0.0166369 -0.00464937 5.02325e-05 0.0206982 -0.00762781 0.00467292 -0.00159347 0.00229903
internal_weight=2642.98 2282.24 992.406 498.654 400.429 174.635 1289.83 111.06 70.7465 360.738 23.3783 1178.77 1124.93 115.388 1009.54 53.8426 98.2256 42.7547 55.4709 225.793 325.792 34.3826 20.7414 291.409 113.033 13.5543 178.376 493.752 83.5475 66.5599
internal_count=8577 6868 2932 1589 1259 561 3936 413 245 1709 76 3523 3346 302 3044 177 330 128 202 698 1543 143 79 1400 539 59 861 1343 249 200
is_linear=0
shrinkage=0.03


Tree=198
num_leaves=31
num_cat=0
split_feature=119 94 84 36 7 71 67 95 69 117 118 62 63 13 67 7 33 4 28 13 28 121 18 4 16 60 93 95 60 92
split_gain=8.38247 6.23161 5.32279 4.5316 4.34641 5.04968 4.01973 3.89098 3.79429 3.65631 3.92699 5.1531 3.89196 3.21884 3.20397 3.72941 4.22475 5.81722 3.65404 5.64088 4.0354 3.0638 3.05545 3.2158 3.66435 3.03602 2.93009 2.40132 2.30667 2.32588
threshold=-0.79099462365591389 0.16644325290437897 0.67171717171717193 2.5000000000000004 0.34848484848484856 0.78888888888888908 0.68333333333333346 -0.52047341539699898 2.1180555555555558 0.84807692307692328 -0.77152777777777759 1.0954545454545457 2.0954545454545461 0.25833333333333336 2.3484848484848491 2.0333333333333337 -0.052777777777777805 1.1483516483516485 0.46428571428571436 0.32051282051282054 0.77500000000000013 0.36111111111111116 0.48333333333333339 1.7596153846153848 0.10555555555555557 3.1176944971537006 0.11981019433465091 -0.24685814182066451 2.5255690072639232 0.70357443482443505
decision_type=2 2 2 2 2 2 2 2 2 2 2 2 2 2 2 2 2 2 2 2 2 2 2 2 2 2 2 2 2 2
left_child=4 14 6 27 25 -6 13 -8 -9 10 11 -7 -12 -3 15 18 21 -18 19 -2 -20 -17 23 -16 -25 -1 -15 -4 -11 -30
right_child=1 2 3 -5 5 9 7 8 -10 28 12 -13 -14 26 22 16 17 -19 20 -21 -22 -23 -24 24 -26 -27 -28 -29 29 -31
leaf_value=0.024464926246336401 0.0020808110313486608 0.0032077422448745074 -0.025145610719962037 0.012012833324402948 0.017779467673014481 -0.0029156641175032199 -0.017465870660687152 0.0026584281566422031 0.014330050362219415 0.0056699714194374928 -0.001147247961504821 0.026369984954648953 -0.0094951436173737608 0.030770680931280214 -0.012769904484677878 0.021166951014887674 -0.0042773819834745659 0.011503321601919149 -0.0060869721497695869 0.023863274474131675 -0.0005481901345562386 0.003709774101318009 -0.014074301044649259 -0.013122596965751269 0.01277583070722367 -0.0027902768435914024 0.0070317931016816793 -0.0067608495572404571 -0.014441839394647389 -0.0041615802541160969
leaf_weight=6.8179690539836866 85.964292511343956 18.689007923007011 9.0147100239992124 7.4639289230108252 7.4906828701496115 13.099054224789144 7.3289626985788336 618.11933116614819 25.354119345545769 6.8409117758274069 119.47256757318974 7.8369697928428641 87.395261541008949 10.92597082257271 12.213211253285406 19.002765819430351 60.717179298400879 30.835734233260155 131.60152043402195 11.344421684741972 1126.6501807123423 18.352193564176559 29.000920727849007 5.7977021634578731 16.733017340302467 6.2675191760063171 9.6001243293285352 23.030361741781235 68.921371102333069 30.390210956335068
leaf_count=25 260 61 22 24 29 62 20 1914 93 27 455 40 355 40 39 66 174 100 393 38 3569 56 96 19 59 20 32 68 287 134
internal_value=-0.000109938 0.000557387 0.00284195 -0.0077172 -0.0043952 -0.00506246 0.00346118 0.00288134 0.00314449 -0.00563531 -0.00344669 0.00861244 -0.00471712 0.0126983 -0.000518314 -0.000231143 0.00462188 0.00107213 -0.000697922 0.00486767 -0.00113425 0.0129889 -0.00705265 -0.000877937 0.00570958 0.0119263 0.0206497 -0.012628 -0.0102281 -0.0113987
internal_weight=2632.27 2277.74 729.527 39.509 354.533 341.447 690.018 650.802 643.473 333.956 227.804 20.936 206.868 39.2151 1548.21 1484.47 128.908 91.5529 1355.56 97.3087 1258.25 37.355 63.7449 34.7439 22.5307 13.0855 20.5261 32.0451 106.152 99.3116
internal_count=8577 7143 2274 114 1434 1389 2160 2027 2007 1360 912 102 810 133 4869 4656 396 274 4260 298 3962 122 213 117 78 45 72 90 448 421
is_linear=0
shrinkage=0.03


Tree=199
num_leaves=31
num_cat=0
split_feature=14 1 10 78 34 35 85 116 70 117 66 10 30 64 71 90 36 117 5 38 46 94 94 66 118 26 48 50 118 60
split_gain=3.15152 4.66934 6.57162 6.18999 7.99962 8.59895 4.93496 4.99963 4.5723 4.96869 4.54038 4.29919 3.85815 5.31709 4.10778 3.53261 4.16625 6.58264 4.97248 4.08071 11.4428 4.80238 6.23858 5.44033 4.48189 3.86918 3.62635 3.45787 3.12134 2.05083
threshold=0.23205128205128209 1.3923076923076925 0.48333333333333339 0.54772727272727284 1.6130952380952384 -0.19642857142857134 -0.20000000000000001 -0.26396103896103879 0.89444444444444449 -0.66602564102564088 1.788888888888889 0.67948717948717963 0.69047619047619058 1.4868421052631582 0.47727272727272735 1.4780068175288763 1.5000000000000002 -1.1026315789473682 1.95 3.5000000000000004 1561.2719659132404 0.19023042685514127 0.8795118001630301 1.3484848484848486 0.024999999999999942 -0.83333333333333315 135.65163487744624 0.77500000000000013 -0.080000000000000029 2.582846725683805
decision_type=2 2 2 2 2 2 2 2 2 2 2 2 2 2 2 2 2 2 2 2 2 2 2 2 2 2 2 2 2 2
left_child=15 8 6 4 5 -4 -3 -8 9 -2 -6 28 13 -10 -14 16 19 -18 25 21 24 23 -23 -1 -21 -19 -22 -16 -5 -13
right_child=1 2 3 11 10 -7 7 -9 12 -11 -12 29 14 -15 27 -17 17 18 -20 20 26 22 -24 -25 -26 -27 -28 -29 -30 -31
leaf_value=-0.0014799373532012896 -0.0053482656870273886 -0.023635768953502081 0.024720299721530035 0.018059449655970165 -0.020269031675153867 0.003756553394489289 0.013380544480447735 -0.015714182360856924 0.025339097788725923 0.022839793369345999 0.0074084718310927864 -0.001252535600793256 0.016939764515945966 -0.0038404117213592225 -0.0066185256823815142 -0.016319521708116853 -0.016171820843655264 -0.0027540970968848075 -0.021333976883359414 -0.018604016538402053 0.024805203242801437 -0.0045157896023164173 0.01535756746634038 0.0020188527107660708 0.0097904613506688918 0.0054528391344143279 0.00082304628792460009 0.014426324013862636 -0.0062748543358270483 -0.021546584189126562
leaf_weight=996.84264052659273 6.4725830256938925 15.293939575552939 27.314885646104813 7.133401125669482 12.175443932414057 48.892713263630867 9.691705182194708 9.5476412922143954 13.699513211846353 26.202590510249138 8.0689001679420453 6.8925883173942593 9.7450557649135572 8.4596654176712018 44.740940749645233 11.058847367763518 14.758769400417803 60.96785581111908 6.0474196374416342 13.934518098831179 23.041921988129619 376.74807909876108 13.749238103628157 666.45274925231934 6.6049315184354773 306.86454313248396 7.8634519428014746 7.2743801772594443 10.305310696363447 14.781180962920187
leaf_count=2945 23 50 70 20 42 144 27 31 34 64 23 20 27 24 140 59 80 187 32 51 63 1291 47 1939 18 996 27 21 31 51
internal_value=0.000219736 0.00319391 0 0.0030062 0.00708565 0.0115322 -0.0114767 -0.000972696 0.00779057 0.017174 -0.00926679 -0.00690485 0.00394248 0.0143849 0 -0.000120603 -4.10553e-05 0.0028074 0.00360574 -0.000569404 0.00768948 -0.00078138 -0.00377095 -7.58614e-05 -0.00930322 0.00408063 0.0190143 -0.0034022 0.00395611 -0.015565
internal_weight=2791.63 286.692 170.098 135.564 96.4519 76.2076 34.5333 19.2393 116.595 32.6752 20.2443 39.1125 83.9196 22.1592 61.7604 2504.93 2493.88 388.639 373.88 2105.24 51.4448 2053.79 390.497 1663.3 20.5394 367.832 30.9054 52.0153 17.4387 21.6738
internal_count=8577 842 509 401 279 214 108 58 333 87 65 122 246 58 188 7735 7676 1295 1215 6381 159 6222 1338 4884 69 1183 90 161 51 71
is_linear=0
shrinkage=0.03


Tree=200
num_leaves=31
num_cat=0
split_feature=116 8 82 121 69 83 35 83 48 60 85 97 5 45 17 77 96 46 35 48 119 95 94 45 116 4 52 17 6 82
split_gain=9.05099 6.06885 7.38438 7.23619 7.1059 5.56056 7.40648 4.54723 5.02489 4.91914 4.42051 5.01673 4.38853 7.10044 4.10458 4.02497 3.96719 3.82942 3.74822 3.55269 4.30406 3.46022 4.08997 5.36144 4.40859 3.64047 3.68227 3.64944 3.13757 4.0231
threshold=0.50000000000000011 0.037179487179487276 0.69696969696969724 1.2767857142857146 1.0954545454545457 0.56060606060606089 -0.63392857142857117 -0.83095238095238078 92.887083652277411 3.1831086663039758 -1.4974747474747472 -0.097461522143917803 0.57142857142857162 1.0000000180025095e-35 -0.038095238095238092 0.46862745098039221 0.050335145369464526 1572.0587379280125 0.01785714285714288 -1.0689024026472678 0.1304025764895331 0.29686673802860503 0.64581944748897591 1.5000000000000002 1.752777777777778 1.4641025641025642 1.0000000180025095e-35 0.32517482517482527 1.4641025641025642 0.14999999999999999
decision_type=2 2 2 2 2 2 2 2 2 2 2 2 2 2 2 2 2 2 2 2 2 2 2 2 2 2 2 2 2 2
left_child=1 7 3 5 10 6 -3 28 12 15 -4 -12 17 -14 -6 -10 -16 -9 -7 -5 -21 22 23 25 -24 27 -27 -2 29 -1
right_child=21 2 4 19 14 18 -8 8 9 -11 11 -13 13 -15 16 -17 -18 -19 -20 20 -22 -23 24 -25 -26 26 -28 -29 -30 -31
leaf_value=0.0075770854521964165 -0.0064439683420319917 -0.0029129618805202357 -0.021572803399443129 -0.01878768675897528 0.0077131851848840005 0.0043285095129403841 0.0040767284553506538 -0.00032710311686303317 0.011150432568025743 0.016211560489065208 0.00039861694885849342 0.015694250234635238 0.0024782420830871303 0.02756672589274475 -0.0032365322000510984 -0.015029130877127296 -0.01544373898972895 -0.0086751580439511002 0.01101991520044909 0.013254854315163466 -0.017077373558601183 0.012411398558953055 -0.01581418823025366 0.020296946072930741 0.0055257897579323312 -0.0026645118005222822 0.0142653002621106 0.015251878627684151 -0.022823392396375566 -0.01701667943747117
leaf_weight=11.526914894580843 227.81187571585178 194.49216496944427 6.199870601296424 18.531988114118576 12.061453595757483 216.59421265125275 448.9024746119976 764.29822750389576 5.083562806248664 5.1520829498767844 149.30678401887417 21.25431390106678 60.419970944523811 11.359851062297819 43.733847752213478 46.621543169021606 55.972843810915947 51.969060301780701 118.77026373147964 8.9889729321002942 6.2705713510513297 9.5039733648300153 49.3268763422966 7.2380812019109717 9.7763912528753263 33.013039290904999 16.445634789764881 6.1944694370031348 13.067393705248831 10.418914437294005
leaf_count=38 1058 532 17 56 40 589 1229 2425 25 25 405 64 217 43 131 234 156 181 327 27 27 39 298 28 63 137 66 20 42 38
internal_value=-0.000121585 0.000574978 0.00191817 0.00312531 -0.00230392 0.0036023 0.00195791 -0.00120552 -0.000802463 -0.00937033 0.00142809 0.00240252 -0.000240608 0.00681417 -0.00819301 -0.0122356 -0.0102044 -0.000872232 0.00673292 -0.0103106 0.00032228 -0.0045412 -0.00504441 -0.00354223 -0.0122012 -0.00423071 0.00307656 -0.00579443 -0.0116752 -0.00420096
internal_weight=2640.31 2281 1301.08 1012.55 288.529 978.759 643.395 979.918 944.904 56.8572 176.761 170.561 888.047 71.7798 111.768 51.7051 99.7067 816.267 335.364 33.7915 15.2595 359.31 349.806 290.703 59.1033 283.465 49.4587 234.006 35.0132 21.9458
internal_count=8577 6868 3600 2787 813 2677 1761 3268 3150 284 486 469 2866 260 327 259 287 2606 916 110 54 1709 1670 1309 361 1281 203 1078 118 76
is_linear=0
shrinkage=0.03


Tree=201
num_leaves=29
num_cat=0
split_feature=119 0 29 121 70 2 10 93 1 29 93 118 35 88 31 71 65 58 91 84 72 93 13 116 48 119 117 1
split_gain=7.97022 5.93266 4.92804 4.58206 4.56277 4.53717 8.82363 4.24962 4.57883 5.53317 4.30809 5.30898 5.02316 3.99327 4.52191 3.90696 3.86587 3.85538 4.44653 3.80928 5.95257 3.19983 3.18298 2.6527 3.0804 3.17171 3.702 1.10686
threshold=-0.79099462365591389 1.6306818181818186 -0.15674603174603161 -1.4196428571428568 0.95833333333333337 1.3763888888888891 0.24038461538461542 0.42833333333333318 0.18333333333333338 1.2113095238095242 0.08811274509803925 0.68057854623330816 1.5607142857142859 1.1464285714285716 0.64583333333333337 0.78888888888888908 1.341666666666667 0.16603045093611132 0.75814252630055223 0.13232323232323243 1.7071428571428573 -0.13673531655225032 0.25833333333333336 0.48528708133971304 -7.1558817562327013 -8.5588235294117627 0.84807692307692328 2.1483516483516487
decision_type=2 2 2 2 2 2 2 2 2 2 2 2 2 2 2 2 2 2 2 2 2 2 2 2 2 2 2 2
left_child=15 3 13 16 5 6 -4 10 -9 -10 11 -5 -12 14 22 -1 -2 -6 -19 20 -15 -16 -3 24 25 -17 -27 -26
right_child=1 2 4 7 17 -7 -8 8 9 -11 12 -13 -14 19 21 23 -18 18 -20 -21 -22 -23 -24 -25 27 26 -28 -29
leaf_value=0.015282828667139359 -7.211317661119868e-05 -0.006911987463923336 0.018105639926080257 -0.00053546338617514028 -0.012097094611432857 -0.023381429986957594 -0.0064574263180476573 -0.015135115627729092 0.0028601458922476591 0.022681344071564483 -0.0051515723612485147 0.018667497958656003 0.0064684199718634764 0.024167987557926672 -0.019734312003273011 0.01429858888300172 0.026920022605402234 0.004209178404270833 0.017807040751333509 -0.013749481942785888 -0.004623932181626344 -0.0017637133655362765 0.017612692195231171 0.013156192667126332 -0.022325633503557107 -0.0026090669033954953 -0.009601498433826211 -0.0056123296552209514
leaf_weight=7.9265666902065268 8.713944688439371 9.6581353843212145 16.219488397240639 870.9407007843256 11.474147364497183 7.9301368594169608 54.756359189748764 10.578317523002623 186.56901536881924 12.720616534352301 349.98481613397598 12.148843467235563 35.940952152013779 12.227238044142728 27.001512736082077 6.9143780171871176 8.9942593872547132 578.8720954656601 21.778694078326225 6.77052879333496 11.830929026007651 13.959305971860884 7.5679945647716513 6.238838553428649 11.609651684761049 211.99718046188354 101.57534676790237 6.9434010237455359
leaf_count=30 34 27 53 2802 32 20 157 28 565 43 1066 41 113 44 72 25 34 1815 74 20 37 41 25 21 33 868 437 20
internal_value=-0.000109282 0.000540636 0.00266079 -0.000563456 0.00351925 -0.00321718 -0.000628999 -0.000751527 0.0031889 0.00424723 -0.00140755 -0.000247075 -0.00404774 -0.00393523 -0.00852786 -0.0042966 0.0141834 0.00439634 0.00473598 0.00463436 0.01027 -0.0138695 0.00407308 -0.00479758 -0.0051745 -0.00444011 -0.00490698 -0.0168311
internal_weight=2629.84 2276.64 780.047 1496.59 691.031 78.906 70.9758 1478.88 209.868 199.29 1269.02 883.09 385.926 89.0156 58.1869 353.205 17.7082 612.125 600.651 30.8287 24.0582 40.9608 17.2261 345.279 339.04 320.487 313.573 18.5531
internal_count=8577 7143 2417 4726 2151 230 210 4658 636 608 4022 2843 1179 266 165 1434 68 1921 1889 101 81 113 52 1404 1383 1330 1305 53
is_linear=0
shrinkage=0.03


Tree=202
num_leaves=17
num_cat=0
split_feature=46 46 52 46 85 47 19 32 116 19 57 63 5 92 7 6
split_gain=3.04923 6.41508 5.20429 4.28951 4.53682 3.55159 3.36812 3.25668 3.57299 3.8212 2.59812 2.40274 1.65703 1.32621 0.414055 0.237408
threshold=1682.5048272473898 1662.3250862993925 0.45000000000000007 1636.8260527210291 -0.63564213564213545 1521.7954631566947 0.51666666666666672 -2.9374999999999996 -2.1358974358974359 0.64583333333333337 0.43445211480507984 1.7416666666666669 1.5891025641025645 -0.54580026455026442 1.0333333333333334 1.7071428571428573
decision_type=2 2 2 2 2 2 2 2 2 2 2 2 2 2 2 2
left_child=1 3 12 7 -5 6 -3 -1 15 -10 -6 -7 -2 -8 -12 -9
right_child=2 5 -4 4 10 11 13 8 9 -11 14 -13 -14 -15 -16 -17
leaf_value=-0.01662378523988375 -0.021579658715986005 -0.011872324474173588 0.013314889406148642 0.0066674969272574602 0 0.032331913523185381 0.021954374723745961 -0.020958453257541081 0.00022187275856892032 0.0066063873010515787 -0.0097251435035151951 0.0081532996398694865 -0.0014471385727611184 0.0013259060246939541 -0.02425210888924436 -0.0078301271823965398
leaf_weight=9.1960844695568067 15.190705388784414 7.068540625274184 5.8790292441844931 10.098682403564451 7.0646460056304958 9.1045201420784014 5.7931110113859186 5.6143586188554746 2585.6303446367383 86.287127360701561 5.0807163864374187 7.8778321444988242 5.3829275891184798 5.5738200545310947 15.010120399296282 5.045833632349968
leaf_count=37 79 38 19 39 28 22 21 24 7825 255 19 23 30 24 74 20
internal_value=0.000218648 0.000318385 -0.00972705 0.000150303 -0.00982274 0.0128274 0.00319326 0.00029304 0.000358324 0.000431572 -0.0160807 0.0223598 -0.0167624 0.0130068 -0.021356 -0.0162061
internal_weight=2790.9 2764.45 26.4527 2729.03 37.2542 35.4178 18.4355 2691.77 2682.58 2671.92 27.1555 16.9824 20.5736 11.3669 20.0908 10.6602
internal_count=8577 8449 128 8321 160 128 83 8161 8124 8080 121 45 109 45 93 44
is_linear=0
shrinkage=0.03


Tree=203
num_leaves=31
num_cat=0
split_feature=121 82 7 53 40 73 23 19 91 3 43 67 39 121 68 90 95 121 31 74 62 82 90 28 46 48 61 36 82 64
split_gain=8.64586 6.34395 6.02412 5.08216 5.497 5.62396 5.20837 4.89806 8.24494 5.61612 4.33337 4.67423 7.71447 5.19166 4.23466 4.71867 6.74299 4.92577 4.85573 5.98393 4.30487 4.28396 4.97017 5.11216 4.14409 4.08747 4.07217 3.55915 3.21443 4.65411
threshold=0.66369047619047639 0.67866161616161624 2.2583333333333337 2.5500000000000003 3.5000000000000004 1.8944444444444446 0.37321428571428578 0.51666666666666672 -0.50527777777777771 0.70714285714285718 1.5000000000000002 2.2361111111111116 1.0000000180025095e-35 -0.21428571428571433 1.5634920634920637 0.74465337902837903 0.30351758685715569 1.6982142857142859 1.4642857142857146 3.0954545454545461 2.3038461538461541 -0.10101010101010087 -0.31462499999999988 0.73214285714285732 1428.9197347847792 -72.419142652167224 4.791641144189394 1.5000000000000002 -0.30000000000000004 1.6583333333333334
decision_type=2 2 2 2 2 2 2 2 2 2 2 2 2 2 2 2 2 2 2 2 2 2 2 2 2 2 2 2 2 2
left_child=1 3 14 6 5 27 7 9 -9 -1 11 13 -13 -3 15 18 17 -17 20 -20 -2 28 -23 -24 -15 -7 -14 -5 29 -16
right_child=2 10 -4 4 -6 25 -8 8 -10 -11 -12 12 26 24 21 16 -18 -19 19 -21 -22 22 23 -25 -26 -27 -28 -29 -30 -31
leaf_value=-0.010737240750464245 -0.002953149412586481 -0.011215062599307423 -0.013620813366325571 0.0065329425478750335 0.024356147598940638 0.0093489020421026973 0.0079316757526903918 0.012245667837086513 -0.0038243639365635679 0.0033092681044188479 0.012363356773744144 -0.014713427889450936 -0.0064797066667496789 -0.018136047245753947 0.017762144012120611 -0.020429333916751665 0.0061265293573650372 -0.0031650633933614386 0.00088879730414284544 0.024301287874988291 0.019937548022007388 0.017163581563171625 0.018787196393672628 -0.0012694087673504871 -0.00098969514500867029 -0.0065626436840384803 0.011230051179667676 -0.0030495081329640797 -0.020522873124364654 -0.011769817606989129
leaf_weight=26.516231775283813 619.17695029079914 80.481050729751587 40.545549899339676 347.19206519424915 11.45241069793701 17.636142075061798 80.595611095428467 30.302602291107178 344.2148849517107 361.42705453932285 16.38997757434845 16.402005612850189 13.819782018661497 12.676744654774664 7.1419687420129838 39.96268754452467 18.480889603495598 24.724781930446625 40.206692948937416 12.166797474026678 6.4659198373556128 24.987607434391975 12.654452279210089 68.696263514459133 186.37658175826073 64.224731639027596 55.102167651057243 37.737207189202309 9.5270422920584661 10.699916929006575
leaf_count=70 2369 232 212 973 31 47 215 97 990 1031 47 48 38 34 25 227 75 176 134 40 26 72 46 228 580 195 145 110 32 32
internal_value=-0.000121235 0.00115049 -0.00243781 0.00213512 0.00460323 0.00406116 0.000727681 -3.92767e-05 -0.00248698 0.00231633 -0.00225075 -0.00294743 0.00315045 -0.00482402 -0.00191315 -0.00278009 -0.00949182 -0.0140249 -0.00193961 0.00673732 -0.00268035 0.00298398 0.00572113 0.0020043 -0.00218186 -0.00302699 0.00759422 0.00558027 -0.00737188 0.000207672
internal_weight=2637.98 1702.55 935.438 1321.3 478.243 466.79 843.056 762.461 374.517 387.943 381.248 364.858 85.324 279.534 894.892 761.185 83.1684 64.6875 678.016 52.3735 625.643 133.707 106.338 81.3507 199.053 81.8609 68.9219 384.929 27.3689 17.8419
internal_count=8577 4883 3694 3759 1356 1325 2403 2188 1087 1101 1124 1077 231 846 3482 3047 478 403 2569 174 2395 435 346 274 614 242 183 1083 89 57
is_linear=0
shrinkage=0.03


Tree=204
num_leaves=31
num_cat=0
split_feature=5 6 116 14 71 32 84 116 20 83 53 83 62 66 29 20 92 18 83 40 95 91 48 9 73 73 0 68 73 75
split_gain=7.67144 5.55135 5.30021 6.06109 4.57617 4.29753 3.74719 3.76543 3.73352 4.34872 7.66859 4.64641 4.44825 3.76055 3.68213 3.66425 3.2254 3.75307 4.85862 4.29986 3.01436 2.52451 2.37952 2.28058 2.1401 1.73676 1.63954 1.42197 1.16815 0.618104
threshold=-0.86282051282051253 0.86190476190476206 0.46153846153846168 0.48333333333333339 2.6125000000000003 -0.72718253968253954 0.67171717171717193 0.57142857142857162 0.013997113997113982 0.83585858585858597 3.3666666666666671 -0.25252525252525237 1.4868421052631582 1.3875000000000002 -1.9880952380952379 -0.37499999999999994 0.47492690058479542 0.46410256410256417 1.5656565656565657 1.0000000180025095e-35 -0.24685814182066451 -0.64367102396514164 -0.50355663063146483 0.51666666666666672 0.61250000000000016 1.9545454545454548 1.3452380952380956 1.8452380952380956 0.89444444444444449 3.4868421052631584
decision_type=2 2 2 2 2 2 2 2 2 2 2 2 2 2 2 2 2 2 2 2 2 2 2 2 2 2 2 2 2 2
left_child=1 5 3 4 14 -1 16 -8 9 11 13 12 -3 -11 27 -16 17 19 -19 -4 -9 -18 -23 -22 -13 29 28 -2 -10 -6
right_child=2 8 6 -5 25 -7 7 20 26 10 -12 24 -14 -15 15 -17 21 18 -20 -21 23 22 -24 -25 -26 -27 -28 -29 -30 -31
leaf_value=-0.0038234129815401473 -0.023178386609750166 -0.0021966456557113248 0.0059025092402556012 0.021412913306129062 -0.0077403933792749863 0.023034695134118724 0.01025418926871292 -0.019453225657068796 -0.0045003588642334716 -0.0094429871177193411 0.025793118928974328 0.0026545504404506047 0.024959103572646645 0.0094940406615765163 0.018693258634949528 -0.00032084715200294319 0.006366341871293312 0.0034289378455604927 -0.018909199239253854 0.024196091321477479 -0.013182357464774799 0 -0.024217658172521268 0.0080452678996123812 -0.010760126171272576 0 0.00012264339834363255 -0.0050957229975505496 -0.020777906236237407 -0.022194152215154389
leaf_weight=9.7521972209215182 7.2961333692073849 29.843797862529755 45.10051055252552 10.377612814307211 6.3218277245760026 9.9073183536529523 9.2165682315826398 15.937805354595179 6.1049996167421368 25.917637124657631 9.6392185762524587 10.993970289826391 5.5709083676338187 13.47428824007511 8.1677863597869855 1685.3521752655506 6.878507852554324 483.62847776710987 7.9058447927236548 15.419772267341612 7.0760350227356019 6.2266546338796624 8.2355198562145198 9.380686476826666 117.53460448980331 6.2430307865142813 5.0051349699497214 9.8670270442962629 23.6101014316082 11.384493216872213
leaf_count=34 23 121 143 35 22 36 29 41 28 105 47 48 25 55 28 5367 22 1518 21 53 19 20 21 30 477 19 20 36 97 37
internal_value=-0.00010833 -0.00491571 0.000436854 -0.000405948 -0.000550472 0.0100262 0.00282986 -0.00574212 -0.00614926 -0.00459729 0.00315114 -0.00693789 0.00256081 -0.00281649 -0.000362422 -0.000216395 0.00346606 0.003916 0.0030259 0.0109298 -0.0105538 -0.0076933 -0.0145536 -0.00114258 -0.00957788 -0.0133096 -0.0151898 -0.0138008 -0.0177867 -0.0178836
internal_weight=2627.37 267.354 2360.02 1745.01 1734.63 19.6595 615.006 41.6111 247.695 212.974 49.0311 163.943 35.4147 39.3919 1710.68 1693.52 573.395 552.055 491.534 60.5203 32.3945 21.3407 14.4622 16.4567 128.529 23.9494 34.7202 17.1632 29.7151 17.7063
internal_count=8577 1093 7484 5567 5532 70 1917 119 1023 878 207 671 146 160 5454 5395 1798 1735 1539 196 90 63 41 49 525 78 145 59 125 59
is_linear=0
shrinkage=0.03


Tree=205
num_leaves=31
num_cat=0
split_feature=53 67 48 119 31 14 1 10 76 24 85 116 70 117 10 14 49 57 85 85 119 23 96 119 83 26 84 22 30 64
split_gain=3.00689 6.34221 5.58752 4.52482 3.42803 3.21211 5.09901 6.38108 6.08307 5.99111 4.81721 4.83609 4.35821 5.05419 4.15032 3.75986 7.05549 5.32111 5.96133 4.81139 4.47042 6.60056 5.70453 4.21195 7.86 6.06862 4.04778 3.39195 3.30123 5.10114
threshold=5.1250000000000009 1.6306818181818186 -22.718422461457518 -1.438948306595365 0.76388888888888895 0.23205128205128209 1.3923076923076925 0.48333333333333339 0.45227272727272733 1.5000000000000002 -0.20000000000000001 -0.26396103896103879 0.89444444444444449 -0.66602564102564088 0.67948717948717963 0.075595238095238118 0.45572358866391888 0.43633939355356682 -0.5704365079365078 -2.0252525252525246 0.57086640211640238 0.13030303030303036 0.18894691142676709 -0.26248993558776151 0.67766955266955287 -1.4999999999999998 0.59999999999999998 0.13809523809523813 0.69047619047619058 1.4868421052631582
decision_type=2 2 2 2 2 2 2 2 2 2 2 2 2 2 2 2 2 2 2 2 2 2 2 2 2 2 2 2 2 2
left_child=5 2 -2 -3 -4 15 12 10 14 -10 -8 -12 13 -7 -9 19 17 26 -19 27 22 -22 -18 24 -21 -25 -17 -1 29 -14
right_child=1 3 4 -5 -6 6 7 8 9 -11 11 -13 28 -15 -16 16 20 18 -20 23 21 -23 -24 25 -26 -27 -28 -29 -30 -31
leaf_value=-0.00043034750438732165 0.022072185420457382 0.0066498245311700866 0.0056711421375523 -0.021889641701230086 -0.019744136226529992 -0.0052877337114761837 -0.023366621826677418 0.0038628669238278453 0.0036153995189758233 0.023682295870060457 0.013131576713232699 -0.015495616662964701 0.02472048813419132 0.023222255250402609 -0.01533907778284164 -0.016149397602313702 0.0046369201205785481 -0.011934840978073928 0.0013302563263377309 0.0043160891512243086 -0.010192879112487493 0.014142588318671228 -0.0081718676321272839 -0.010678663586033494 -0.0028798332660716786 -0.00015211559817848068 0.006408386388555877 0.023910378635203032 0.00064664356109530099 -0.0038275039549227623
leaf_weight=7.8962355405092266 8.8395337611436862 5.620029583573344 9.5894534289836901 23.131557904183865 7.6968012750148764 6.4558573961257926 15.175949886441229 17.466604486107826 78.39543716609478 15.442906096577643 9.727615609765051 9.4951231628656405 13.76832237839699 25.827528074383736 21.507561579346657 59.077052354812622 195.59161914885044 44.890745297074318 89.406025648117065 495.96414617449045 57.489112436771393 11.108052194118498 36.140826508402824 50.440554410219193 187.09000277519226 1198.405209235847 7.3832898736000052 12.487254604697226 60.224791556596756 8.4573827832937223
leaf_count=24 22 20 33 94 31 23 50 51 229 40 27 31 34 62 71 190 559 137 263 1432 217 34 109 157 564 3812 22 32 183 24
internal_value=0.000216949 -0.00666971 0.00389015 -0.0161742 -0.00594198 0.000358596 0.00338528 1.6679e-05 0.00303066 0.00716432 -0.0112924 -0.000927565 0.00822615 0.0174433 -0.00677716 8.30439e-06 -0.00230594 -0.00664621 -0.00313707 0.000604708 0.000597805 -0.00606251 0.00259985 0.000446225 0.0023394 -0.000587884 -0.0135411 0.0147617 0.00441546 0.0140311
internal_weight=2790.19 54.8774 26.1258 28.7516 17.2863 2735.32 281.945 167.211 132.813 93.8383 34.3987 19.2227 114.734 32.2834 38.9742 2453.37 501.087 200.757 134.297 1952.28 300.33 68.5972 231.732 1931.9 683.054 1248.85 66.4603 20.3835 82.4505 22.2257
internal_count=8577 200 86 114 64 8377 825 499 391 269 108 58 326 85 122 7552 1531 612 400 6021 919 251 668 5965 1996 3969 212 56 241 58
is_linear=0
shrinkage=0.03


Tree=206
num_leaves=30
num_cat=0
split_feature=116 59 117 58 84 64 17 59 81 59 12 95 84 35 83 21 64 75 60 23 32 81 23 2 119 118 61 48 13
split_gain=8.30949 5.08945 5.07193 4.82006 4.58899 4.80279 4.37485 4.27567 5.96143 5.52436 6.59256 4.94802 4.59687 4.24863 4.37946 4.58004 4.05139 4.00963 3.88412 6.28921 6.73279 6.06054 3.83753 3.80958 3.87611 3.77765 3.00539 2.6189 2.35159
threshold=0.50000000000000011 0.3409898875698763 0.64473684210526327 0.30125019534302239 -1.2462121212121209 1.4058823529411766 0.59523809523809534 0.31625919300337907 10.500000000000002 0.31900741033929242 0.19090909090909094 -0.33826220858823625 -0.050505050505050435 -2.8363095238095233 -0.83095238095238078 0.37980769230769235 1.9128787878787883 3.7735042735042739 2.9953271028037389 0.048051948051948061 -0.55178571428571421 17.500000000000004 -0.34935897435897428 0.30839160839160845 -0.24152298850574713 -0.92592592592592582 4.166635176627655 28.850425059307558 0.25833333333333336
decision_type=2 2 2 2 2 2 2 2 2 2 2 2 2 2 2 2 2 2 2 2 2 2 2 2 2 2 2 2 2
left_child=2 4 6 18 5 -2 13 8 11 10 -9 -6 -10 17 26 -16 -5 28 19 20 -4 -21 27 24 -20 -11 -15 -3 -1
right_child=1 22 3 16 7 -7 -8 9 12 25 -12 -13 -14 14 15 -17 -18 -19 23 21 -22 -23 -24 -25 -26 -27 -28 -29 -30
leaf_value=-0.018933144780259006 0.028649528229033671 -0.013446910345474067 0.0035725060566955021 0.0042580020843948421 0.015457191844359234 -0.0025400881497641766 0.015912548660859775 -0.0011097050310483103 -0.013904796387951123 -0.018096413082871906 0.037245687913252383 -0.0060406163854393059 -0.0032062538659693367 0.0046367080465493631 0.0011868227656308009 -0.0022506029423463012 -0.023150469759308446 0.0085809066594534928 0.0077085980128972637 -0.0054670246301132316 -0.01315692819764921 0.0091388646142493615 -0.022425793085586183 0.027653575473022992 -0.013081096967962997 0 -0.011974735097944021 0.012327627657505223 -0.0031564921809962821
leaf_weight=23.570069149136543 7.150705590844157 6.5548877865076047 42.731472820043564 7.9728317558765438 16.840049624443054 9.1002960950136167 14.201273798942564 8.2198045849800092 87.069944947957993 10.713121697306631 6.5546637400984755 19.868740998208523 64.037197105586529 11.751514583826063 1278.6337028518319 478.37673108279705 9.9263902306556684 8.4937671571969968 151.87509080767632 32.722606599330902 41.795313239097595 104.56085461378098 22.08710840344429 7.4178765863180152 7.5317798256874076 92.995888561010361 42.683309406042099 5.6566850170493126 14.488313704729078
leaf_count=76 30 25 108 21 75 36 36 39 442 79 25 89 306 37 4035 1395 25 26 407 86 117 275 114 20 21 422 137 27 46
internal_value=-0.000120541 -0.00437151 0.00054547 0.00357861 -0.00316509 0.0118751 -0.000113112 -0.00400887 -0.00681311 0.00043101 0.0169988 0.00389026 -0.00944151 -0.000245709 -1.16744e-05 0.000248469 -0.0112039 -0.00909764 0.00429415 0.00166294 -0.00472161 0.00562138 -0.0152208 0.00774398 0.00663218 -0.00204041 -0.00831555 -0.00125108 -0.0132386
internal_weight=2635.58 356.849 2278.73 406.534 322.55 16.251 1872.2 306.299 187.816 118.483 14.7745 36.7088 151.107 1858 1811.45 1757.01 17.8992 46.5522 388.635 221.81 84.5268 137.283 34.2987 166.825 159.407 103.709 54.4348 12.2116 38.0584
internal_count=8577 1709 6868 1080 1543 66 5788 1477 912 565 64 164 748 5752 5604 5430 46 148 1034 586 225 361 166 448 428 501 174 52 122
is_linear=0
shrinkage=0.03


Tree=207
num_leaves=31
num_cat=0
split_feature=32 90 53 39 82 9 70 21 34 95 20 13 29 34 64 19 51 117 66 119 117 32 2 56 84 93 61 69 76 118
split_gain=7.4208 4.60039 4.67614 4.39737 5.00313 4.82487 4.62809 4.57476 5.28699 4.22982 4.17141 6.41971 3.908 5.05394 4.26973 7.26491 4.53014 4.02232 4.53435 3.9292 3.80737 3.78818 3.7349 3.69657 8.89869 4.73479 4.2731 3.56777 3.52497 3.49768
threshold=-0.35357142857142854 0.61666666666666692 1.6333333333333335 1.0000000180025095e-35 -0.59999999999999964 0.29285714285714287 1.591666666666667 0.32051282051282054 0.89642857142857146 0.38418079096045193 -0.083624708624708624 0.13809523809523813 0.50000000000000011 1.2817460317460319 1.1622807017543864 0.51666666666666672 0.63333333333333341 -1.1026315789473682 3.0500000000000003 0.7325843721495896 0.27272727272727287 -1.6220238095238093 0.58214285714285718 0.58333333333333337 -0.70353535353535335 0.084954481792716932 7.0365880542184067 0.90454545454545465 0.47213622291021679 -0.0024999999999999875
decision_type=2 2 2 2 2 2 2 2 2 2 2 2 2 2 2 2 2 2 2 2 2 2 2 2 2 2 2 2 2 2
left_child=1 3 -3 4 -1 9 -7 10 21 -6 11 -5 13 -2 15 27 -17 18 19 -14 -12 -9 -16 26 28 -26 29 -15 -25 -19
right_child=12 2 -4 7 5 6 -8 8 -10 -11 20 -13 17 14 22 16 -18 23 -20 -21 -22 -23 -24 24 25 -27 -28 -29 -30 -31
leaf_value=0.014495320862207022 -0.0017094091693729419 0.019443475245651771 -0.0018328635306966681 0.030511639161033069 0.0023865633216886132 -0.0036043954903052936 -0.019157965297831252 -0.014913763702337107 -0.014997953217478537 -0.01126039976281289 0.0012030914701909199 -0.0032010133961844216 -0.00017905301471388892 -0.010148595087754567 0.0013278490424292802 0.015682160179498441 -0.0023501303278561187 0.0018649138948567548 -0.012358584391184447 0.02070622661174986 -0.0077574619637661903 -0.0015246946765985433 -0.011290785030286857 0 0.00086287212003206631 -0.012034965133080801 -0.011082428249418359 0.0047431960208219387 0.02796300796281094 0.0071583001843517936
leaf_weight=17.333116039633751 691.70292429625988 16.001030132174492 19.67081518471241 7.6286886930465725 219.20815388858318 134.64048674702644 19.078117370605469 23.612800307571888 71.947347223758698 21.49642251431942 79.52481509745121 11.635738208889959 10.793166130781172 23.673115238547325 282.12946800887585 67.107900634407997 14.73221145570278 316.87673623859882 5.4156766831874839 28.301727741956711 89.311298310756683 87.953016400337219 21.795452013611794 6.3541273474693325 47.372732684016228 53.44709387421608 17.025086611509323 33.874484673142433 9.6670108139514905 175.91247794032097
leaf_count=63 2139 54 61 33 759 432 55 107 275 93 273 43 31 69 911 218 43 985 18 113 360 336 60 19 144 152 46 105 36 544
internal_value=-0.000107046 -0.00247494 0.00789904 -0.00296063 -0.00081305 -0.00152833 -0.0056655 -0.00532357 -0.00868641 0.00111385 -0.0019983 0.010848 0.00096583 -0.000105115 0.00238953 0.006718 0.0124107 0.00277884 0.0114111 0.0150048 -0.00353698 -0.00449244 0.000379027 0.00214372 -0.00263855 -0.00599617 0.00324862 -0.00140024 0.0174254 0.00377126
internal_weight=2625.22 819.042 35.6718 783.37 411.756 394.423 153.719 371.614 183.513 240.705 188.101 19.2644 1806.18 1135.02 443.313 139.388 81.8401 671.166 44.5106 39.0949 168.836 111.566 303.925 626.655 116.841 100.82 509.814 57.5476 16.0211 492.789
internal_count=8577 2944 115 2829 1402 1339 487 1427 718 852 709 76 5633 3545 1406 435 261 2088 162 144 633 443 971 1926 351 296 1575 174 55 1529
is_linear=0
shrinkage=0.03


Tree=208
num_leaves=27
num_cat=0
split_feature=18 118 96 94 12 68 74 93 117 14 83 7 14 96 40 64 93 27 121 93 37 117 37 91 30 62
split_gain=3.00337 4.94714 3.51505 6.70028 6.591 6.03235 6.34314 4.98868 4.92995 6.14563 5.70795 5.15398 5.11079 6.08725 5.71502 4.32608 6.92611 6.3383 3.94289 3.34517 3.3154 2.48313 2.18539 2.61708 2.02974 1.02401
threshold=0.57738095238095244 -0.21999999999999989 -0.087484733560455011 -0.43037051635790297 0.53589743589743599 0.78888888888888908 3.7029411764705888 0.97702294685990343 -0.049999999999999871 -0.25320512820512814 1.5979797979797983 1.1602564102564104 0.072077922077922088 0.30755582450638341 1.0000000180025095e-35 1.2696969696969698 0.62729166666666669 1.2250000000000003 -1.0000000180025095e-35 -0.25679172679172685 1.5000000000000002 -0.34285714285714269 1.0000000180025095e-35 -0.06125000000000002 0.73214285714285732 0.52500000000000013
decision_type=2 2 2 2 2 2 2 2 2 2 2 2 2 2 2 2 2 2 2 2 2 2 2 2 2 2
left_child=2 -2 3 20 5 6 -5 -7 9 22 12 24 14 -14 -10 17 -17 -11 -13 -3 25 -21 23 -4 -12 -1
right_child=1 19 8 4 -6 7 -8 -9 10 15 11 18 13 -15 -16 16 -18 -19 -20 21 -22 -23 -24 -25 -26 -27
leaf_value=-0.0080551107842845009 0.0092442107700977227 5.5934985771928858e-05 -0.0042373705608266124 0.0033936538324313569 -0.025124383329161778 -0.0023234240179852688 -0.019724706268330627 0.022268503687556729 -0.0011101581541505708 -0.01300406740361775 0.0082569620345825483 0.032034059239802973 -0.0011870052710878389 -0.011169270137274366 0.0037880452083323152 0.0088620698112796808 -0.0014052968383427983 0.0049055798788033237 0.0080663341982277429 -0.0034865488847088282 0.0018833784030726835 -0.027006771796384003 0.0028558111510277239 -0.025962568860520348 -0.012205722344963584 -0.024947062327444036
leaf_weight=6.3853327333927217 10.578997895121573 10.356978237628939 12.268569245934488 360.45186223834753 8.7663281559944135 666.99616435915232 9.9890721291303617 6.4938312321901313 483.27289611101151 26.655371427536011 7.1628303229808798 10.849105224013329 257.13169692456722 69.364898391067982 382.96911914646626 249.38297086954117 76.458855256438255 48.662904411554337 15.836393743753433 6.365228787064555 7.3831226080656043 14.268164187669752 9.1526796221733111 8.5801883935928327 8.2743407934904081 15.268798172473906
leaf_count=22 31 30 40 1167 32 2188 53 24 1430 82 21 27 756 227 1112 685 229 142 44 21 22 52 27 31 28 54
internal_value=0.000214909 -0.00768978 0.00033834 -0.000991202 -0.00058902 -0.000356268 0.00271076 -0.0020492 0.00120348 0.0039617 0.000235567 0.010959 -0.000149493 -0.00334455 0.00105377 0.00495089 0.00644672 -0.00148073 0.018724 -0.0136725 -0.0149667 -0.0203862 -0.00890139 -0.0140946 -0.00260385 -0.0206739
internal_weight=2789.33 41.5694 2747.76 1081.73 1052.7 1043.93 370.441 673.49 1666.02 431.162 1234.86 42.1227 1192.74 326.497 866.242 401.16 325.842 75.3183 26.6855 30.9904 29.0373 20.6334 30.0014 20.8488 15.4372 21.6541
internal_count=8577 134 8443 3562 3464 3432 1220 2212 4881 1236 3645 120 3525 983 2542 1138 914 224 71 103 98 73 98 71 49 76
is_linear=0
shrinkage=0.03


Tree=209
num_leaves=31
num_cat=0
split_feature=48 19 29 53 91 0 67 0 68 29 16 57 20 23 91 27 5 85 35 21 57 85 90 92 8 17 66 12 7 72
split_gain=7.96862 4.85437 7.25898 5.4287 7.24163 6.82839 6.01555 5.67825 5.66283 5.32591 4.81216 6.22791 5.8898 4.41565 6.40687 7.61384 5.03748 4.75361 4.25987 4.6398 8.04579 5.40207 4.15813 4.68802 4.13474 4.05614 4.03506 3.84474 6.6545 4.52628
threshold=52.446357932930034 0.48333333333333339 -0.21130952380952375 2.7083333333333335 -0.47276274450187505 1.3452380952380956 1.8944444444444446 0.77350427350427364 0.91287878787878796 -0.72857142857142854 0.51666666666666672 0.47992782122323013 -0.035714285714285691 -0.19761904761904756 -0.42523042929292926 1.8452380952380956 -0.93095238095238075 -0.22500000000000001 -2.4910714285714279 0.19090909090909094 0.43170256753394931 -0.40202020202020206 -0.161 -0.15839947089947112 -0.47499999999999998 -0.094318181818181815 0.89444444444444449 0.16025641025641027 0.93095238095238109 0.95833333333333337
decision_type=2 2 2 2 2 2 2 2 2 2 2 2 2 2 2 2 2 2 2 2 2 2 2 2 2 2 2 2 2 2
left_child=1 2 27 4 5 25 7 -6 -7 -8 11 12 -2 14 -4 -16 -15 -18 -5 21 -21 -20 23 -14 -24 -3 -12 28 -1 -29
right_child=10 3 13 18 6 8 9 -9 -10 -11 26 -13 22 16 15 -17 17 -19 19 20 -22 -23 24 -25 -26 -27 -28 29 -30 -31
leaf_value=0.019425385782685267 -0.0092336083180523474 -0.0085881561646827427 -0.011860528632319466 -0.017607568687142777 0.0014752688443439141 -0.0061459515446056377 -0.0029681219210956305 -0.006320274703116891 0.027360038487001862 0.0051318844764862686 0.014108351997058403 0.015853660962073378 0.027836269998189816 0.020580143143039711 0.018863205490297019 -3.9899344076511578e-05 -0.0065620094681314387 0.00047248563550414033 0.019881254824330223 0.01063975484110264 -0.0015436444211546633 0.0034874817072001766 0.0058733129053918261 -0.004614245472262476 -0.0043244695084487892 0.0061729009102663972 -0.0095910655596473503 0.017795588652150546 -0.00416701993895972 0.0051010963562074171
leaf_weight=11.475415766239164 84.663607470691204 24.127900972962379 15.107407212257383 8.2805283367633802 104.46121580898762 5.3628372251987484 162.99642568826675 411.66525286436081 18.022099688649178 130.58151610940695 5.8354947566986075 16.194960065186024 8.8554201275110227 7.6320987194776526 35.446822136640549 39.797395825386047 152.14945903420448 196.59654992818832 27.331561401486397 61.416798204183578 221.57648618519306 53.230127759277821 51.293392568826675 6.0970565080642691 111.82348138839006 49.034136697649956 132.56739694625139 26.604924380779266 76.821635589003563 376.29712046682835
leaf_count=32 398 91 50 25 294 25 441 1322 66 386 20 66 32 20 102 130 466 590 82 168 643 160 271 20 500 147 730 74 200 1026
internal_value=-0.000119779 0.00059568 0.00223426 -0.000605256 -0.00185911 0.00585762 -0.00278902 -0.0047369 0.0196162 0.000629714 -0.00391837 -0.00162384 -0.00276856 -0.000527379 0.00535112 0.00895643 -0.00203694 -0.0025979 0.00243943 0.00295131 0.00111806 0.00926162 0.000322916 0.0149563 -0.00108317 0.00121428 -0.00847627 0.00474794 -0.000884067 0.00598877
internal_weight=2633.35 2216.02 937.929 1278.09 906.251 96.547 809.704 516.126 23.3849 293.578 417.331 278.928 262.733 446.73 90.3516 75.2442 356.378 348.746 371.836 363.555 282.993 80.5617 178.069 14.9525 163.117 73.162 138.403 491.199 88.2971 402.902
internal_count=8577 6540 2690 3850 2772 329 2443 1616 91 827 2037 1287 1221 1358 282 232 1076 1056 1078 1053 811 242 823 52 771 238 750 1332 232 1100
is_linear=0
shrinkage=0.03


Tree=210
num_leaves=31
num_cat=0
split_feature=32 35 73 119 91 88 94 39 85 47 74 121 91 48 118 121 35 34 13 118 3 121 60 76 47 91 70 91 16 70
split_gain=7.09035 4.63976 4.76267 4.12344 4.85772 5.33245 3.96737 4.53399 3.96907 4.93702 6.62466 4.69735 3.99572 6.72132 4.75449 3.91195 4.79238 4.52685 4.46847 3.58788 5.6443 5.30623 3.7543 4.63969 4.5328 3.64159 5.65881 6.29675 5.00043 4.12879
threshold=-0.35357142857142854 -0.69444444444444431 0.6515151515151516 -0.44804365494020665 -0.035906928525569974 1.297058823529412 0.16644325290437897 1.0000000180025095e-35 -0.09090909090909087 1480.3393823431045 2.5313725490196082 0.83630952380952406 0.14814646464646467 21.393127528591894 -0.24965373961218834 1.8535714285714289 -1.0863095238095235 1.0773809523809528 0.07417582417582419 -0.0024999999999999875 0.91287878787878796 -0.28571428571428581 2.4567227429466034 0.46410256410256417 1499.9995269338024 1.0000000180025095e-35 0.82575757575757591 -0.2213739004373679 0.75961538461538469 0.82575757575757591
decision_type=2 2 2 2 2 2 2 2 2 2 2 2 2 2 2 2 2 2 2 2 2 2 2 2 2 2 2 2 2 2
left_child=1 2 -1 -4 -5 -6 19 8 9 10 -8 -11 14 -14 -10 18 -17 -18 -9 20 21 -2 24 -24 -22 26 27 -21 -28 -27
right_child=6 -3 3 4 5 -7 7 15 12 11 -12 -13 13 -15 -16 16 17 -19 -20 25 22 -23 23 -25 -26 29 28 -29 -30 -31
leaf_value=0.013658768268558477 0.0071772981393131942 -0.0014805773474522443 -0.013630599094729112 -0.012310750143392796 -0.0046927117023469441 0.025258729918747388 -0.022580658313268664 -0.015510455718919966 0.0052393178428552919 0.01455373477304845 0.0004437344512169207 0.0024106957657277664 0.020612043674537808 -0.011271324877405562 0.017572519526689184 0.02651004338341215 0.013186195048688102 -0.0091659521240768892 -0.00048548746861544478 0.0020680817706701573 -0.0023225277497825846 -0.012852869503768067 0.0031863483010611563 -0.0032080087659188856 0.023368787537477557 -0.009903386233321456 4.5133002813903342e-05 0.01599424340888787 0.020066661212340318 0.00050429841185653784
leaf_weight=7.6329658329486838 13.674415558576582 698.85496610403061 73.07972015440464 18.074366465210915 11.324171230196955 8.5272762328386289 11.711795598268507 18.687965229153633 60.456564828753471 42.101974651217461 95.407318964600563 89.571646079421043 7.5268161445856121 18.621304497122765 55.356206133961678 8.8637722432613355 15.646060928702356 14.920811384916304 193.70539811253548 63.243380218744278 11.402586013078691 64.149962618947029 147.97291457653046 322.35262796282768 11.636544555425642 43.327988028526306 280.38078801333904 54.817585021257401 10.709123983979223 149.3365890532732
leaf_count=34 52 2468 313 56 38 35 28 53 206 135 310 273 26 51 183 35 55 46 580 197 33 198 473 994 41 129 858 182 35 460
internal_value=-0.000105436 -0.00242278 -0.00788912 -0.00950629 -0.00133605 0.00862353 0.000942863 0.00285591 0.00491752 0.0025204 -0.00223144 0.00639641 0.0088829 -0.00156191 0.01126 -0.000256457 0.00828722 0.00223553 -0.00188805 -8.78054e-05 -0.00179169 -0.00924893 -0.000592969 -0.00118737 0.0109611 0.00152468 0.00312637 0.00863944 0.000858169 -0.00185983
internal_weight=2623.08 817.493 118.638 111.006 37.9258 19.8514 1805.58 632.578 380.754 238.793 107.119 131.674 141.961 26.1481 115.813 251.824 39.4306 30.5669 212.393 1173 571.189 77.8244 493.365 470.326 23.0391 601.815 409.151 118.061 291.09 192.665
internal_count=8577 2944 476 442 129 73 5633 1981 1212 746 338 408 466 77 389 769 136 101 633 3652 1791 250 1541 1467 74 1861 1272 379 893 589
is_linear=0
shrinkage=0.03


Tree=211
num_leaves=31
num_cat=0
split_feature=57 83 83 23 10 32 91 63 61 37 3 31 2 121 72 31 121 93 33 60 58 73 83 73 76 16 91 117 57 72
split_gain=2.93194 5.1449 3.69828 3.46235 4.00912 5.5918 5.84218 4.70749 4.60643 4.06192 3.80933 9.03186 6.75592 7.1065 7.00055 6.51869 5.0955 4.89553 4.5279 4.25576 4.22203 3.95834 3.59924 3.56365 3.38752 2.75625 1.62467 0.657905 0.427435 0.416169
threshold=0.39028324154209287 0.16161616161616169 -0.57359307359307354 0.39523809523809533 0.26969696969696971 -1.3363095238095235 1.0800420875420877 2.4522727272727276 6.6560834372730202 -1.4999999999999998 0.87083333333333346 1.6458333333333337 -1.5280303030303028 -0.57142857142857117 1.6515151515151518 1.9375000000000002 -1.232142857142857 -0.53082706766917276 0.3535714285714287 3.0377492877492882 0.22698729654103336 1.2111111111111115 -0.1212121212121212 0.72077922077922085 0.42481203007518803 0.087121212121212141 -1.0000000180025095e-35 -0.28257575757575748 0.32345248474280736 1.4772727272727275
decision_type=2 2 2 2 2 2 2 2 2 2 2 2 2 2 2 2 2 2 2 2 2 2 2 2 2 2 2 2 2 2
left_child=1 2 -1 10 9 6 22 8 -7 -5 11 17 16 14 -14 -15 19 -2 -19 -12 -18 23 -6 -13 -4 28 -26 -27 -3 -11
right_child=3 25 24 4 5 7 -8 -9 -10 29 12 21 13 15 -16 -17 20 18 -20 -21 -22 -23 -24 -25 26 27 -28 -29 -30 -31
leaf_value=-0.015040097335424499 -0.014667103495154271 -0.0077514106188203676 -0.0042137143156554049 0.0041289778894950131 0.00022627245111592542 0.011863530073761321 0.013283502206838022 -0.017269821516746425 -0.01245121218749828 -0.013361670889839179 0.0082396863444868344 -0.018466622494266997 -0.00033818860666363085 -4.2459682928437632e-05 -0.012116299390554738 0.0065527127333264087 0.00028147564737033892 0.0025897790558609204 0.010190986046192951 -0.020420874155997585 0.026548026597298342 -0.022010240000181033 -0.022353871835585654 0.0074766172822002428 0.0042256311314428892 -0.011094144400404874 0.02486608384132033 -0.02639138949123299 0.0010031083720599861 -0.027495954550917325
leaf_weight=7.0884745419025412 9.6839270293712598 13.457068249583246 11.106473669409754 6.5499305278062847 8.4156645089387911 40.131122589111328 6.6068634465336791 6.8098469227552405 7.4871039986610404 7.9207781106233623 14.779003828763964 6.2666623443365124 100.19813191890717 1894.0538014173508 82.994913250207901 144.15335328876972 7.8666264861822155 160.32273694872856 128.2954590767622 5.6163967847824088 19.583034351468086 14.75140894949436 21.815826341509819 12.761000663042067 6.7316457629203788 7.2957650274038341 8.5718479603528959 10.940761014819143 6.5137637853622428 9.8577330410480482
leaf_count=25 30 41 36 19 29 111 23 25 23 25 45 23 297 5902 274 422 24 451 349 25 50 49 77 39 20 27 23 40 22 31
internal_value=0.000212091 -0.00573094 0.00275435 0.000372096 -0.0046829 -0.00169547 -0.0105936 0.00435539 0.0078013 -0.0152622 0.00059959 0.00359594 0.000158392 -8.29044e-05 -0.00572731 0.000425501 0.0111953 0.00527472 0.00600252 -9.80848e-05 0.0194004 -0.0108685 -0.0161661 -0.00141329 0.00801432 -0.0131275 0.0167869 -0.0213223 -0.00484127 -0.0224054
internal_weight=2788.63 71.7058 33.4984 2716.92 115.595 91.2664 36.8384 54.4281 47.6182 24.3284 2601.33 332.081 2269.25 2221.4 183.193 2038.21 47.8451 298.302 288.618 20.3954 27.4497 33.7791 30.2315 19.0277 26.41 38.2074 15.3035 18.2365 19.9708 17.7785
internal_count=8577 234 104 8343 363 288 129 159 134 75 7980 941 7039 6895 571 6324 144 830 800 70 74 111 106 62 79 130 43 67 63 56
is_linear=0
shrinkage=0.03


Tree=212
num_leaves=31
num_cat=0
split_feature=116 46 36 32 59 8 93 117 85 65 116 71 83 55 5 74 17 117 93 64 23 83 45 116 91 58 42 97 67 58
split_gain=7.64989 5.38347 5.43306 5.12202 4.97748 4.68762 4.61848 5.34276 4.61663 4.54221 4.42698 4.26021 4.25752 3.88587 5.75809 5.0522 4.72608 4.17519 3.8728 3.79617 3.77442 3.69544 3.50392 3.43305 3.40034 3.67136 3.31443 2.5262 2.48331 1.84721
threshold=0.50000000000000011 1421.3706810725459 1.5000000000000002 -1.5773809523809521 0.3409898875698763 1.190277777777778 0.37717803030303038 -0.62361111111111101 -1.0410353535353531 1.0250000000000001 0.34999999999999998 1.5634920634920637 0.10000000000000005 0.29166666666666669 -0.33333333333333331 3.2426470588235299 0.071428571428571494 0.48452380952380958 -0.80822185061315477 2.3416666666666672 -0.34935897435897428 0.25263625263625272 1.5000000000000002 -1.0000000180025095e-35 0.41059351276742601 0.23786001203428148 1.0000000180025095e-35 0.077707507153719366 2.7071428571428577 0.19652889245585878
decision_type=2 2 2 2 2 2 2 2 2 2 2 2 2 2 2 2 2 2 2 2 2 2 2 2 2 2 2 2 2 2
left_child=1 13 3 9 5 22 10 -8 12 11 -5 -3 -4 14 15 17 23 -1 -10 -17 29 -20 24 -16 25 -2 -18 -14 -11 -6
right_child=4 2 8 6 20 -7 7 -9 18 28 -12 -13 27 -15 16 19 26 -19 21 -21 -22 -23 -24 -25 -26 -27 -28 -29 -30 -31
leaf_value=0.0042347498206044814 6.7694928326419214e-05 0.025441786058255592 0.022625952817125528 0.00025991031817506873 -0.012239462421266402 0.019482874006927869 0.0014130204967950806 -0.0095719981933029517 0.012018905315039257 0.0031113116897491426 0.0059236340811951527 0.007335146365189487 0.0061043973254682436 0.019796203989434765 0.010665643021874548 -0.015665923209669908 -0.014823292411974673 0.022600629540829701 -0.010954328963574905 0.0077438334960005179 -0.022253782586661053 -0.0028634691371637057 0.014237752165318467 -0.0074428317872214768 0.012703210502493168 -0.0070429192171190796 0.0061081135907046207 -0.017163922436506187 -0.013360592576531686 0.0093840486220923211
leaf_weight=19.169399976730347 95.558257170021534 15.004184126853941 9.4520098119974154 1455.9960958361626 6.0045978426933271 7.105335295200347 71.743603430688381 86.857429519295692 9.8084672093391401 38.783783569931984 134.96932326257229 52.491850733757019 11.682307109236719 15.138388425111769 29.307755962014198 8.8679252862930316 26.169334575533867 29.391682267189026 90.212342970073223 15.872244149446486 21.683184117078781 120.00262923538685 8.5866697281599027 12.642870157957075 9.3815666586160642 200.08012598752975 8.2267638146877271 5.2498549073934546 9.3791608363389951 6.1689974963665009
leaf_count=51 444 39 30 4253 25 22 285 296 26 107 471 140 38 40 78 23 69 78 309 41 114 391 37 36 38 1002 22 20 25 27
internal_value=-0.000118535 0.000519285 0.000109093 0.000664224 -0.00421188 -0.00301937 0.000256453 -0.00460638 -0.00406664 0.00675176 0.000745695 0.0117167 0.00754569 0.00572518 0.00415989 0.0101122 -0.00157306 0.015643 -0.00550055 -0.000813293 -0.0150113 -0.00638524 -0.00359904 0.00509213 -0.00415586 -0.00474198 -0.00970109 -0.00149754 -0.000241889 -0.00117343
internal_weight=2630.99 2276.42 2111.63 1865.23 354.569 320.712 1749.57 158.601 246.408 115.659 1590.97 67.496 26.3842 164.786 149.648 73.3013 76.3467 48.5611 220.023 24.7402 33.8568 210.215 313.607 41.9506 305.02 295.638 34.3961 16.9322 48.1629 12.1736
internal_count=8577 6868 6430 5616 1709 1543 5305 581 814 311 4724 179 88 438 398 193 205 129 726 64 166 700 1521 114 1484 1446 91 58 132 52
is_linear=0
shrinkage=0.03


Tree=213
num_leaves=31
num_cat=0
split_feature=119 46 56 18 78 64 41 119 26 22 7 71 84 53 69 64 62 22 34 38 49 82 117 118 62 75 27 27 12 60
split_gain=6.78219 5.01074 5.2351 5.22293 5.10422 4.54661 5.58217 5.33826 4.07134 3.99526 3.90976 4.57466 3.81583 6.0863 4.75008 3.72725 3.64018 3.64079 4.89064 5.63989 4.15518 3.6242 3.41788 3.95427 4.86537 3.83435 3.33977 3.07484 2.87574 2.86513
threshold=-0.79099462365591389 1509.4445756156063 0.22500000000000003 0.48333333333333339 0.53589743589743599 1.1937500000000003 2.5000000000000004 0.50000000000000022 1.5000000000000004 0.24038461538461542 0.34848484848484856 0.78888888888888908 -0.5527777777777777 2.6333333333333337 1.2613636363636365 2.2071428571428577 3.1339285714285716 0.13809523809523813 2.1464285714285718 1.0000000180025095e-35 0.56641907694264748 -0.39999999999999997 0.84807692307692328 -0.77152777777777759 1.0954545454545457 3.3717105263157898 0.73214285714285732 0.93750000000000011 0.19090909090909094 3.1176944971537006
decision_type=2 2 2 2 2 2 2 2 2 2 2 2 2 2 2 2 2 2 2 2 2 2 2 2 2 2 2 2 2 2
left_child=10 2 4 21 8 7 -7 -6 15 -10 29 -12 13 -5 -14 -2 17 18 20 -20 -3 -4 23 24 -13 -25 -19 -28 -23 -1
right_child=1 16 3 12 5 6 -8 -9 9 -11 11 22 14 -15 -16 -17 -18 26 19 -21 -22 28 -24 25 -26 -27 27 -29 -30 -31
leaf_value=0.023552604078459844 -0.0026718441206800463 0.00063057926432932669 0.004907308573678929 -0.0036254643391244253 0.0162714689600802 0.00066244284970685312 0.018651718501503985 -0.007349149762026286 0.025548410628470481 0.0019681253151276673 0.016949786155999871 -0.0023375105332479047 0.006277749703789237 0.023533302522984908 -0.0093065473251954176 0.0068752075491764538 0.018087094723473401 -0.010346234707545256 -0.0024779279339518273 0.024078848328350749 -0.0075844320205127359 -0.01973599038104704 -0.0097002247115356779 -0.0020305283736961168 0.026251826790387549 -0.011715811043902079 0.013401971543272896 0.0027664152459059956 -0.007945915716408047 -0.0028562254052912558
leaf_weight=6.8820184171199781 563.59850783646107 133.01029442250729 14.421336293220518 14.741414964199068 39.346937879920006 300.81559546291828 15.408040091395376 10.119266182184218 8.2583461701869982 23.188883885741234 7.6017580777406684 12.789571546018125 27.36541984975338 13.213125586509703 45.136935755610466 38.268529698252678 11.597384661436079 15.865928113460539 14.158491671085359 12.938553676009176 93.097696051001549 24.428659275174141 103.43399925529957 156.37396481633186 7.8486347198486319 47.830200791358948 24.571965783834457 738.42722530663013 90.115510195493698 6.2630389034748077
leaf_count=25 1798 416 48 45 135 975 53 27 29 70 29 62 90 47 133 139 43 44 42 45 263 70 448 612 40 198 79 2277 275 20
internal_value=-0.000102629 0.000494837 -0.000801762 -0.00487831 0.000135363 0.00295552 0.00160446 0.0113301 -0.00149042 0.00884953 -0.00399092 -0.00463614 0.000227755 0.00947733 -0.00337819 -0.00204944 0.00202315 0.0018224 -0.00129073 0.0105016 -0.00275716 -0.00884988 -0.00519506 -0.0030755 0.00910702 -0.00435974 0.00283867 0.00312995 -0.0106354 0.0114455
internal_weight=2621.12 2272.09 1228.43 229.422 999.004 365.69 316.224 49.4662 633.314 31.4472 349.023 335.878 100.457 27.9545 72.5024 601.867 1043.67 1032.07 253.205 27.097 226.108 128.966 328.276 224.842 20.6382 204.204 778.865 762.999 114.544 13.1451
internal_count=8577 7143 3934 708 3226 1190 1028 162 2036 99 1434 1389 315 92 223 1937 3209 3166 766 87 679 393 1360 912 102 810 2400 2356 345 45
is_linear=0
shrinkage=0.03


Tree=214
num_leaves=27
num_cat=0
split_feature=53 67 48 89 31 57 70 84 27 57 25 84 57 84 22 69 121 23 51 66 22 1 23 10 75 78
split_gain=2.88008 6.13009 5.34656 3.75792 3.32519 2.88189 4.06319 4.00022 6.41048 6.07405 5.88047 5.73129 5.39487 4.82473 7.68578 4.11232 4.07917 3.55859 5.83302 4.89553 2.96445 2.94354 2.43402 2.11979 0.759078 0.09328
threshold=5.1250000000000009 1.6306818181818186 -22.718422461457518 1.0250000000000001 0.76388888888888895 0.39028324154209287 0.31666666666666671 0.67171717171717193 0.73214285714285732 0.44766973748267991 1.8333333333333337 1.341666666666667 0.41759482052935787 0.29999999999999999 0.34523809523809529 0.5634920634920636 0.69821428571428579 0.39523809523809533 0.63333333333333341 0.58571428571428574 0.51666666666666672 1.6547619047619049 0.24603174603174607 0.29285714285714287 3.5477272727272733 0.54195804195804198
decision_type=2 2 2 2 2 2 2 2 2 2 2 2 2 2 2 2 2 2 2 2 2 2 2 2 2 2
left_child=5 2 -2 -3 -4 6 -1 13 10 12 11 -9 -10 17 15 -15 -16 19 -19 -7 22 -11 23 -8 -5 -12
right_child=1 3 4 24 -6 7 20 8 9 21 25 -13 -14 14 16 -17 -18 18 -20 -21 -22 -23 -24 -25 -26 -27
leaf_value=0.01353925999092786 0.021542402513866951 0.0039503130060882614 0.0055541960933862579 -0.024763700160274023 -0.019534455367976378 0.0083767530958186332 -0.0068628017351918934 0.0066417902986000482 0.016599980905046888 0.026544308850429191 -0.024290475581711161 -0.015459572377696395 -0.0014082289733801043 0.012876579765844385 -0.022763982765384563 -0.0022115761466330436 -0.0062137779992725573 -0.010159742701959859 0.0053553544606622277 0.00062581398543615999 0.0099213208591714622 0.0066057231170703317 0.0063337210936224653 -0.019754111918511816 -0.0084548995836130156 -0.011779403477392522
leaf_weight=7.8409249335527411 8.8754901289939898 6.1263655275106457 9.5959917083382624 16.949311800301079 7.6173503622412673 75.156188577413559 29.957111209630966 50.264566451311111 21.098253905773163 21.70159500837326 6.3856181353330594 12.272777691483496 45.222717851400375 16.808241814374924 23.298964411020279 183.14624036848545 33.881843045353889 63.953209713101387 31.783912405371666 2060.0277931690216 6.3672372698783866 11.254534065723417 6.16588170826435 20.954706877470016 5.3653942421078673 5.9310800135135651
leaf_count=24 22 21 33 70 31 205 98 143 58 54 22 39 134 48 75 572 120 207 92 6324 19 31 17 75 23 20
internal_value=0.000208053 -0.00655323 0.00381186 -0.0159695 -0.00584643 0.000346377 -0.00556083 0.000507711 0.00489085 0.00985556 -0.0016973 0.00208219 0.00443752 0.000197902 -0.00368347 -0.000870566 -0.0132843 0.000648062 -0.00497574 0.000903837 -0.00814135 0.0202187 -0.0103441 -0.0125048 -0.0215019 -0.0198281
internal_weight=2788 54.5299 26.0888 28.4411 17.2133 2733.47 71.2859 2662.19 174.131 99.2771 74.854 62.5373 66.321 2488.06 257.135 199.954 57.1808 2230.92 95.7371 2135.18 63.4449 32.9561 57.0777 50.9118 22.3147 12.3167
internal_count=8577 200 86 114 64 8377 233 8144 501 277 224 182 192 7643 815 620 195 6828 299 6529 209 85 190 173 93 42
is_linear=0
shrinkage=0.03


Tree=215
num_leaves=31
num_cat=0
split_feature=121 82 7 85 2 82 84 53 40 73 23 32 68 93 88 73 17 72 19 91 3 121 43 58 67 67 5 63 34 7
split_gain=7.41423 6.06623 5.72599 4.94985 7.05001 8.02606 5.2116 4.66085 5.27168 5.25384 4.75338 4.64185 5.84487 4.91973 4.87626 4.74887 4.71466 4.63214 4.47384 7.82006 5.32767 4.27388 4.13096 4.479 4.0968 6.51511 4.06453 3.75496 3.44194 3.22454
threshold=0.66369047619047639 0.67866161616161624 2.2583333333333337 -1.0410353535353531 0.1333333333333335 0.90138888888888902 -0.070707070707070538 2.5500000000000003 3.5000000000000004 1.8944444444444446 0.37321428571428578 -0.28174603174603163 1.5505050505050508 -0.53857323232323229 0.86190476190476206 2.0954545454545461 0.13076923076923083 1.2792207792207795 0.51666666666666672 -0.50527777777777771 0.70714285714285718 1.2440476190476193 1.5000000000000002 0.19879408666594023 2.2361111111111116 2.477272727272728 0.19999999999999987 1.6282894736842108 0.08928571428571426 0.83974358974358987
decision_type=2 2 2 2 2 2 2 2 2 2 2 2 2 2 2 2 2 2 2 2 2 2 2 2 2 2 2 2 2 2
left_child=1 7 3 4 17 6 -6 10 9 28 18 14 13 -13 -5 -16 -14 -2 20 -20 -1 -19 23 -3 27 -26 -11 -25 -9 -12
right_child=2 22 -4 11 5 -7 -8 8 -10 26 29 12 16 -15 15 -17 -18 21 19 -21 -22 -23 -24 24 25 -27 -28 -29 -30 -31
leaf_value=-0.010546166608507318 -0.02185003600743322 0.0054077642178592088 -0.01329030154105924 0.021816187016042012 -0.0023826700229622423 0.027883897689115662 0.015322047540556879 0.0007848130296499074 0.023762410163152385 -0.0062557232154197952 -0.0023859105169476372 0.0053699463288823827 0.0051404971665317406 -0.0058316288600684116 0.0023423213426913615 -0.018798092919656402 -0.014157825713662756 0.0053835858210887627 0.011907940054712272 -0.0037117852335740442 0.0031584297509503674 -0.020255895082521198 0.011971224696797757 -0.0038894232253872912 0.015073219411379044 -0.0040304917154929502 0.010433950892161394 -0.012489549380386881 0.0071127474434478487 0.011089159069765164
leaf_weight=26.413772061467171 10.717881888151167 48.720718890428543 39.693486042320728 9.6421019881963712 39.480385452508926 15.51476890593767 22.677153736352921 109.40826390683651 11.412108451128004 66.279593214392662 20.842791482806206 36.978545814752579 90.871077783405781 489.43343183398247 119.53153821825981 9.3781551122665388 11.975120946764944 27.162665992975235 30.445297852158546 343.04594856500626 361.28537185490131 6.3854315578937522 16.450598880648613 180.74263554811478 22.34770904481411 50.300178319215775 15.268179848790167 61.838922649621964 275.01985087990761 59.471742287278175
leaf_count=70 36 145 212 30 170 59 89 321 31 192 55 132 310 2119 365 35 34 82 97 990 1031 21 47 564 62 135 50 171 762 160
internal_value=-0.00011718 0.00105981 -0.00227111 -0.00176178 0.0038215 0.00923867 0.00416943 0.00202345 0.00438914 0.00385838 0.000674219 -0.0026562 -0.00375167 -0.00503038 0.00228879 0.000648405 0.00274987 -0.00561169 -5.82968e-05 -0.00240213 0.00219229 0 -0.00226995 -0.00295291 -0.00426761 0.00193027 -0.00300603 -0.00613636 0.00532631 0.00756895
internal_weight=2628.74 1699.29 929.442 889.748 121.938 77.6723 62.1575 1318.89 477.388 465.976 841.505 767.81 629.258 526.412 138.552 128.91 102.846 44.266 761.19 373.491 387.699 33.5481 380.401 363.95 315.229 72.6479 81.5478 242.582 384.428 80.3145
internal_count=8577 4883 3694 3482 457 318 259 3759 1356 1325 2403 3025 2595 2251 430 400 344 139 2188 1087 1101 103 1124 1077 932 197 242 735 1083 215
is_linear=0
shrinkage=0.03


Tree=216
num_leaves=31
num_cat=0
split_feature=5 51 2 32 6 32 35 8 94 71 85 58 90 22 11 15 2 59 32 67 59 92 0 76 96 75 93 63 85 5
split_gain=6.69921 5.72093 7.03353 7.67571 5.18578 4.01869 3.98595 6.05114 3.9356 4.66598 5.01316 4.32587 3.822 5.08663 4.45242 4.10502 3.8623 5.98958 5.42565 3.80251 3.72442 3.54555 4.89298 3.40539 3.22568 3.09116 2.89418 3.17423 2.45983 2.35096
threshold=-0.86282051282051253 0.63333333333333341 0.78093434343434365 1.0773809523809528 0.86190476190476206 -0.72718253968253954 -0.14285714285714271 0.66666666666666696 0.47347627426630706 0.80909090909090919 0.66666666666666696 0.25993331787721219 0.31020833333333336 0.14835164835164838 -0.14642857142857141 0.24038461538461542 1.4696969696969699 0.29664019046446238 1.223214285714286 2.3484848484848491 0.32979349923564649 -0.19047619047619022 2.577380952380953 0.41421568627450983 0.15643993247833052 3.7434210526315792 -0.53082706766917276 1.4472222222222224 -0.50252525252525226 0.26666666666666672
decision_type=2 2 2 2 2 2 2 2 2 2 2 2 2 2 2 2 2 2 2 2 2 2 2 2 2 2 2 2 2 2
left_child=4 12 8 -4 5 -1 23 26 9 11 -11 -3 16 21 -15 -16 19 -18 -19 20 -2 22 -14 24 -6 -21 -8 -28 -9 -23
right_child=1 2 3 -5 6 -7 7 28 -10 10 -12 -13 13 14 15 -17 17 18 -20 25 -22 29 -24 -25 -26 -27 27 -29 -30 -31
leaf_value=-0.0036623623194885413 0.00016060804798822368 -0.015791316134795647 0.028516116453803614 -0.0061040238154386091 -0.0059983261811318101 0.022304853094142579 -0.0086280161443541021 0.0060161672460380209 -0.016536488346485127 -0.00038039563245428665 -0.020792618507271175 -0.0024155425027419463 0.0040230910441341732 0.020563041258989421 0.0071344812509726331 0.00086179886341109348 -0.022542765374812809 -0.018087750833468461 0.013001669476379051 -0.0029972256870848596 0.0044814299270569766 -0.0012121903223024167 -0.014231000037168571 -0.010982586826365083 0.019115435632004286 -0.019273057166888256 -0.0055774030016843617 0.01082198815817266 -0.0141241509816679 -0.015945971591487189
leaf_weight=9.6922428756952304 1063.5986213386059 42.095165833830833 12.157571196556093 9.5192214101552945 12.311488658189775 9.9754665791988355 12.35686646401882 5.7290230840444556 19.168742924928665 299.24045433104038 10.254492849111555 46.075439095497131 89.087090969085693 15.053740277886389 209.82355892658234 172.01512245833874 15.780124247074125 6.9328219592571285 12.855821430683134 49.239678576588631 215.44183461368084 19.076551035046577 14.46220290660858 120.53062301874161 6.0031290650367728 12.780645936727522 13.09507569670677 42.470240339636803 31.871244139969349 20.425660774111748
leaf_count=34 3321 121 43 28 46 36 57 28 53 1033 33 144 278 52 716 512 39 18 41 177 681 61 40 492 26 38 45 179 150 55
internal_value=-0.000100133 0.000407418 -0.00267795 0.0135819 -0.00462304 0.00980502 -0.00583173 -0.00138204 -0.00356118 -0.00288829 -0.00113116 -0.00894064 0.00111594 0.00325307 0.00499968 0.00432616 0.000273781 -0.00934154 0.00161924 0.000537813 0.000893684 -0.00157307 0.00133321 -0.00915798 0.00264159 -0.00665142 0.00392584 0.00687383 -0.0109014 -0.00911036
internal_weight=2619.12 2355.08 438.511 21.6768 264.035 19.6677 244.368 105.522 416.834 397.666 309.495 88.1706 1916.57 539.944 396.892 381.839 1376.63 35.5688 19.7886 1341.06 1279.04 143.052 103.549 138.845 18.3146 62.0203 67.9222 55.5653 37.6003 39.5022
internal_count=8577 7484 1455 71 1093 70 1023 459 1384 1331 1066 265 6029 1714 1280 1228 4315 98 59 4217 4002 434 318 564 72 215 281 224 178 116
is_linear=0
shrinkage=0.03


Tree=217
num_leaves=22
num_cat=0
split_feature=14 5 119 72 21 53 118 90 94 121 83 57 70 85 119 69 21 61 10 59 118
split_gain=2.95186 4.48268 3.75673 5.10045 3.96322 3.86703 3.83236 3.25455 3.38698 5.17264 3.3975 3.23698 4.28312 3.63482 5.21402 3.81739 3.10101 2.13042 1.91037 1.35845 0.385903
threshold=0.23205128205128209 -1.4128787878787876 1.3432551968155688 0.84523809523809534 0.095454545454545472 2.2250000000000005 -0.010000000000000014 1.4780068175288763 0.8795118001630301 1.8535714285714289 0.51650432900432919 0.39028324154209287 0.59166666666666679 -1.9857142857142853 0.55642633228840122 2.3484848484848491 0.25833333333333336 5.8763332563158359 0.29285714285714287 0.31469090015415896 -0.79985457063711873
decision_type=2 2 2 2 2 2 2 2 2 2 2 2 2 2 2 2 2 2 2 2 2
left_child=7 17 3 16 6 -6 -5 8 11 10 19 12 -1 14 -13 -15 -3 -2 -14 -10 -9
right_child=1 2 -4 4 5 -7 -8 20 9 -11 -12 13 18 15 -16 -17 -18 -19 -20 -21 -22
leaf_value=0.010784807988462479 -0.019858739413393667 0.0024102683413128028 0.022048617926489291 0.0047348858176790264 0.0089505423042215218 0.0004312933880287443 -0.014975221525409669 -0.0067743468661950867 0.010911253775576838 -0.014011758978866681 -0.0012200676253577012 0.016618596807235795 -0.0057501138315745933 5.5054984741433719e-05 -0.0090708285837095681 -0.0077243899451201791 -0.022878661511201024 0.001160050039045723 -0.018336217407084115 0.032679885782155041 -0.021261519977732946
leaf_weight=9.1860917806625348 9.8246298581361788 6.9065522104501751 9.1217462792992574 17.03016708791256 135.74622681736946 75.184065833687782 16.440797358751297 5.0366254225373268 6.3374588936567369 5.1816714704036704 6.0069924294948569 24.724291607737541 32.088026940822601 2314.8505664244294 8.9256457760930044 57.181816458702087 9.3462853133678419 6.6406297534704199 17.665937930345535 8.19972415268421 5.707465894520281
leaf_count=26 39 20 27 51 374 223 54 30 21 30 23 64 105 7085 35 202 33 21 62 23 29
internal_value=0.000205261 0.00308598 0.00403478 0.00331105 0.00441726 0.00594446 -0.00501318 -0.000124329 -4.88001e-05 0.0105719 0.0172742 -0.000165118 -0.0070515 5.21377e-06 0.00965277 -0.000134393 -0.0124416 -0.0116288 -0.0105513 0.024696 -0.0158808
internal_weight=2787.33 286.241 269.776 260.654 244.401 210.93 33.471 2501.09 2490.35 25.7258 20.5442 2464.62 58.9401 2405.68 33.6499 2372.03 16.2528 16.4653 49.754 14.5372 10.7441
internal_count=8577 842 782 755 702 597 105 7735 7676 97 67 7579 193 7386 99 7287 53 60 167 44 59
is_linear=0
shrinkage=0.03


Tree=218
num_leaves=31
num_cat=0
split_feature=49 46 19 29 95 11 70 89 63 29 35 116 60 23 75 23 89 77 60 56 58 32 62 66 33 53 33 85 70 47
split_gain=7.1106 4.73817 5.27218 6.42183 7.97336 5.81067 5.66646 5.65782 5.53043 4.61062 4.56706 4.80931 5.95467 6.79442 4.73231 7.14547 5.74114 4.71621 4.63165 4.45892 8.13957 5.15122 3.99927 4.42729 5.77791 3.98548 3.87893 6.53409 5.51051 4.11878
threshold=0.57490826711301735 1421.3706810725459 0.48333333333333339 -0.23214285714285712 0.68821206886733355 -0.47916666666666657 1.1909090909090911 1.8535714285714289 2.9750000000000005 0.76964285714285718 2.0922619047619051 0.95000000000000007 3.175397023364098 -0.069047619047619038 2.1464285714285718 0.022222222222222216 1.3141447368421055 0.52786377708978338 3.2120732642884544 1.0000000180025095e-35 0.24816847359381713 -1.4613095238095235 0.94868421052631591 0.52272727272727282 0.038690476190476199 3.7083333333333335 0.30654761904761912 -0.30303030303030304 0.95833333333333337 1567.8138632030812
decision_type=2 2 2 2 2 2 2 2 2 2 2 2 2 2 2 2 2 2 2 2 2 2 2 2 2 2 2 2 2 2
left_child=1 22 3 4 5 -3 -6 9 19 -5 11 12 14 18 15 -2 -16 -13 -14 21 -21 -4 23 -1 -25 -26 27 -24 -28 -30
right_child=10 2 8 7 6 -7 -8 -9 -10 -11 -12 17 13 -15 16 -17 -18 -19 -20 20 -22 -23 26 24 25 -27 28 -29 29 -31
leaf_value=-0.0040464471778046034 0.015205812210250772 0.021190182974286261 0.0039611085392886446 -0.0015268521595428711 -0.017883046758771424 0.0048882832371714086 0.0061726110040555109 -0.01330100407859346 0.0099864449625524862 0.0060098840957608412 -0.016015426948355806 -0.015887626010268271 0.0078054186034282429 0.018101982413567752 -0.012847952030156802 -0.015874826896907088 -0.0019303487166089394 0.00036655436396822606 -0.018681450042965418 -0.0056612309575067256 0.0081562984821984628 -0.0030111441942104974 -0.0052707219366633414 -0.0044249134469473731 0.021297673130352104 0.0028707905997295384 -0.016262162187337805 0.022877934199413155 0.010581755634509653 -0.013705146428318354
leaf_weight=16.352024748921394 25.071151986718178 20.052843332290649 105.6465480774641 301.34905190765858 22.219146281480789 374.01198260486126 13.314411416649817 28.614554449915886 37.926652610301971 95.276042595505714 24.673013262450695 43.637570701539516 12.385426111519338 26.760310627520084 56.401590265333652 7.95809781551361 182.9836520627141 24.475559033453465 9.6474461182951909 59.60750288516283 103.22136391699314 885.52014856040478 13.762623071670534 13.458820179104803 44.337412416934967 14.736160099506376 20.312769666314125 14.067211449146269 21.0573964715004 7.7601384222507468
leaf_count=44 104 53 285 897 56 1026 36 101 105 305 125 311 55 105 253 30 841 159 54 183 320 2731 37 38 115 39 54 39 56 20
internal_value=-0.000116828 0.000557629 0.000159762 0.00195769 0.00454114 0.00577697 -0.00886505 -0.000649723 -0.00112775 0.000286616 -0.00372137 -0.00289552 -0.00133558 0.00819562 -0.00307745 0.00738261 -0.00455787 -0.0100827 -0.00396958 -0.00150395 0.00307606 -0.00226172 0.00541951 0.00971874 0.0128757 0.0168753 0.000354698 0.00915361 -0.00465277 0.00370074
internal_weight=2626.6 2212.6 2046.76 854.838 429.598 394.065 35.5336 425.24 1191.92 396.625 413.994 389.321 321.208 48.7932 272.414 33.0292 239.385 68.1131 22.0329 1154 162.829 991.167 165.845 88.8844 72.5324 59.0736 76.9601 27.8298 49.1303 28.8175
internal_count=8577 6540 6098 2474 1171 1079 92 1303 3624 1202 2037 1912 1442 214 1228 134 1094 470 109 3519 503 3016 442 236 192 154 206 76 130 76
is_linear=0
shrinkage=0.03


Tree=219
num_leaves=31
num_cat=0
split_feature=5 121 6 70 70 69 21 48 97 0 68 121 34 71 66 59 71 73 61 27 0 69 95 8 82 59 83 53 68 82
split_gain=6.36777 5.57455 4.99566 4.37884 8.65671 5.26335 7.7117 5.07701 4.69245 4.35355 4.68447 4.22581 4.22291 4.16081 4.65749 5.37194 4.13034 4.09713 5.58343 6.86574 4.08724 4.16178 3.97938 5.5962 3.55885 3.51757 4.41823 3.82469 3.50165 3.48614
threshold=-0.86282051282051253 1.4136904761904765 0.86190476190476206 1.4494949494949496 1.8257575757575759 1.2613636363636365 1.0000000180025095e-35 50.255762742350733 0.017957919871329213 2.4083333333333337 0.63068181818181823 2.2182539682539688 0.48392857142857143 2.6125000000000003 2.9045454545454548 0.33078385492834167 1.3875000000000002 1.2613636363636365 6.3108265436897168 0.53571428571428581 2.577380952380953 0.31666666666666671 -0.20146098166780979 -0.47499999999999998 0.39696969696969708 0.3284141387952641 -0.19999999999999998 4.5833333333333348 1.2928571428571431 0.34393939393939393
decision_type=2 2 2 2 2 2 2 2 2 2 2 2 2 2 2 2 2 2 2 2 2 2 2 2 2 2 2 2 2 2
left_child=2 13 24 5 22 8 -7 -8 11 10 -6 -3 17 14 20 -16 -11 -4 19 -19 21 -2 -5 -24 -1 27 -27 -14 -29 -10
right_child=1 3 12 4 9 6 7 -9 29 16 -12 -13 25 -15 15 -17 -18 18 -20 -21 -22 -23 23 -25 -26 26 -28 28 -30 -31
leaf_value=0.023043232774595305 -0.010005515496387129 0.0031378231468508467 -0.005634120150424156 0.021830572589687919 -0.019888975173499444 -0.02092268853341735 0 0.012836206803681693 -7.2999626894661667e-05 0.013295159932022273 1.0258117074047823e-05 -0.014533534679493835 -0.012567050686671622 -0.011893321283350026 0.0019344925114253763 0.02356058500988301 -0.0052062574346725685 -0.0054669155334025601 -0.010120708790667886 0.02844657815675674 -0.012890392252250481 -1.3287031281346499e-05 0 0.018522183893144039 -0.0015461439014993726 0.01860326445022123 -0.0053915066501578485 0.021293191789797217 -0.0098326817943744423 -0.0193597951133763
leaf_weight=8.5891252458095568 37.341865137219429 70.826367929577827 43.932921901345253 32.676864638924599 11.917314663529394 8.5049344599246961 49.523065984249115 62.270561546087265 13.411065846681593 35.797603338956833 58.873640790581703 13.662361085414885 112.89670321345329 26.551530882716179 32.271054193377495 14.608540147542952 14.492603868246077 7.7229209840297761 9.2977175712585431 14.017317764461039 22.250135689973831 1767.848608314991 31.907624885439873 25.873318403959274 11.11069595813751 7.4318669885396949 36.912627562880516 5.2786257863044721 5.7331191450357437 23.301059067249298
leaf_count=31 122 216 194 120 33 21 144 200 40 143 194 36 464 87 99 50 49 28 35 65 61 5627 97 85 39 32 151 25 29 60
internal_value=-0.000100667 0.000393437 -0.00452039 0.00338058 0.00652264 0.000600408 0.00503577 0.0072052 -0.00378257 0.00122274 -0.00352827 0.000108582 -0.00571311 -0.000318321 -0.000146496 0.00908757 0.00790739 0.000172779 0.00840514 0.0165567 -0.00038986 -0.000227071 0.013493 0.00843567 0.00962518 -0.00833902 -0.000982389 -0.0109189 0.00536869 -0.0125826
internal_weight=2616.83 2353.91 262.924 453.038 211.539 241.499 120.299 111.794 121.201 121.081 70.791 84.4887 243.224 1900.87 1874.32 46.8796 50.2902 74.9709 31.038 21.7402 1827.44 1805.19 90.4578 57.7809 19.6998 168.253 44.3445 123.908 11.0117 36.7121
internal_count=8577 7484 1093 1438 721 717 365 344 352 419 227 252 1023 6046 5959 149 192 322 128 93 5810 5749 302 182 70 701 183 518 54 100
is_linear=0
shrinkage=0.03


Tree=220
num_leaves=20
num_cat=0
split_feature=18 118 90 38 46 49 61 93 96 90 12 37 36 75 92 93 121 117 47
split_gain=2.89195 4.71484 3.5711 3.90055 5.01384 9.25271 5.15678 4.75378 3.84744 6.55881 6.268 5.80153 4.64254 3.9773 3.95454 3.25685 3.03091 2.42552 0.220832
threshold=0.57738095238095244 -0.21999999999999989 1.4780068175288763 3.5000000000000004 1561.2719659132404 0.6858683596482702 6.3180664002468605 0.017391304347825879 -0.087484733560455011 -0.5805555555555556 0.53589743589743599 1.0000000180025095e-35 1.5000000000000002 3.8062500000000004 -0.097871376811594288 -0.25679172679172685 0.74404761904761918 -0.34285714285714269 1493.6762828687622
decision_type=2 2 2 2 2 2 2 2 2 2 2 2 2 2 2 2 2 2 2
left_child=2 -2 3 8 7 16 -7 -5 9 11 -11 -1 13 -10 -14 -3 -6 -17 -4
right_child=1 15 18 4 5 6 -8 -9 12 10 -12 -13 14 -15 -16 17 -18 -19 -20
leaf_value=-0.023585436091003574 0.0089298223509146884 8.2981135879126646e-05 -0.0080500520054198575 -0.018810840981600206 0.0028584916256193132 0.0090301953245104354 -0.019909257188947718 0.014231218511091605 0.00089409025262134393 -0.00051569196383235993 -0.02483915159892713 -0.00021044228194503736 0.018450211074965858 -0.0065710472861300702 0.004069912596501574 -0.0034140343407288659 0.024468980749977987 -0.026720706400045837 -0.0210801285706144
leaf_weight=20.830324664711952 10.598621994256971 10.346080139279367 5.0858595967292768 10.269064545631407 8.0210445374250394 10.664200864732267 9.5317282527685148 5.0307430624961844 1418.0318984687328 960.35837848484516 8.6393635123968107 17.493834123015404 18.810428991913795 66.218429818749428 151.83045376837254 6.3487999141216305 28.9051743298769 14.091711133718489 5.4782433658838272
leaf_count=73 31 30 30 38 24 47 47 16 4138 3120 32 54 54 218 441 21 83 52 28
internal_value=0.000204204 -0.00756951 0.000325202 0.00039648 0.00721897 0.0112898 -0.00478153 -0.00755566 0.000207115 -0.00125254 -0.000761031 -0.0132684 0.00109763 0.00055482 0.00577085 -0.0134462 0.020053 -0.0201185 -0.0163051
internal_weight=2786.58 41.3852 2745.2 2734.64 72.422 57.1221 20.1959 15.2998 2662.21 1007.32 968.998 38.3242 1654.89 1484.25 170.641 30.7866 36.9262 20.4405 10.5641
internal_count=8577 134 8443 8385 255 201 94 54 8130 3279 3152 127 4851 4356 495 103 107 73 58
is_linear=0
shrinkage=0.03


Tree=221
num_leaves=31
num_cat=0
split_feature=116 46 19 67 61 54 91 11 83 95 70 73 41 55 5 1 94 75 46 37 3 84 14 95 24 61 71 90 17 21
split_gain=6.81016 4.86641 5.46421 5.91288 5.6369 5.56531 4.88439 5.42079 4.37332 6.15372 4.17559 4.11484 3.88697 3.74039 5.42964 5.51484 5.45054 3.99812 3.70125 3.35714 3.28418 3.24084 4.86088 3.48965 5.40869 4.67357 5.73934 6.05909 4.90741 3.5843
threshold=0.50000000000000011 1421.3706810725459 0.48333333333333339 1.8944444444444446 5.6646935841241897 0.90000000000000013 1.0800420875420877 -0.47916666666666657 -0.13131313131313135 0.64658526592598553 1.3875000000000002 1.9545454545454548 1.5000000000000002 0.29166666666666669 -0.33333333333333331 1.3923076923076925 -0.46599723371456075 2.5857843137254908 1412.2851816452205 1.0000000180025095e-35 1.591666666666667 -1.259090909090909 -0.066666666666666666 -0.58560455103388442 1.1666666666666667 5.8304140474468626 0.72077922077922085 0.82349498327759219 0.13333333333333341 0.19090909090909094
decision_type=2 2 2 2 2 2 2 2 2 2 2 2 2 2 2 2 2 2 2 2 2 2 2 2 2 2 2 2 2 2
left_child=1 13 6 4 12 -6 7 -3 10 -10 -5 -9 -4 14 17 16 -16 -1 -19 -17 -8 22 -2 24 29 28 -27 -28 -25 -23
right_child=21 2 3 8 5 -7 20 11 9 -11 -12 -13 -14 -15 15 19 -18 18 -20 -21 -22 23 -24 25 -26 26 27 -29 -30 -31
leaf_value=0.023086657849263649 -0.0070257300182141802 0.015446585239196601 0.002199728242383884 -0.014540754642758899 -0.008371304320213227 -0.0018997570163187939 -0.021652736662027126 0.0026383072804282964 0.00064720621678738947 0.0099631176123464293 0.0035844725888981559 -0.0032840045728662714 -0.0077843950713228126 0.019246895365138385 -0.020527442206013255 -0.027123193814379356 0.0063646305395661587 0.00095082699681584915 0.017651190188342103 -0.0014442929421674472 0.00022804052894965799 0.030115644850522427 0.02241648524644264 -0.011316841971478555 -0.013317636671751251 -0.011324174523677613 0.0048040801690612152 -0.0095872806796553807 0.010115268955784171 0.00073195877673653642
leaf_weight=15.039566069841383 9.1145338863134402 26.089726567268372 226.04635035991669 26.984018161892891 214.66635493934155 273.70758803188801 12.05054993927479 737.28653918206692 320.69346302747726 78.991602897644043 18.420603454113007 121.91574922204018 40.461215831339359 15.12476786971092 6.7800372987985602 9.4531721025705355 51.192768052220345 41.893179267644882 16.024263277649879 8.8330011665821058 11.169704377651213 7.4347172975540179 9.1390112340450269 124.69505060464144 7.1538224816322318 45.523862600326538 96.658518828451633 35.006550639867783 9.5031111985445005 7.1857201904058456
leaf_count=39 42 68 705 69 683 919 33 2170 931 216 50 417 139 40 19 26 137 111 43 23 30 29 35 630 36 224 434 216 32 31
internal_value=-0.000115305 0.000484988 9.48501e-05 -0.00123211 -0.00284912 -0.00476177 0.00185023 0.00221441 0.00150389 0.00251611 -0.00720394 0.00179164 0.000649289 0.00544144 0.00390332 -0.00165989 0.00287392 0.0097027 0.00584347 -0.0155928 -0.0114287 -0.00399666 0.00795796 -0.00468247 0.00664869 -0.00550317 -0.00226103 0.000911728 -0.00971337 0.0168375
internal_weight=2624.24 2272.82 2108.48 1199.97 754.882 488.374 908.512 885.292 445.09 399.685 45.4046 859.202 266.508 164.341 149.216 76.259 57.9728 72.957 57.9174 18.2862 23.2203 351.415 18.2535 333.161 21.7743 311.387 177.189 131.665 134.198 14.6204
internal_count=8577 6868 6430 3712 2446 1602 2718 2655 1266 1147 119 2587 844 438 398 205 156 193 154 49 63 1709 77 1632 96 1536 874 650 662 60
is_linear=0
shrinkage=0.03


Tree=222
num_leaves=31
num_cat=0
split_feature=5 51 2 6 6 35 8 116 14 60 75 64 12 117 0 6 82 75 31 29 69 28 18 117 53 54 85 51 66 53
split_gain=6.08749 5.39463 6.72987 4.81711 4.64899 3.79179 5.76071 3.63482 5.27748 5.04203 4.64916 4.01987 3.70566 3.59684 3.51531 6.76374 3.40674 3.39662 3.35345 4.61239 4.15726 3.34653 3.33598 3.56697 3.10145 2.77221 2.38618 2.38148 2.14192 2.03283
threshold=-0.86282051282051253 0.63333333333333341 0.72902097902097907 0.86190476190476206 0.74166666666666681 -0.14285714285714271 0.66666666666666696 0.46153846153846168 0.48333333333333339 2.5029078613694002 3.0250000000000004 0.51470588235294124 0.43650793650793657 -0.39999999999999997 0.82575757575757591 1.7416666666666669 0.39696969696969708 2.2899159663865549 0.53571428571428581 -0.55357142857142838 0.95833333333333337 2.6904761904761911 0.40833333333333338 0.10000000000000005 1.2916666666666667 0.36666666666666675 -0.50252525252525226 0.63333333333333341 1.1180555555555558 4.1250000000000009
decision_type=2 2 2 2 2 2 2 2 2 2 2 2 2 2 2 2 2 2 2 2 2 2 2 2 2 2 2 2 2 2
left_child=3 7 18 16 -4 22 13 8 9 10 -2 -9 -11 -7 17 -16 -1 -13 24 20 -20 -21 23 -5 -3 -6 -8 -15 -26 -24
right_child=1 2 4 5 25 6 26 11 -10 12 -12 14 -14 27 15 -17 -18 -19 19 21 -22 -23 29 -25 28 -27 -28 -29 -30 -31
leaf_value=0.022513441858388904 0.0030155663785940792 0.0056858997701096595 -0.0078561171398608201 -0.01108182585281894 0.0060533533338606562 0.023420605286933911 0.0059725402754203091 -0.010309540373396514 0.020510940036760929 -0.00016975163074745665 0.019729450256793676 0.027736738297242818 -0.0060153527961036221 -0.0027594246817432976 0.0043641167265563319 -0.0057398395463408008 -0.0015107053432569472 0.0042362644724711794 -0.003670354917063876 -0.0042328190659588752 0.007095915781806331 -0.022899109736637384 -0.012605508321667158 0.011063438227418995 -0.0056370943922255615 0.030652032706546033 -0.013870843249076578 0.0094774803489136965 -0.019725135657470912 -0.00051830342960496132
leaf_weight=8.6437208503484744 187.78164003789425 7.9441642612218848 6.6874492466449764 10.871781721711161 8.457199767231943 6.5778675973415366 5.7381279394030562 18.395682513713837 10.444727569818495 1031.6145096570253 15.460931122303007 9.5080654025077838 106.96181705594063 40.676724344491959 454.0067275762558 67.503287434577942 11.094011276960371 13.394287824630736 59.331147238612175 226.69026416540146 68.097350433468819 8.1545049995183927 97.736669674515724 13.538680925965307 18.854002758860588 9.3608040511608106 31.319736979901791 20.700343430042267 24.015683621168137 15.03963280469179
leaf_count=31 584 26 19 37 26 24 28 53 35 3253 52 34 332 163 1452 192 39 42 224 726 249 24 400 56 60 35 150 94 66 71
internal_value=-9.95066e-05 0.000383003 -0.00261654 -0.00442968 0.0123281 -0.0056068 -0.00126324 0.00107097 0.000224697 4.93978e-05 0.00439207 0.00309499 -0.000726337 0.00388861 0.0035715 0.00304206 0.00944379 0.0148704 -0.00353798 -0.0024982 0.0020702 -0.00498803 -0.00887677 0.00103449 -0.0107018 0.020078 -0.0106432 0.00140534 -0.0138674 -0.0110387
internal_weight=2614.6 2352.66 437.593 261.937 24.5055 242.2 105.013 1915.07 1352.26 1341.82 203.243 562.808 1138.58 67.9549 544.412 521.51 19.7377 22.9024 413.087 362.273 127.428 234.845 137.187 24.4105 50.8139 17.818 37.0579 61.3771 42.8697 112.776
internal_count=8577 7484 1455 1093 80 1023 459 6029 4256 4221 636 1773 3585 281 1720 1644 70 76 1375 1223 473 750 564 93 152 61 178 257 126 471
is_linear=0
shrinkage=0.03


Tree=223
num_leaves=27
num_cat=0
split_feature=35 35 49 93 118 5 35 63 67 16 52 12 14 91 49 63 12 21 119 5 118 75 58 20 117 21
split_gain=2.88115 4.86179 7.89785 7.51717 4.63998 5.04041 4.37258 7.28988 8.24458 6.40914 5.53093 6.11711 4.66486 5.46988 6.40329 4.64794 8.17491 4.84104 4.25011 3.73849 3.69128 3.29188 2.70114 2.62112 2.3544 1.73302
threshold=-3.5178571428571423 -2.4910714285714279 0.57080879327902334 -0.24659722222222211 0.025000000000000033 -1.0000000180025095e-35 -1.2404761904761903 1.6961538461538463 1.5227272727272729 0.13809523809523813 0.63333333333333341 0.19090909090909094 0.23205128205128209 -0.37946570972886762 0.59602183262993724 2.0606617647058827 0.22649572649572652 0.39230769230769241 0.85211334569486064 -0.80833333333333313 -0.12000000000000008 2.897368421052632 0.20036496350364966 -0.045454545454545435 -0.383974358974359 0.24038461538461542
decision_type=2 2 2 2 2 2 2 2 2 2 2 2 2 2 2 2 2 2 2 2 2 2 2 2 2 2
left_child=22 2 3 19 5 -5 7 8 9 -3 11 -9 15 14 -14 17 -17 -8 -15 -2 -10 -4 25 -24 -6 -1
right_child=1 6 21 4 24 -7 12 10 20 -11 -12 -13 13 18 -16 16 -18 -19 -20 -21 -22 -23 23 -25 -26 -27
leaf_value=0.011491093126609656 0.0085760635055616083 -0.026314613570543596 -0.025344173102712045 0.014405117935307949 0.0082992353870770166 -0.0086628330125794826 -0.00029213111555422651 0.010854261196497132 -0.0028570228602416759 -0.00043998548189004647 0.02311700183943554 -0.0045086581240764787 0.019759154575845154 0.001066499309667909 -0.01082323553719881 0.00029827194505722591 -0.012691505869939496 0.003289206905364256 0.018468100565918692 -0.016978393732483502 -0.017005391400836335 0.0026836750192915501 -0.0030606982059276444 -0.025811350040405866 0.029894140700464606 -0.0088871064316536057
leaf_weight=6.8171578943729418 8.0571715980768221 8.1238166838884336 7.7571941390633565 29.054634973406788 7.6715984195470837 10.955458134412767 1436.8046913743019 35.86878664046526 23.790034532546997 160.95333404093981 10.56841294467449 62.329749070107937 33.846832424402237 169.66132760047913 6.6760611534118643 119.72928088903427 67.152671068906784 443.37719391286373 12.718126237392424 10.952543348073958 62.78663358092308 6.0080518200993538 9.0766699761152285 9.6609527915716154 19.299626424908638 6.164403110742569
leaf_count=21 24 26 30 78 22 35 4528 106 78 491 28 199 87 501 24 388 220 1268 35 36 199 22 32 35 44 20
internal_value=0.000201878 0.000307957 0.00677658 0.010184 0.0148744 0.00795834 6.1265e-05 -0.00298508 -0.00575051 -0.00184826 0.00348081 0.00112553 0.000548456 0.00466195 0.0145092 0.000101385 -0.00439611 0.000552111 0.00239044 -0.00611004 -0.0132289 -0.0135546 -0.00864503 -0.0156562 0.0243753 0.00165624
internal_weight=2785.86 2754.14 99.7563 85.991 66.9813 40.0101 2654.39 364.421 255.654 169.077 108.767 98.1985 2289.97 222.902 40.5229 2067.06 186.882 1880.18 182.379 19.0097 86.5767 13.7652 31.7192 18.7376 26.9712 12.9816
internal_count=8577 8469 291 239 179 113 8178 1127 794 517 333 305 7051 647 111 6404 608 5796 536 60 277 52 108 67 66 41
is_linear=0
shrinkage=0.03


Tree=224
num_leaves=31
num_cat=0
split_feature=121 82 7 85 120 82 83 84 46 34 32 88 119 29 33 31 72 58 8 60 6 44 84 39 117 61 95 11 60 69
split_gain=6.50878 5.72739 5.49205 4.80224 6.8333 7.56131 6.45654 4.96046 4.70522 6.20246 4.50165 4.78417 4.62136 4.41159 4.44831 5.35682 5.58415 5.20929 4.64316 5.87131 5.69022 4.06898 6.02267 5.53712 5.55219 4.01687 3.81493 6.4669 4.94371 5.42563
threshold=0.66369047619047639 0.67866161616161624 2.2583333333333337 -1.0410353535353531 0.1333333333333335 0.90138888888888902 0.80808080808080818 -0.070707070707070538 1417.7368245899399 0.7767857142857143 -0.28174603174603163 0.86190476190476206 -1.3844032805429862 1.2767857142857146 0.038690476190476199 1.3541666666666667 0.89444444444444449 0.2175003605671251 -0.66666666666666663 2.7418468628146049 0.86190476190476206 1.0000000180025095e-35 -1.259090909090909 1.0000000180025095e-35 -0.15000000000000005 6.1279596970873662 0.40561378270996035 -0.23333333333333328 2.4678219916729236 0.72077922077922085
decision_type=2 2 2 2 2 2 2 2 2 2 2 2 2 2 2 2 2 2 2 2 2 2 2 2 2 2 2 2 2 2
left_child=1 13 3 4 6 7 -2 -6 9 -5 11 -10 -12 14 15 16 -1 -17 19 -16 -20 26 -23 24 -24 -25 27 -3 -28 -30
right_child=2 21 -4 8 5 -7 -8 -9 10 -11 12 -13 -14 -15 18 17 -18 -19 20 -21 -22 22 23 25 -26 -27 28 -29 29 -31
leaf_value=0.010270209855439593 -0.012697316471528769 -0.01104104527510724 -0.013022471894179285 0.029374590121161618 -0.0022009510857442204 0.027183294429844858 0.011891391239027773 0.015071642602281415 0.021264276798464998 -0.0035804211833040159 0.017330172271156474 0.00034524402914478286 -0.0043262081694712476 -0.0175064206368876 -0.0020509667219388459 -0.0067168173250908682 -0.0043270856560205977 0.0055622373513330653 -0.015564155404245782 0.032186385443246035 0.0034146745832161537 0.015149137118621144 0.0024379007460359758 -0.012275763275705944 -0.028450688281335065 0.0088804238068371233 -0.017026647430156795 0.00022260504906863749 0.018883196680739643 0.0012885681594511469
leaf_weight=24.985530659556389 31.384495794773102 60.75688573718071 39.025940150022507 8.5378853827714938 39.234213002026081 15.666625700891016 12.656853944063185 22.761511631309986 9.7123887687921506 10.433743447065352 7.9831964522600165 125.4645840972662 601.81373206526041 9.4116072803735715 7.1570507138967541 36.719922304153442 249.55667081475258 174.15974834561348 13.451468154788015 10.052904933691023 792.06427900493145 7.3018994331359854 6.37070965766907 17.510198384523395 21.907089710235596 13.267113402485846 7.2307961583137503 176.33558082580566 23.64152567088604 45.431958645582199
leaf_count=81 101 166 212 22 170 59 38 89 30 26 24 392 2531 37 22 107 759 476 40 30 2207 20 24 48 66 37 19 556 61 127
internal_value=-0.000114121 0.000987805 -0.00213891 -0.0016418 0.00386156 0.00918642 -0.00545715 0.00423158 -0.00252636 0.0118285 -0.00291131 0.00201541 -0.00400987 0.00192445 0.00207981 -0.000191975 -0.00295528 0.00338835 0.00342244 0.0184527 0.00307512 -0.00225054 -0.00894511 -0.0121769 -0.0215437 -0.00306913 -0.000799582 -0.00268545 0.0049803 0.00753697
internal_weight=2621.99 1697.31 924.675 885.649 121.704 77.6624 44.0413 61.9957 763.946 18.9716 744.974 135.177 609.797 1317.56 1308.15 485.422 274.542 210.88 822.726 17.21 805.516 379.754 66.357 59.0551 28.2778 30.7773 313.397 237.092 76.3043 69.0735
internal_count=8577 4883 3694 3482 457 318 139 259 3025 48 2977 422 2555 3759 3722 1423 840 583 2299 52 2247 1124 195 175 90 85 929 722 207 188
is_linear=0
shrinkage=0.03


Tree=225
num_leaves=31
num_cat=0
split_feature=32 59 86 14 7 57 121 26 121 121 46 26 46 121 12 40 61 61 73 46 65 53 61 119 68 118 12 83 11 40
split_gain=5.89576 4.77529 5.92413 5.17239 5.24586 4.76622 4.46685 4.49643 4.54693 4.95386 4.36768 5.78647 4.2023 3.96008 5.42531 5.16054 4.7114 4.13816 3.94902 4.87476 4.77097 4.65655 4.01466 3.87211 3.36074 6.01087 5.10249 3.33538 3.31462 3.30149
threshold=-0.35357142857142854 0.3335440370838601 1.3867521367521369 0.020634920634920621 1.0871212121212122 0.40479520958083837 1.5208333333333337 1.5000000000000004 0.37797619047619052 0.095238095238095302 1510.0030182741286 -1.1666666666666663 1510.0030182741286 1.646825396825397 0.20714285714285716 1.5000000000000002 6.303533889083444 6.3604381731226871 1.1055555555555558 1506.7455907973033 1.0871212121212122 3.7083333333333335 6.6637708581706061 -1.0000000180025095e-35 1.3484848484848486 0.015000000000000022 0.40833333333333338 -0.19999999999999998 0.16386946386946394 1.0000000180025095e-35
decision_type=2 2 2 2 2 2 2 2 2 2 2 2 2 2 2 2 2 2 2 2 2 2 2 2 2 2 2 2 2 2
left_child=1 6 5 29 -5 -3 7 8 9 -1 18 27 -9 14 16 17 -13 -15 19 21 -20 22 -2 -16 25 -22 -26 -12 -10 -4
right_child=10 2 3 4 -6 -7 -8 12 28 -11 11 13 -14 15 23 -17 -18 -19 20 -21 24 -23 -24 -25 26 -27 -28 -29 -30 -31
leaf_value=-0.0037744346907057653 0.0062806723022124618 0.014085281368683002 0.030469232337689608 -0.012430266611333018 0.01492482126179673 -0.007865781470298764 0.018204158855487259 0.023955046448849306 -0.0090229352661922845 0.0035742457433276466 -0.0048209934550199817 0.00080388864036843341 -0.0038724877366861526 0.0013371964577148265 0.010981889901682711 0.025353234513819805 -0.0063593483846188662 0.010423140050241697 -0.010128996368399909 -0.010494007277291394 -0.0016257730584966911 -0.0097098472795151495 0.023326597620418249 0.0019085168039018512 -0.0014509726927854085 0.0062683741024887702 -0.012160987651440159 0.015891023798585226 0.0092959053640310745 0.0070233635853479554
leaf_weight=419.57067579776049 74.44419564306736 10.334551647305487 13.441946655511858 11.641607210040094 11.565715566277502 40.085158005356789 7.7510914206504813 9.3926384449005145 158.86377790570259 101.47977241873741 7.7170010060071936 208.40570749342442 8.4625571817159635 150.70336051285267 51.012260273098946 9.9383324980735761 135.07872258126736 64.224056631326675 51.642511263489723 15.805871069431303 240.44812512397766 12.277069076895712 14.592859730124472 238.75275725126266 306.51327642798424 134.31666487455368 45.320290625095367 39.707257553935051 8.4669106602668744 10.484148755669592
leaf_count=1618 256 41 50 40 41 156 27 33 497 357 22 634 24 496 168 37 393 216 167 46 726 41 53 704 979 426 138 131 26 34
internal_value=-9.81492e-05 -0.00222065 0.00396313 0.0115116 0.00113199 -0.00312169 -0.00307411 -0.00333729 -0.0037317 -0.00233335 0.000857351 0.00232599 0.0111011 0.00175035 0.000527761 0.00516244 -0.0020147 0.00410183 -0.000625579 0.00448095 -0.00140269 0.00692622 0.00933581 0.00354845 -0.000765282 0.00120468 -0.00286961 0.0124288 -0.00802846 0.0210098
internal_weight=2612.44 811.541 97.5531 47.1334 23.2073 50.4197 713.987 706.236 688.381 521.05 1800.9 905.539 17.8552 858.115 633.249 224.866 343.484 214.927 895.361 117.12 778.241 101.314 89.0371 289.765 726.598 374.765 351.834 47.4243 167.331 23.9261
internal_count=8577 2944 362 165 81 197 2582 2555 2498 1975 5633 2801 57 2648 1899 749 1027 712 2832 396 2436 350 309 872 2269 1152 1117 153 523 84
is_linear=0
shrinkage=0.03


Tree=226
num_leaves=19
num_cat=0
split_feature=46 46 52 46 85 63 38 46 118 72 92 57 4 19 70 57 5 8
split_gain=2.79379 6.29362 4.97149 4.01606 4.45722 3.27186 3.17205 11.577 3.72334 3.5954 3.45057 6.6056 4.03336 2.8835 2.76759 2.49174 1.69404 0.454819
threshold=1682.5048272473898 1662.3250862993925 0.45000000000000007 1636.8260527210291 -0.63564213564213545 1.3944444444444446 3.5000000000000004 1561.2719659132404 0.067700617283950673 0.82575757575757591 -0.14149659863945593 0.40851125239845204 1.2071428571428573 0.51666666666666672 2.1909090909090914 0.43445211480507984 1.5891025641025645 -1.0000000180025095e-35
decision_type=2 2 2 2 2 2 2 2 2 2 2 2 2 2 2 2 2 2
left_child=1 3 16 6 -5 13 10 8 -8 -9 11 -1 -12 -3 -7 -6 -2 -17
right_child=2 5 -4 4 15 14 7 9 -10 -11 12 -13 -14 -15 -16 17 -18 -19
leaf_value=0.008008588957857294 -0.021353906266803904 -0.011979928174354663 0.013057859718788128 0.0067609371243286913 -2.2202942722023568e-05 0.029349006473400698 -0.015023517128432775 -8.6024650192314406e-05 0.011295479150817078 0.021838375834129998 0.0025026153523753777 -0.0021000935772127896 -0.00041195595353812447 0.012432319083965738 0.0052462767889104953 -0.024153914685583817 -0.0008977425204510748 -0.0094376832276399491
leaf_weight=61.43621338903904 14.809052266180521 6.5033150538802138 5.8686260282993308 10.064421713352202 7.0580255463719395 11.747638851404192 19.122314393520359 8.2615918442606908 5.4294462203979483 29.739971190690994 771.56338830292225 838.87255685776472 952.58125328272581 9.2988653182983381 7.7514925003051749 14.562620401382448 5.2585057839751235 5.1466556787490836
leaf_count=188 79 33 19 39 28 31 71 30 15 87 2222 2705 2843 36 28 73 30 20
internal_value=0.000199936 0.00029475 -0.00941165 0.000128213 -0.00957613 0.0127046 0.000265863 0.00688918 -0.00887157 0.0171151 0.000104291 -0.00139884 0.000891285 0.00209197 0.0206371 -0.0158491 -0.016433 -0.0210972
internal_weight=2785.08 2759.14 25.9362 2723.84 36.8317 35.3013 2687.01 62.5533 24.5518 38.0016 2624.45 900.309 1724.14 15.8022 19.4991 26.7673 20.0676 19.7093
internal_count=8577 8449 128 8321 160 128 8161 203 86 117 7958 2893 5065 69 59 121 109 93
is_linear=0
shrinkage=0.03


Tree=227
num_leaves=31
num_cat=0
split_feature=48 16 57 116 67 82 62 46 32 69 91 5 66 121 57 71 77 21 95 62 54 33 71 71 70 66 33 66 58 79
split_gain=6.26346 4.57869 5.86499 5.05885 4.93149 10.024 4.79829 4.2713 3.92254 4.22464 4.51392 6.24263 3.91399 8.11689 6.75564 6.57358 4.06614 5.25079 3.85897 3.83905 4.81169 6.64195 5.69508 4.98615 4.41415 4.21077 5.43741 3.78867 3.85063 3.70446
threshold=52.446357932930034 0.51666666666666672 0.47992782122323013 0.90454545454545476 0.68333333333333346 0.20000000000000004 1.8973684210526318 1421.3706810725459 -1.5773809523809521 1.6833333333333336 0.75814252630055223 -1.1547619047619044 0.82575757575757591 -0.90535714285714264 0.48424362793776904 1.3875000000000002 0.45804195804195807 0.13809523809523813 0.41993571480750963 0.94868421052631591 0.70833333333333337 0.30654761904761912 1.2928571428571431 1.1909090909090911 0.95833333333333337 0.52272727272727282 0.038690476190476199 0.89444444444444449 0.29682287911559729 0.34166666666666673
decision_type=2 2 2 2 2 2 2 2 2 2 2 2 2 2 2 2 2 2 2 2 2 2 2 2 2 2 2 2 2 2
left_child=7 2 3 4 5 -2 -6 19 9 10 18 -12 13 15 -15 -10 17 -14 -9 25 21 -21 -23 -22 -25 -1 -27 -3 -29 -18
right_child=1 27 -4 -5 6 -7 -8 8 12 -11 11 -13 16 14 -16 -17 29 -19 -20 20 23 22 -24 24 -26 26 -28 28 -30 -31
leaf_value=-0.0040803758933820426 -0.0089994340603702979 0.013825096132371971 0.015685817781671201 -0.011408101529906985 -0.0044209383243261598 0.03973503935414089 0.0060701784687679262 0.0078781782699679885 -0.0056957353427961105 -0.011435300649490351 0.0072259164567930806 -0.01510787523705873 0.0056465913120309257 -0.008083750458052319 0.011502405501662706 0.018815097227423028 -0.0066549326069806312 -0.0072954111868661665 0.025550316792577327 0.0085478938753378048 -0.0067433667735858991 -0.0031688319197667042 -0.035256841221631398 -0.0027108797846951719 0.0214109418411184 -0.0043623413911388154 0.016313930889611278 -0.010278950973871038 0.013132305556814284 0.001071831829389563
leaf_weight=16.314260140061378 6.6607511192560178 5.8442934602498999 16.190354898571968 45.149472430348396 148.37644300609827 6.8050317168235779 52.092790149152279 49.202120378613472 16.159627482295036 11.343633100390432 35.309614479541779 15.322865039110182 35.709867805242538 176.98774309456348 16.405553966760635 22.304408475756645 56.96809896081686 120.09530955553055 14.473101794719694 11.853142142295839 15.806290015578268 10.774131387472154 9.0261744856834394 9.5517289936542529 19.797806367278099 13.427810475230215 59.006868451833725 123.57327777147293 5.71837443858385 1473.4749246388674
leaf_count=44 27 20 66 301 628 25 240 129 44 34 98 39 111 505 48 59 192 357 38 34 42 28 23 25 54 38 154 698 32 4444
internal_value=-0.00011353 -0.00351322 -0.00126955 -0.00239687 -0.000436925 0.0164658 -0.00166329 0.000517955 0.000139896 0.00525425 0.0070213 0.000247256 -0.000196135 -0.00384297 -0.0063562 0.00855812 0.000305504 -0.00429294 0.0122743 0.00513809 0.000172614 -0.00860351 -0.0189325 0.00644264 0.0136311 0.00935231 0.0124329 -0.00801869 -0.00912764 0.0007781
internal_weight=2619.73 410.411 275.275 259.084 213.935 13.4658 200.469 2209.32 2043.76 125.651 114.308 50.6325 1918.11 231.857 193.393 38.464 1686.25 155.805 63.6752 165.558 76.8093 31.6534 19.8003 45.1558 29.3495 88.7489 72.4347 135.136 129.292 1530.44
internal_count=8577 2037 1287 1221 920 52 868 6540 6098 338 304 137 5760 656 553 103 5104 468 167 442 206 85 51 121 79 236 192 750 730 4636
is_linear=0
shrinkage=0.03


Tree=228
num_leaves=31
num_cat=0
split_feature=5 51 2 32 6 94 94 34 85 83 23 57 116 60 34 61 85 75 64 73 13 88 21 75 20 48 51 116 13 26
split_gain=5.6586 5.09196 6.40488 7.25739 4.60508 3.84062 4.39613 3.75373 3.7035 3.52039 4.39953 3.82197 3.35083 4.49917 4.55407 5.73868 4.99209 4.38382 3.8401 3.7354 3.20959 3.13563 3.47087 3.02 2.65137 2.68783 4.63126 2.39791 2.3273 1.85288
threshold=-0.86282051282051253 0.63333333333333341 0.78093434343434365 1.0773809523809528 0.74166666666666681 0.47347627426630706 0.39223889056162659 0.48392857142857143 0.66161616161616177 0.67083333333333339 1.0000000180025095e-35 0.44388818573332173 0.46153846153846168 2.5029078613694002 1.2583333333333335 6.3741723047025554 -0.010606060606060673 3.0250000000000004 0.51470588235294124 0.88194444444444453 0.19090909090909094 0.67543859649122817 0.34523809523809529 2.3416666666666672 0.013997113997113982 -143.58543738616467 0.63333333333333341 0.50000000000000011 0.11805555555555557 0.83333333333333359
decision_type=2 2 2 2 2 2 2 2 2 2 2 2 2 2 2 2 2 2 2 2 2 2 2 2 2 2 2 2 2 2
left_child=4 12 5 -4 20 6 8 9 -3 10 -6 -11 13 17 16 -16 -15 19 -14 -2 -1 23 -23 -20 25 -9 -27 -7 -12 -19
right_child=1 2 3 -5 7 27 -8 24 -10 11 28 -13 18 14 15 -17 -18 29 21 -21 -22 22 -24 -25 -26 26 -28 -29 -30 -31
leaf_value=0.025588087875673442 -0.0092167730795855874 -0.002741534824955105 0.027553185388953245 -0.0061270025882602447 0.01676891132601557 -0.024099047148647967 0.015031181111596835 -0.013999770056729867 -0.019615599460459612 0.025291795886623031 0.0047138835333148579 -0.0028208394384296965 -0.010127722006763233 -0.0034493043678878953 -2.6067325288060817e-05 0.0092962285387680702 0.0011697948284156447 0.026771013770197465 0.027416977057884796 0.0044230632223747337 -0.00058888458165764015 0.0023040143100581979 0.012635999079646873 0.0050822227554865734 -0.015777088737574548 -0.0073349868939833456 0.0065320555357775917 -0.0017500182544390903 -0.0096917096508342387 0.0042202956616155625
leaf_weight=6.4784504771232596 19.149317637085915 373.59167471528053 12.10632309317589 9.5149074345827085 7.6208574771881095 11.786552786827089 11.130335241556166 28.576317079365253 11.197854101657866 8.2883782386779767 12.31000669300556 7.5268443822860709 18.370355606079102 517.41026197373867 192.26718550920486 84.605371057987213 352.69896569848061 9.63923431932926 8.4438060820102709 169.67865684628487 9.0678438097238523 489.51149278879166 30.396616488695145 15.322980552911757 30.48350191116333 80.640886664390564 28.428511679172516 7.2375219613313666 40.891964271664619 5.8701073974370948
leaf_count=23 58 1258 43 28 30 32 37 147 36 40 51 32 53 1626 604 279 1108 34 32 529 33 1539 96 53 132 308 121 21 176 18
internal_value=-9.63422e-05 0.000368031 -0.00254992 0.0129832 -0.00428523 -0.00339577 -0.00273076 -0.00531079 -0.00328994 0.000156706 -0.00311698 0.0123618 0.00103636 0.000223614 -0.000505784 0.002835 -0.00157431 0.00431499 0.00298124 0.00298276 0.0110255 0.00344747 0.00293693 0.013925 -0.00780696 -0.00591917 -0.00366683 -0.0162584 -0.00627769 0.0191902
internal_weight=2610.24 2349.93 436.565 21.6212 260.314 414.944 395.92 244.767 384.79 76.6381 60.8228 15.8152 1913.36 1351.32 1146.98 276.873 870.109 204.337 562.045 188.828 15.5463 543.675 519.908 23.7668 168.129 137.646 109.069 19.0241 53.202 15.5093
internal_count=8577 7484 1455 71 1093 1384 1331 1037 1294 329 257 72 6029 4256 3617 883 2734 639 1773 587 56 1720 1635 85 708 576 429 53 227 52
is_linear=0
shrinkage=0.03


Tree=229
num_leaves=31
num_cat=0
split_feature=14 74 62 46 117 93 16 93 60 48 65 36 117 11 62 8 26 21 71 38 46 61 94 71 64 66 68 21 3 19
split_gain=2.7338 4.44914 4.93937 3.78313 3.55114 4.6153 4.56723 3.54158 3.43911 4.11171 3.57133 3.1482 5.96024 4.43042 4.94667 5.31866 4.36069 4.17775 4.09849 3.72003 10.044 4.32385 4.31185 5.79568 6.45524 4.97181 6.77212 5.07248 4.71495 3.70883
threshold=0.23205128205128209 1.7434210526315792 0.64852941176470602 1500.7695593313908 0.33095238095238094 -0.11739130434782617 0.48333333333333339 -0.20926514891358647 2.6301122429730244 -91.450285958016124 1.4868421052631582 1.5000000000000002 -1.1026315789473682 0.41468253968253982 1.6961538461538463 -0.62361111111111089 -0.83333333333333315 0.30384615384615393 2.7386363636363638 3.5000000000000004 1561.2719659132404 6.3877203624541385 0.19023042685514127 0.70714285714285718 1.205263157894737 1.3875000000000002 0.43650793650793657 0.44949494949494956 1.3205128205128207 0.5634920634920636
decision_type=2 2 2 2 2 2 2 2 2 2 2 2 2 2 2 2 2 2 2 2 2 2 2 2 2 2 2 2 2 2
left_child=11 3 -3 -2 5 7 -7 -4 9 -6 -10 19 -13 16 15 -15 17 -14 -18 22 -21 -22 25 28 -25 26 -1 -27 -24 -16
right_child=1 2 4 -5 8 6 -8 -9 10 -11 -12 12 13 14 29 -17 18 -19 -20 20 21 -23 23 24 -26 27 -28 -29 -30 -31
leaf_value=0.014620572740246345 -0.024914660492548049 0.022822203784643089 0.0068691964624774671 0.0060859415504722078 -0.001284829703503774 -0.0051778948910078193 0.0065326135562612034 0.023336519727294152 0.004647402231830953 -0.026852579926699306 -0.016089763966634647 -0.015848011530002565 -0.0068397131673928885 0.021048313226646791 -0.012064565906883262 -0.0078360979008382167 0.0055886638949712991 0.01140309758919672 0.026111119798803775 -0.0087910621098191855 0.027638295239780775 0.0048501008838741011 -0.011711828157277062 -0.0011330040875814872 -0.0095645121660910826 0.0027488729633264463 -0.0018085105867404916 -0.0066184316085241323 0.008707601716317669 0.010283512692417915
leaf_weight=22.082244157791138 8.2226134240627271 10.847098559141157 38.58239971101284 5.0078535825014105 14.450676992535593 47.785626500844955 76.342421568930149 17.433852538466454 50.995249733328819 8.7196893543004972 7.7063175886869422 14.565824478864668 46.737858720123768 11.71182417869568 42.971167594194412 9.5242587924003583 240.46455347537994 13.755641549825667 8.2891612052917463 20.308278456330299 16.957944750785831 14.366705030202864 11.662025704979895 170.76778741925955 157.89913649857044 593.2983790487051 989.50541666150093 55.911797791719437 50.482401102781296 6.9468086659908286
leaf_count=62 33 28 109 15 43 146 216 44 152 30 26 82 149 33 210 33 744 38 21 70 45 45 39 608 530 1723 2933 166 177 27
internal_value=0.00019683 0.00296974 0.00381873 -0.0133667 0.00293682 0.00528707 0.00199509 0.0123663 -0.00219966 -0.0117437 0.00165088 -0.000120584 0.002332 0.00307572 -0.00361281 0.00818909 0.00463102 -0.00252471 0.00638635 -0.000583468 0.00728697 0.0177529 -0.000786459 -0.00361759 -0.00520952 -0.000116669 -0.00143283 0.00192858 0.00470339 -0.00875471
internal_weight=2784.3 286.094 272.863 13.2305 262.016 180.144 124.128 56.0163 81.8719 23.1704 58.7016 2498.21 394.967 380.401 71.1541 21.2361 309.247 60.4935 248.754 2103.24 51.6329 31.3246 2051.61 390.811 328.667 1660.8 1011.59 649.21 62.1444 49.918
internal_count=8577 842 794 48 766 515 362 153 251 73 178 7735 1337 1255 303 66 952 187 765 6398 160 90 6238 1354 1138 4884 2995 1889 216 237
is_linear=0
shrinkage=0.03


Tree=230
num_leaves=31
num_cat=0
split_feature=36 93 8 116 35 32 84 117 16 35 2 68 61 46 14 8 46 71 1 93 37 25 41 60 14 11 6 42 49 61
split_gain=6.05936 6.50007 5.43394 5.08107 4.96516 7.49876 6.0824 6.00263 5.32969 4.86221 5.33692 4.82459 5.67555 4.58991 4.71927 4.48829 4.48176 4.44903 4.40503 6.94373 5.13635 4.54887 4.45556 4.41801 4.25751 5.13882 3.98373 3.24749 3.21107 0.445955
threshold=1.5000000000000002 -0.24218055555555548 -0.79696969696969677 0.60131578947368436 -1.0345238095238092 -0.49603174603174599 -0.044642857142857088 1.3380952380952384 0.48333333333333339 3.2767857142857149 -0.5406593406593404 1.9045454545454548 5.4138732270297307 1420.0323291263483 -0.43571428571428567 0.60000000000000031 1503.0899222867192 0.86607142857142871 1.3798076923076925 0.029440391206016273 -1.4999999999999998 1.1666666666666667 1.5000000000000002 2.6392551892551896 0.27386363636363642 -0.49615384615384611 1.4833333333333336 1.0000000180025095e-35 0.43750900802080278 6.0924398260614181
decision_type=2 2 2 2 2 2 2 2 2 2 2 2 2 2 2 2 2 2 2 2 2 2 2 2 2 2 2 2 2 2
left_child=1 2 29 11 7 16 -7 8 -4 10 -5 24 27 -2 -15 -14 -6 -12 20 22 23 -21 -20 -16 25 -3 -26 -13 -22 -1
right_child=13 3 4 9 5 6 -8 -9 -10 -11 17 12 15 14 18 -17 -18 -19 19 21 28 -23 -24 -25 26 -27 -28 -29 -30 -31
leaf_value=0.011584508897784859 0.020055216348258274 0.013055385988001747 0.0070816166501245529 0.018930945615390604 0.0057191103759769999 8.2088778304098935e-05 -0.010466872306787044 -0.013415173502872232 0.029478171299834995 0.016645870711898249 -0.013849228835661054 -0.003665983737895789 0.013562510393928249 0.01546666483699621 0.016826753154336464 -0.0011383560120776174 -0.0014605980443557006 -0.0030530545501436103 -0.0028194701253294835 -0.0028066471030399175 0.0069167119798978485 0.020617679439704929 -0.021218733151764653 -0.0053303518435047197 -0.013426586981672312 -0.0006684860985151917 0.00093089600811157268 0.011492167750407595 -0.014098752205193958 0.028479851859126788
leaf_weight=5.6327119320631009 6.0958420038223258 24.122771322727203 134.11199801415205 5.781497433781623 274.53539967536926 158.4550571218133 69.970581561326981 10.872731342911718 9.5896782875061017 7.1843341737985602 67.307654194533825 72.530332237482071 67.47705365717411 9.5244492664933187 9.3847977742552739 25.006288722157478 107.96155214309692 72.357573300600052 145.84416367858648 11.808266162872316 6.2578651160001746 17.487442657351494 12.041733458638189 35.702309131622314 43.611208066344261 1066.6295458674431 27.696063324809074 14.348418474197386 92.114238329231739 6.0999681577086449
leaf_count=17 16 62 381 20 731 495 220 30 28 31 337 205 191 38 41 68 292 369 476 43 17 63 41 181 150 3433 80 40 458 23
internal_value=-0.000112146 0.000450769 0.00267487 -0.000705251 0.00234393 0.00111765 -0.0031677 0.00713293 0.00879033 -0.00587354 -0.00711244 -0.000111015 0.00445183 -0.00380386 -0.00429775 0.00958584 0.00368626 -0.00833876 -0.00492105 -0.0018521 -0.00886401 0.011296 -0.00436635 -0.00038826 -0.000821085 -0.000350545 -0.00787283 -0.00102612 -0.0126755 0.0221511
internal_weight=2617.54 2271.28 777.23 1494.05 765.497 610.923 228.426 154.574 143.702 152.631 145.447 1341.42 179.362 346.261 340.165 92.4833 382.497 139.665 330.641 187.182 143.459 29.2957 157.886 45.0871 1162.06 1090.75 71.3073 86.8788 98.3721 11.7327
internal_count=8577 7203 2217 4986 2177 1738 715 439 409 757 726 4229 504 1374 1358 259 1023 706 1320 623 697 106 517 222 3725 3495 230 245 475 40
is_linear=0
shrinkage=0.03


end of trees

feature_importances:
Column_48=221
Column_121=198
Column_46=161
Column_116=157
Column_57=151
Column_119=146
Column_59=135
Column_61=132
Column_118=132
Column_84=129
Column_85=128
Column_93=115
Column_117=111
Column_47=110
Column_60=109
Column_5=108
Column_82=106
Column_32=104
Column_69=101
Column_83=96
Column_96=95
Column_75=94
Column_92=94
Column_35=93
Column_53=92
Column_67=91
Column_68=87
Column_23=86
Column_2=85
Column_94=85
Column_8=84
Column_58=84
Column_95=82
Column_74=81
Column_90=78
Column_71=77
Column_73=76
Column_29=75
Column_70=74
Column_14=73
Column_66=72
Column_17=71
Column_33=70
Column_34=70
Column_91=70
Column_62=69
Column_12=68
Column_19=67
Column_49=66
Column_31=62
Column_72=61
Column_7=59
Column_97=57
Column_6=54
Column_4=51
Column_21=51
Column_63=51
Column_20=50
Column_64=50
Column_16=48
Column_65=48
Column_13=47
Column_28=45
Column_26=44
Column_30=43
Column_36=43
Column_25=42
Column_11=38
Column_0=36
Column_27=36
Column_1=35
Column_3=34
Column_120=32
Column_18=31
Column_9=29
Column_10=29
Column_22=29
Column_38=29
Column_37=28
Column_54=27
Column_81=27
Column_51=26
Column_76=26
Column_88=26
Column_77=24
Column_78=24
Column_55=22
Column_56=22
Column_24=20
Column_39=19
Column_80=17
Column_15=16
Column_40=15
Column_79=15
Column_87=15
Column_43=14
Column_45=13
Column_89=13
Column_44=12
Column_50=12
Column_52=12
Column_41=11
Column_86=10
Column_42=9
Column_100=1
Column_103=1

parameters:
[boosting: gbdt]
[objective: multiclass]
[metric: multi_logloss]
[tree_learner: serial]
[device_type: cpu]
[data_sample_strategy: bagging]
[data: ]
[valid: ]
[num_iterations: 500]
[learning_rate: 0.03]
[num_leaves: 31]
[num_threads: 4]
[seed: 42]
[deterministic: 0]
[force_col_wise: 0]
[force_row_wise: 0]
[histogram_pool_size: -1]
[max_depth: 6]
[min_data_in_leaf: 20]
[min_sum_hessian_in_leaf: 5]
[bagging_fraction: 0.8]
[pos_bagging_fraction: 1]
[neg_bagging_fraction: 1]
[bagging_freq: 0]
[bagging_seed: 400]
[bagging_by_query: 0]
[feature_fraction: 0.7]
[feature_fraction_bynode: 1]
[feature_fraction_seed: 30056]
[extra_trees: 0]
[extra_seed: 12879]
[early_stopping_round: 0]
[early_stopping_min_delta: 0]
[first_metric_only: 0]
[max_delta_step: 0]
[lambda_l1: 0.1]
[lambda_l2: 1]
[linear_lambda: 0]
[min_gain_to_split: 0]
[drop_rate: 0.1]
[max_drop: 50]
[skip_drop: 0.5]
[xgboost_dart_mode: 0]
[uniform_drop: 0]
[drop_seed: 17869]
[top_rate: 0.2]
[other_rate: 0.1]
[min_data_per_group: 100]
[max_cat_threshold: 32]
[cat_l2: 10]
[cat_smooth: 10]
[max_cat_to_onehot: 4]
[top_k: 20]
[monotone_constraints: ]
[monotone_constraints_method: basic]
[monotone_penalty: 0]
[feature_contri: ]
[forcedsplits_filename: ]
[refit_decay_rate: 0.9]
[cegb_tradeoff: 1]
[cegb_penalty_split: 0]
[cegb_penalty_feature_lazy: ]
[cegb_penalty_feature_coupled: ]
[path_smooth: 0]
[interaction_constraints: ]
[verbosity: -1]
[saved_feature_importance_type: 0]
[use_quantized_grad: 0]
[num_grad_quant_bins: 4]
[quant_train_renew_leaf: 0]
[stochastic_rounding: 1]
[linear_tree: 0]
[max_bin: 255]
[max_bin_by_feature: ]
[min_data_in_bin: 3]
[bin_construct_sample_cnt: 200000]
[data_random_seed: 175]
[is_enable_sparse: 1]
[enable_bundle: 1]
[use_missing: 1]
[zero_as_missing: 0]
[feature_pre_filter: 1]
[pre_partition: 0]
[two_round: 0]
[header: 0]
[label_column: ]
[weight_column: ]
[group_column: ]
[ignore_column: ]
[categorical_feature: ]
[forcedbins_filename: ]
[precise_float_parser: 0]
[parser_config_file: ]
[objective_seed: 16083]
[num_class: 3]
[is_unbalance: 0]
[scale_pos_weight: 1]
[sigmoid: 1]
[boost_from_average: 1]
[reg_sqrt: 0]
[alpha: 0.9]
[fair_c: 1]
[poisson_max_delta_step: 0.7]
[tweedie_variance_power: 1.5]
[lambdarank_truncation_level: 30]
[lambdarank_norm: 1]
[label_gain: ]
[lambdarank_position_bias_regularization: 0]
[eval_at: ]
[multi_error_top_k: 1]
[auc_mu_weights: ]
[num_machines: 1]
[local_listen_port: 12400]
[time_out: 120]
[machine_list_filename: ]
[machines: ]
[gpu_platform_id: -1]
[gpu_device_id: -1]
[gpu_device_id_list: ]
[gpu_use_dp: 0]
[num_gpu: 1]

end of parameters

pandas_categorical:null
