tree
version=v4
num_class=3
num_tree_per_iteration=3
label_index=0
max_feature_idx=65
objective=multiclass num_class:3
feature_names=Column_0 Column_1 Column_2 Column_3 Column_4 Column_5 Column_6 Column_7 Column_8 Column_9 Column_10 Column_11 Column_12 Column_13 Column_14 Column_15 Column_16 Column_17 Column_18 Column_19 Column_20 Column_21 Column_22 Column_23 Column_24 Column_25 Column_26 Column_27 Column_28 Column_29 Column_30 Column_31 Column_32 Column_33 Column_34 Column_35 Column_36 Column_37 Column_38 Column_39 Column_40 Column_41 Column_42 Column_43 Column_44 Column_45 Column_46 Column_47 Column_48 Column_49 Column_50 Column_51 Column_52 Column_53 Column_54 Column_55 Column_56 Column_57 Column_58 Column_59 Column_60 Column_61 Column_62 Column_63 Column_64 Column_65
feature_infos=[0:3] [0:3] [-3:3] [0:9] [0:5.5] [-4:8] [0:4] [0:5] [-4:3.7999999999999998] [0:1] [0:1] [-1:1] [0:1] [0:1] [-1:1] [0:1] [0:1] [-1:1] [0:1] [0:1] [-1:1] [0:1] [0:1] [-1:1] [0:3] [0:3] [-3:3] none none none [1339.9858508771565:1742.5996463298045] [1336.7236601572979:1739.2939915498062] [-331.039382791668:327.66249672382878] [0.1294741879840397:0.86831901413554313] [0:1] [0:1] [0:1] [0:9] [0:8] [0:1] [0:1] [0:1] [0:4.5] [0.69314718055994529:7.191429330036379] [0:4] [0:5] [0:9] [0:5.5] [0:5] [0:5] [0:9] [0:7] [0:4] [0:5] [0:11] [0:8] [0:1.3] [0:1.3] [0:1.3] [0:1.3] [1:20] [1:20] [-4:3.1428571428571428] [-4:8] [-9:5.4375] [-49.333333333333336:39.454545454545453]
tree_sizes=2910 2598 3136 3231 2904 3300 3331 2860 3342 3160 2736 3327 3048 2676 3353 3416 2474 3341 3428 2892 3456 3139 2873 3424 3003 2247 3315 3410 2586 3315 3218 2629 3319 3225 2279 3310 3110 2673 3112 3205 2788 3228 3092 2573 3135 3061 2562 3309 2758 2536 3332 3135 2873 3133 2877 2035 2911 3241 3005 3114 3209 2942 3012 3320 3088 3275 2797 2361 2898 3237 2246 3215 3043 2238 3101 2691 2463 3056 2906 2480 3175 3121 2363 3218 2938 2396 3416 2891 2359 2705 2917 2257 2892 2873 2242 2895 3250 2256 2667 3082 2030 3178 2996 2387 2515 2603 3092 3054 2339 1722 2692 3006 3225 3103 2561 1891 3001 3176 3322 2868 3107 2278 3322 2709 1943 2772 2993 3193 2782 2994 2377 2542 2789 2336 2703 2905 1615 3024 2701 2464 2786 2813 2471 2656 2342 2294 2665 3005 1608 3110 3238 2040 3121 2125 1627 2715 2781 1958 2911 2515 1997 3214 2780 2639 3222 3021 1536 2793 2750 2476 3325 2385 1813 3256 2541 1526 2516 3120 2040 2882 2647 2250 3095 2825 1708 2748 2872 2016 3401 1924 1931 2434 2569 1427 2378 1928 1702 2537 2713 1535 3351

Tree=0
num_leaves=27
num_cat=0
split_feature=65 65 30 30 64 4 31 30 22 4 43 31 31 20 65 23 64 51 42 30 39 31 42 30 31 55
split_gain=311.352 78.3355 31.1705 30.7162 34.8859 11.9708 11.8726 11.3876 11.2785 10.1241 9.95949 9.81967 9.1662 8.90107 7.09446 6.12766 5.39337 6.58291 4.15005 4.02167 4.1285 3.07519 2.79139 2.54374 2.15696 1.3468
threshold=0.46788505257175345 -0.76467171717171711 1496.1441493584755 1518.8040876125485 -0.77046296296296291 2.0333333333333337 1455.7418254829247 1548.3786859984154 0.29285714285714287 0.34848484848484851 7.005335504483182 1553.073763548806 1536.8372421967345 -0.038095238095238043 -0.018913950715421197 0.11010101010101012 -0.55810374149659847 0.23611111111111113 2.6116515837104077 1472.5718324672052 0.44327914411838037 1507.0549345798206 3.1199309428476103 1521.0355468659934 1481.6698056068406 3.9750000000000005
decision_type=2 2 2 2 2 2 2 2 2 2 2 2 2 2 2 2 2 2 2 2 2 2 2 2 2 2
left_child=1 9 5 6 18 15 19 11 -9 22 12 -4 -6 21 -7 -3 23 -18 -5 -2 -21 -8 -1 -11 -15 -20
right_child=3 2 7 4 10 14 13 8 -10 16 -12 -13 -14 24 -16 -17 17 -19 25 20 -22 -23 -24 -25 -26 -27
leaf_value=-1.0664693118686221 -1.0977332297585514 -1.111628775022278 -1.0946067052723691 -1.0738663475303063 -1.0637447653185286 -1.1083922137889131 -1.0726977153521413 -1.0689499475367898 -1.0957416833094618 -1.1345802449591049 -1.1135762435869592 -1.1142163519754571 -1.0846459018921648 -1.1144652587075727 -1.0789186117079612 -1.1007752448594621 -1.0957990141730201 -1.1231988498083556 -1.0245074517725195 -1.0396064768741622 -1.079208878653378 -1.1049433090857073 -1.1049433090857073 -1.1069200261974708 -1.0984962535414691 -1.0719413943173146
leaf_weight=7.1394876241683942 9.8040570020675641 730.21038335561752 401.87411400675774 10.052965223789213 329.76349759101868 30.043273717164993 36.077049940824509 78.112516582012177 82.495743960142136 175.45876544713974 10.139815777540205 73.66973465681076 71.947126448154449 37.940977036952972 51.865068167448044 166.20083844661713 21.455896735191345 302.79552492499352 64.85122162103653 15.563532888889311 19.635424375534058 6.8802100121974936 6.8802100121974945 12.70387941598892 38.449162870645523 6.3228533864021292
leaf_count=25 30 2094 1218 33 1094 86 117 257 249 478 28 210 224 107 166 492 66 845 244 57 62 20 20 37 115 21
internal_value=-1.09861 -1.10786 -1.10237 -1.06857 -1.06232 -1.10797 -1.08768 -1.09378 -1.08235 -1.12458 -1.0686 -1.09775 -1.06734 -1.09633 -1.09 -1.10965 -1.12575 -1.1213 -1.03224 -1.06635 -1.0588 -1.07847 -1.08534 -1.13295 -1.10631 -1.02754
internal_weight=2798.33 2140.91 1614.47 657.428 493.077 978.32 164.35 636.152 160.608 526.434 411.85 475.544 401.711 119.347 81.9083 896.411 512.414 324.251 81.227 45.003 35.199 42.9573 14.0197 188.163 76.3901 71.1741
internal_count=8395 6243 4772 2152 1644 2838 508 1934 506 1471 1346 1428 1318 359 252 2586 1426 911 298 149 119 137 45 515 222 265
is_linear=0
shrinkage=1


Tree=1
num_leaves=24
num_cat=0
split_feature=64 41 32 31 41 39 5 32 44 37 11 52 25 52 4 43 64 63 9 43 38 52 44
split_gain=27.3752 13.5319 11.2277 17.2907 11.6084 10.4117 8.80321 7.41071 8.08421 5.13393 4.34264 4.32661 4.20657 4.06197 8.47224 3.41282 3.63611 3.80025 3.70139 3.40417 6.91342 2.73981 1.20952
threshold=-0.58416666666666639 0.28768712455900586 132.53787108325278 1461.9205019037347 0.32992307289758754 0.43810702498821313 -0.59999999999999998 -175.2617479591581 1.9045454545454545 2.6333333333333337 -0.74801587301587291 1.2928571428571431 2.666666666666667 1.720779220779221 0.96666666666666667 6.8569880235699889 -0.23999999999999982 -0.66388888888888875 0.32051282051282054 5.8274728624953296 0.70833333333333337 0.5634920634920636 2.2928571428571431
decision_type=2 2 2 2 2 2 2 2 2 2 2 2 2 2 2 2 2 2 2 2 2 2 2
left_child=1 5 3 4 6 11 -2 9 -9 -5 -3 -1 -6 14 -7 16 17 -4 -18 21 -21 -12 -15
right_child=2 10 15 7 12 13 -8 8 -10 -11 19 -13 -14 22 -16 -17 18 -19 -20 20 -22 -23 -24
leaf_value=-1.0497256053755817 -1.0990767618726325 -1.0874492400324165 -1.1279524671961676 -1.0986122817242929 -1.1134540242727848 -1.1183999871149093 -1.080023794766017 -1.0963715040239956 -1.1062344770170547 -1.1331389060381696 -1.1053884889744436 -1.0977512363945094 -1.0775832140954671 -1.1369524912732367 -1.0763125126751376 -1.0835478360021344 -1.1337114884287962 -1.0967536409531691 -1.1052191299368892 -1.0986122817242929 -1.1234762110983563 -1.1286537856040177 -1.1026889234727615
leaf_weight=12.794015765190126 72.572055876255035 8.9515088498592359 10.448510080575941 18.42856302857399 48.551392376422882 21.825651168823242 299.73708134889603 1655.5053535699844 234.88799539208412 23.16372811794281 19.240696340799332 8.5708343088626844 7.4303306341171256 8.720604330301283 21.890793710947037 7.2790406644344321 33.001608163118362 38.954613626003265 22.203988939523697 53.270226120948792 60.819007277488708 103.60708725452423 6.4786442816257468
leaf_count=31 230 28 37 51 157 61 864 4889 741 66 53 28 21 33 62 23 119 127 73 152 200 328 21
internal_value=-1.09861 -1.11218 -1.09681 -1.09607 -1.087 -1.09469 -1.08379 -1.0981 -1.09762 -1.11845 -1.11798 -1.0662 -1.1077 -1.10533 -1.09782 -1.11211 -1.11458 -1.10375 -1.12332 -1.11932 -1.11224 -1.12538 -1.12597
internal_weight=2798.33 326.169 2472.16 2360.28 428.291 80.2805 372.309 1931.99 1890.39 41.5923 245.889 21.3649 55.9817 58.9157 43.7164 111.888 104.609 49.4031 55.2056 236.937 114.089 122.848 15.1992
internal_count=8395 997 7398 7019 1272 236 1094 5747 5630 117 761 59 178 177 123 379 356 164 192 733 352 381 54
is_linear=0
shrinkage=1


Tree=2
num_leaves=29
num_cat=0
split_feature=33 65 2 32 32 64 40 61 30 26 21 64 30 39 30 5 39 30 46 65 17 54 26 56 62 4 16 62
split_gain=304.913 79.145 51.3505 20.7371 15.5609 15.0301 10.4644 10.1231 9.7111 9.63711 8.23728 7.56718 7.31943 7.31759 6.9671 6.69717 5.52648 5.12928 5.12711 5.50546 4.9061 5.5594 4.79616 4.62357 4.25026 4.02394 3.65994 3.61423
threshold=0.48426573103999221 -0.74999999999999978 -0.33333333333333331 -87.374364926470761 50.511643756423616 -0.58416666666666639 0.30127393703343069 10.500000000000002 1521.0355468659934 -1.0000000180025095e-35 1.0000000180025095e-35 -0.017625739644970398 1417.7685124136353 0.4695387062566278 1503.0810103927172 0.25000000000000011 0.43810702498821313 1519.7613270006029 1.2899159663865549 -0.11834733893557418 -0.20416666666666664 3.4472222222222229 1.166666666666667 0.44097222222222227 0.30000000000000016 1.0333333333333337 0.17424242424242423 0.11388888888888891
decision_type=2 2 2 2 2 2 2 2 2 2 2 2 2 2 2 2 2 2 2 2 2 2 2 2 2 2 2 2
left_child=1 5 4 11 18 6 14 10 20 17 -5 25 -9 -11 -1 22 -13 -7 26 -20 27 -22 -6 -10 -25 -3 -2 -4
right_child=2 3 8 7 15 9 -8 12 23 13 -12 16 -14 -15 -16 -17 -18 -19 19 -21 21 -23 -24 24 -26 -27 -28 -29
leaf_value=-1.0464852303811099 -1.1067581414773218 -1.0907102726498226 -1.1242858623748084 -1.0855923175821909 -1.1307879321440253 -1.0436446929409935 -1.1022546079085385 -1.0728511728097099 -1.0793022692941043 -1.0725141624863366 -1.1228684357319425 -1.0677201998399699 -1.0940537526735203 -1.0960227198199388 -1.0832997192685412 -1.0936770278779469 -1.0971977764174627 -1.0958908986581855 -1.0704163750341522 -1.1086003514035383 -1.0973693210569062 -1.1144467666240718 -1.0986123137169708 -1.1088189060339546 -1.1232739229581452 -1.0578804197483407 -1.1242136231096151 -1.0902698310672962
leaf_weight=150.7206993997097 49.473185688257217 14.45130881667137 32.448963791131973 18.337211549282074 429.65551424026489 38.948612958192825 8.9784209132194501 43.15130153298378 7.7868281900882712 223.13894155621529 49.726899653673172 23.336459994316101 523.13645672798157 42.186663120985031 18.463109403848648 11.346126407384871 48.530407696962357 6.7048954665660849 8.0775187909603101 113.52838379144669 430.81336888670921 51.424607545137405 10.544362485408781 167.91710075736046 83.023851752281189 64.71752268075943 120.01819407939911 7.7464133501052848
leaf_count=417 154 42 94 54 1428 111 22 123 23 625 149 66 1520 120 51 36 140 19 24 339 1277 160 36 514 266 184 378 23
internal_value=-1.09861 -1.08058 -1.1137 -1.09049 -1.12311 -1.06482 -1.05291 -1.09454 -1.10468 -1.07197 -1.11238 -1.07393 -1.09231 -1.07611 -1.05013 -1.12899 -1.08671 -1.05036 -1.11375 -1.10545 -1.10068 -1.0992 -1.12997 -1.11258 -1.11386 -1.06322 -1.11942 -1.11705
internal_weight=2798.33 1274.53 1523.8 785.388 742.643 489.141 178.162 634.352 781.161 310.979 68.0641 151.036 566.288 265.326 169.184 451.546 71.8669 45.6535 291.097 121.606 522.433 482.238 440.2 258.728 250.941 79.1688 169.491 40.1954
internal_count=8395 3643 4752 2278 2395 1365 490 1846 2357 875 203 432 1643 745 468 1500 206 130 895 363 1554 1437 1464 803 780 226 532 117
is_linear=0
shrinkage=1


Tree=3
num_leaves=29
num_cat=0
split_feature=65 33 32 64 65 32 17 30 49 54 30 16 43 26 64 43 65 32 59 14 40 55 65 30 47 40 55 62
split_gain=279.383 96.2799 35.3222 24.7076 16.1563 15.6635 10.4821 10.1268 9.16456 7.49638 7.24281 6.78572 6.57292 6.24266 5.94703 5.92777 5.76655 5.13379 4.2103 4.08112 3.66661 3.37769 3.35225 3.26056 2.77014 1.98809 1.15607 0.787903
threshold=0.46788505257175345 0.45855056169226777 44.710662177630986 -0.77046296296296291 -0.76467171717171711 108.70971298879398 1.0000000180025095e-35 1511.8829298351422 1.2792207792207795 2.3038461538461541 1496.1441493584755 0.36038961038961043 6.8839746192279376 0.83333333333333359 -0.047418639053254344 7.005335504483182 1.5655154342225286 -108.73759890292362 0.48684210526315791 -0.13809523809523802 0.24497605815272785 2.3514705882352946 0.37895522145996513 1577.1011187613201 1.6282894736842108 0.19241053064582478 3.1937500000000005 0.85357142857142876
decision_type=2 2 2 2 2 2 2 2 2 2 2 2 2 2 2 2 2 2 2 2 2 2 2 2 2 2 2 2
left_child=1 4 7 27 17 6 10 18 -8 23 -3 13 20 -5 -11 -14 -13 25 24 -20 -6 -19 26 -9 -2 -1 -7 -4
right_child=2 5 3 11 12 22 8 9 -10 14 -12 16 15 -15 -16 -17 -18 21 19 -21 -22 -23 -24 -25 -26 -27 -28 -29
leaf_value=-0.0018760079524127633 -0.0011593347008007381 -0.0089268881705688984 0.028505538140509663 0.036980536426604226 -0.0099295169651358681 0.044118913042534985 -0.0015175741357553478 0.011105874668951743 0.013060628850216516 0.040097145586022433 0.0013527496183576612 0.025701400249279222 0.025431755037731974 0.0091247755481571307 0.0098391867526333807 -0.012083690503929174 -0.00061655457086903895 -0.007564156728250726 0.02151159697903339 -0.011831252125202986 -0.019184183648608182 -0.024426344416717979 0.00015043789020861641 -0.021298779463574002 0.023144418259908085 -0.033769378495826494 0.0093365309671656332 0.064850408146933033
leaf_weight=6.9453968256711951 17.352691039443016 348.47544085979462 8.8442157804965955 246.80088193714619 192.60826978087425 24.209888696670536 201.76554855704308 24.822765842080116 222.08296167850494 52.198343127965927 327.31965696811676 60.859854817390442 17.463261529803276 26.236240416765213 29.103433638811111 20.25270639359951 28.259216040372849 44.860352650284767 8.4825663268566114 59.35124859213829 325.43830008804798 161.28581437468529 8.3773918449878675 8.7908290624618513 24.564068838953972 223.70869021117687 6.1783532202243796 70.907663494348526
leaf_count=21 50 1011 29 815 563 84 595 77 693 178 984 195 57 80 89 58 82 134 28 171 921 458 25 23 79 620 19 256
internal_value=0 -0.00883797 0.0282046 0.036421 -0.0202045 0.00106851 -3.69747e-05 0.0117543 0.00608769 0.0220013 -0.00392179 0.0304275 -0.0143662 0.0344806 0.0300622 0.0050632 0.0172514 -0.0274766 0.000599624 -0.00680709 -0.0158428 -0.0209849 0.0315038 0.00120905 0.0129193 -0.0329409 0.0388323 0.0619217
internal_weight=2797.55 2130.97 666.574 441.908 992.563 1138.41 1099.64 224.666 423.849 114.915 675.795 362.156 555.763 273.037 81.3018 37.716 89.1191 436.8 109.751 67.8338 518.047 206.146 38.7656 33.6136 41.9168 230.654 30.3882 79.7519
internal_count=8395 6243 2152 1457 2832 3411 3283 695 1288 367 1995 1172 1599 895 267 115 277 1233 328 199 1484 592 128 100 129 641 103 285
is_linear=0
shrinkage=0.05


Tree=4
num_leaves=26
num_cat=0
split_feature=64 65 45 32 31 40 30 65 13 43 18 37 47 52 18 64 62 30 43 63 40 37 51 64 63
split_gain=24.7652 11.0669 15.8376 9.6036 9.3056 9.18338 9.14962 8.18354 6.83331 6.50332 6.30824 5.83825 5.83147 5.73689 5.29401 5.20746 5.13942 5.06581 5.04152 5.00294 4.98363 3.09979 3.07245 2.57963 0.0131074
threshold=-0.58416666666666639 0.55198412698412691 1.1143790849673205 108.70971298879398 1464.6614159782466 0.28993355916432839 1423.5547911291153 -0.24899081166612716 0.13809523809523808 6.1191973084961502 0.51666666666666672 3.7750000000000004 0.70294117647058829 1.2928571428571431 0.51666666666666672 -1.1387499999999997 0.84807692307692328 1542.6062685745585 6.870572353204337 -0.71008403361344519 0.28058769874626649 2.291666666666667 1.5857142857142861 -0.33249999999999991 1.1380952380952385
decision_type=2 2 2 2 2 2 2 2 2 2 2 2 2 2 2 2 2 2 2 2 2 2 2 2 2
left_child=5 2 3 10 7 11 -6 -4 16 13 -2 14 -13 -7 17 -16 19 -1 20 -3 -10 -20 -5 -18 -14
right_child=1 8 4 22 6 9 -8 -9 18 -11 -12 12 24 -15 15 -17 23 -19 21 -21 -22 -23 -24 -25 -26
leaf_value=-0.011828514767643057 0.015194805836365042 -0.0060558658625470439 0.029031031800477638 -0.031792813826085536 -0.02029169595415475 0.044551110253141513 -0.00025945277042054097 0.0042760723813313984 -0.013358278353046277 -0.01696784941201521 0.0046091058860016371 0.0081001867812736904 -0.03673940517802448 -0.0014263055675486115 -0.017044566962575166 0.0093971301187365935 0.0072249790995293555 -0.03529834965705736 -0.0023138657105733758 0.023975404783982541 0.0021558888586051018 0.028817758608445349 0.0039448097283497794 -0.020758455064369723 -0.01370253137145141
leaf_weight=120.08925229310989 367.27952671051025 17.392162188887596 44.783514842391014 15.826685354113581 58.109048843383789 13.357578456401827 1165.1266824156046 131.61804650723934 263.65920513868332 11.866593658924101 244.43624086678028 7.3090855479240409 49.281653106212616 10.132461264729498 28.226958811283112 46.189837083220482 10.866559937596323 30.344250187277794 15.812078386545183 42.81076854467392 60.356393277645111 11.494494423270224 6.7420008778572074 18.169829562306404 6.9918207973241797
leaf_count=350 1059 57 120 56 171 32 3417 399 879 36 721 20 164 33 91 137 34 115 50 127 194 32 21 61 19
internal_value=0 0.0017005 0.00326472 0.00980647 0.000272542 -0.0129637 -0.00126305 0.0109558 -0.00544662 0.0102152 0.0110344 -0.0159419 -0.029457 0.0251821 -0.0117839 -0.000488888 0.00664391 -0.0171277 -0.00860871 0.0149819 -0.0103962 0.01101 -0.0206472 -0.00968972 -0.0348747
internal_weight=2798.27 2474.48 2033.92 634.284 1399.64 323.789 1223.24 176.402 440.561 35.3566 611.716 288.433 63.5826 23.49 224.85 74.4168 89.2393 150.434 351.322 60.2029 324.016 27.3066 22.5687 29.0364 56.2735
internal_count=8395 7398 5964 1857 4107 997 3588 519 1434 101 1780 896 203 65 693 228 279 465 1155 184 1073 82 77 95 183
is_linear=0
shrinkage=0.05


Tree=5
num_leaves=30
num_cat=0
split_feature=33 65 2 32 32 8 61 37 30 21 32 2 3 30 5 39 43 5 20 39 17 54 42 55 51 60 15 32 39
split_gain=276.341 69.6263 47.581 19.0116 14.5273 13.7896 9.46497 9.22491 8.92516 7.74677 7.48552 7.12597 7.1076 6.84971 6.7819 7.58777 6.75512 6.38605 6.05842 4.68861 4.67715 5.25263 4.81199 4.60181 4.41356 4.17448 3.49729 2.77277 2.54005
threshold=0.48426573103999221 -0.74999999999999978 -0.33333333333333331 -87.374364926470761 50.511643756423616 -1.1361111111111108 10.500000000000002 3.6333333333333337 1521.0355468659934 1.0000000180025095e-35 -110.64478217878683 0.65641025641025663 1.1742424242424245 1417.7685124136353 -0.14194139194139183 0.43979700785983517 6.2887870655353924 0.25000000000000011 -0.055050505050504996 0.49825155587073738 -0.20416666666666664 3.4472222222222229 3.1167089678511002 3.5477272727272733 1.3875000000000002 10.500000000000002 0.87083333333333346 92.75109619337492 0.42558220748895009
decision_type=2 2 2 2 2 2 2 2 2 2 2 2 2 2 2 2 2 2 2 2 2 2 2 2 2 2 2 2 2
left_child=1 5 4 14 12 11 9 10 20 -5 -7 -1 26 -8 16 -16 -3 27 -14 -13 22 -22 -4 25 -25 -10 -2 -6 -9
right_child=2 3 8 6 17 7 13 28 23 -11 -12 19 18 -15 15 -17 -18 -19 -20 -21 21 -23 -24 24 -26 -27 -28 -29 -30
leaf_value=0.0052246944363498679 -0.025345507551460728 0.029196796202574912 -0.028172421110071177 0.012387745108766836 -0.024288425154938793 0.03157696900317996 0.024728508165000621 0.014200908850821215 0.013249186974713837 -0.023708646222462937 0.013453907123207112 0.049190407410488329 -0.020708533851645377 0.0042951812118671153 0.043450016137065062 0.016894010801160604 -0.017867064189336958 0.0050905502285182765 0.00046836160880386608 0.0089251165533001369 0.0012496334504111526 -0.015390443771918189 0.0079484899533053561 0.020264210698148665 -0.020470437185928211 -0.017085735794011091 0 -0.034150026641526832 0.046691108533501606
leaf_weight=13.08807450532913 125.5601668804884 10.677124470472338 29.277527317404747 18.45030215382576 176.31867484748363 98.792212545871735 43.519572824239731 11.827504336833952 9.5918035358190519 49.347842618823051 163.43130430579185 142.65277081727982 47.584185466170311 524.45379830896854 50.682876706123352 74.062207087874413 17.051646858453751 11.326134890317915 98.82892432808876 10.27980726957321 430.7808899730444 51.139875516295433 10.685463607311247 17.065382182598118 7.8860423266887656 222.45453590154648 17.030022293329239 257.00268828868866 56.726689159870148
leaf_count=36 398 30 85 54 580 271 123 32 29 149 456 386 145 1520 143 213 46 36 297 28 1277 160 32 51 25 698 55 884 156
internal_value=0 0.017037 -0.0144737 0.00772114 -0.0236065 0.0316776 0.00383804 0.0253075 -0.00580085 -0.0134539 0.0205637 0.0437682 -0.0145459 0.00598597 0.0234914 0.0283961 0.000159254 -0.029348 -0.00643199 0.0467954 -0.00197059 -0.000520806 -0.018 -0.0134071 0.00589851 -0.0156225 -0.0225003 -0.0303248 0.0420014
internal_weight=2797.58 1285.04 1512.53 788.245 733.651 496.798 635.772 330.778 778.882 67.7981 262.224 166.021 289.003 567.973 152.474 124.745 27.7288 444.647 146.413 152.933 521.884 481.921 39.963 256.998 24.9514 232.046 142.59 433.321 68.5542
internal_count=8395 3643 4752 2278 2395 1365 1846 915 2357 203 727 450 895 1643 432 356 76 1500 442 414 1554 1437 117 803 76 727 453 1464 188
is_linear=0
shrinkage=0.05


Tree=6
num_leaves=31
num_cat=0
split_feature=65 33 32 65 32 32 65 41 30 13 39 3 30 43 52 43 8 32 39 19 14 56 18 65 34 55 5 40 39 5
split_gain=250.358 88.5623 30.9542 14.9853 14.193 11.7414 9.94738 9.49037 9.20958 8.84356 7.43873 7.13717 7.08008 6.1738 5.71808 5.55934 5.55767 4.85246 4.84204 4.24086 4.28499 3.90507 3.64694 3.37302 4.28986 3.1872 2.62759 1.87469 1.4883 1.35263
threshold=0.46788505257175345 0.45855056169226777 44.710662177630986 -0.76467171717171711 111.69442916469396 145.43541243988946 0.1282216034839723 0.30676068731210132 1511.8829298351422 0.12916666666666668 0.47353261138307873 1.7303030303030307 1533.3756969103235 6.8839746192279376 1.788888888888889 7.005335504483182 -0.066666666666666485 -108.73759890292362 0.43842400407836285 0.51666666666666672 -0.066666666666666638 0.45227272727272733 0.43650793650793651 0.37895522145996513 0.77500000000000013 2.3514705882352946 -0.40256410256410252 0.19241053064582478 0.45997946611909657 -0.076923076923076941
decision_type=2 2 2 2 2 2 2 2 2 2 2 2 2 2 2 2 2 2 2 2 2 2 2 2 2 2 2 2 2 2
left_child=1 3 8 17 6 7 12 9 19 -4 -8 -9 -3 21 28 -15 18 27 -10 20 -2 -5 -18 24 -6 -19 -21 -1 -7 -16
right_child=2 4 5 13 23 14 10 11 16 -11 -12 -13 -14 15 29 -17 22 25 -20 26 -22 -23 -24 -25 -26 -27 -28 -29 -30 -31
leaf_value=-0.0016181223399648675 0.014728983126882297 -0.0054553276110218688 -0.016435191625751324 -0.0039009624617905043 0.047556609530859023 0.036208765781126799 0.0039390602772154627 0.040851838302085622 0.02480925226249605 0.02302943148622312 0.025627874332315455 0 0.0075666592273291658 0.024626398051539596 0.060970922983654599 -0.011668741594203048 0.051625562560827711 -0.0070954062152828699 -0.019932017232163226 0 -0.016668858362661989 -0.017019126889141468 0.020641502364620715 0 0 -0.023532664353053786 0.02147632618280608 -0.032687446042032942 0.0080100536072824514 0.021418443624962046
leaf_weight=6.9202298521995536 11.866511628031729 626.29733660817146 13.437130331993101 72.548951342701912 22.692905426025394 46.909042745828629 308.97228141129017 140.99129709601402 7.9700731337070492 155.4344746619463 44.50552336871624 12.149206370115278 121.96600085496902 17.589405670762062 63.355287820100784 20.143886879086494 12.221799254417418 44.609947979450226 13.114449143409727 30.379710406064987 42.502090662717819 441.60674546658993 82.69616074860096 8.4232909977436048 5.8679024577140799 159.17057552933693 25.168872475624084 219.55861370265484 9.3146769702434522 7.2907901704311362
leaf_count=21 38 1845 36 216 79 154 928 469 26 487 144 35 373 57 224 58 44 134 35 90 120 1268 262 25 17 458 80 620 28 24
internal_value=0 -0.00844305 0.0264799 -0.0194297 0.00102844 0.0340886 0 0.0284699 0.0110862 0.0195873 0.006869 0.0377249 -0.00328493 -0.0137962 0.0474924 0.00500903 0.0207924 -0.0265005 -0.00125241 0.000430692 -0.009093 -0.0152388 0.025872 0.0306778 0.0384246 -0.0201598 0.0101786 -0.03187 0.032402 0.0579352
internal_weight=2795.68 2120.87 674.802 982.148 1138.73 448.882 1101.74 322.012 225.92 168.872 353.478 153.141 748.263 551.889 126.87 37.7333 116.002 430.259 21.0845 109.917 54.3686 514.156 94.918 36.9841 28.5608 203.781 55.5486 226.479 56.2237 70.6461
internal_count=8395 6243 2152 2832 3411 1457 3290 1027 695 523 1072 504 2218 1599 430 115 367 1233 61 328 158 1484 306 121 96 592 170 641 182 248
is_linear=0
shrinkage=0.05


Tree=7
num_leaves=26
num_cat=0
split_feature=64 41 32 7 65 20 32 41 52 4 7 12 52 41 11 54 48 41 52 26 51 64 51 7 23
split_gain=22.3556 12.0607 10.1763 8.95447 9.40932 11.0436 6.90012 8.55615 6.25113 8.33092 7.87454 6.23268 5.22707 4.54367 4.12509 4.25067 4.37985 3.8537 2.78942 3.55936 3.02936 2.75373 2.48196 0.998963 0.669663
threshold=-0.58416666666666639 0.28768712455900586 145.43541243988946 1.2071428571428573 0.57765151515151525 0.061111111111111054 -94.573273380121904 0.32261510890543149 1.720779220779221 0.96666666666666667 1.0333333333333337 0.13809523809523808 1.2111111111111115 0.27618980399694854 -0.74801587301587291 3.4188596491228078 1.2111111111111115 0.28329210811587785 1.788888888888889 -1.1666666666666663 1.2928571428571431 -0.43652777777777779 0.58571428571428574 1.2583333333333335 0.19999999999999998
decision_type=2 2 2 2 2 2 2 2 2 2 2 2 2 2 2 2 2 2 2 2 2 2 2 2 2
left_child=1 8 3 4 5 -2 11 -8 9 13 -11 -5 -6 -1 -3 16 -16 23 19 24 -21 -20 -17 -10 -4
right_child=2 14 18 6 12 -7 7 -9 17 10 -12 -13 -14 -15 15 22 -18 -19 21 20 -22 -23 -24 -25 -26
leaf_value=-0.022036084586273638 0.011218334650224046 0.01183439529267534 -0.036665705171886061 0.0080244314716126485 -0.014600598193067161 -0.0022782932428954462 0.0040629115583121003 -0.0054433171626082199 -0.038824294390501356 -0.002712775475062346 0.047690002990892211 -0.012068427242734896 0.0018488181923371951 0.014936144189896128 -0.024232700062399738 0 -0.0067381163407086112 0.011620294292947623 0 -0.01342005896827294 0.014519870721433698 -0.03605499452414189 -0.03250336417641083 -0.0038216803918058387 -0.0072418246036177296
leaf_weight=16.837516114115719 641.40474617481232 8.8838324099779111 7.6279226541519147 45.011519879102707 70.814947083592415 193.71448594331741 781.2332211881876 335.93358258903027 10.124084442853929 10.35947994887829 19.619618967175484 193.92556191980839 136.30455616116524 12.35282616317272 63.685359954833984 6.8606347143650046 95.943078577518463 5.689266473054885 6.5572360455989864 15.994473859667776 18.700893193483353 21.987572550773621 65.912268072366714 5.0855813920497885 7.1910941153764725
leaf_count=48 1863 28 28 123 237 578 2307 1031 40 34 48 556 434 32 183 20 303 17 22 55 57 81 227 17 26
internal_value=0 -0.0123651 0.00161316 0.00220596 0.00568796 0.00805983 -0.000456184 0.00117742 0.00412273 0.0126171 0.0304108 -0.00814434 -0.0037416 -0.00563409 -0.0179282 -0.0192638 -0.0140859 -0.0178365 -0.0158882 -0.0074831 0.000928929 -0.0282047 -0.0296066 -0.0303776 -0.0264329
internal_weight=2797.76 321.354 2476.4 2398.34 1042.24 835.119 1356.1 1117.17 80.0684 59.1694 29.9791 238.937 207.12 29.1903 241.285 232.401 159.628 20.8989 78.0592 49.5144 34.6954 28.5448 72.7729 15.2097 14.819
internal_count=8395 997 7398 7129 3112 2441 4017 3338 236 162 82 679 671 80 761 733 486 74 269 166 112 103 247 57 54
is_linear=0
shrinkage=0.05


Tree=8
num_leaves=30
num_cat=0
split_feature=33 65 33 33 65 8 65 61 37 26 21 41 64 39 14 38 8 64 15 39 4 48 42 8 12 33 4 39 43
split_gain=250.097 61.7844 42.9061 17.2551 12.3865 12.1752 8.94489 8.81489 8.22881 9.33975 7.31796 7.21405 6.56339 5.20406 4.92657 4.88302 4.79999 5.7346 4.79997 4.31307 4.05972 4.00182 3.80785 4.20509 3.80294 3.72735 3.64652 2.25703 2.19987
threshold=0.48426573103999221 -0.74999999999999978 0.5751691944511822 0.37684360186904103 0.26520318272236437 -1.1361111111111108 0.12062797566960376 10.500000000000002 3.6333333333333337 -1.0000000180025095e-35 1.0000000180025095e-35 0.25831795817958181 -0.017625739644970398 0.44675241069471844 -0.066666666666666638 1.4500000000000002 0.66190476190476211 0.041536868943438505 0.4494949494949495 0.48547206979034757 1.9045454545454545 2.1055555555555561 3.1738055300746955 -1.0000000180025095e-35 0.39230769230769236 0.54567269659679729 1.0333333333333337 0.42558220748895009 6.9833263583635388
decision_type=2 2 2 2 2 2 2 2 2 2 2 2 2 2 2 2 2 2 2 2 2 2 2 2 2 2 2 2 2
left_child=1 5 6 12 22 11 16 10 9 -7 -5 -1 26 -9 -14 21 17 -2 -13 28 -21 -8 24 -24 -4 -17 -3 -10 -6
right_child=2 3 4 7 19 8 15 13 27 -11 -12 18 14 -15 -16 25 -18 -19 -20 20 -22 -23 23 -25 -26 -27 -28 -29 -30
leaf_value=-0.005138454316819298 0.00095525768997158957 0.0063043989452906228 -0.018059461593353709 0.011866475404693806 -0.029803970032975597 0.042396643113587928 -0.011633973257818543 0.010091388666934735 0.013213143207247618 0.01508180007535148 -0.023179453748373494 0.045782266849177022 -0.015456269631011306 0.00041743692457012996 0.01649320350392899 0.0046212262181269956 0.025803433148010053 -0.010820707850220108 0.010152410913483307 0.013840081277153016 -0.029140586731896685 -0.025050013219616887 0.033185198515549123 -0.010236599505542204 0.0043956387883652614 -0.014129872798946924 0.037049912234082209 0.043802353784617706 -0.0058505785037949098
leaf_weight=6.7360690832138053 298.60484546422958 14.689672052860258 89.455818384885788 18.542437821626663 432.2290228754282 37.321966022253036 257.54768867790699 305.13716581463814 11.93820598721504 227.46423901617527 48.972417950630188 148.77095225453377 12.507550328969954 264.54691652953625 60.320542126893997 66.175800293684006 12.801008656620978 153.35311722755432 13.462893426418303 11.406381383538248 7.0991585850715628 79.818368896842003 8.1757028400897997 9.5827194750308973 20.784235626459122 40.510296911001205 66.430700302124023 57.812406033277512 13.604173406958578
leaf_count=18 878 42 285 54 1479 103 800 875 32 624 149 397 34 768 172 203 39 462 35 38 25 256 25 30 60 130 184 156 42
internal_value=0 0.0160905 -0.0138787 0.00730276 -0.0243465 0.0297655 -0.00699013 0.00359506 0.0237922 0.0193145 -0.0131302 0.041029 0.0222458 0.00565996 0.0104056 -0.0120608 -0.00206093 -0.00301542 0.0431374 -0.0281719 -0.00266315 -0.0150107 -0.0100569 0.00982442 -0.0136002 -0.00239782 0.0320688 0.0394295 -0.0291583
internal_weight=2795.8 1294.65 1501.15 791.147 592.337 503.507 908.811 637.199 334.537 264.786 67.5149 168.97 153.948 569.684 72.8281 444.052 464.759 451.958 162.234 464.339 18.5055 337.366 127.998 17.7584 110.24 106.686 81.1204 69.7506 445.833
internal_count=8395 3643 4752 2278 1984 1365 2768 1846 915 727 203 450 432 1643 206 1389 1379 1340 432 1584 63 1056 400 55 345 333 226 188 1521
is_linear=0
shrinkage=0.05


Tree=9
num_leaves=29
num_cat=0
split_feature=65 32 32 64 32 32 17 49 11 54 8 53 65 20 64 53 51 42 39 65 34 60 40 65 45 42 46 44
split_gain=225.291 79.9057 27.2164 20.2583 14.364 12.9568 9.80288 8.26725 7.42836 7.14633 6.15979 6.01682 7.05302 5.62489 5.02094 4.74317 4.54672 4.23895 4.06132 3.13496 3.92732 3.11651 3.05982 2.87242 1.74252 2.01161 1.61016 1.22427
threshold=0.46788505257175345 -29.030876827969561 44.710662177630986 -0.77046296296296291 -108.73759890292362 111.69442916469396 1.0000000180025095e-35 1.2792207792207795 -0.30839160839160834 2.5527777777777785 0.57142857142857162 1.4722222222222225 1.5655154342225286 -0.13589743589743583 -0.58416666666666639 0.58571428571428574 1.4722222222222225 2.5593526509057036 0.46819495533368372 0.37895522145996513 0.77500000000000013 4.5000000000000009 0.19451951951951954 0.50074404761904778 1.6754385964912284 2.6037515943176324 1.8480769230769234 1.297058823529412
decision_type=2 2 2 2 2 2 2 2 2 2 2 2 2 2 2 2 2 2 2 2 2 2 2 2 2 2 2 2
left_child=1 4 9 24 14 6 8 -8 -3 22 21 16 -13 -12 27 26 -5 -17 -16 20 -7 -11 -2 -24 25 -4 -6 -1
right_child=2 5 3 11 15 19 7 -9 -10 10 13 12 -14 -15 18 17 -18 -19 -20 -21 -22 -23 23 -25 -26 -27 -28 -29
leaf_value=-0.041657445018282321 0.025885046208193437 0.033316698010312798 0.022679672876733656 0.034697348159012306 0.022609817247007703 0.045060776364037131 -0.0014166054446915224 0.012381894649060499 -0.004616560972847396 0 0.032643923523190232 0.021829988464868132 -0.014050069462627138 0.0026709562651485975 -0.024890076792887975 -0.006039048051844873 0.020816737224947882 -0.016962433448520151 -0.0011870145876003073 0 0 0.037057126624363688 0.020947074735065498 -0.0079816908206955996 0.014312837456956915 0.060540923038710073 -0.0047691301585482994 -0.022436952368783791
leaf_weight=74.46839714050293 7.3081544786691657 11.041674196720122 9.4642682671546918 189.1980359852314 9.441763252019884 23.071171224117283 202.73361319303513 223.82542856037617 666.6538141220808 7.1366823315620413 18.543432533740997 42.455074816942215 17.300028026103973 77.774273782968521 184.41244599223137 119.61676083505154 122.90513464808464 525.56067338585854 22.71480867266655 8.4648222625255567 5.8847393393516532 40.162056550383568 7.4866947829723349 68.547629058361053 5.7805905342102042 67.719700276851654 6.7628847062587729 26.326738268136978
leaf_count=208 24 38 30 613 31 79 598 694 1967 21 61 133 47 233 533 357 379 1528 70 25 17 135 25 196 18 237 20 78
internal_value=0 -0.00807288 0.0249461 0.0320162 -0.0186156 0.000873177 -0.000109609 0.00578945 -0.00386552 0.0105126 0.0172054 0.026637 0.0109187 0.0092424 -0.0276366 -0.0143074 0.0294782 -0.0150008 -0.0224464 0.0290427 0.0364322 0.0318809 -0.000860402 -0.00434899 0.0546376 0.0569042 0.0105415 -0.0374146
internal_weight=2792.76 2110.98 681.782 454.823 969.304 1141.68 1104.25 426.559 677.695 226.959 143.616 371.858 59.7551 96.3177 307.922 661.382 312.103 645.177 207.127 37.4207 28.9559 47.2987 83.3425 76.0343 82.9646 77.184 16.2046 100.795
internal_count=8395 6243 2152 1457 2825 3418 3297 1292 2005 695 450 1172 180 294 889 1936 992 1885 603 121 96 156 245 221 285 267 51 286
is_linear=0
shrinkage=0.05


Tree=10
num_leaves=25
num_cat=0
split_feature=64 41 33 45 8 39 20 37 39 64 49 11 54 48 18 51 3 52 52 26 20 64 47 17
split_gain=20.287 11.2181 9.37728 9.53289 9.90667 8.98849 8.27761 6.13605 7.99311 6.40658 3.93931 3.86893 4.08843 4.17307 3.82633 5.37606 5.35021 3.31378 2.59089 3.43013 2.85141 2.68856 2.5008 0.589875
threshold=-0.58416666666666639 0.28768712455900586 0.69787381226819101 1.1143790849673205 0.7777777777777779 0.43810702498821313 0.061111111111111054 3.1000000000000005 0.40226017557861143 -0.074999999999999942 0.64583333333333337 -0.74801587301587291 3.4188596491228078 1.2111111111111115 0.51666666666666672 1.2928571428571431 1.4641025641025645 1.2928571428571431 1.788888888888889 -1.1666666666666663 0.033150183150183157 -0.43652777777777779 2.4330357142857149 0.31098901098901105
decision_type=2 2 2 2 2 2 2 2 2 2 2 2 2 2 2 2 2 2 2 2 2 2 2 2
left_child=1 5 3 4 6 17 -2 8 -5 -9 -6 -3 13 -13 16 -16 -7 -1 19 23 -21 -20 -14 -4
right_child=2 11 18 7 10 14 -8 9 -10 -11 -12 12 22 -15 15 -17 -18 -19 21 20 -22 -23 -24 -25
leaf_value=0.044328866784658721 0.011755829416993015 0.011487407851047739 -0.03594078404507741 -0.014745047446231238 -0.023255101715704701 -0.035226723130789728 -0.0011740571840898847 -0.013506653501739975 0.002527083156780463 0 -0.0014035785955756296 -0.023430056558605774 -0.031696301291270657 -0.006285153234336649 -0.010713623461185344 0.03172365811759191 0.002622932090950878 0.0016045052063232085 0 0.009295555888525266 -0.022174471175994848 -0.035163043898754083 0 -0.0074326178763949886
leaf_weight=13.231779962778093 538.36905616521835 8.9174683690071088 7.4204651117324811 68.82995930314064 25.02801987528801 16.858232036232948 155.69868266582489 154.71709612011909 1154.8290722817183 201.91629439592361 101.16759546101093 62.916156277060509 64.915678113698959 95.42392335832119 14.732809484004976 10.99754750728607 15.761104434728621 8.4902413487434369 6.5157237797975567 27.2194744348526 7.4399206340312949 21.61783193051815 6.806013509631156 7.2702436745166779
leaf_count=31 1563 28 28 213 87 60 471 464 3409 604 318 183 224 303 43 30 44 28 22 87 25 81 23 26
internal_value=0 -0.0118228 0.00153476 0.00210172 0.00646873 0.00404978 0.00882434 -0.000154514 0.00151267 -0.00592108 -0.00622754 -0.0172342 -0.0185446 -0.0134608 -0.00595971 0.007503 -0.0171213 0.0302267 -0.0153271 -0.00720924 0.00101709 -0.0273136 -0.0287593 -0.0259115
internal_weight=2797.09 319.051 2478.04 2400.56 820.263 80.0717 694.068 1580.29 1223.66 356.633 126.196 238.979 230.062 158.34 58.3497 25.7304 32.6193 21.722 77.4837 49.3501 34.6594 28.1336 71.7217 14.6907
internal_count=8395 997 7398 7129 2439 236 2034 4690 3622 1068 405 761 733 486 177 73 104 59 269 166 112 103 247 54
is_linear=0
shrinkage=0.05


Tree=11
num_leaves=30
num_cat=0
split_feature=33 33 33 65 65 33 30 65 41 53 5 31 52 30 5 25 39 30 31 40 30 24 10 33 23 1 39 54 46
split_gain=226.13 54.7439 39.806 17.8453 11.6433 11.5466 8.9365 8.14633 8.12934 7.46943 8.60585 7.43931 7.19036 5.92078 5.61052 4.92275 4.38167 6.44288 6.35799 3.93005 5.06167 3.89315 3.82542 3.49454 3.12962 3.00445 2.91795 2.11972 2.18016
threshold=0.48426573103999221 0.36972128912874724 0.5751691944511822 -0.78424908424908413 0.26520318272236437 0.24145865712754103 1417.7685124136353 0.12062797566960376 0.28685268802031899 0.80909090909090919 -0.14194139194139183 1495.6104822671366 0.80909090909090919 1406.3716850430008 0.36515151515151517 1.5000000000000002 0.43642821734344939 1586.1672187078668 1464.6614159782466 0.23477481689262894 1534.5259414114714 0.50000000000000011 1.0000000180025095e-35 0.59210051307649547 0.13095238095238096 1.7071428571428573 0.43685786918123926 2.297058823529412 2.0871212121212124
decision_type=2 2 2 2 2 2 2 2 2 2 2 2 2 2 2 2 2 2 2 2 2 2 2 2 2 2 2 2 2
left_child=1 5 7 8 19 27 13 16 21 26 -11 -8 -10 -5 25 22 17 -2 -18 23 -21 -3 -9 -4 -17 -6 -7 -1 -29
right_child=2 3 4 6 14 9 11 15 12 10 -12 -13 -14 -15 -16 24 18 -19 -20 20 -22 -23 -24 -25 -26 -27 -28 28 -30
leaf_value=0.020964122829196356 0.0079195176851820492 0.016974706456942205 0.033414182622599604 0.0072943441722479619 -0.023622456045688099 0.017116033144186533 -0.0061821308217169472 0.0068159452616737091 0.044726265207810104 -0.00062877663201946741 0.029724510050457006 0.0057485189215762244 0.018760046915721112 0.042578466380607166 0.0045032062485417523 0.0025189067940529462 -0.017596760412996414 -0.03558706898347231 -0.0011346158109444096 -0.0028085047458895557 -0.02552363017890279 -0.0067532177456603622 -0.016624768791619355 -0.0038754819135366722 -0.011938053484114379 -0.033342134998548219 -0.018086945243134252 0.0597853757843817 0.019000241902417791
leaf_weight=11.685531437397001 136.11719824373722 33.564651370048523 6.8254200816154507 30.252053827047348 247.23364695906639 7.9036667346954372 182.58847136795521 15.935165688395498 43.954344481229782 23.333150088787079 323.96065497398376 437.07997670769691 92.78325566649437 21.658239871263504 11.688118785619734 81.811653524637222 76.993501126766205 6.9444705545902243 244.2547749876976 54.852650165557861 47.897207602858543 30.207177758216858 280.2474579513073 17.692557394504547 63.203133821487427 198.11159516870975 11.878221809864042 44.272485822439194 8.179627448320387
leaf_count=29 406 91 22 84 846 21 526 50 118 65 870 1269 255 60 37 248 223 22 728 163 157 85 895 58 196 701 34 116 20
internal_value=0 0.0151946 -0.0133019 0.00791705 -0.0234737 0.0297505 0.00393495 -0.00667351 0.0209605 0.0259204 0.0276217 0.0021843 0.0278115 0.0235129 -0.0272268 -0.0115351 -0.00197062 0.00517376 -0.0052419 -0.0095898 -0.0139211 0.00549167 -0.0152425 0.0072998 -0.00368864 -0.0281319 -0.00259404 0.0498466 0.0548157
internal_weight=2793.11 1303.3 1489.81 872.088 584.301 431.213 671.579 905.507 200.509 367.076 347.294 619.668 136.738 51.9103 457.033 441.197 464.31 143.062 321.248 127.268 102.75 63.7718 296.183 24.518 145.015 445.345 19.7819 64.1376 52.4521
internal_count=8395 3643 4752 2488 1984 1155 1939 2768 549 990 935 1795 373 144 1584 1389 1379 428 951 400 320 176 945 80 444 1547 55 165 136
is_linear=0
shrinkage=0.05


Tree=12
num_leaves=28
num_cat=0
split_feature=33 33 62 33 6 0 21 14 16 42 11 54 54 49 37 12 8 39 39 17 37 42 5 54 26 40 14
split_gain=204.27 60.1125 36.8205 13.7896 12.3568 12.1848 11.4836 8.94788 8.14763 7.50387 7.37902 6.39419 7.15715 5.99759 5.99495 5.57083 5.07596 4.58311 4.41526 4.10402 6.40652 4.08201 3.58932 3.26141 2.92538 2.69917 0.870617
threshold=0.54567269659679729 0.45855056169226777 0.84807692307692328 0.34843081000591775 1.591666666666667 1.1742424242424245 0.095454545454545472 -0.11785714285714279 0.48333333333333339 2.6477583204982258 0.26401515151515148 3.297058823529412 2.6449579831932781 0.86607142857142871 1.7750000000000001 0.63068181818181823 0.87083333333333357 0.47857468420367238 0.44002820874471088 -0.19999999999999993 2.1000000000000005 2.5593526509057036 -0.066666666666666638 3.7100840336134455 1.166666666666667 0.19241053064582478 -0.050641025641025648
decision_type=2 2 2 2 2 2 2 2 2 2 2 2 2 2 2 2 2 2 2 2 2 2 2 2 2 2 2
left_child=1 3 5 19 10 11 -4 18 9 -8 15 12 -2 22 -15 -3 21 -9 -6 25 -21 -5 -7 -13 -12 -1 -18
right_child=2 4 6 16 7 13 8 17 -10 -11 24 23 -14 14 -16 -17 26 -19 -20 20 -22 -23 -24 -25 -26 -27 -28
leaf_value=0.00024358121686411487 0.015263599343875001 -0.0021626049091719025 -0.0049372399187536491 -0.0058187581859598493 0.038949059191254944 0.033976976607642685 0.026278053821900189 0.0071127094885539248 0 0.050051966512289658 -0.021360018387268837 -0.0003341422991323201 0.032090221090523167 -0.0064396805954907745 0.0091084222970257405 0.030898457598964958 0.02674279405350119 -0.012967514137115591 0.01261533991066263 0.0075777327306272776 -0.024950649296697072 -0.016150245286612606 0 0.031213276689603262 0.0013170831756339476 -0.030513993001885627 0
leaf_weight=5.6610232144594184 146.10687524080276 597.07710756361485 13.338588714599608 129.74580381810665 28.846177354454994 27.016527697443962 61.753796458244324 134.18586483597755 11.961768001317976 134.35202294588089 69.474995940923691 48.656094074249268 135.25769077241421 91.212562918663025 177.36075367033482 10.953551217913626 5.8312149345874786 33.400329738855362 48.267633095383644 20.813792213797569 40.490448132157326 540.62899866700172 11.106237038969992 7.5096049010753623 14.94100274145603 236.59019729495049 6.5720859169960004
leaf_count=18 446 1773 37 388 98 89 194 410 35 454 195 139 436 264 536 37 20 94 150 67 116 1585 33 25 46 690 20
internal_value=0 -0.00907743 0.0201425 -0.0176801 0 0.0139588 0.0377371 0.0096075 0.0406128 0.0430326 -0.00341958 0.0205289 0.0236101 0.00656113 0.00372703 -0.00142669 -0.0135929 0.00285752 0.0235177 -0.0266425 -0.0136213 -0.0142111 0.0247231 0.0043823 -0.0171195 -0.0296968 0.0154186
internal_weight=2789.11 1923.48 865.633 986.334 937.147 644.226 221.406 244.7 208.068 196.106 692.447 337.53 281.365 306.696 268.573 608.031 682.778 167.586 77.1138 303.555 61.3042 670.375 38.1228 56.1657 84.416 242.251 12.4033
internal_count=8395 5707 2688 2904 2803 1968 720 752 683 648 2051 1046 882 922 800 1810 2013 504 248 891 183 1973 122 164 241 708 40
is_linear=0
shrinkage=0.05


Tree=13
num_leaves=24
num_cat=0
split_feature=62 62 21 32 41 59 37 0 39 6 39 52 46 64 22 39 54 24 42 32 39 17 21
split_gain=20.0689 15.8982 11.5634 9.2453 8.94317 8.37142 7.12211 6.26041 6.21083 6.098 4.41583 3.54916 3.22049 3.96022 4.69188 3.89306 3.10194 3.11489 2.65357 2.64865 2.24523 1.91473 0.236775
threshold=0.85357142857142876 -1.4472222222222222 0.11805555555555557 -94.573273380121904 0.3247972544647737 0.53137254901960795 2.6333333333333337 1.3205128205128207 0.44584185156333411 0.91287878787878796 0.43979700785983517 2.8285714285714287 0.51470588235294124 -0.58416666666666639 0.080128205128205107 0.41959566780297047 2.1846590909090913 1.1666666666666667 3.0824304501119495 35.510013420690036 0.4993606138107417 -0.066666666666666638 0.30384615384615393
decision_type=2 2 2 2 2 2 2 2 2 2 2 2 2 2 2 2 2 2 2 2 2 2 2
left_child=1 10 7 5 9 6 -3 11 -6 -5 16 18 15 19 -15 -4 -1 -18 -2 -14 22 -7 -12
right_child=2 3 12 4 8 21 -8 -9 -10 -11 20 -13 13 14 -16 -17 17 -19 -20 -21 -22 -23 -24
leaf_value=-0.029985657744773176 0.010578465618565949 0.0064967561505300296 -0.018322138749876413 0.012107711604301517 -0.0061874607576850177 -0.027109956308971086 -0.0089686828831391768 -0.018264750763351489 0.0056352328898191121 0.0037729610895530594 -0.037398714774910441 -0.0019405622785568456 0 0.012845438071834574 -0.016727393575291769 0.025213984216929969 0.016121188021296716 -0.013600608779279806 0.052850409574841564 -0.031007541047146005 -0.0032573842112156338 -0.0016179224520397933 -0.011782467885236559
leaf_weight=7.9793197810649863 10.288491100072866 134.7353347837925 8.4642056971788424 266.9656535834074 345.9781903475523 45.441543534398079 159.69388899207115 10.20497591793537 159.49470512568951 1336.1910323798656 32.411357060074806 7.5593786239624015 6.2604767829179755 12.955802425742148 100.74485152959824 7.8724253624677649 16.3751654624939 14.616525337100027 9.0105862319469434 75.44393116235733 9.3397276997566205 11.568266704678534 6.5417817980051032
leaf_count=25 32 373 30 753 1068 134 454 33 476 3986 97 24 20 41 343 24 44 40 23 294 28 33 20
internal_value=2.56005e-06 0.00133917 -0.0134839 0.00209885 0.00335798 -0.00536142 -0.00181104 0.0114029 -0.00240021 0.00518984 -0.0193642 0.0240261 -0.018023 -0.0198043 -0.0129778 0.00175586 -0.00558936 0.00137109 0.0345981 -0.0284684 -0.0293187 -0.022591 -0.0344927
internal_weight=2796.14 2547.33 248.805 2460.07 2108.63 351.439 294.429 37.0634 505.473 1603.16 87.2639 26.8585 211.742 195.405 113.701 16.3366 38.971 30.9917 19.2991 81.7044 48.2929 57.0098 38.9531
internal_count=8395 7531 864 7277 6283 994 827 112 1544 4739 254 79 752 698 384 54 109 84 55 314 145 167 117
is_linear=0
shrinkage=0.05


Tree=14
num_leaves=30
num_cat=0
split_feature=32 65 2 32 32 30 53 59 25 30 53 11 40 46 46 3 63 32 25 8 53 56 62 50 34 23 30 19 2
split_gain=203.123 49.7726 39.4421 14.4061 11.9618 11.1972 11.7287 8.99382 8.25207 7.49631 6.44944 6.43268 6.40658 5.43704 5.30013 6.50437 5.2981 5.21312 4.20062 6.48919 6.15467 4.06579 4.00184 3.44447 3.93843 2.76823 2.23004 1.74902 1.73936
threshold=-11.092169651237439 -0.74999999999999978 -0.33333333333333331 -87.374364926470761 92.75109619337492 1503.0810103927172 1.2361111111111114 0.45227272727272733 1.8333333333333337 1521.0355468659934 0.80909090909090919 -0.016025641025640948 0.30424764576237229 2.4472222222222229 1.2899159663865549 0.57738095238095244 0.14285714285714288 -100.49802540107872 1.8333333333333337 0.25595238095238099 1.1909090909090911 0.44097222222222227 0.30000000000000016 0.68333333333333346 1.0000000180025095e-35 -0.084090909090909036 1423.5547911291153 0.4494949494949495 0.59761904761904783
decision_type=2 2 2 2 2 2 2 2 2 2 2 2 2 2 2 2 2 2 2 2 2 2 2 2 2 2 2 2 2
left_child=1 5 4 10 14 6 17 8 -5 18 26 -12 -8 -9 15 -2 -16 -1 20 -20 -4 -11 -23 28 -25 -6 -3 -27 -7
right_child=2 3 9 7 25 23 12 13 -10 21 11 -13 -14 -15 16 -17 -18 -19 19 -21 -22 22 -24 24 -26 27 -28 -29 -30
leaf_value=0.027052934041104506 -0.00051687254524851608 0.013434166579588222 -0.0092575830571461695 -0.017727461468484907 -0.0011039445595553978 -0.020691112888386112 0.036138602971444826 0.0047714447431708665 0.015029856403219173 0.019271909755190247 0.054720711899292646 0.01927391888127386 -0.00024128770498672608 0.036727465995617797 -0.012970963324863763 -0.023312159642000771 0.0089555785086026223 0.0011956407976833879 -0.00021161374046847967 0.024571504186887989 0.0032582428934615488 -0.0082091632569723048 -0.022319631659361187 0.021222733772221145 -0.0016654976054577459 -0.001054732011919467 -0.015809534673147916 -0.031894951954275462 0.006754817394094741
leaf_weight=33.915391862392426 38.454465627670288 8.4362473487854022 226.95527903735638 81.277163997292519 9.8419373929500562 9.1640897691249865 308.00527143478394 521.46832203865051 22.522482737898827 7.7861436307430258 14.659778505563734 119.40645487606525 11.146964609622954 12.014320164918898 139.63823948800564 248.02863615751266 31.294361442327499 47.808492660522461 93.533063277602196 33.763076320290565 166.81635785102844 164.94038513302803 80.46513070166111 72.545435100793839 22.142398625612259 6.5452379882335654 14.05138625204563 234.46921199560165 8.5948889255523664
leaf_count=88 125 23 683 236 31 26 811 1504 63 23 40 329 28 36 440 828 97 133 277 100 501 516 267 193 59 22 40 853 23
internal_value=-1.79338e-06 0.0143461 -0.0126716 0.00643064 -0.0211931 0.0264661 0.0304216 0.00301852 -0.0102337 -0.00480951 0.0199494 0.024081 0.0347965 0.00567229 -0.0161371 -0.0203638 -0.00875494 0.0126149 -0.00131148 0.00644672 -0.00390257 -0.0118438 -0.0130799 0.0118607 0.0156881 -0.030113 -0.00361663 -0.0311759 -0.00680353
internal_weight=2789.69 1307.16 1482.53 793.836 708.272 513.323 400.876 637.282 103.8 774.259 156.554 134.066 319.152 533.483 457.416 286.483 170.933 81.7239 521.068 127.296 393.772 253.192 245.406 112.447 94.6878 250.856 22.4876 241.014 17.759
internal_count=8395 3632 4763 2271 2396 1361 1060 1839 299 2367 432 369 839 1540 1490 953 537 221 1561 377 1184 806 783 301 252 906 63 875 49
is_linear=0
shrinkage=0.05


Tree=15
num_leaves=31
num_cat=0
split_feature=65 33 33 33 64 30 65 43 51 31 5 43 50 62 33 45 41 53 31 58 40 64 23 48 11 53 7 30 31 43
split_gain=185.561 45.9134 33.3189 15.2564 12.7198 12.1232 10.0625 9.29371 8.108 7.19535 6.34519 6.1505 6.03383 5.1852 4.65504 4.23968 4.15942 4.02135 3.81467 3.42063 3.37738 3.19471 3.15744 2.18913 1.8252 1.68092 1.65511 1.61641 1.27565 1.16246
threshold=0.22376311188811188 0.45855056169226777 0.66793947126996212 0.44830596373693848 -0.46360110803324089 1534.5259414114714 0.58647576796397127 3.3497501700808394 0.68333333333333346 1495.6104822671366 1.0000000180025095e-35 6.8839746192279376 0.5634920634920636 0.84807692307692328 0.61074094939972212 1.861904761904762 0.33200663218563786 1.6515151515151518 1519.7261351576237 0.59411764705882364 0.24926899959816348 -0.42398989898989886 0.33095238095238105 1.3166666666666669 -0.069047619047619038 2.1909090909090914 0.52272727272727282 1521.0355468659934 1475.3182454189134 6.1954247594495966
decision_type=2 2 2 2 2 2 2 2 2 2 2 2 2 2 2 2 2 2 2 2 2 2 2 2 2 2 2 2 2 2
left_child=1 4 3 20 19 10 9 -8 15 -5 12 21 -3 17 -10 -7 -12 22 26 27 24 -6 -4 -13 -2 -21 -15 -1 -19 -22
right_child=2 5 13 6 11 8 7 -9 14 -11 16 23 -14 18 -16 -17 -18 28 -20 25 29 -23 -24 -25 -26 -27 -28 -29 -30 -31
leaf_value=-0.032425317572745548 -0.0097249055203260867 0.024509991836874415 0.03474194665548197 0.0033126030322981111 0.0075660202932970825 -0.016622616849047107 -0.013115273353445185 0.021679763650877325 0.010795656919726147 0.019325642777976767 -0.01101036961522424 -0.0061065007493265608 -0.0010968585717136094 0.011304023912709293 0.034237503698048309 0.016877539940010473 0.003039949925021765 -0.012401557629464431 0.0075728083754211181 -0.018151795168556497 -0.00024835433378656583 -0.015927916601144988 0.0091968489505522815 0.01424346990971942 0.01909362506929705 0.008215352599852916 0.047867329021057448 -0.0099400513219807182 0.014373197377073658 -0.027780400695748542
leaf_weight=165.65940651297569 9.6435438394546527 22.650318011641502 63.449549466371536 251.49021755158901 12.236544415354727 30.523624449968338 18.057453185319901 366.97017505764961 77.982557162642479 98.933953061699867 310.53193871676922 27.31307290494442 332.45642928779125 6.5842200815677634 32.325412034988403 10.867639929056166 59.285528346896172 7.533141762018202 9.5247141122817975 11.175054833292963 6.6817684173584011 655.33246175944805 20.61583024263382 21.12441012263298 7.8437327444553366 8.0440239161252958 94.36393815279007 14.174208760261534 6.3399170339107513 25.151204124093056
leaf_count=489 29 74 204 747 40 84 50 1138 241 311 902 83 991 20 106 35 181 20 28 34 20 1940 61 67 26 27 315 43 20 69
internal_value=0 -0.00961313 0.0173086 0.0124811 -0.0174369 -0.00139677 0.014308 0.019924 0.0113223 0.00798846 -0.0041166 -0.0141877 0.000594578 0.0350764 0.0183752 -0.0068782 -0.00868649 0.0251003 0.0430948 -0.0287428 -0.0137705 -0.0154386 0.0291271 0.00248568 0.00255142 -0.00620365 0.0459913 -0.0309194 0 -0.0230966
internal_weight=2784.87 1791.68 993.183 784.772 915.059 876.623 735.452 385.028 151.699 350.424 724.924 716.006 355.107 208.411 110.308 41.3913 369.817 97.9384 110.473 199.053 49.3202 667.569 84.0654 48.4375 17.4873 19.2191 100.948 179.834 13.8731 31.833
internal_count=8395 5337 3058 2390 2723 2614 2246 1188 466 1058 2148 2130 1065 668 347 119 1083 305 363 593 144 1980 265 150 55 61 335 532 40 89
is_linear=0
shrinkage=0.05


Tree=16
num_leaves=22
num_cat=0
split_feature=62 62 45 19 33 18 41 64 33 3 12 60 64 26 64 65 33 44 41 33 47
split_gain=18.0989 14.7438 10.425 8.57179 8.30355 7.38403 6.28183 6.01413 5.97102 5.3949 7.12328 5.26166 5.09444 6.58039 4.81572 4.51551 3.17694 3.15708 3.09552 3.669 1.43651
threshold=0.85357142857142876 -1.4472222222222222 1.1143790849673205 0.48333333333333339 0.65153274970367414 0.57738095238095244 0.31126420168465446 -0.33541666666666664 0.68483437162919925 1.7928571428571431 0.087121212121212113 3.5000000000000004 -0.77046296296296291 -1.5 -0.14999999999999994 -1.1473655420666287 0.5298974864391911 1.9750000000000003 0.27896948252985404 0.29559962849981125 2.4701754385964918
decision_type=2 2 2 2 2 2 2 2 2 2 2 2 2 2 2 2 2 2 2 2 2
left_child=1 15 4 8 5 -3 -5 -6 -4 11 -11 16 20 -14 -12 18 -2 -16 -1 -20 -13
right_child=9 2 3 6 7 -7 -8 -9 -10 10 14 12 13 -15 17 -17 -18 -19 19 -21 -22
leaf_value=0.0027929428271417102 0.020065959784012422 0.0090806578810258276 -0.0035377304601703998 0.0062042241977702797 0.010622370228366682 -0.023720564266820874 -0.0019178399282994457 -0.021094519636572877 -0.030669475543895781 -0.034769797509292086 0.048308117542738976 -0.031872984209010913 0.01162334121762186 -0.017076252327058172 -0.020657533215809723 0.0089099018907464519 -0.017569968105373979 0.016759480948003419 -0.010951814513782807 -0.036818654206034661 -0.0017684496319795237
leaf_weight=8.1912239938974363 14.174391418695452 707.36069872975349 688.02482971549034 569.93493950366974 20.007331743836403 15.312371030449865 400.24432961642742 41.766874253749847 19.262925341725349 6.3867922127246848 6.7980713844299343 61.485283747315407 22.076073944568634 103.27749788761139 6.7906800955534008 10.56544244289398 6.1649883389472953 13.09439994394779 29.54688473045826 38.157158598303795 6.3862449973821631
leaf_count=23 41 2054 2021 1674 65 50 1200 144 69 23 17 245 70 359 22 29 22 41 83 119 24
internal_value=1.64971e-05 0.00128077 0.00200902 -0.000203203 0.00675993 0.0082876 0.00283073 -0.0104191 -0.0043963 -0.0128514 0.00512666 -0.015773 -0.0183439 -0.0117225 0.0173063 -0.0187497 0.00698749 0.00211928 -0.023051 -0.0265268 -0.0295299
internal_weight=2795.01 2548.38 2461.91 1677.47 784.447 722.673 970.179 61.7742 707.288 246.634 33.0699 213.564 193.225 125.354 26.6832 86.4607 20.3394 19.8851 75.8953 67.704 67.8715
internal_count=8395 7531 7277 4964 2313 2104 2874 209 2090 864 103 761 698 429 80 254 63 63 225 202 269
is_linear=0
shrinkage=0.05


Tree=17
num_leaves=30
num_cat=0
split_feature=33 17 2 61 62 32 32 32 39 0 64 30 14 20 63 46 17 54 56 4 62 62 32 51 51 39 23 54 56
split_gain=185.408 45.2094 36.5705 16.2663 12.1117 11.202 9.66041 8.21782 8.97906 7.76987 7.0619 6.8024 5.7614 5.19397 5.18082 5.11231 4.60928 4.91396 3.88285 3.87279 3.53482 3.51031 3.39565 3.8879 3.21501 2.69625 2.6568 2.82755 1.60659
threshold=0.48426573103999221 -0.24880952380952379 -0.33333333333333331 10.500000000000002 -1.158333333333333 92.75109619337492 -87.374364926470761 -60.657546008433989 0.44790151880246737 1.3205128205128207 0.10440311418685116 1521.0355468659934 -0.13809523809523802 0.033150183150183157 0.18844696969696972 2.4330357142857149 -0.20416666666666664 3.2817460317460321 0.44097222222222227 1.1909090909090911 0.30000000000000016 0.11388888888888891 -33.035001645630693 1.9500000000000002 1.2928571428571431 0.49825155587073738 -0.084090909090909036 2.0513157894736849 0.48684210526315791
decision_type=2 2 2 2 2 2 2 2 2 2 2 2 2 2 2 2 2 2 2 2 2 2 2 2 2 2 2 2 2
left_child=1 4 5 22 9 13 10 8 -5 28 -6 16 -8 14 -2 -9 21 -18 -13 -15 -20 -4 24 -24 -3 -11 -7 -28 -1
right_child=2 3 11 7 6 26 12 15 -10 25 -12 18 -14 19 -16 -17 17 -19 20 -21 -22 -23 23 -25 -26 -27 27 -29 -30
leaf_value=0.016092163370113721 -0.020171860377378732 0.013259666997847967 -0.024526736601482694 0.021268864230138462 0.028285483325917644 -0.00078271513953227085 0.038059700040590769 0.0022352258440469699 0.0017223089876070266 0.042473725376766212 -0.015769034607848183 0.018946004557896551 0.0080093190739185301 -0.026144238551737725 0.0024367482234456906 0.040164529990404353 0.002113096071235371 -0.012442856586283753 -0.008005451542388119 -0.00038794938159547848 -0.021408334005748111 0.0090909584732308309 -0.032952973994919796 0.0047495678026423186 -0.021226825636709468 0.0091655222634581691 -0.0054099483406942293 -0.031689730653603185 -0.011143693977111147
leaf_weight=9.4037262201309222 326.40244325995445 12.901732534170153 31.887473911046982 171.84470145404339 218.36196348071098 9.7973268777132017 16.511488303542137 404.85495774447918 93.720565855503082 125.20840096473694 7.533513516187667 7.8126079291105262 181.45889112353325 16.175246983766556 24.904767408967018 7.2094597518444052 413.23463644087315 65.374353185296059 163.56565544009209 85.384635359048843 79.064834982156754 7.6766034811735144 34.780118748545647 6.4663557708263388 10.131621003150938 9.7651004493236524 14.120004937052725 222.46545246243477 7.6573968827724448
leaf_count=25 1082 36 94 464 572 31 45 1167 258 320 21 23 515 55 75 20 1231 206 514 277 266 23 104 20 30 26 49 826 20
internal_value=-1.02116e-05 0.013584 -0.0122336 0.00535673 0.0240844 -0.020503 0.0194466 0.00767572 0.0145286 0.0364317 0.0265811 -0.00464441 0.0109962 -0.0155936 -0.0184936 0.00315001 -0.00130549 2.93404e-05 -0.0113886 -0.0051572 -0.0126145 -0.0172789 -0.0182065 -0.0265178 -0.00139509 0.0404155 -0.0292278 -0.0302846 0.00266991
internal_weight=2785.68 1317.81 1467.87 741.91 575.9 699.25 423.866 677.63 265.565 152.035 225.895 768.616 197.97 452.867 351.307 412.064 518.173 478.609 250.443 101.56 242.63 39.5641 64.2798 41.2465 23.0334 134.974 246.383 236.585 17.0611
internal_count=8395 3643 4752 2099 1544 2395 1153 1909 722 391 593 2357 560 1489 1157 1187 1554 1437 803 332 780 117 190 124 66 346 906 875 45
is_linear=0
shrinkage=0.05


Tree=18
num_leaves=31
num_cat=0
split_feature=65 33 32 65 65 30 43 60 32 51 31 63 55 44 45 53 47 52 43 45 32 43 51 23 56 64 20 38 1 16
split_gain=167.752 41.4076 30.8203 14.0278 11.6688 9.78465 8.13961 9.52347 7.63065 7.4332 6.1934 5.89659 5.5458 4.98656 4.98594 4.65893 4.3904 6.13046 4.26594 4.21049 4.15537 4.15454 3.71285 3.24824 2.73386 2.1011 1.63691 1.32173 1.06259 0.243667
threshold=0.19999999999999998 0.45855056169226777 121.4079459185473 0.58647576796397127 -0.76467171717171711 1534.5259414114714 3.3497501700808394 19.500000000000004 -36.049509228886784 0.68333333333333346 1495.6104822671366 -0.33333333333333331 3.0250000000000004 0.67708333333333337 1.1937500000000003 1.5857142857142861 1.8377192982456141 1.788888888888889 6.8839746192279376 1.861904761904762 -108.73759890292362 7.005335504483182 1.2111111111111115 -0.5166666666666665 0.45227272727272733 -0.58416666666666639 -0.5166666666666665 2.7083333333333335 1.5166666666666668 0.12916666666666668
decision_type=2 2 2 2 2 2 2 2 2 2 2 2 2 2 2 2 2 2 2 2 2 2 2 2 2 2 2 2 2 2
left_child=1 4 3 8 20 11 26 -8 22 19 -10 14 -11 -13 -3 16 17 -4 24 -7 25 -20 -2 -22 -6 -1 -5 28 -17 -18
right_child=2 5 15 6 18 9 7 -9 10 12 -12 13 -14 -15 -16 27 29 -19 21 -21 23 -23 -24 -25 -26 -27 -28 -29 -30 -31
leaf_value=-0.034896715183661088 0.0051497506147112635 0.025769691829932325 0.019048715412703761 0.0015981555719072572 -0.002581217583894319 -0.01715689188143658 0.030198362825289472 0.013358813008975415 0.0030982691888964383 0.024991862120038729 0.01741883001357971 -0.022261722001139506 0.00035640013244040195 -0.0044863631715802198 1.4485676854608473e-05 -0.01229924828944564 0.027522843595171289 0.04152576656546339 0.021698961954837639 0.016200430124830946 0.0083422947943820446 -0.011011289309823775 -0.024561490025375703 -0.018800671252194659 -0.01439326382978646 -0.022448146442510405 -0.024733444456903439 0.022837637872641314 0.011680261024268578 0.056353310900632642
leaf_weight=94.520439684391022 13.305814400315283 24.740594744682312 76.765659481287003 8.0048834383487701 63.061283081769943 30.130511209368706 141.06430840492249 241.79121577739716 271.64422589540482 70.531254321336746 106.64583104848862 41.713205516338348 36.482368275523186 564.82465790212154 69.882167622447014 7.4053175449371356 11.361344963312147 67.12071567773819 16.824921831488609 10.939641684293745 9.3016690909862501 17.266615897417068 28.320256814360619 185.84573477506638 395.55574329197407 116.90055352449417 9.9790294468402863 8.1998477578163129 7.042887419462204 32.779520511627197
leaf_count=285 42 81 233 24 192 83 450 728 806 226 332 116 108 1676 209 20 36 220 54 35 31 51 80 561 1174 356 26 26 21 113
internal_value=-6.17602e-06 -0.00944554 0.0159589 0.0114812 -0.0169131 -0.00148747 0.0181754 0.019753 0.00497591 0.0100595 0.00727157 -0.00398341 0.0169833 -0.00581905 0.00740134 0.0330139 0.0356441 0.0301308 -0.0115598 -0.00735154 -0.0232512 0.00474712 -0.0146905 -0.0173086 -0.0128416 -0.0284056 -0.0127749 0.00904272 0 0.0509891
internal_weight=2779.95 1748.52 1031.43 820.756 899.277 849.244 400.839 382.856 419.916 148.084 378.29 701.161 107.014 606.538 94.6228 210.675 188.027 143.886 492.709 41.0702 406.568 34.0915 41.6261 195.147 458.617 211.421 17.9839 22.6481 14.4482 44.1409
internal_count=8395 5238 3157 2488 2704 2534 1228 1178 1260 452 1138 2082 334 1792 290 669 602 453 1471 118 1233 105 122 592 1366 641 50 67 41 149
is_linear=0
shrinkage=0.05


Tree=19
num_leaves=26
num_cat=0
split_feature=33 8 33 15 59 30 37 19 20 40 39 44 14 12 6 44 53 20 24 65 64 65 22 37 64
split_gain=15.2858 10.7324 7.5453 9.19596 7.90071 7.31222 5.31172 5.3076 4.78671 4.65193 3.55766 4.82492 3.91426 2.82368 2.67467 2.56819 2.43838 2.49955 2.73335 2.31497 1.89879 1.73069 1.66484 1.37387 0.824147
threshold=0.69787381226819101 -1.4976190476190474 0.36716287693034805 0.48333333333333339 0.53137254901960795 1667.0190835718861 2.6333333333333337 0.51666666666666672 0.061111111111111054 0.28993355916432839 0.43810702498821313 1.1622807017543864 -1.0000000180025095e-35 0.37980769230769235 1.0333333333333337 1.3245614035087721 0.73863636363636376 -1.0000000180025095e-35 1.0000000180025095e-35 1.0830459770114944 -1.0971938775510204 0.90880740880740885 0.25833333333333336 2.4500000000000006 -2.878333333333333
decision_type=2 2 2 2 2 2 2 2 2 2 2 2 2 2 2 2 2 2 2 2 2 2 2 2 2
left_child=1 10 4 8 6 -5 -3 9 -4 22 12 24 -1 -6 -14 -13 19 21 -19 -9 -21 -18 -2 -24 -12
right_child=7 2 3 5 13 -7 -8 16 -10 -11 11 15 14 -15 -16 -17 17 18 -20 20 -22 -23 23 -25 -26
leaf_value=0.022633083989863131 -0.041283073569869468 0.0051697131700712898 0.0055594544050343413 -0.0049070559123138499 -0.026620179422803515 0.022894236240078695 -0.0080668112071342595 -0.012745143060945674 -0.00095844345426099277 0.0089661014584785838 -0.010032537380972794 0.012331610542070562 -0.025742941150125011 0.001467788207801781 0.0037311800288216805 -0.022013448708274014 -0.002366435417281966 0.024227568872037461 -0.01122989327763598 0 0.031934018636057153 -0.031082683643289734 -0.0012074747461663822 -0.026901913032274152 -0.041036899921690323
leaf_weight=8.2820684909820539 28.369975417852402 138.28691536188126 1390.7815145999193 466.42944341897964 48.348203852772713 22.693521440029144 160.51147226989269 6.8886817991733578 344.58927825093269 6.1023099273443213 6.5646211355924633 9.9440372586250323 15.151440337300302 8.6267401576042158 10.826184242963789 7.6753391623497 10.553508326411249 6.2585084438324001 13.746732532978056 6.1235290467739114 7.9641079157590839 16.87237936258316 10.438329726457598 16.77644170820713 24.799783974885941
leaf_count=22 113 385 4059 1504 145 67 459 26 1025 20 20 27 46 24 30 25 36 19 51 23 25 66 36 65 77
internal_value=3.30599e-05 0.000864713 0.00144922 0.00253881 -0.00526978 -0.00347829 -0.00186406 -0.01656 0.0042512 -0.0271054 -0.0165685 -0.0250355 -0.00306006 -0.0220378 -0.0131774 -0.0020744 -0.00619563 -0.0125035 0 0.0068263 0.0183452 -0.0217941 -0.0316734 -0.0186598 -0.0362873
internal_weight=2793.61 2663.51 2580.27 2224.49 355.773 489.123 298.798 130.095 1735.37 61.6871 83.2435 48.9838 34.2597 56.9749 25.9776 17.6194 68.4074 47.4311 20.0052 20.9763 14.0876 27.4259 55.5847 27.2148 31.3644
internal_count=8395 7915 7668 6655 1013 1571 844 480 5084 234 247 149 98 169 76 52 246 172 70 74 48 102 214 101 97
is_linear=0
shrinkage=0.05


Tree=20
num_leaves=31
num_cat=0
split_feature=33 17 2 61 53 30 32 32 41 42 40 3 5 20 32 17 52 21 46 48 41 13 26 26 2 46 15 32 22 53
split_gain=168.121 40.857 33.9786 15.153 12.0835 11.1505 10.7927 7.41525 9.33454 6.64637 6.64299 6.38413 5.69382 5.60163 5.21395 5.74351 5.15075 4.93288 4.79701 4.76921 6.72233 5.97944 4.74224 4.52486 4.29378 4.27303 3.37759 3.18924 3.23444 3.0908
threshold=0.48426573103999221 -0.24880952380952379 -0.33333333333333331 10.500000000000002 1.2613636363636365 1503.0810103927172 50.511643756423616 -60.657546008433989 0.27144514418296323 3.1696882690730113 0.31099961590167086 1.1742424242424245 0.25000000000000011 -0.055050505050504996 35.510013420690036 -0.20416666666666664 1.3166666666666669 0.17424242424242423 2.4330357142857149 0.78888888888888908 0.31082141796427515 0.16025641025641021 1.166666666666667 0.33333333333333343 -0.19999999999999993 2.1519230769230773 0.87083333333333346 -33.035001645630693 0.095454545454545472 1.3166666666666669
decision_type=2 2 2 2 2 2 2 2 2 2 2 2 2 2 2 2 2 2 2 2 2 2 2 2 2 2 2 2 2 2
left_child=1 4 6 27 19 10 11 8 -5 14 -6 26 22 -13 15 -4 -16 25 -9 20 -1 -21 -8 -7 -19 -11 -2 29 -29 -3
right_child=2 3 9 7 5 23 12 18 -10 17 -12 13 -14 -15 16 -17 -18 24 -20 21 -22 -23 -24 -25 -26 -27 -28 28 -30 -31
leaf_value=-0.021580662826020745 -0.022461108583558723 -0.015637348925290378 -0.021727063472769887 -0.0078640456237085224 0.031882830578715118 0.020974147783303206 -0.02684810430497275 0.0020702694161851983 0.01767412010344039 0.026998990476192888 -0.0087576307041129821 -0.01821620947623839 0.0076620891628157639 0.0024928076538838569 -0.0065231505772379746 -0.0014154519102927113 -0.023247320011929362 -0.023478391655913245 0.038638338097034194 0.000305437391382794 0.025582350166992993 0.023779955469833948 0.0054192862785523779 -0.0024272289535347308 0.0036834905720930819 -0.0036534405896659801 0.00017750019854618704 0.0015317037044552274 -0.032044081784098045 0.018872622566401407
leaf_weight=22.037735894322399 120.04146875441074 14.56883715093136 36.757146134972572 39.731411412358284 347.40849266946316 37.523262649774551 390.84944592416286 405.45613443851471 227.33294998109341 34.650515899062157 8.5796488523483259 45.894800886511803 10.98395976424217 96.684996992349625 128.38102051615715 388.1369853168726 77.982044041156769 16.031920552253723 7.2977427542209616 47.404220789670944 8.7834326028823835 69.317093089222908 9.7763325721025449 39.027009338140488 70.713967755436897 13.916621834039686 16.492467269301414 7.0092278569936743 33.849191904067993 8.4688195735216123
leaf_count=62 398 43 109 112 911 99 1428 1167 610 106 22 145 36 297 397 1174 262 53 20 131 24 190 36 105 213 43 55 23 101 23
internal_value=-1.80523e-05 0.0128613 -0.0117362 0.00503732 0.0227975 0.0270445 -0.0197746 0.00726421 0.0137517 -0.0044281 0.0307901 -0.011879 -0.0249848 -0.00416005 -0.00659947 -0.00332471 -0.0131255 0.00546822 0.00296029 0.0099846 -0.00663854 0.0146225 -0.0259756 0.00896731 -0.00147071 0.0179242 -0.019583 -0.0177776 -0.0258982 -0.00145855
internal_weight=2781.09 1323.8 1457.29 743.714 580.081 432.538 690.723 679.818 267.064 766.57 355.988 279.114 411.61 142.58 631.257 424.894 206.363 135.313 412.754 147.542 30.8212 116.721 400.626 76.5503 86.7459 48.5671 136.534 63.8961 40.8584 23.0377
internal_count=8395 3643 4752 2099 1544 1137 2395 1909 722 2357 933 895 1500 442 1942 1283 659 415 1187 407 86 321 1464 204 266 149 453 190 124 66
is_linear=0
shrinkage=0.05


Tree=21
num_leaves=28
num_cat=0
split_feature=32 33 64 65 65 65 15 64 50 26 9 30 65 16 14 32 39 17 47 32 46 55 42 55 37 53 21
split_gain=151.755 46.1512 31.0976 15.0194 13.4852 12.4182 6.81605 6.06723 5.91075 5.89401 5.18289 5.0396 7.88412 6.43267 4.71739 4.71579 4.63166 4.3972 4.38861 4.04869 3.67404 3.07459 2.69085 2.30246 2.15272 2.06643 1.92749
threshold=31.825354797920003 0.45855056169226777 -0.77046296296296291 0.55198412698412691 0.1282216034839723 -0.76467171717171711 0.86190476190476206 0.2975000000000001 0.6515151515151516 -0.33333333333333331 0.26969696969696971 1548.3786859984154 0.40461152882205514 0.40833333333333338 -0.11785714285714279 148.89012363126383 0.44440028263557679 -0.29999999999999988 1.7029411764705884 -108.73759890292362 1.8377192982456141 2.3514705882352946 2.6116515837104077 3.9750000000000005 5.1250000000000009 1.3875000000000002 0.25833333333333336
decision_type=2 2 2 2 2 2 2 2 2 2 2 2 2 2 2 2 2 2 2 2 2 2 2 2 2 2 2
left_child=1 5 22 11 7 19 15 10 -9 18 -3 13 -13 -4 -11 -5 17 -7 -6 24 -18 -21 -2 26 -1 -8 -24
right_child=2 4 3 6 9 16 25 8 -10 14 -12 12 -14 -15 -16 -17 20 -19 -20 21 -22 -23 23 -25 -26 -27 -28
leaf_value=-0.028765804668209174 0.013793441206531891 0.0021975094884312293 0.0054996892723614098 0.01925480514277432 -0.0052205123966131573 0.00027681465884047042 0.0048537113329917558 0.050239416833748579 0.0031791221765930531 0.024406335823188227 -0.0089444439783522966 0.022220314975742509 -0.0042059374228417415 -0.018622970128771392 0.0076978573408285735 0.03490160199455538 -0.0030256677803605727 -0.0176739299956125 0.022985385506611434 -0.0038078851993489956 -0.018280978387293721 -0.019981459613071212 0.012363138973011277 0.012762296442531957 -0.0018454378405923855 -0.023766175049420392 0.052987205184237829
leaf_weight=197.60844419896603 10.938390254974363 134.11617231369019 237.73735040426254 296.71478161215782 101.50574111938477 36.34940741956234 15.214917629957201 6.5715703517198554 38.359289273619652 59.877141028642654 413.02221682667732 95.555051207542419 36.86114427447319 28.972927212715149 169.97340978682041 68.114249765872955 226.88356110453606 244.87819334864616 13.800754129886625 42.78214867413044 47.962930113077164 150.13165283203125 6.2557703852653495 7.9625413417816153 10.082135215401648 7.3642894625663748 68.940576046705246
leaf_count=607 33 406 712 903 294 116 44 24 117 190 1213 298 103 80 514 218 691 723 45 134 141 458 19 24 34 19 235
internal_value=-1.18884e-05 -0.00799373 0.0171049 0.0137353 -7.69081e-05 -0.0157072 0.0207618 -0.00467805 0.0124425 0.00772519 -0.00616971 0.00678322 0.0147248 0.00266708 0.0123313 0.0224186 -0.0107219 -0.0152799 -0.00129717 -0.0224775 -0.00589098 -0.0165988 0.0441388 0.0474191 -0.0276083 -0.00463795 0.0503393
internal_weight=2774.54 1893.9 880.632 786.535 937.226 956.678 387.408 592.069 44.9309 345.157 547.138 399.126 132.416 266.71 229.851 364.829 556.074 281.228 115.306 400.604 274.846 192.914 94.0973 83.1589 207.691 22.5792 75.1963
internal_count=8395 5707 2688 2377 2803 2904 1184 1760 141 1043 1619 1193 401 792 704 1121 1671 839 339 1233 832 592 311 278 641 63 254
is_linear=0
shrinkage=0.05


Tree=22
num_leaves=26
num_cat=0
split_feature=62 62 21 45 19 32 49 18 17 64 0 39 26 63 19 52 52 64 54 54 49 39 41 41 21
split_gain=15.5607 12.6382 9.97974 9.17969 7.60003 7.26538 7.12364 6.78657 6.28093 5.68588 5.67028 4.15053 3.94062 4.46738 3.81358 4.31037 3.19847 3.11201 2.98658 3.1822 2.50801 2.17483 1.32247 0.69186 0.254574
threshold=0.85357142857142876 -1.4472222222222222 0.11805555555555557 1.1143790849673205 0.48333333333333339 108.70971298879398 1.1055555555555558 0.57738095238095244 -0.19999999999999993 -0.33541666666666664 1.3205128205128207 0.43979700785983517 -0.33333333333333331 -0.51568627450980387 0.5634920634920636 2.2928571428571431 2.8285714285714287 -0.35749999999999998 2.1846590909090913 2.8535714285714291 1.0000000180025095e-35 0.4993606138107417 0.33312629399585919 0.32261510890543149 0.30384615384615393
decision_type=2 2 2 2 2 2 2 2 2 2 2 2 2 2 2 2 2 2 2 2 2 2 2 2 2
left_child=1 11 10 5 8 7 -6 -3 -5 -7 16 18 13 22 20 -16 23 -15 -1 -20 -14 24 -4 -2 -13
right_child=2 3 12 4 6 9 -8 -9 -10 -11 -12 21 14 17 15 -17 -18 -19 19 -21 -22 -23 -24 -25 -26
leaf_value=-0.028561529960686623 0.011450000761689307 0.0085063658623766875 -0.023344924010238608 -0.01066808955892906 0.017139683666568973 0.010597868708137313 0.001357397753917894 -0.023063679835201415 -0.00067990767789574615 -0.020289829072767645 -0.017382377900159136 -0.035430195152799021 0 0.015704985760629741 -0.021484321026456914 0.017146718267953442 -0.0016918822263337022 -0.0076768778212666982 0.014519801495307086 -0.016836277412530375 -0.031558633778808173 -0.0018711861727335511 0 0.041536744015565542 -0.010422004904664659
leaf_weight=7.730952948331832 7.8109979927539888 710.75938987731934 39.616735473275185 241.21087963879108 76.383376687765121 20.002510920166969 895.17928329110146 15.158067658543585 463.99807332456112 41.277830317616463 10.068142771720884 30.99145133793354 6.6451241075992575 19.607759639620781 14.8823489099741 10.213280111551283 7.5285506993532172 39.580823615193367 20.054176062345508 10.456158339977263 70.44398145377636 9.1553786247968656 5.2723462283611289 11.747146531939505 6.3922879993915549
leaf_count=25 23 2054 158 701 218 65 2656 50 1389 144 33 97 22 63 55 32 24 133 53 31 269 28 20 32 20
internal_value=5.04975e-05 0.00121633 -0.0119651 0.00188454 -0.000193675 0.00633218 0.00265653 0.00775124 -0.00415214 -0.00979641 0.0110447 -0.0175115 -0.0162963 -0.0087953 -0.0233808 -0.00473464 0.0229392 0 -0.0041605 0.00263015 -0.0288615 -0.0273436 -0.0203272 0.0328575 -0.0325352
internal_weight=2792.17 2548.75 243.417 2463.97 1676.77 787.198 971.563 725.917 705.209 61.2803 37.1548 84.7804 206.262 104.078 102.185 25.0956 27.0867 59.1886 38.2413 30.5103 77.0891 46.5391 44.8891 19.5581 37.3837
internal_count=8395 7531 864 7277 4964 2313 2874 2104 2090 209 112 254 752 374 378 87 79 196 109 84 291 145 178 55 117
is_linear=0
shrinkage=0.05


Tree=23
num_leaves=31
num_cat=0
split_feature=33 17 2 61 53 32 30 65 65 56 51 42 43 12 5 62 6 39 65 17 26 2 64 54 12 32 51 51 54 40
split_gain=152.273 36.7442 31.5824 14.1264 10.7772 10.339 10.1954 7.18867 7.88956 7.30842 6.47225 6.18654 5.08158 6.53166 5.01985 4.85643 4.646 4.56265 5.39888 4.41421 4.22292 3.98481 4.6458 4.43653 3.01411 2.99556 3.724 3.01174 2.80227 2.40854
threshold=0.48426573103999221 -0.24880952380952379 -0.33333333333333331 10.500000000000002 1.2613636363636365 92.75109619337492 1503.0810103927172 -0.39868421052631564 0.042601495726495707 0.45227272727272733 1.1055555555555558 3.1696882690730113 6.9484171454641421 0.17424242424242423 0.25000000000000011 0.74868421052631606 1.6547619047619049 0.44086929671607095 -1.0516106442577031 -0.20416666666666664 0.33333333333333343 0.10555555555555557 0.022638888888888903 3.1464285714285718 0.32051282051282054 -33.035001645630693 1.9500000000000002 1.2928571428571431 2.0513157894736849 0.26184027268728932
decision_type=2 2 2 2 2 2 2 2 2 2 2 2 2 2 2 2 2 2 2 2 2 2 2 2 2 2 2 2 2 2
left_child=1 4 5 25 17 12 10 9 -9 -5 -6 15 13 -2 28 19 -14 18 -1 -4 -8 22 -13 -23 -19 27 -27 -3 -7 -17
right_child=2 3 11 7 6 14 20 8 -10 -11 -12 21 16 -15 -16 29 -18 24 -20 -21 -22 23 -24 -25 -26 26 -28 -29 -30 -31
leaf_value=-0.004501037108421666 -0.0056921437796196061 0.012559375586450343 -0.019866059252904418 -0.0086069925339673694 0.03263638304937682 -0.0041727704479736167 0.019847220611838537 -0.0018801677543394452 0.011709456139782123 0.01741513404180214 0.014724201675683042 0.0082299403504624818 0.027486459545528304 -0.019608622804582747 0.0098868606453994465 -0.033710480640534009 -0.017285673511906338 -0.0045900209591396741 0.029150152412628257 -0.0038621322683463841 -0.0027001551133507655 0.027392523796276942 -0.015849008625068974 0 0.013505454696099095 -0.031710963171438768 0.0052119037952073673 -0.020812411134242349 -0.030305538015297052 -0.0013537537904754855
leaf_weight=14.007964342832564 128.42128445208073 12.980158790946009 46.163867771625519 28.482291653752327 284.7524833381176 13.844494625926016 37.802272826433182 284.30143170058727 166.46839606761932 202.48271138966084 74.177584230899811 44.073536053299904 11.991357564926149 296.50109478831291 6.7537142932415 21.873464420437816 7.4737975448369971 56.987736478447914 42.195680126547813 551.04227429628372 39.097275629639626 30.861704841256142 32.942148849368095 27.603422537446022 34.893881782889366 34.038898423314095 6.4255313724279395 10.059395283460615 217.28024956583977 10.000539377331732
leaf_count=39 437 36 138 82 734 49 99 792 483 552 199 140 38 991 22 74 23 156 116 1697 105 89 101 85 96 104 20 30 835 33
internal_value=-2.99101e-05 0.0121694 -0.0112556 0.00474594 0.0215526 -0.0190711 0.0255447 0.00688587 0.00311279 0.0140525 0.029106 -0.00421714 -0.0143368 -0.0155077 -0.027618 -0.00632056 0.00912232 0.00945311 0.0204671 -0.00520313 0.00828896 0.00531774 -0.0018935 0.0149789 0.00215712 -0.017354 -0.0252898 -0.00151135 -0.0288966 -0.0249758
internal_weight=2775.98 1329.15 1446.83 745.239 583.915 682.266 435.83 681.735 450.77 230.965 358.93 764.561 444.388 424.922 237.878 629.08 19.4652 148.085 56.2036 597.206 76.8995 135.481 77.0157 58.4651 91.8816 63.504 40.4644 23.0396 231.125 31.874
internal_count=8395 3643 4752 2099 1544 2395 1137 1909 1275 634 933 2357 1489 1428 906 1942 61 407 155 1835 204 415 241 174 252 190 124 66 884 107
is_linear=0
shrinkage=0.05


Tree=24
num_leaves=27
num_cat=0
split_feature=32 33 64 32 32 6 2 63 13 64 23 4 39 41 53 44 53 39 7 41 42 42 23 21 64 52
split_gain=137.449 42.452 28.1736 11.8087 11.4706 9.51218 7.38044 7.22735 5.97689 4.6267 4.55144 4.44939 4.40452 4.28852 4.15182 3.91874 3.76617 3.50496 3.48189 3.39894 2.65713 2.50145 2.00971 2.35789 1.66554 1.6406
threshold=31.825354797920003 0.45855056169226777 -0.77046296296296291 121.4079459185473 -110.64478217878683 1.591666666666667 0.14285714285714293 0.10128205128205121 0.27922077922077926 -0.58416666666666639 0.13095238095238096 2.0333333333333337 0.47521264171808314 0.32560582372483876 1.5857142857142861 0.74342105263157909 0.58571428571428574 0.46819495533368372 1.0333333333333337 0.26613434485103488 2.5593526509057036 2.6116515837104077 0.4868686868686869 0.2264957264957265 0.044999999999999957 1.2613636363636365
decision_type=2 2 2 2 2 2 2 2 2 2 2 2 2 2 2 2 2 2 2 2 2 2 2 2 2 2
left_child=1 4 21 6 9 7 13 11 10 25 -7 -3 14 -4 -5 -9 24 -11 -8 -10 -18 -2 23 -23 -6 -1
right_child=2 5 3 12 16 8 18 15 19 17 -12 -13 -14 -15 -16 -17 20 -19 -20 -21 -22 22 -24 -25 -26 -27
leaf_value=-0.037508498821209262 0.012787670736703153 -0.0011723581290933802 0.0093550674753200957 0.030180994712767358 0.016296549163554091 -0.001367266908787548 0.017629892961128282 -0.028616851746747364 -0.0031315210744880559 -0.021050222499931118 0.016935178269197944 0.014577900838766783 -0.004973370010285149 0.020525214885762096 0.0036487895149666105 -0.0076673887185036349 -0.0050932050654961796 0 -0.0088890657713593182 0.024879004833416776 -0.013747592469510631 0.012439488968312033 0.0079465813144555739 0.050444168765204071 -0.0093550374354346901 -0.015031583928266288
leaf_weight=71.087249144911766 10.995695084333418 408.00977151095867 429.04140144586563 134.76154068112373 15.823295861482622 133.33802990615368 12.687567040324209 25.021765574812889 10.743156507611273 164.92135585844517 42.626978114247322 48.216517716646194 9.521640479564665 116.41102626919746 19.647944658994675 208.4892164170742 122.41023017466068 21.054710477590561 67.679496958851814 60.488009482622147 527.15992291271687 7.8955653607845298 5.9414933919906607 69.686006546020508 6.8793091773986808 18.079655185341835
leaf_count=220 33 1214 1278 423 51 393 40 69 31 511 133 151 26 360 57 617 374 67 193 195 1601 24 18 236 20 60
internal_value=-1.81283e-05 -0.00765788 0.0162143 0.0130113 -0.0151094 -8.02514e-05 0.00975979 -0.00312374 0.00826841 -0.0237933 0.00306646 0.00049402 0.0250061 0.011851 0.0270545 -0.0102423 -0.0114582 -0.0186243 -0.00407257 0.0203429 -0.0121757 0.0418937 0.0450445 0.0473004 0.00738351 -0.033655
internal_weight=2768.62 1884.35 884.269 789.751 947.416 936.933 625.819 689.737 247.196 275.143 175.965 456.226 163.931 545.452 154.409 233.511 672.273 185.976 80.3671 71.2312 649.57 94.5188 83.5231 77.5816 22.7026 89.1669
internal_count=8395 5707 2688 2377 2904 2803 1871 2051 752 858 526 1365 506 1638 480 686 2046 578 233 226 1975 311 278 260 71 280
is_linear=0
shrinkage=0.05


Tree=25
num_leaves=20
num_cat=0
split_feature=64 44 41 40 30 15 40 41 64 64 21 40 6 37 59 53 50 4 51
split_gain=13.0403 9.98395 7.46594 7.27368 9.88112 7.83129 6.39098 6.15841 6.73571 6.49039 5.06224 7.46137 6.49879 4.68981 4.2845 3.83002 3.05211 3.14685 1.9921
threshold=-1.2422222222222221 1.9354166666666668 0.30526976990214233 0.25215208477423184 1543.8708350042207 0.39230769230769236 0.29784796860910046 0.26108686558404665 0.43875000000000014 0.044999999999999957 0.20714285714285713 0.25799975104300937 2.1180555555555558 3.7750000000000004 0.46862745098039221 0.9545454545454547 0.31666666666666671 2.7207792207792214 0.47222222222222227
decision_type=2 2 2 2 2 2 2 2 2 2 2 2 2 2 2 2 2 2 2
left_child=6 2 7 4 -4 -5 16 9 -9 -2 11 14 15 -14 -3 -12 -1 18 -18
right_child=1 10 3 5 -6 -7 -8 8 -10 -11 12 -13 13 -15 -16 -17 17 -19 -20
leaf_value=0.0098074149485224641 -0.0077143087248229035 0.023415971478562142 0.0027015014981000532 -0.018411744346708097 -0.013322316613675989 0.0032440868554717119 0.027155469232628744 0.0066478598679106729 -0.021958611583882633 0.013697478644288273 0 -0.034015332721274404 -0.0024437600659975222 -0.020943500968616153 0 -0.034276266474967114 -0.0011431476632963707 0.0050111098161800191 -0.027053219255742878
leaf_weight=6.0172171890735617 167.44649469852448 26.986346408724785 774.74062019586563 110.08209785819054 107.63588653504848 62.893274515867233 5.6938081681728354 1049.0623684823513 18.695815533399582 42.245922103524208 9.3576608002185804 10.13783986866474 160.33408902585506 43.39046311378479 58.884383395314217 37.420620128512383 10.584795773029326 7.8611172288656226 80.97557008266449
leaf_count=19 501 77 2259 331 361 190 15 3052 57 124 32 35 536 156 185 128 33 26 278
internal_value=6.98884e-05 0.000780337 0.00196651 -0.00112578 0.000692875 -0.0104478 -0.0165485 0.00453848 0.00608349 -0.00319381 -0.007099 0.00241747 -0.0108356 -0.00667077 0.00767953 -0.0274441 -0.0196028 -0.0217876 -0.0244136
internal_weight=2790.45 2679.31 2332.8 1055.35 882.377 172.975 111.133 1277.45 1067.76 209.692 346.511 96.0086 250.503 203.725 85.8707 46.7783 105.439 99.4215 91.5604
internal_count=8395 8024 6875 3141 2620 521 371 3734 3109 625 1149 297 852 692 262 160 356 337 311
is_linear=0
shrinkage=0.05


Tree=26
num_leaves=30
num_cat=0
split_feature=32 32 32 64 41 32 19 1 51 39 43 57 48 30 17 19 32 51 17 19 12 51 15 20 21 32 39 54 43
split_gain=136.882 42.3828 20.341 16.074 9.66492 8.663 7.21793 6.64557 6.4798 5.7086 10.1179 5.70276 4.749 4.71481 4.57381 5.65249 4.20758 4.14505 4.12389 6.40956 5.55746 3.80097 2.70013 2.69952 2.41019 2.24085 2.24085 2.0151 1.31181
threshold=1.142178961902687 -92.663275389184591 82.885301275283737 -0.20924884944115699 0.29026031079440956 -198.85459937119251 0.48333333333333339 1.9666666666666668 0.9545454545454547 0.43663046984195247 6.0924398260614181 0.55277777777777792 1.4365079365079367 1505.3427458557937 0.31098901098901105 0.4494949494949495 -68.89352141191101 0.68333333333333346 0.066666666666666666 0.48333333333333339 0.13809523809523808 1.2792207792207795 0.29285714285714287 -0.071611721611721538 0.25833333333333336 173.05643310703661 0.44700702607821047 2.297058823529412 6.16226106286486
decision_type=2 2 2 2 2 2 2 2 2 2 2 2 2 2 2 2 2 2 2 2 2 2 2 2 2 2 2 2 2
left_child=1 5 11 4 16 26 12 -6 -8 13 -11 18 -5 -7 17 28 -3 -4 19 -2 -20 24 -23 -17 -13 -19 27 -1 -16
right_child=2 3 14 6 7 9 8 -9 -10 10 -12 21 -14 -15 15 23 -18 25 20 -21 -22 22 -24 -25 -26 -27 -28 -29 -30
leaf_value=0.014182004629752686 0.0042077943111732234 0.020565286304790258 0.010716555452080088 0.010750634336699042 0.026317798636382464 0.032673476821616983 -0.010799923240691015 -0.013687653859362631 0.0012014548298574434 0.02571982737870307 0.0053543650271650175 0.011179022290650611 -0.00027715412079752459 0.0055731096088273355 0.017320444847939334 0 -0.0065515714187058807 -0.020826387702001334 -0.0017264769562509001 -0.0090079234412171715 -0.015025552083887001 -0.0061707135359272093 -0.03350980980992304 -0.032947003127442982 -0.014734873955655071 -0.00024964670509824115 0.01480634832638059 0.049092103956507462 -0.010836654223952351
leaf_weight=9.140767574310301 159.04537096619606 17.581053048372269 10.585385888814924 247.32481028139591 140.37035168707371 104.22841185331345 157.96482308208942 9.145615488290785 368.40331204235554 111.93637472391129 142.63581503927708 11.17641408741474 153.17731010913849 22.731074303388596 5.9485027790069562 7.6744331270456305 50.505790829658508 137.26636065542698 120.97398288547993 206.91006191074848 252.41853924095631 15.330982849001883 46.545889630913734 156.86521212756634 23.157378330826759 17.408082991838455 13.407231986522673 44.683849304914474 6.024333193898201
leaf_count=22 483 49 34 705 378 267 461 28 1062 285 381 36 450 57 21 30 136 484 404 637 842 51 160 622 78 68 33 110 21
internal_value=-4.3257e-05 0.00949658 -0.0129686 0.00434621 0.0165208 0.0224984 0.00143164 0.0235574 -0.00238013 0.0192645 0.0145373 -0.00868165 0.00649038 0.0281769 -0.0232649 -0.0291433 0.000480754 -0.0165634 -0.00710097 -0.00320474 -0.0108156 -0.0201821 -0.0275328 -0.031543 -0.00546024 -0.0187029 0.0394028 0.0443318 0.00184033
internal_weight=2770.57 1593.24 1177.33 1144.47 217.603 448.764 926.87 149.516 526.368 381.532 254.572 835.559 400.502 126.959 341.772 176.512 68.0868 165.26 739.348 365.955 373.393 96.2107 61.8769 164.54 34.3338 154.674 67.2318 53.8246 11.9728
internal_count=8395 4424 3971 3269 591 1155 2678 406 1523 990 666 2691 1155 324 1280 694 185 586 2366 1120 1246 325 211 652 114 552 165 132 42
is_linear=0
shrinkage=0.05


Tree=27
num_leaves=31
num_cat=0
split_feature=65 33 30 64 8 41 53 33 25 33 30 40 0 54 23 64 9 65 42 40 40 6 41 16 23 52 62 42 0 15
split_gain=126.016 31.9186 22.4611 19.0644 10.5035 8.43425 8.74718 8.00939 6.98487 8.26985 5.79372 5.32718 5.32504 6.38165 4.32074 4.12606 3.99005 4.762 3.83587 6.11987 3.82854 3.4312 3.25848 3.23099 3.13395 2.99066 2.78153 2.06154 1.33802 1.23789
threshold=0.19999999999999998 0.45855056169226777 1517.049791096407 -0.77046296296296291 -0.86282051282051253 0.32501830161054174 0.78888888888888908 0.60188528945019171 1.5000000000000002 0.55670557301996759 1550.0412384752071 0.26349462159292947 2.2928571428571431 2.0250000000000004 0.13095238095238096 -0.015153061224489747 0.36038961038961043 0.58647576796397127 2.5541074066638871 0.24666029318036961 0.24845358195059111 1.9258241758241763 0.34344969451352436 0.86190476190476206 -0.11010101010101009 0.9545454545454547 0.049999999999999954 2.6116515837104077 0.24038461538461539 0.13809523809523808
decision_type=2 2 2 2 2 2 2 2 2 2 2 2 2 2 2 2 2 2 2 2 2 2 2 2 2 2 2 2 2 2
left_child=1 4 8 27 23 6 -5 12 16 14 25 -7 13 -3 -10 -11 21 -18 26 -20 -12 -2 -14 24 -1 -9 -6 -4 -29 -25
right_child=2 7 3 5 18 11 -8 10 9 15 20 -13 22 -15 -16 -17 17 -19 19 -21 -22 -23 -24 29 -26 -27 -28 28 -30 -31
leaf_value=-0.029539037348936772 0.0083282617664329033 0.011393395828182062 0.0133770314070436 0.024822419943479484 0.0008673596007970311 0.028656143561697007 0.0078367753921417711 0.013847128911760244 -0.020024552837354118 0.018058005858783376 0.0074371022977058462 -0.0091499759192637514 -0.025362214281888153 -0.0034060119186434031 0 -0.010938054749356708 0.011687141122459154 0.043487270641255016 -0.0062291407215981226 -0.017912518717539499 0.043217796679271128 -0.011123647341353965 0.0030521583215857568 -0.011800919726388373 -0.016710057267729752 -0.014945875380973909 -0.018050983188316015 0.020929568741535263 0.047140086699398009 0.015377524152454412
leaf_weight=151.69306460022926 87.507203847169876 79.492592096328735 11.309649169445036 100.95962147414684 93.741619646549225 134.84858074784279 334.37112982571125 15.912800192832945 64.685665816068649 45.647053390741348 16.436685055494308 8.0476423203945142 37.723006099462509 652.57875727117062 42.946710810065269 13.868512749671934 76.304227620363235 13.918507874011992 200.89054274559021 288.4012054502964 18.506750613451004 27.666401267051697 10.993776157498358 6.9227803051471692 102.83573201298714 16.094744369387627 21.828233376145363 14.495933026075361 66.145679801702499 5.8324914276599884
leaf_count=475 264 249 34 314 295 425 981 50 183 140 50 22 106 1938 128 38 235 48 629 877 62 77 35 22 323 44 62 45 223 21
internal_value=-3.15762e-05 -0.00835259 0.013659 0.0191275 -0.0150597 0.0155911 0.0119287 -0.00140379 0.00370537 -0.00375423 0.0148797 0.0262575 -0.00286646 -0.00173829 -0.0120572 0.0107589 0.00987407 0.0177007 -0.0112674 -0.0132114 0.0283778 0.00333216 -0.0185896 -0.0234013 -0.024624 0 -0.00273948 0.0402942 0.0433516 0
internal_weight=2762.61 1719.88 1042.72 670.178 872.146 578.227 435.331 847.739 372.544 167.148 66.951 142.896 780.788 732.071 107.632 59.5156 205.396 90.2227 604.862 489.292 34.9434 115.174 48.7168 267.284 254.529 32.0075 115.57 91.9513 80.6416 12.7553
internal_count=8395 5238 3157 2044 2704 1742 1295 2534 1113 489 206 447 2328 2187 311 178 624 283 1863 1506 112 341 141 841 798 94 357 302 268 43
is_linear=0
shrinkage=0.05


Tree=28
num_leaves=23
num_cat=0
split_feature=33 31 65 21 8 19 38 52 17 55 55 52 6 34 39 14 36 52 11 49 19 39
split_gain=12.0794 10.3373 8.92453 7.91649 7.24698 6.52456 7.09687 6.23248 5.49998 5.14352 7.28542 6.97142 4.42785 4.3805 3.40661 3.68586 3.22782 2.93756 2.64916 2.47281 2.38392 3.0386
threshold=0.69787381226819101 1461.9205019037347 0.53928571428571437 0.095454545454545472 -1.4976190476190474 0.51666666666666672 1.5500000000000003 1.6833333333333336 -0.16666666666666663 2.6282894736842111 2.4721362229102173 0.5634920634920636 1.5166666666666668 0.70833333333333337 0.43810702498821313 -1.0000000180025095e-35 0.63333333333333341 1.1055555555555558 -0.38397435897435889 1.0454545454545456 0.51666666666666672 0.44118839750011929
decision_type=2 2 2 2 2 2 2 2 2 2 2 2 2 2 2 2 2 2 2 2 2 2
left_child=1 2 9 -4 14 8 -7 12 -6 10 -1 -11 -2 -5 15 -3 20 -16 -14 -20 -9 -22
right_child=7 4 3 13 5 6 -8 16 -10 11 -12 -13 18 -15 17 -17 -18 -19 19 -21 21 -23
leaf_value=0.009240202381840151 -0.02705542755644437 0.023032428420358474 0.036812299777888101 -0.017482800987555652 -0.008326031419452963 0.0047278470605941481 -0.0059190836607080502 -0.035992117389620375 -0.00043006807443604498 -0.026180810943490423 0.031899773925641688 0.0082716119170881033 0.026644991481657016 0.0045637705201039555 -0.030867983563365564 -0.011933293311066984 0.0051585959243262347 -0.0010498738114569515 -0.024870679988593616 0.0070354808917962993 0 -0.027660043960002774
leaf_weight=103.66889424622059 10.158966302871702 8.2343766242265684 7.9007913470268241 62.208655551075935 314.18230977654457 852.05648875236511 188.00337046384811 36.613363355398178 754.79239565134048 13.649093762040136 58.33659602701664 195.05486890673637 10.381967514753336 31.271098956465721 34.381291151046753 25.466202065348625 6.8800641000270835 13.175087228417395 6.0997229516506257 21.73698128759861 16.52786873281002 18.090560495853424
leaf_count=295 39 22 21 215 917 2496 579 154 2276 43 157 566 33 103 108 76 24 41 23 71 62 74
internal_value=9.0769e-05 0.000821708 0.00751998 -0.00538046 -0.00061616 -3.30707e-05 0.00277163 -0.014873 -0.00278533 0.011125 0.0178416 0.00567268 -0.00016859 -0.00990478 -0.0150857 -0.00187783 -0.0234363 -0.0234874 0.00734666 -0.000316541 -0.026605 -0.0145708
internal_weight=2788.87 2662.38 472.09 101.381 2190.29 2109.03 1040.06 126.489 1068.97 370.709 162.005 208.704 48.3776 93.4798 81.257 33.7006 78.1119 47.5564 38.2187 27.8367 71.2318 34.6184
internal_count=8395 7915 1400 339 6515 6268 3075 480 3193 1061 452 609 166 318 247 98 314 149 127 94 290 136
is_linear=0
shrinkage=0.05


Tree=29
num_leaves=30
num_cat=0
split_feature=33 17 2 61 33 64 40 40 42 65 57 42 49 31 2 5 30 26 21 30 17 21 41 40 42 55 33 4 0
split_gain=125.472 30.6229 27.3613 12.9197 9.35808 8.18905 6.80325 6.73699 11.6366 8.80192 6.26052 5.68753 5.44755 5.34891 5.79084 5.29691 4.9884 4.53584 4.49215 4.48013 5.39061 4.11553 4.09558 3.9265 3.13471 3.04963 2.75222 2.61184 1.83675
threshold=0.48426573103999221 -0.24880952380952379 -0.33333333333333331 10.500000000000002 0.57218423827954668 -0.58416666666666639 0.30127393703343069 0.26277699584301667 2.6782348715348214 -0.28811928811928816 0.45227272727272733 3.1696882690730113 1.6515151515151518 1477.787932084527 -0.71269841269841261 0.25000000000000011 1447.2686892081435 1.166666666666667 0.17424242424242423 1521.0355468659934 -0.20416666666666664 0.29285714285714287 0.24955516014234877 0.20521310918661914 2.7628422603749017 3.5477272727272733 0.45269947687511608 1.3205128205128207 2.0954545454545461
decision_type=2 2 2 2 2 2 2 2 2 2 2 2 2 2 2 2 2 2 2 2 2 2 2 2 2 2 2 2 2
left_child=1 5 4 26 13 6 16 8 -5 -9 24 19 -12 14 -2 17 -1 -6 23 20 -4 -20 -15 -13 -7 -21 27 -3 -28
right_child=2 3 11 7 15 10 -8 9 -10 -11 12 18 -14 22 -16 -17 -18 -19 21 25 -22 -23 -24 -25 -26 -27 28 -29 -30
leaf_value=0.04255172226305462 0.013576062657755026 0.013344011211327864 -0.022473288244098451 -0.010231237852411847 -0.024649246709919321 0.046283998771802476 -0.0092616727420346337 0.023865637255848365 0.0075242748749689073 0.0038987710683879677 0.0021902891124189199 0 0.016430548833800976 0.017248037073088186 -0.010368672880083174 0.0087708405183507584 0.023202156628722992 0.007098479955979212 -0.0094737402499483567 -0.013603645729309178 -0.0011008906293173439 0.012714772662144861 -0.017451215487626313 0.028628542278979319 0.0152124217212355 0.008931773332131172 -0.03005636092538181 -0.017483921576326139 -0.00064953165989597409
leaf_weight=61.978224486112595 38.58065564930439 11.08803376555443 30.297131150960922 124.85666824877262 372.60578182339668 22.357684671878815 9.6874031722545606 103.65379694104195 331.59608253836632 125.08652174472809 97.594800651073456 20.676029160618782 255.21141220629215 6.6950450241565695 64.166313588619232 10.831308320164679 121.44304659962654 9.5353096723556501 56.316180169582367 191.47665180265903 390.09566111862659 30.233814790844917 163.79100069403648 28.212952464818954 21.282413423061371 13.556289583444594 31.553646430373192 12.002721056342123 8.5189419239759427
leaf_count=151 125 31 91 351 1428 60 23 284 919 355 272 64 675 22 201 36 308 36 173 630 1178 93 547 85 55 43 99 35 25
internal_value=-5.09684e-05 0.0109319 -0.010366 0.00415621 -0.0177606 0.0194472 0.0280781 0.00619061 0.00258951 0.0131835 0.0150605 -0.00382902 0.0125964 -0.0103673 -0.0010514 -0.0227594 0.0302637 -0.0237592 0.00530775 -0.0058581 -0.00279947 -0.00132837 -0.0157594 0.0171377 0.0330094 -0.011921 -0.0170419 -0.00180049 -0.0247271
internal_weight=2764.98 1337.91 1427.07 748.356 666.205 589.555 193.109 685.193 456.453 228.74 396.446 760.865 352.806 273.233 102.747 392.972 183.421 382.141 135.439 625.426 420.393 86.55 170.486 48.889 43.6401 205.033 63.1633 23.0908 40.0726
internal_count=8395 3643 4752 2099 2395 1544 482 1909 1270 639 1062 2357 947 895 326 1500 459 1464 415 1942 1269 266 569 149 115 673 190 66 124
is_linear=0
shrinkage=0.05


Tree=30
num_leaves=29
num_cat=0
split_feature=65 65 65 30 62 21 16 57 4 31 33 33 5 18 7 1 57 43 43 62 43 62 14 42 37 30 63 40
split_gain=114.252 29.669 20.1164 11.4911 10.8949 10.3659 8.23364 8.08719 7.56094 6.76101 6.37874 6.36551 5.92921 5.67213 7.6176 5.33607 5.0805 4.98844 4.63375 4.13585 3.63135 2.69775 2.53289 2.45504 2.26734 2.19916 1.85553 1.46467
threshold=0.19999999999999998 -0.76467171717171711 0.58647576796397127 1548.3786859984154 1.0544117647058826 0.095454545454545472 0.46410256410256417 0.47213622291021667 0.34848484848484851 1616.1125188122635 0.44830596373693848 0.45855056169226777 -0.73333333333333328 0.48333333333333339 0.96666666666666667 1.2792207792207795 0.52786377708978338 5.4827179284163234 7.0161610521907258 -0.49736842105263152 6.8839746192279376 -0.44999999999999973 0.063003663003663016 3.1199309428476103 2.2250000000000005 1447.2686892081435 -0.25000000000000011 0.24926899959816348
decision_type=2 2 2 2 2 2 2 2 2 2 2 2 2 2 2 2 2 2 2 2 2 2 2 2 2 2 2 2
left_child=1 8 10 11 6 26 18 -5 23 -9 22 20 -13 17 -15 -8 -7 -12 -4 25 -3 -21 27 -1 -24 -10 -6 -2
right_child=2 3 4 7 5 16 15 9 19 -11 13 12 -14 14 -16 -17 -18 -19 -20 21 -22 -23 24 -25 -26 -27 -28 -29
leaf_value=0.032581999747555677 -0.0026484483496041506 -0.011158423277363938 0.019077790596278066 -0.020581336165327327 -0.0191332566108387 0.040345521326574159 0.0069622807630943685 0.02245788440789236 -0.031286445339602544 -0.018215015395864235 0.013887177990911654 0.020456642834059229 -0.0032322153526774659 0 0.021123894280251129 -0.023144140101702328 0.014698213534857493 -0.0027681727349675332 -0.013897604713276668 0.0097997128960381555 0.0052206806613890183 -0.013344808014900445 -0.012434335787155443 -0.0037726842520729616 0.021117696169346962 -0.019952408993674647 0.0091406357106920758 -0.031749718087949894
leaf_weight=7.0727652907371503 8.9597918987274188 431.86602748930454 340.48078513145447 14.10790880024433 8.5032420158386248 107.99664610624313 70.155825346708298 79.625861912965775 73.524527981877327 9.47249026596546 58.282415449619293 25.328578293323517 651.29399737715721 67.364914372563362 114.48995549976826 16.429363757371902 31.380842179059982 170.99775433540344 8.7507973015308362 11.828252851963041 33.394278138875961 90.222744390368462 9.8105627596378344 6.6078072041273117 6.6289167255163184 276.33968006074429 10.035327404737471 15.376210153102873
leaf_count=25 28 1322 1036 38 22 355 207 252 239 27 178 81 1943 198 359 42 95 490 23 40 104 277 29 20 23 870 30 42
internal_value=-4.29218e-05 -0.00800781 0.0129543 -0.00394227 0.0190064 0.030407 0.0146984 0.0118116 -0.018763 0.0175544 0.00489898 -0.00540616 -0.00225094 0.00682355 0.0133844 0.000573881 0.0350375 0.00144096 0.0181059 -0.0199082 -0.00991199 -0.0102852 -0.0133336 0.0151866 0.000562182 -0.0225696 -0.00321106 -0.0229996
internal_weight=2756.33 1710.68 1045.64 1245.09 593.733 157.916 435.817 103.206 465.596 89.0984 451.911 1141.88 676.623 411.135 181.855 86.5852 139.377 229.28 349.232 451.915 465.26 102.051 40.7755 13.6806 16.4395 349.864 18.5386 24.336
internal_count=8395 5238 3157 3767 1810 502 1308 317 1471 279 1347 3450 2024 1225 557 249 450 668 1059 1426 1426 317 122 45 52 1109 52 70
is_linear=0
shrinkage=0.05


Tree=31
num_leaves=24
num_cat=0
split_feature=32 31 5 41 65 30 52 15 54 52 13 3 30 40 44 41 54 19 39 1 26 55 40
split_gain=11.075 9.55403 12.1164 7.47098 6.47891 6.18994 6.00804 9.79302 8.55845 5.8806 5.71743 5.45579 5.17471 4.5722 3.75838 3.45056 3.18859 2.34144 3.83915 2.28626 1.53182 1.07472 0.122519
threshold=145.43541243988946 1461.2143016130563 -0.6333333333333333 0.32992307289758754 -0.24899081166612716 1667.0190835718861 1.4142857142857144 0.20714285714285713 2.26969696969697 1.6833333333333336 0.32051282051282054 1.7303030303030307 1681.68693697604 0.22038454528886456 1.5477272727272731 0.3162087058032344 2.3944444444444448 0.51666666666666672 0.44103381809064129 1.861904761904762 -0.49999999999999994 2.7350877192982463 0.27666186359269934
decision_type=2 2 2 2 2 2 2 2 2 2 2 2 2 2 2 2 2 2 2 2 2 2 2
left_child=1 2 11 4 -4 6 7 -3 -8 10 14 16 -7 -5 -2 -16 -1 22 19 -19 -12 -20 -11
right_child=9 5 3 13 -6 12 8 -9 -10 17 20 -13 -14 -15 15 -17 -18 18 21 -21 -22 -23 -24
leaf_value=-0.0010945449691429584 -0.016817126701047732 -0.0046917212614445971 0.031243967779675471 0.013782196657069354 0.01091378114507891 0.044083502988021717 0.018891644325712487 0.0035762676930907143 -0.0066660785945357407 -0.034258975735019452 -0.030250590477068403 0.027258584927256493 0 -0.01728452324019835 0.035446047422685256 0 -0.021017721378741118 -0.0079625553212109377 -0.0056030312793437795 0.024191743693057672 0 -0.036820037288464738 -0.011685742652929161
leaf_weight=39.40767876803875 6.1564047932624844 541.38500115275383 47.292291298508644 15.553353473544119 275.0732576996088 12.155075147747995 32.439076870679855 1044.0525595098734 557.46296127140522 32.26657746732235 12.376286372542383 7.4000445604324332 11.004557624459265 32.126542702317238 14.461846187710764 9.9686070084571821 46.562974035739899 13.023405969142916 7.3303544074296978 6.4159023016691199 5.3086596876382819 10.691388756036757 7.1821897327899924
leaf_count=124 24 1577 123 46 791 33 96 3053 1749 138 48 19 35 104 42 34 165 50 28 22 18 47 29
internal_value=0.000109908 0.000806903 0.00731881 0.0113993 0.0141476 -0.00055977 -0.000855292 0.000734865 -0.00515932 -0.0142943 -2.25494e-05 -0.0084908 0.0240658 -0.00650036 0.0123465 0.021358 -0.0124019 -0.0227075 -0.0116724 0.00275059 -0.0217663 -0.0271992 -0.0315145
internal_weight=2787.1 2661.92 463.416 370.045 322.366 2198.5 2175.34 1585.44 589.902 125.182 48.2718 93.3707 23.1596 47.6799 30.5869 24.4305 85.9707 76.9098 37.4611 19.4393 17.6849 18.0217 39.4488
internal_count=8395 7915 1372 1064 914 6543 6475 4630 1845 480 166 308 68 150 100 76 289 314 147 72 66 75 167
is_linear=0
shrinkage=0.05


Tree=32
num_leaves=30
num_cat=0
split_feature=33 17 2 61 32 8 37 19 59 15 52 42 20 47 53 5 46 54 19 48 2 39 54 63 54 51 32 51 53
split_gain=113.401 27.7163 25.4669 12.0813 8.96112 8.7211 8.06047 8.27558 6.52687 9.63072 8.84908 5.32075 4.81848 5.56931 4.70256 4.68774 4.62432 4.47335 5.268 3.7131 3.55812 4.23788 4.09937 3.22469 2.78847 2.72849 2.60857 3.59623 2.79609
threshold=0.48426573103999221 -0.24880952380952379 -0.33333333333333331 10.500000000000002 92.75109619337492 -1.2071428571428569 3.6333333333333337 0.51666666666666672 0.45227272727272733 0.25833333333333336 2.0500000000000003 3.1696882690730113 0.033150183150183157 1.2426470588235297 1.2928571428571431 0.25000000000000011 0.57518796992481214 3.3944444444444448 0.51666666666666672 2.1909090909090914 0.10555555555555557 0.49825155587073738 3.1464285714285718 0.19999999999999998 2.0513157894736849 0.47222222222222227 -33.035001645630693 1.9500000000000002 1.3166666666666669
decision_type=2 2 2 2 2 2 2 2 2 2 2 2 2 2 2 2 2 2 2 2 2 2 2 2 2 2 2 2 2
left_child=1 5 4 26 12 14 7 -7 9 -5 -10 17 16 -14 -1 24 -2 18 -4 -19 21 -13 -22 -8 -6 -16 28 -28 -3
right_child=2 3 11 8 15 6 23 -9 10 -11 -12 20 13 -15 25 -17 -18 19 -20 -21 22 -23 -24 -25 -26 -27 27 -29 -30
leaf_value=-0.003681099545755516 0.0024465665917852587 -0.015369328285721923 0.00091845672796730189 0.019648827143930504 -0.0020512168311609658 0.019079628413645716 0.00065827441647520679 0.0033984190710844085 0.0063422694609775974 -0.016702592876192277 0.036039551035958503 -0.0070720014689494492 -0.022047566952449336 0.0042451977618922949 0.0031932686310613061 0.010882774871146734 -0.017380761017658213 -0.02748531991842881 -0.0087003225110453396 -0.0019056862883408681 0.026135360041815915 0.023255675230290519 0 0.031941053214405865 -0.028083531863439315 0.032569157683773504 -0.030631833011527811 0.005698876103433499 0.017321238619661353
leaf_weight=8.8456445932388288 29.607021123170853 14.496182277798654 267.6349268257618 22.782081425189972 13.366812258958815 161.98662973940372 11.165915071964262 184.59192498028278 575.01921831071377 64.229695156216621 24.848844200372696 64.959946751594543 25.230014532804489 72.871940597891808 10.881112486124037 6.662015587091445 305.34573158621788 38.606880009174347 291.37198886275291 25.708665817975998 31.173641294240952 11.782536923885344 27.631238505244255 74.859808206558228 205.1505988240242 139.72505715489388 33.336832195520401 6.3786439895629874 8.5828190743923169
leaf_count=22 102 43 813 64 49 433 29 490 1600 176 69 206 90 242 29 22 1055 127 916 86 89 35 85 194 835 347 104 20 23
internal_value=-5.90947e-05 0.0103419 -0.00992517 0.00389537 -0.017118 0.0184219 0.0144996 0.0108668 0.00585438 -0.00667629 0.00772965 -0.00362479 -0.0126928 -0.00257247 0.0285972 -0.0253314 -0.0155499 -0.005595 -0.00406373 -0.0180033 0.00520322 -0.00162579 0.0142868 0.0282718 -0.0266375 0.0306803 -0.0166667 -0.024204 -0.00180341
internal_weight=2758.83 1341.73 1417.1 749.674 658.234 592.056 432.604 346.579 686.88 87.0118 599.868 758.87 433.055 98.102 159.452 225.179 334.953 623.322 559.007 64.3155 135.547 76.7425 58.8049 86.0257 218.517 150.606 62.7945 39.7155 23.079
internal_count=8395 3643 4752 2099 2395 1544 1146 923 1909 240 1669 2357 1489 332 398 906 1157 1942 1729 213 415 241 174 223 884 376 190 124 66
is_linear=0
shrinkage=0.05


Tree=33
num_leaves=29
num_cat=0
split_feature=65 65 30 62 30 57 23 51 25 31 43 54 12 10 65 3 13 0 16 31 23 2 32 42 44 38 51 2
split_gain=103.531 27.5346 18.6509 14.7318 10.5593 7.52024 7.0866 6.81944 6.41886 8.41958 5.99076 5.869 6.26157 5.44504 5.17621 4.98954 4.68413 5.63209 5.37389 4.38615 4.05397 3.62998 3.34813 3.25652 5.51904 3.24736 2.79306 1.46566
threshold=0.19999999999999998 -0.76467171717171711 1517.049791096407 0.84807692307692328 1548.3786859984154 0.47213622291021667 -0.093772893772893731 0.2678571428571429 1.5000000000000002 1428.0723602926978 7.0161610521907258 2.1519230769230773 0.43650793650793651 0.20714285714285713 1.2582958098811756 1.7303030303030307 0.30384615384615393 1.6794871794871797 0.32051282051282054 1536.8372421967345 0.066666666666666666 0.57359307359307377 -108.73759890292362 2.5593526509057036 1.5477272727272731 1.3666666666666669 1.0454545454545456 -0.33333333333333304
decision_type=2 2 2 2 2 2 2 2 2 2 2 2 2 2 2 2 2 2 2 2 2 2 2 2 2 2 2 2
left_child=1 7 8 10 11 -6 -7 23 16 15 19 21 -13 27 -15 -10 17 -2 -18 -4 -11 -3 26 -1 -25 -24 -9 -5
right_child=2 4 3 13 5 6 -8 22 9 20 -12 12 -14 14 -16 -17 18 -19 -20 -21 -22 -23 25 24 -26 -27 -28 -29
leaf_value=0.027345759130058669 4.5350979225884831e-05 0.0066722417734517234 0.015139985170149639 -0.0094958142725815268 -0.020035041147417915 -0.0021855891578152157 0.026576865247215198 -0.02818989440675411 0.025352729585481126 -0.018586187270629783 -0.020868160865364374 -0.0052671209564182885 -0.019234314055229577 0.018909851439223385 0.036666162521577533 -0.011642542110204835 0.02946494404208146 0.026561524240437243 -0.0071601455830434778 0.001797646523560154 -0.00032998283861995065 -0.018468673411881666 -0.017433284469395526 -0.017845415202704148 0.024344213984725114 0.00099109219338146389 -0.010080643501656709 0.014286421633288797
leaf_weight=7.3887949287891379 130.96756686270237 134.24434240162373 351.24532696604729 10.245337128639223 14.008936345577238 30.088447600603104 59.458329141139984 155.95659632980824 30.063650250434875 67.488734439015388 11.395587146282194 901.8575347661972 88.62281858921051 83.650785848498344 126.4173486828804 10.3117458820343 42.791953697800636 22.063535988330841 10.715470880270002 80.61914050579071 59.284867227077484 13.716402888298033 205.20281504094601 25.182918682694435 8.599739193916319 23.928352504968643 33.440067306160927 10.945511877536772
leaf_count=26 385 415 1052 27 38 88 191 512 95 192 30 2738 257 254 412 28 138 71 30 235 174 40 634 77 29 79 114 34
internal_value=-5.94628e-05 -0.00767999 0.0122792 0.0172412 -0.00377212 0.0112973 0.0168027 -0.0181219 0.00321211 -0.00394441 0.011717 -0.00518221 -0.00657826 0.0275311 0.0299584 0.0152107 0.00910595 0.00432297 0.0216862 0.0127267 -0.0103806 0.00395966 -0.0200262 0.000687852 -0.00564654 -0.0154091 -0.0252619 0.00188288
internal_weight=2749.9 1701.7 1048.21 674.519 1242 103.556 89.5468 459.699 373.688 167.149 443.26 1138.44 990.48 231.259 210.068 40.3754 206.539 153.031 53.5074 431.864 126.774 147.961 418.528 41.1715 33.7827 229.131 189.397 21.1908
internal_count=8395 5238 3157 2044 3767 317 279 1471 1113 489 1317 3450 2995 727 666 123 624 456 168 1287 366 455 1339 132 106 713 626 61
is_linear=0
shrinkage=0.05


Tree=34
num_leaves=20
num_cat=0
split_feature=64 44 33 59 20 30 16 30 50 39 7 51 4 54 50 30 54 39 13
split_gain=10.439 7.9727 5.79759 6.51717 5.03708 4.29663 6.35862 6.08071 4.2879 11.3609 3.95025 7.03026 5.18109 2.90111 3.08283 2.42279 2.36241 2.72152 1.06884
threshold=-1.2422222222222221 1.9354166666666668 0.36972128912874724 0.53589743589743599 -0.089898989898989839 1490.6900925519396 0.12916666666666668 1491.7335431043591 1.6833333333333336 0.44166143872856545 2.1291666666666669 1.3166666666666669 1.1291666666666669 4.6904761904761916 0.23611111111111113 1462.7383969797231 3.4330357142857149 0.43956498799214033 0.32051282051282054
decision_type=2 2 2 2 2 2 2 2 2 2 2 2 2 2 2 2 2 2 2
left_child=13 2 3 4 -2 6 -4 -7 10 -10 11 -3 -12 14 -1 -5 17 -16 -18
right_child=1 8 5 15 -6 7 -8 -9 9 -11 12 -13 -14 -15 16 -17 18 -19 -20
leaf_value=0.013104788030596818 -0.035983453055602181 -0.01951626083340283 -0.0070198025034875437 -0.032150290266851178 0.00010663744669365493 -0.022377352835652422 0.0067218236730262771 0.0012998628936454098 -0.035537616972299568 0.030863184022154034 0.013666268963227987 -0.002209757360078831 -0.012097022050921039 0.012251029481346808 -0.00038086681536920233 -0.0087150898285447437 -0.033629559996514 -0.022201385223027642 -0.0020552862160139258
leaf_weight=5.5611310750246039 7.962274268269538 121.58447033166885 90.180847704410553 22.551989242434502 285.92252197861671 25.785100311040878 838.38219600915909 1032.5159343183041 6.9304443597793606 20.231006950139999 40.864528730511665 119.7571666687727 33.384926438331604 6.6893834918737403 30.169832557439804 31.254575848579407 30.219310462474823 30.180086761713028 5.1045211702585211
leaf_count=17 25 429 269 70 814 80 2376 3148 24 58 116 413 109 19 96 93 117 103 19
internal_value=0.000132425 0.000760784 0.00181585 -0.00409488 -0.00102328 0.00286585 0.00534817 0.000658277 -0.00632181 0.0117879 -0.00802357 -0.01112 0.00174094 -0.0149583 -0.0172009 -0.0197857 -0.0194507 -0.0120561 -0.0300913
internal_weight=2785.23 2677.31 2334.56 347.691 293.885 1986.86 928.563 1058.3 342.753 27.1615 315.591 241.342 74.2495 107.924 101.235 53.8066 95.6738 60.3499 35.3238
internal_count=8395 8024 6875 1002 839 5873 2645 3228 1149 82 1067 842 225 371 352 163 335 199 136
is_linear=0
shrinkage=0.05


Tree=35
num_leaves=30
num_cat=0
split_feature=32 32 32 2 65 32 60 63 31 51 59 5 43 8 20 60 32 17 19 17 51 30 6 35 20 42 46 65 43
split_gain=102.768 32.9545 17.2193 12.652 7.42715 7.15165 6.58665 6.02713 5.74752 5.65248 4.98369 4.92336 5.59672 4.51403 4.46192 5.12136 4.27877 4.17232 5.37539 3.97567 3.95811 3.8477 3.82692 2.93535 2.70672 2.30734 1.77392 2.31352 1.26145
threshold=1.142178961902687 -92.663275389184591 82.885301275283737 1.134848484848485 0.12062797566960376 -198.85459937119251 19.500000000000004 0.36885964912280705 1553.073763548806 1.3166666666666669 0.45227272727272733 -0.14194139194139183 6.2887870655353924 -0.13333333333333333 1.0000000180025095e-35 8.5000000000000018 44.710662177630986 0.31098901098901105 0.4494949494949495 -0.20416666666666664 0.68333333333333346 1483.3981587612441 1.2583333333333335 0.63333333333333341 -0.071611721611721538 3.1738055300746955 2.0871212121212124 -2.5446428571428568 6.16226106286486
decision_type=2 2 2 2 2 2 2 2 2 2 2 2 2 2 2 2 2 2 2 2 2 2 2 2 2 2 2 2 2
left_child=1 5 4 7 19 26 8 10 -5 -9 -3 12 -7 -13 16 -16 -6 20 28 22 -4 -8 -2 -21 -20 -22 27 -1 -19
right_child=2 3 17 6 14 11 21 9 -10 -11 -12 13 -14 -15 15 -17 -18 18 24 23 25 -23 -24 -25 -26 -27 -28 -29 -30
leaf_value=0.018647842970481242 -0.028926064958610144 -0.0092884182066775255 0.012010659373931176 0.031597547545190403 -0.0092349289971792453 0.018617645938703672 -0.021625941426868963 0.0040544646496662399 -0.0067456234845351196 0.020758766648190537 0.0013520305428716553 0.020729704154435424 -0.022945189105402702 0.0050323772887522697 0.036253866825005046 -0.0051537614275626881 -0.020313944272983959 0.018283681981536935 0 -0.0020539275617450187 -0.019646436833703363 0.018368049222872506 0.0075207790731394719 0.0105598113176939 -0.030916456158132034 -0.0015362401540619703 0.0074244279934078273 0.04564978630621741 -0.0093196816472175502
leaf_weight=19.7373928129673 21.343117982149128 131.87260173261166 10.399109378457068 70.53621318936348 239.04461720585823 13.260317832231523 11.823580399155619 244.55392163991928 9.3711375594139081 64.606567844748497 608.92671519517899 296.56964802742004 14.924076870083807 61.139309331774712 5.9600156545639029 105.00820484757423 156.95843501389027 5.8578411340713483 7.3839866816997519 230.48940952122211 125.20303176343441 8.3078582584857923 8.0288230329751951 55.344659969210625 147.61549650132656 24.372663617134094 8.6500367522239667 39.543351978063583 5.825441986322403
leaf_count=47 65 382 34 184 794 36 32 681 24 187 1755 753 39 162 18 358 563 21 30 705 465 24 25 163 622 87 20 98 21
internal_value=-6.55119e-05 0.00809812 -0.0114783 0.00355512 -0.00754059 0.0194892 0.0203908 0.00189156 0.0267407 0.00773657 -0.00052837 0.016571 -0.00262437 0.0181591 -0.0112836 -0.00210602 -0.013769 -0.021207 -0.0269983 -0.00140845 -0.0147596 -0.00382319 -0.0183221 0.000357958 -0.029458 -0.0169196 0.0347611 0.0379695 0.00334274
internal_weight=2752.66 1603.82 1148.83 1150 822.177 453.824 100.039 1049.96 79.9074 309.16 740.799 385.893 28.1844 357.709 506.971 110.968 396.003 326.658 166.683 315.206 159.975 20.1314 29.3719 285.834 154.999 149.576 67.9308 59.2807 11.6833
internal_count=8395 4424 3971 3269 2691 1155 264 3005 208 868 2137 990 75 915 1733 376 1357 1280 694 958 586 56 90 868 652 552 165 145 42
is_linear=0
shrinkage=0.05


Tree=36
num_leaves=28
num_cat=0
split_feature=33 33 64 17 50 33 52 6 1 48 33 39 1 64 53 41 31 35 26 39 39 40 55 7 52 33 40
split_gain=93.7011 30.6988 20.702 9.90807 9.47292 8.21089 6.1775 6.09837 6.49337 6.00119 4.91442 5.17821 4.30505 4.30107 4.25315 3.82248 3.41116 5.43252 4.25113 3.20737 2.94779 2.79554 2.27554 2.0763 1.95599 1.90478 1.20397
threshold=0.54567269659679729 0.44830596373693848 -0.77046296296296291 0.066666666666666666 1.2111111111111115 0.34594252866939756 1.1055555555555558 2.0333333333333337 0.85164835164835173 1.3693181818181819 0.66793947126996212 0.47424597852335559 0.51666666666666672 -0.58416666666666639 2.3166666666666669 0.30676068731210132 1501.1325747035464 0.55000000000000016 1.5000000000000007 0.46819495533368372 0.40226017557861143 0.24666029318036961 3.9750000000000005 0.60769230769230786 1.1909090909090911 0.76700560641241167 0.26772923545847099
decision_type=2 2 2 2 2 2 2 2 2 2 2 2 2 2 2 2 2 2 2 2 2 2 2 2 2 2 2
left_child=1 5 22 16 7 13 9 8 -3 -6 15 -12 -9 24 -8 -5 18 -18 -4 -15 26 -22 23 -2 -1 -25 -7
right_child=2 4 3 10 6 20 14 12 -10 -11 11 -13 -14 19 -16 -17 17 -19 -20 -21 21 -23 -24 25 -26 -27 -28
leaf_value=-0.035522527033162499 0.0061860535522949411 -0.013374325072060975 -0.0037125709275764407 0.0065830417859802917 -0.016259027026598403 0.022067465635673453 0.0022365246433495734 0 0.0043780746879200213 -0.00094344959153109219 0.024783516698769128 -0.0092114692131833927 0.029365303609224222 -0.018529755285894258 -0.027532840858044357 0.016554897467569437 0.021673228923930865 -0.014746107983529842 0.023457872426519144 0.0012705456387276913 -0.0060581972547610087 -0.013747430711659306 0.0054302946284213432 0.045774383048357709 -0.012556889040011078 0.021464723765676343 -0.00017483519106643294
leaf_weight=63.195867717266083 7.4836275279521933 56.566364377737045 171.07732070982456 233.66408903896809 171.63730370998383 6.6500225812196758 215.50496955215931 18.247135639190674 405.20653733611107 107.38138577342033 135.46518036723137 10.064500063657759 35.683932453393936 156.74945528805256 10.664784908294676 184.49721458554268 39.755797803401947 11.156249225139616 13.595400765538214 20.518560096621513 212.34916804730892 336.8929782807827 8.5695868730545026 57.174363106489182 18.663065195083618 21.262126535177231 13.485863670706747
leaf_count=213 23 165 495 681 499 24 654 54 1228 323 418 27 115 511 29 558 124 30 44 67 677 1037 25 195 67 68 44
internal_value=-7.33627e-05 -0.0065055 0.013193 0.0104756 -0.00067123 -0.0136455 -0.00554747 0.00406027 0.00210123 -0.0105024 0.0140705 0.02217 0.0197121 -0.0211137 0.000494183 0.0111001 0.00172255 0.0129645 -0.00134849 -0.0161098 -0.0101409 -0.0108527 0.035227 0.0377235 -0.031009 0.040193 0.00737159
internal_weight=2743.16 1849.4 893.765 799.276 1020.89 828.505 505.188 515.704 461.773 279.019 563.691 145.53 53.9311 259.127 226.17 418.161 235.585 50.912 184.673 177.268 569.378 549.242 94.4897 85.9201 81.8589 78.4365 20.1359
internal_count=8395 5707 2688 2377 3067 2640 1505 1562 1393 822 1684 445 169 858 683 1239 693 154 539 578 1782 1714 311 286 280 263 68
is_linear=0
shrinkage=0.05


Tree=37
num_leaves=24
num_cat=0
split_feature=62 62 21 45 37 23 32 23 18 0 30 26 55 45 35 3 44 52 61 3 47 37 18
split_gain=10.6186 9.71335 8.04997 7.47515 6.42452 5.91235 5.90399 6.33914 6.17538 5.24639 5.17348 3.93684 5.11542 8.32188 3.34289 3.27478 3.09027 2.92599 2.80226 2.31203 2.96186 1.49398 0.551982
threshold=0.85357142857142876 -1.5416666666666663 0.11805555555555557 1.1143790849673205 3.1000000000000005 0.063636363636363616 108.70971298879398 0.33095238095238105 0.57738095238095244 1.3205128205128207 1423.5547911291153 -0.33333333333333331 2.7669683257918556 0.93541666666666667 0.70833333333333337 0.51923076923076927 2.0954545454545461 2.8285714285714287 3.5000000000000004 2.6547619047619051 1.2426470588235297 3.7750000000000004 0.46410256410256417
decision_type=2 2 2 2 2 2 2 2 2 2 2 2 2 2 2 2 2 2 2 2 2 2 2
left_child=1 14 9 6 10 -6 8 -8 -3 17 -5 12 13 -4 19 -13 -14 22 -17 20 -1 -16 -2
right_child=2 3 11 4 5 -7 7 -9 -10 -11 -12 15 16 -15 21 18 -18 -19 -20 -21 -22 -23 -24
leaf_value=-0.039675120492011023 0.0096977006619182841 0.007587723203234086 -0.017835054887982388 -0.012344494050462684 -0.010530011320208657 0.0019037259045681936 -0.017852407221191229 0.0184557013633889 -0.022616212518001694 -0.016871948609965024 0.0021601099085544612 0.0062133669213824926 0.0049891188979062613 0.015746381475302464 0.011011338407239259 -0.0020816303772818253 -0.030812389898482354 -0.001565406166573767 -0.027806524237211812 0 -0.0035803027354790393 -0.014746005728204054 0.038411944361598838
leaf_weight=24.939205601811409 6.8984083384275499 715.93151022493839 30.905050188302994 62.332564175128937 248.39304932951927 148.91275572776794 47.050995126366615 13.542234390974043 15.044965550303457 9.9814579635858518 1236.2234575301409 7.7912038266658774 5.7290027141571072 39.814176619052887 10.545843452215196 15.157960325479506 23.893751904368401 7.5085597038269034 75.005208417773247 7.1090617924928656 9.7702916264533979 8.1808921247720701 12.864928916096686
leaf_count=84 21 2054 116 183 743 457 168 41 50 33 3643 25 21 134 30 54 103 24 299 22 30 26 34
internal_value=0.000150522 0.00110114 -0.00994995 0.00159849 -0.000261387 -0.00582097 0.00560523 -0.00900793 0.00687194 0.0105787 0.00142673 -0.0139985 -0.00647563 0.000640252 -0.0183299 -0.0211709 -0.0232202 0.021946 -0.023892 -0.0258901 -0.0309445 0 0.0313502
internal_weight=2783.53 2547.98 235.55 2487.43 1695.86 397.306 791.57 60.5932 730.976 37.2534 1298.56 198.296 100.342 70.7192 60.5453 97.9544 29.6228 27.2719 90.1632 41.8186 34.7095 18.7267 19.7633
internal_count=8395 7531 864 7339 5026 1200 2313 209 2104 112 3826 752 374 250 192 378 124 79 353 136 114 56 55
is_linear=0
shrinkage=0.05


Tree=38
num_leaves=28
num_cat=0
split_feature=32 32 32 2 65 32 30 45 39 43 24 31 20 42 55 30 3 11 3 35 20 8 44 5 6 39 54
split_gain=93.8048 29.5012 16.0172 11.4938 6.80328 6.61652 5.96612 5.30206 5.20419 8.12803 4.92716 6.14882 4.20198 4.33308 4.27342 4.18046 3.89382 3.84101 6.5686 5.78338 3.6402 3.94966 7.22142 3.02743 2.84728 2.24196 1.9776
threshold=1.142178961902687 -92.663275389184591 82.885301275283737 1.134848484848485 0.12062797566960376 -198.85459937119251 1417.7685124136353 1.9750000000000003 0.43904797848752181 6.0924398260614181 0.50000000000000011 1553.073763548806 1.0000000180025095e-35 3.1819620689050674 2.226495726495727 1406.3716850430008 1.1909090909090911 0.069047619047619066 1.0333333333333337 0.63333333333333341 0.11805555555555557 0.62136752136752149 2.2928571428571431 0.36515151515151517 0.86190476190476206 0.44700702607821047 2.297058823529412
decision_type=2 2 2 2 2 2 2 2 2 2 2 2 2 2 2 2 2 2 2 2 2 2 2 2 2 2 2
left_child=1 5 4 6 17 25 15 -8 16 -10 11 -5 14 -14 -6 -3 -7 19 -19 -2 21 22 -4 -23 -12 26 -1
right_child=2 3 20 10 12 8 7 -9 9 -11 24 -13 13 -15 -16 -17 -18 18 -20 -21 -22 23 -24 -25 -26 -27 -28
leaf_value=0.010017949928660872 -0.0015983257253527055 0.0039923709309322456 -0.017581719909092089 0.029974837757165224 -0.00070857170767724533 0.043933990275985206 -0.000644331937084464 0.0095140129076951852 0.021201967838064429 0.0023943474560464573 0.018419034126267608 -0.010153707177520656 -0.0061521481617068177 0.021081422696408305 -0.015513318384711629 0.032148228990387044 0.019004335648517955 0.032590381671255615 -0.013651417415689582 0.01887745763059584 0.0085156830207577406 -0.028277530235640697 0.025842640377253236 0.0036315130693588549 -0.015807745802032855 0.010194310902905547 0.042364867518360029
leaf_weight=9.2819920778274518 180.23375260829926 32.121283710002899 139.41285125911236 70.507407814264297 61.515133291482925 20.524489879608154 844.93389089405537 148.84493690729141 103.17473208904266 135.48901402950287 8.1263054013252276 8.9870040416717512 95.690740942955017 15.000439733266829 331.27873356640339 24.634511098265648 127.97887659072876 6.2265039682388297 88.42823588848114 40.171213328838348 8.2822560369968397 159.82312600314617 8.0848139822483045 5.9002278894186011 12.82912392914295 13.586341261863707 45.215668141841888
leaf_count=22 555 87 526 183 209 52 2439 412 259 358 22 23 325 51 1148 67 321 17 268 118 30 677 27 20 36 33 110
internal_value=-7.01854e-05 0.00770218 -0.011037 0.00340061 -0.00724449 0.0184604 0.00181173 0.000868099 0.0156587 0.0107374 0.0194138 0.0249936 -0.0108468 -0.00193107 -0.0132734 0.0173171 0.023154 -0.00137688 -0.0097395 0.0021574 -0.020511 -0.021407 -0.0147204 -0.0269627 -0.000997509 0.0331345 0.0378477
internal_weight=2746.28 1606.24 1140.05 1150.98 818.545 455.251 1050.53 993.779 387.167 238.664 100.45 79.4944 503.485 110.691 392.794 56.7558 148.503 315.06 94.6547 220.405 321.503 313.221 147.498 165.723 20.9554 68.084 54.4977
internal_count=8395 4424 3971 3269 2691 1155 3005 2851 990 617 264 206 1733 376 1357 154 373 958 285 673 1280 1250 553 697 58 165 132
is_linear=0
shrinkage=0.05


Tree=39
num_leaves=29
num_cat=0
split_feature=65 65 30 64 30 57 41 45 47 31 25 31 54 12 14 40 13 0 16 43 39 42 33 33 48 42 7 62
split_gain=85.0541 24.1206 15.2101 14.6135 9.13997 6.97615 6.92615 8.07756 6.83268 5.99403 5.97201 7.53455 5.31318 5.91094 5.2191 4.80684 4.27509 5.33967 4.98965 3.97085 3.67923 3.39418 3.29088 3.03623 2.75217 2.25411 1.40186 1.30453
threshold=0.19999999999999998 -0.76467171717171711 1517.049791096407 -0.88975694444444431 1548.3786859984154 0.47213622291021667 0.32527940809190814 1.531372549019608 0.34166666666666673 1616.1125188122635 1.5000000000000002 1428.0723602926978 2.1519230769230773 0.43650793650793651 -0.16277056277056268 0.26349462159292947 0.30384615384615393 1.6794871794871797 0.32051282051282054 6.8839746192279376 0.44352040757518124 2.5551774737717801 0.76700560641241167 0.34843081000591775 1.4772727272727275 3.1199309428476103 0.63068181818181823 1.2464285714285717
decision_type=2 2 2 2 2 2 2 2 2 2 2 2 2 2 2 2 2 2 2 2 2 2 2 2 2 2 2 2
left_child=1 8 10 22 12 -6 7 -5 25 -7 16 20 14 -14 -3 -8 17 -2 -18 23 -12 -13 26 -10 -21 -1 -4 -24
right_child=2 4 3 6 5 9 15 -9 19 -11 11 21 13 -15 -16 -17 18 -19 -20 24 -22 -23 27 -25 -26 -27 -28 -29
leaf_value=0.031766521132248815 0 -0.023412813274865552 0.011371817440225645 0.013024011586022656 -0.019677056600338153 0.020411620899154426 0.024439576843446564 -0.0029399515277303548 -0.024379193478506225 -0.017873516565280682 0.027080876406479156 0.0029409340666027165 -0.0048012271457256242 -0.018445900759949511 0.0071534431113426319 -0.011045153642699234 0.027942915216005476 0.025515082155271925 -0.0072394459556984724 -0.010027539885400776 -0.0012028575918348974 -0.014984328474791798 -0.00022659919397746806 -0.014901691767835554 0.02589897679919665 -0.0030392734194041302 0.04640335707195372 0.022814521482144273
leaf_weight=7.1158215254545194 131.18848323822021 13.332842439413069 6.7752530872821799 354.88973179459572 13.934149548411368 80.673060357570648 140.75316572189331 97.949702054262161 177.82728706300259 9.4086115658283216 21.852726519107819 32.713840872049332 896.28659123182297 87.502835914492607 134.56075522303581 8.1125820875167829 43.20037530362606 22.235391989350319 10.717277973890303 10.895601883530619 18.805384427309036 93.63570599257946 6.3367558717727688 239.88759654760361 6.71108354628086 6.5236622989177704 47.598683714866638 14.915399909019468
leaf_count=25 385 37 21 1055 38 252 437 278 610 27 70 98 2738 257 418 22 138 71 30 36 53 268 18 756 24 20 164 49
internal_value=-8.66982e-05 -0.00705804 0.011049 0.0155179 -0.00341432 0.0105649 0.0127652 0.00951828 -0.0169718 0.0158401 0.00285723 -0.00405318 -0.00473761 -0.00607517 0.00395544 0.0222193 0.00852834 0.00395288 0.0204938 -0.018104 0.0139698 -0.0101749 0.0362039 -0.0190929 0.00363636 0.0152609 0.04304 0.0154406
internal_weight=2736.34 1684.66 1051.68 677.331 1235.7 104.016 601.705 452.839 448.961 90.0817 374.349 167.008 1131.68 983.789 147.894 148.866 207.342 153.424 53.9177 435.322 40.6581 126.35 75.6261 417.715 17.6067 13.6395 54.3739 21.2522
internal_count=8395 5238 3157 2044 3767 317 1792 1333 1471 279 1113 489 3450 2995 455 459 624 456 168 1426 123 366 252 1366 60 45 185 67
is_linear=0
shrinkage=0.05


Tree=40
num_leaves=25
num_cat=0
split_feature=62 62 21 45 19 54 9 32 20 64 39 9 26 17 42 19 12 47 52 42 43 52 3 61
split_gain=9.61815 8.98579 7.49301 6.79261 6.06666 5.56462 5.53975 5.39591 5.34499 5.32297 4.8122 4.10836 3.75006 3.7372 3.59247 3.54398 5.0131 2.47861 2.45661 2.31308 1.8498 1.81717 1.80968 1.6762
threshold=0.85357142857142876 -1.5416666666666663 0.11805555555555557 1.1143790849673205 0.48333333333333339 3.7416666666666667 0.32051282051282054 108.70971298879398 0.061111111111111054 -0.33541666666666664 0.43979700785983517 0.39230769230769236 -0.33333333333333331 0.42261904761904762 3.1655555061706449 0.5634920634920636 0.12916666666666668 1.5941176470588239 2.8285714285714287 3.0824304501119495 6.5154528834577485 0.73863636363636376 2.6547619047619051 2.5000000000000004
decision_type=2 2 2 2 2 2 2 2 2 2 2 2 2 2 2 2 2 2 2 2 2 2 2 2
left_child=1 10 11 7 6 -6 -5 8 -3 -9 14 18 13 17 21 23 -17 -4 19 -2 -15 -1 -12 -14
right_child=2 3 12 4 5 -7 -8 9 -10 -11 22 -13 15 20 -16 16 -18 -19 -20 -21 -22 -23 -24 -25
leaf_value=0 0.0071750373076045265 0.0089585582453117728 0.01120174463060895 0.0024077004031535583 0.003233967652303642 -0.012557075024320198 -0.0069115295202278552 0.011064418433551959 -0.00090917301119198342 -0.01897937171215483 -0.035017091280862528 -0.014887620862808633 -0.0024596344216179867 -0.0085874487712936775 0.018307948512079879 0.020025514010686241 -0.022086229972899545 -0.012575914402824271 -0.0014995609710476223 0.044527772347620273 -0.032578855489020564 -0.032646901761819593 -0.0011546565206130052 -0.028883479694306959
leaf_weight=8.2532158344984072 10.829711064696317 557.26609480381012 33.598121404647827 234.41326481103897 932.82273748517036 56.859277710318565 470.87491583824158 19.864562749862671 175.5105105638504 40.426494300365448 27.339229419827461 9.3380070775747281 9.3726550340652448 41.833572089672089 11.222525149583815 10.677364617586138 13.608604386448858 13.234199255704878 7.5005438923835746 9.6732286363840085 11.015989571809767 6.5336042493581763 6.5221384465694419 63.007398560643196
leaf_count=24 33 1582 110 717 2747 176 1386 65 522 144 93 31 32 167 32 34 53 52 24 24 45 22 21 259
internal_value=0.000166325 0.00106825 -0.00948694 0.00154437 -0.000229816 0.00227803 -0.00378075 0.00535869 0.00656503 -0.00864184 -0.0177237 0.0102638 -0.0134348 -0.00608061 -0.000334318 -0.0204881 -0.00250569 0.00373067 0.0199173 0.0283001 -0.0150496 -0.0164678 -0.02962 -0.0259561
internal_weight=2781.6 2547.91 233.689 2488.04 1694.97 989.682 705.288 793.068 732.777 60.2911 59.8707 37.3415 196.348 99.6819 26.0093 96.666 24.286 46.8323 28.0035 20.5029 52.8496 14.7868 33.8614 72.3801
internal_count=8395 7531 864 7339 5026 2923 2103 2313 2104 209 192 112 752 374 78 378 87 162 81 57 212 46 114 291
is_linear=0
shrinkage=0.05


Tree=41
num_leaves=29
num_cat=0
split_feature=32 32 32 64 41 63 39 10 32 10 2 56 50 64 39 46 32 39 43 2 15 62 50 64 26 64 39 50
split_gain=85.0475 26.5633 15.018 11.5349 8.32514 6.55514 6.48659 6.12245 6.12016 5.13496 4.95591 5.51464 9.19658 4.83117 5.4241 4.71561 3.8197 3.45938 3.92354 3.65575 3.31113 5.06896 3.94589 2.97681 2.19457 2.18493 2.71041 1.27062
threshold=1.142178961902687 -92.663275389184591 82.885301275283737 -0.20924884944115699 0.29026031079440956 -0.51568627450980387 0.50539575327044772 0.54195804195804198 -198.85459937119251 0.55050505050505061 -0.21748251748251737 0.46862745098039221 0.90454545454545465 0.12247448979591836 0.43211586471050917 0.59166666666666679 -68.89352141191101 0.48094466493915439 5.9519429434377562 -0.81742424242424239 0.16025641025641021 0.25967161493477292 1.3166666666666669 -0.37499999999999983 1.0000000180025095e-35 -0.4722222222222221 0.44700702607821047 0.41428571428571431
decision_type=2 2 2 2 2 2 2 2 2 2 2 2 2 2 2 2 2 2 2 2 2 2 2 2 2 2 2 2
left_child=1 8 10 4 16 9 -7 -6 25 -5 11 15 -13 14 -10 -2 -3 18 27 -19 22 -22 -12 -20 -15 26 -1 -4
right_child=2 3 17 5 7 6 -8 -9 13 -11 20 12 -14 24 -16 -17 -18 19 23 -21 21 -23 -24 -25 -26 -27 -28 -29
leaf_value=0.029394240262104018 0.0078109954500916613 0.017680178567925114 -0.002693117068651869 0.026962051379991653 0.022728333472201379 -0.00098263827891274585 0.023337614574895985 -0.013528905619292337 0.02708812990408407 -0.013524047388536881 0.0022509285029343284 -0.016812777227047149 0.00041122055484552793 0.0091973979982367272 0.012418061444589727 -0.022160512329277612 -0.0079620079454509191 -0.019093245135583456 -0.026562278677824319 0.02520325759331939 0.0035905889855609575 -0.010302550356048103 -0.023381722389412139 -0.012625688663909413 -0.018444721843923661 0.048587107434783568 0 -0.032430882033630197
leaf_weight=39.624499469995499 12.393439456820486 17.896212875843048 6.105064019560813 36.452016517519951 141.40526193380356 861.0087850689888 26.299006894230843 10.488718599081038 90.352712243795395 7.6166730821132651 21.865321829915047 128.50934617221355 183.8803586512804 10.286607265472414 273.9970006197691 119.69778317213058 50.979363083839417 7.0303160399198532 61.904608532786369 7.3451111465692502 222.40985630452633 90.586277425289154 35.215790435671806 156.30185213685036 13.637033119797705 17.625013768672943 10.870690971612929 77.810611188411713
leaf_count=95 44 49 24 107 374 2471 76 32 225 24 63 458 617 27 703 420 136 30 275 25 689 297 103 591 35 44 26 335
internal_value=-7.31588e-05 0.00730153 -0.0105776 0.00321835 0.013446 0.000743639 -0.000182832 0.0199189 0.0174958 0.0191386 -0.00690925 -0.0104758 -0.00665666 0.0148065 0.0162523 -0.0190874 -0.000635671 -0.0198374 -0.0209826 0.00232722 -0.00252518 -0.000390834 -0.013396 -0.0168983 -0.00580227 0.0316081 0.0235801 -0.0306714
internal_weight=2739.6 1608.54 1131.06 1152.15 220.77 931.376 887.308 151.894 456.394 44.0687 814.558 444.481 312.39 388.273 364.35 132.091 68.8756 316.498 302.122 14.3754 370.077 312.996 57.0811 218.206 23.9236 68.1202 50.4952 83.9157
internal_count=8395 4424 3971 3269 591 2678 2547 406 1155 131 2691 1539 1075 990 928 464 185 1280 1225 55 1152 986 166 866 62 165 121 359
is_linear=0
shrinkage=0.05


Tree=42
num_leaves=28
num_cat=0
split_feature=33 17 32 64 64 1 13 43 11 25 62 39 43 58 41 62 40 42 40 32 20 26 7 62 23 52 15
split_gain=77.5635 30.0809 13.6291 9.60236 8.48225 7.19715 5.51349 5.07001 4.82874 4.7572 4.40731 4.29139 4.13515 4.05691 4.00674 3.93203 3.55571 4.1205 3.94048 3.20614 2.71346 2.38837 2.26555 2.18246 1.55865 1.26648 1.24133
threshold=0.45855056169226777 0.084090909090909063 44.710662177630986 -0.88975694444444431 -0.46360110803324089 1.1909090909090911 0.21825396825396823 7.035708546515818 0.27372627372627373 1.8333333333333337 0.19999999999999998 0.44374258884963985 6.8839746192279376 0.59411764705882364 0.3335440370838601 -0.27638888888888874 0.24497605815272785 2.5529466894536639 0.23607722436537423 206.98124359201407 -1.0000000180025095e-35 1.166666666666667 1.3205128205128207 0.099999999999999964 -0.53589743589743588 0.9545454545454547 0.27922077922077926
decision_type=2 2 2 2 2 2 2 2 2 2 2 2 2 2 2 2 2 2 2 2 2 2 2 2 2 2 2
left_child=4 8 5 19 13 10 -7 -5 9 14 -3 -11 16 24 -2 21 18 -18 -6 -4 -14 -10 -17 -22 -1 -15 -26
right_child=1 2 3 7 12 6 -8 -9 15 11 -12 -13 20 25 -16 22 17 -19 -20 -21 23 -23 -24 -25 26 -27 -28
leaf_value=0 0.00076334862073921227 0.0035630110221297204 0.041852629080824322 0.01526295051264559 -0.0095756977561110672 -0.0084018332951793454 0.0059777127016182423 -0.016800371002134145 -0.027965341302583869 0.00052243211459685238 0.032361921859470601 -0.014064111532351218 -0.016665723959402069 -0.010898030495809962 0.011484929101548537 -0.0097850419329612044 -0.0043426208322313725 -0.01622555751714955 0.0043202253525413637 0.014403328391214302 0.016901683792818527 0 0.0187734218694596 -0.0059117995397706151 -0.028739459280784769 0.01340953545601343 -0.014788819152590322
leaf_weight=5.8339709043502799 560.101263448596 26.313014090061188 49.175944477319717 471.1008760035038 174.81146040558815 96.445241555571556 201.73301938176155 10.346573263406752 33.642332375049591 101.4361188262701 31.859527766704559 92.212598785758018 10.371698990464209 9.3170617073774356 102.78399120271206 13.689025789499285 104.01128068566322 328.03970143198967 67.496502250432968 21.161913216114044 29.304551005363464 8.1234056353569013 10.061104118824003 12.511088296771048 112.26104739308357 8.1332360953092557 37.089630007743835
leaf_count=21 1676 79 169 1411 553 272 605 27 97 305 104 263 30 32 318 40 326 1038 223 67 98 25 33 38 385 30 130
internal_value=-9.51741e-05 0.00580273 0.0122524 0.0171798 -0.0121137 0.00449943 0.0012184 0.0144555 -0.000535302 0.00045023 0.0203023 -0.00636845 -0.00963723 -0.0221632 0.00249294 -0.0134218 -0.0106945 -0.0134557 -0.00559889 0.0345664 0.00345338 -0.0223712 0.00186059 0.00954712 -0.0247035 0 -0.0256814
internal_weight=2729.37 1830.19 908.136 551.785 899.181 356.351 298.178 481.447 922.05 856.534 58.1725 193.649 726.546 172.635 662.885 65.5159 674.359 432.051 242.308 70.3379 52.1873 41.7657 23.7501 41.8156 155.185 17.4503 149.351
internal_count=8395 5491 2734 1674 2904 1060 877 1438 2757 2562 183 568 2306 598 1994 195 2140 1364 776 236 166 122 73 136 536 62 515
is_linear=0
shrinkage=0.05


Tree=43
num_leaves=23
num_cat=0
split_feature=32 31 5 39 18 42 8 19 56 52 3 3 6 39 41 36 52 54 11 19 39 47
split_gain=8.53957 7.77877 10.4014 7.12428 6.42356 5.34601 5.27709 5.82526 7.41822 5.1165 4.88856 4.29296 4.11823 3.22174 3.53739 2.94435 2.93274 2.79119 2.53795 2.42813 2.8924 2.0584
threshold=145.43541243988946 1461.2143016130563 -0.6333333333333333 0.43315183173966082 0.51666666666666672 2.5574338570359796 -1.4976190476190474 0.64583333333333337 0.39230769230769236 1.6833333333333336 1.7303030303030307 0.74166666666666681 1.5166666666666668 0.43810702498821313 0.32501830161054174 0.63333333333333341 0.89444444444444449 2.3944444444444448 -0.38397435897435889 0.51666666666666672 0.44118839750011929 1.341666666666667
decision_type=2 2 2 2 2 2 2 2 2 2 2 2 2 2 2 2 2 2 2 2 2 2
left_child=1 2 10 4 -4 -5 13 8 -8 12 17 -9 -2 14 -3 19 -15 -1 -14 -11 -21 -20
right_child=9 6 3 5 -6 -7 7 11 -10 15 -12 -13 18 16 -16 -17 -18 -19 21 20 -22 -23
leaf_value=-0.0012312449893973161 -0.025743269518777923 0.013847267236138128 0.0086419375613248969 -0.0023906112729948402 -0.016576347830062312 0.017470161395382107 -0.021337891878984439 -0.013640129202416008 -5.1378908801633295e-05 -0.033660911430264416 0.025486260585730166 0.01754889820724281 0.026667602620274407 -0.033180477248506979 -0.017103425560549248 0.0064677764048801092 -0.0058682403220654692 -0.020013671296119782 0.02005337053114396 0.0020978508800306838 -0.025280740479393354 -0.0084399021392077573
leaf_weight=39.426806643605232 9.8603732883930189 17.358537003397942 66.014362171292305 36.571289673447609 38.047067582607269 232.05840286612511 39.844238266348839 10.557651877403258 1993.1479256004095 33.87894806265831 7.5162091255187979 70.89233236014843 10.346553012728686 23.610466226935387 15.546950995922087 6.729834556579589 21.892062291502953 45.717332810163498 6.7498038560152116 15.949678659439085 17.002309247851372 20.846075609326363
leaf_count=124 39 48 190 110 118 646 129 35 5925 154 19 207 33 78 50 24 71 165 21 62 74 73
internal_value=0.000183484 0.000788584 0.00664874 0.0103973 -0.000481403 0.0146763 -0.000448553 1.77259e-05 -0.000501415 -0.0126652 -0.00806539 0.0129765 0 -0.0130214 -0.000201978 -0.0207646 -0.0213667 -0.011831 0.00780867 -0.0239784 -0.0119517 0
internal_weight=2779.57 2658.2 465.351 372.691 104.061 268.63 2192.85 2114.44 2032.99 121.364 92.6603 81.45 47.8028 78.408 32.9055 73.5608 45.5025 85.1441 37.9424 66.8309 32.952 27.5959
internal_count=8395 7915 1372 1064 308 756 6543 6296 6054 480 308 242 166 247 98 314 149 289 127 290 136 94
is_linear=0
shrinkage=0.05


Tree=44
num_leaves=28
num_cat=0
split_feature=33 64 32 65 38 32 26 65 57 52 65 44 50 34 5 42 41 34 26 41 54 41 20 31 42 2 12
split_gain=77.7374 19.4444 19.3532 7.45753 7.38406 7.19638 7.1912 6.98472 6.21213 7.72779 6.18077 5.72326 4.43549 4.93797 4.41012 4.26002 4.01623 3.86723 3.72164 3.5911 5.7862 5.28245 3.55802 3.10387 2.8362 3.78085 3.54648
threshold=0.48426573103999221 -0.099999999999999825 52.631846643314709 -1.4792717086834732 0.90000000000000013 -175.2617479591581 0.83333333333333359 0.26520318272236437 0.54772727272727284 2.0500000000000003 -1.0216006216006213 1.2426470588235297 0.88194444444444453 0.77500000000000013 0.36515151515151517 2.5885636434410277 0.28003436426116846 0.29166666666666669 -1.0000000180025095e-35 0.32003616636528032 2.5131578947368425 0.30353379340563041 0.033150183150183157 1535.7681035074422 3.1738055300746955 -0.075961538461538344 0.39230769230769236
decision_type=2 2 2 2 2 2 2 2 2 2 2 2 2 2 2 2 2 2 2 2 2 2 2 2 2 2 2
left_child=1 3 12 16 6 -3 -5 24 9 -7 -6 -10 13 15 22 -2 23 -18 -15 21 -21 -14 -9 -1 26 -26 -4
right_child=2 5 7 4 10 8 -8 14 11 -11 -12 -13 19 18 -16 -17 17 -19 -20 20 -22 -23 -24 -25 25 -27 -28
leaf_value=-0.013302614752052576 -0.022649149698893034 0.039705586971425129 -0.01314091222516936 0.011686998233648068 0.0016056064374773396 0.00266062144239711 -0.0056887337636396546 -0.023345900450752143 0.000686478913347866 0.03015217525955681 0.02383704350286097 -0.022729896413399703 -0.0028545682706825407 0.034986940212377624 0.0089211335196445422 -0.006605691663256405 0.027954538354139316 -0.0018246769674543494 -0.0073319631207577358 0.0051031902103992055 -0.011752068369940461 0.0089735083890601225 -0.011243056970939719 0.015168138808882762 -0.011207163520675528 0.030523913939623504 0.0091807451418976661
leaf_weight=10.12387043237686 67.362904876470566 10.987994536757467 82.985147595405579 149.00552889704704 44.363160461187363 578.75594517588615 94.554814070463181 280.74298486113548 57.296156227588654 25.066682517528534 132.40919433534145 42.925012975931168 290.78996823728085 8.2604150176048297 11.019850820302961 125.87673535943031 159.43082368373871 9.7599901854991895 7.8465082049369803 69.037164956331253 167.40757444500923 136.61862699687481 96.91243913769722 36.688915550708771 7.410928443074229 9.8660762310028058 19.609932333230972
leaf_count=26 224 28 285 398 110 1614 249 1152 164 69 350 121 913 26 37 417 398 24 26 210 533 419 395 92 24 31 60
internal_value=-8.24157e-05 0.0084288 -0.00842472 0.0147817 0.0106998 0.00271474 0.0048482 -0.0161757 0.00199117 0.00393893 0.018478 -0.00934675 -0.00385535 -0.0101915 -0.0194453 -0.0125012 0.0224392 0.0260894 0.0144578 -0.00179509 -0.0067243 0.000892172 -0.0203816 0.00820604 -0.00522398 0.012021 -0.00854139
internal_weight=2733.12 1351.37 1381.75 636.336 420.333 715.032 243.56 508.547 704.044 603.823 176.772 100.221 873.2 209.347 388.675 193.24 216.004 169.191 16.1069 663.853 236.445 427.409 377.655 46.8128 119.872 17.277 102.595
internal_count=8395 3643 4752 1647 1107 1996 647 1984 1968 1683 460 285 2768 693 1584 641 540 422 52 2075 743 1332 1547 118 400 55 345
is_linear=0
shrinkage=0.05


Tree=45
num_leaves=28
num_cat=0
split_feature=65 65 65 33 30 64 57 4 54 17 12 37 5 16 41 59 54 8 6 23 43 33 33 30 49 42 18
split_gain=71.0294 19.0151 15.5539 8.74755 8.3272 7.30427 7.10443 6.36558 5.97825 5.81894 5.51625 5.47316 5.26391 5.25722 4.54158 4.46466 5.73881 4.40567 4.18626 3.7991 3.70951 3.60893 3.10875 2.67384 2.22815 2.11564 1.52175
threshold=0.1282216034839723 -0.76467171717171711 0.55198412698412691 0.57706749925015322 1548.3786859984154 -0.88975694444444431 0.47213622291021667 0.34848484848484851 2.5527777777777785 -1.0000000180025095e-35 0.48333333333333339 3.291666666666667 -0.73333333333333328 0.43650793650793651 0.33200663218563786 0.53589743589743599 2.3416666666666672 -0.62275641025641015 2.0333333333333337 0.066666666666666666 7.005335504483182 0.76700560641241167 0.34843081000591775 1587.4624251664488 0.89444444444444449 3.1199309428476103 0.51666666666666672
decision_type=2 2 2 2 2 2 2 2 2 2 2 2 2 2 2 2 2 2 2 2 2 2 2 2 2 2 2
left_child=1 7 11 8 12 21 -6 25 23 -8 -10 15 17 -7 24 19 -17 -3 -14 -2 22 -5 -9 -4 -13 -1 -16
right_child=2 4 3 5 6 13 9 20 10 -11 -12 14 18 -15 26 16 -18 -19 -20 -21 -22 -23 -24 -25 -26 -27 -28
leaf_value=0.031061568559535131 -0.0012107428757097615 0 -0.00057785880010873371 0.042370776987234356 -0.0193720402221404 0.018173636423034829 0.0033063062975274777 -0.022946801656837879 0.015185970737575917 0.031729070102613575 -0.019014409122242545 0.010131856329717243 -0.0059144119162021233 0 0 -0.0061596956918705944 0.027124993070851335 0.04101006668905214 0.017460857158425259 0.0087926966606293542 0.013778890951597823 0.013512626844643336 -0.013473995922185256 -0.028540886800620498 -0.015242629285477547 -0.0026126477673724183 0.031411539925176729
leaf_weight=7.1525954306125623 211.39883503317833 15.180435985326769 70.85905222594738 45.868902325630188 13.861525714397429 290.45938256382942 41.168943658471107 178.85622337460518 136.97301855683327 34.324903905391693 10.5649157166481 7.147906392812728 991.60836400091648 47.68698850274086 7.7680864930152875 15.707457736134527 43.153323844075203 9.0855378061532956 17.124036878347397 164.53065536916256 7.2986991405487052 21.0777867436409 239.04702539741993 8.0877409875392896 74.087876155972481 6.4732638299465179 6.1345034092664719
leaf_count=25 622 46 204 160 38 878 123 633 417 112 28 23 3034 135 23 45 141 32 56 492 26 67 767 20 207 20 21
internal_value=-0.000107043 -0.0070783 0.0092376 0.0145355 -0.00358607 0.0189585 0.0108151 -0.0158966 0.00641842 0.0170373 0.0123482 0.00284551 -0.00487443 0.0156633 -0.00780314 0.00525789 0.0179214 0.0170435 -0.0054591 0.00312461 -0.0170173 0.0343031 -0.0176777 -0.00438579 -0.0125198 0.0151772 0.0162935
internal_weight=2722.69 1561.18 1161.51 631.578 1122.35 405.093 89.3554 438.828 226.485 75.4938 147.538 529.929 1033 338.146 95.1384 434.79 58.8608 24.266 1008.73 375.929 425.202 66.9467 417.903 78.9468 81.2358 13.6259 13.9026
internal_count=8395 4912 3483 1909 3441 1240 273 1471 669 235 445 1574 3168 1013 274 1300 186 78 3090 1114 1426 227 1400 224 230 45 44
is_linear=0
shrinkage=0.05


Tree=46
num_leaves=23
num_cat=0
split_feature=32 41 64 39 37 2 59 17 41 50 53 0 52 40 44 41 23 36 19 39 11 64
split_gain=7.84834 7.62585 7.18828 8.04134 6.1064 5.53378 5.52142 6.88872 5.28609 5.26584 5.18761 5.50982 4.83878 4.32234 4.18966 4.1544 3.00805 2.82911 2.36073 2.78261 2.33792 2.85346
threshold=145.43541243988946 0.3247972544647737 -0.079999999999999946 0.43685786918123926 5.1250000000000009 -0.47142857142857136 0.54772727272727284 -0.23333333333333323 0.32788101376660023 2.0954545454545461 0.68333333333333346 0.96666666666666667 1.6833333333333336 0.23056104523495827 1.4868421052631582 0.2667104686815594 0.063636363636363616 0.63333333333333341 0.51666666666666672 0.44118839750011929 -0.38397435897435889 -0.054999999999999945
decision_type=2 2 2 2 2 2 2 2 2 2 2 2 2 2 2 2 2 2 2 2 2 2
left_child=1 4 10 5 6 -4 9 -8 -5 -1 11 -3 14 -12 -2 -6 -17 18 -14 -20 -16 -22
right_child=12 2 3 8 15 -7 7 -9 -10 -11 13 -13 17 -15 20 16 -18 -19 19 -21 21 -23
leaf_value=0.0031210975451616226 -0.025676378858233564 -0.018896487133292155 -0.027073859334591822 -0.0068909304139019509 0.013409553351161502 -0.0031363842191652093 -0.022708208390585558 -0.0003061495590965821 0.011799753402212758 0.016211184120857269 -0.0071280692866459482 0.020842479036456002 -0.033010967554229366 -0.021835305577371098 0.026047938706084506 -0.031924338361538622 0 0.0064755313361440818 0.0022384596966109273 -0.024698825632120489 -0.0098662882121052942 0.023227963749851293
leaf_weight=1629.8251314610243 9.9821517169475538 10.97030249238014 27.077869221568108 46.547486484050751 7.5317276120185843 170.48721228539944 39.756259366869926 206.64351215958595 155.07686997950077 80.014302060008049 137.26975356042385 23.177598014473915 33.110146880149841 87.602605879306793 10.408939033746714 24.926624625921249 10.641831070184706 6.726427197456359 15.911906674504278 16.743289366364479 20.088453367352486 7.2365625947713914
leaf_count=4781 40 40 95 142 22 510 123 619 457 220 443 67 154 282 33 82 32 24 62 74 71 22
internal_value=0.00020009 0.000778091 -0.00386826 0.000288379 0.00232256 -0.00678093 0.0027502 -0.00417507 0.0073367 0.00376649 -0.0103232 0.00704523 -0.0121774 -0.0131097 0 -0.0157941 -0.0230282 -0.0201412 -0.0233432 -0.01148 0.00804961 0
internal_weight=2777.76 2657.55 658.21 399.189 1999.34 197.565 1956.24 246.4 201.624 1709.84 259.02 34.1479 120.208 224.872 47.7161 43.1002 35.5685 72.4918 65.7653 32.6552 37.734 27.325
internal_count=8395 7915 2036 1204 5879 605 5743 742 599 5001 832 107 480 725 166 136 114 314 290 136 126 93
is_linear=0
shrinkage=0.05


Tree=47
num_leaves=30
num_cat=0
split_feature=32 32 32 64 41 63 19 32 10 10 19 43 43 42 64 21 64 52 32 17 19 14 38 32 42 53 64 64 64
split_gain=70.4907 22.526 13.4055 9.59823 7.42962 6.14217 6.95001 5.48425 5.43546 4.76369 4.47487 4.75383 6.39923 4.73539 4.72468 4.89455 4.321 4.19269 3.49097 3.47515 3.6987 3.36981 3.30706 3.07385 3.03904 2.36469 2.21444 2.09182 1.98716
threshold=1.142178961902687 -92.663275389184591 92.75109619337492 -0.20924884944115699 0.29026031079440956 -0.51568627450980387 0.48333333333333339 -198.85459937119251 0.54195804195804198 0.55050505050505061 0.51666666666666672 5.6076369307404796 4.1026092131977068 2.4732831271292812 -0.054999999999999945 0.65476190476190488 0.12247448979591836 0.47222222222222227 -68.89352141191101 0.31098901098901105 0.4494949494949495 0.063003663003663016 1.6333333333333335 173.05643310703661 3.1773826196918811 1.8944444444444446 -0.4722222222222221 -0.13499999999999993 -0.71999999999999964
decision_type=2 2 2 2 2 2 2 2 2 2 2 2 2 2 2 2 2 2 2 2 2 2 2 2 2 2 2 2 2
left_child=1 7 10 4 18 9 -7 26 -6 -5 11 12 -2 -13 15 -12 17 -9 -3 23 -21 -18 -16 24 -4 -22 28 -25 -1
right_child=2 3 19 5 8 6 -8 16 -10 -11 14 13 -14 -15 22 -17 21 -19 -20 20 25 -23 -24 27 -26 -27 -28 -29 -30
leaf_value=0.025706529342660801 0.0098344800685043528 0.016266105746843715 -0.019926524588705759 0.025792839390297778 0.020858357849107945 0.004650086797743337 -0.0042439455471498964 -0.011435450065659053 -0.013267530338099612 -0.013182779710597656 -0.020134495535174973 -0.021146072063552974 -0.01488912286632442 0.0030944932700772906 -0.009475088437432954 0.013742708627761731 0.014028133358646855 0.015826164363482449 -0.0081438004886983228 0.0035869133205483311 -0.02912274922708771 -0.020775347488747976 0.0024471708353601962 -0.010047905439663265 0.001753058196211315 0 0.045995673627455894 0.020906972332022267 0
leaf_weight=41.976145654916763 30.224922254681587 18.039494812488556 82.950609415769577 36.779108837246895 142.36144202947617 387.42574071884155 500.67813459038734 12.245906412601469 10.442916229367254 7.5714254081249228 136.53660520911217 19.814266189932823 124.53934861719608 247.06269299983978 217.20242685079575 9.2853979766368848 9.4720412790775317 353.55632051825523 51.036613181233406 8.3602656424045545 122.8673008531332 14.466374188661574 74.108472436666489 7.9987973570823696 17.037070721387863 7.7545216828584662 17.688311725854874 8.9447792172431928 8.4018459916114789
leaf_count=101 103 49 323 107 374 1104 1443 33 32 24 500 68 429 798 713 31 24 895 136 31 570 38 241 35 63 30 44 36 20
internal_value=-8.77819e-05 0.00658469 -0.00975489 0.00282502 0.0121275 0.000563505 -0.000334203 0.0159566 0.0182234 0.0183179 -0.00668897 -0.00290979 -0.00983735 0.00105787 -0.0102474 -0.0176515 0.0134222 0.0147883 -0.00113899 -0.0198147 -0.0253893 -0.00602054 -0.00636087 -0.0126631 -0.0160254 -0.0274585 0.0293141 0.00545595 0.0214471
internal_weight=2726.83 1612.14 1114.69 1154.33 221.88 932.454 888.104 457.807 152.804 44.3505 858.774 421.641 154.764 266.877 437.133 145.822 389.741 365.802 69.0761 255.913 138.982 23.9384 291.311 116.931 99.9877 130.622 68.0663 16.9436 50.378
internal_count=8395 4424 3971 3269 591 2678 2547 1155 406 131 2883 1398 532 866 1485 531 990 928 185 1088 631 62 954 457 386 600 165 71 121
is_linear=0
shrinkage=0.05


Tree=48
num_leaves=25
num_cat=0
split_feature=33 65 8 43 62 5 18 65 41 21 43 58 47 8 31 38 63 41 49 53 48 20 20 40
split_gain=65.3763 31.0129 8.31046 7.3089 8.3081 6.19475 6.71337 6.34206 6.0557 4.96556 4.63373 4.9514 5.21486 4.23056 3.98913 3.33649 3.32989 2.69929 2.41635 2.41266 1.72991 1.47156 1.39543 0.475525
threshold=0.45855056169226777 0.55198412698412691 -0.86282051282051253 3.3497501700808394 1.0544117647058826 -1.2619047619047616 0.51666666666666672 -0.25458754208754203 0.32560582372483876 0.095454545454545472 6.8839746192279376 0.54772727272727284 1.1937500000000003 0.87083333333333357 1489.1784293500016 1.6333333333333335 1.6291666666666671 0.30774686306601207 1.4772727272727275 2.4722222222222228 1.4772727272727275 0.033150183150183157 -0.5166666666666665 0.23801327470143713
decision_type=2 2 2 2 2 2 2 2 2 2 2 2 2 2 2 2 2 2 2 2 2 2 2 2
left_child=2 5 15 22 8 -2 14 -8 -5 -6 11 13 -13 -4 -7 16 19 -17 21 -1 -20 -12 -3 -19
right_child=1 3 10 4 9 6 7 -9 -10 -11 18 12 -14 -15 -16 17 -18 23 20 -21 -22 -23 -24 -25
leaf_value=-0.023943446618318143 0.036138267941704438 0 -0.012052272760904448 0.0083358561089832001 -0.00078952720483209849 -0.0060452084605469919 -0.0068499198177071384 0.00831144995526697 0.022196693293695363 0.028745994621682442 -0.013445336114787066 -0.0095632040796498671 0.014123189585400944 0.017134859131964785 0.0010500521388323023 0.020790094045187835 0.0085070147280004258 0 0.0018005963888849917 -0.0048654292919756738 0.029355972126633569 0.0096267626462272181 -0.024656315967338076 -0.021327548610743444
leaf_weight=193.0535187125206 10.161622300744055 8.2070609033107758 492.67809969186783 339.63078731298447 13.949162632226942 392.56503738462925 82.777014926075935 343.30791433155537 108.16897261142731 133.86005625128746 15.874219179153444 47.845979616045952 41.144854590296745 10.352515086531637 386.89888001978397 7.6175716072320965 7.0751579850912085 6.2921596616506559 14.001781746745111 23.08389113843441 11.535593584179876 8.3440055847167951 10.834205061197281 6.3103042989969254
leaf_count=661 34 24 1574 996 39 1139 247 1048 334 437 47 154 139 34 1165 29 27 22 46 83 40 27 28 21
internal_value=-0.00011233 0.0052728 -0.0112622 0.0144081 0.0154131 0.000617495 0.000238028 0.00528936 0.0118234 0.0258184 -0.00816628 -0.00941495 0.00118315 -0.0113366 -0.0024977 -0.0191892 -0.0209362 0 0.00599776 -0.0220838 0.0163837 -0.0044147 -0.0143183 -0.0133211
internal_weight=2715.57 1830.36 885.21 614.65 595.609 1215.71 1205.55 426.085 447.8 147.809 641.777 592.021 88.9908 503.031 779.464 243.433 223.213 20.22 49.7556 216.137 25.5374 24.2182 19.0413 12.6025
internal_count=8395 5491 2904 1858 1806 3633 3599 1295 1330 476 2061 1901 293 1608 2304 843 771 72 160 744 86 74 52 43
is_linear=0
shrinkage=0.05


Tree=49
num_leaves=23
num_cat=0
split_feature=32 64 30 30 52 7 16 18 13 40 64 4 37 17 58 17 19 8 37 26 52 64
split_gain=7.18469 6.06458 5.14956 4.69993 4.64146 4.61532 5.74833 5.37367 4.10974 3.60078 3.26461 2.56874 2.15574 2.12071 1.82834 2.80171 1.43897 3.12319 1.98627 1.12786 0.96237 0.801548
threshold=145.43541243988946 -1.54 1667.0190835718861 1681.68693697604 1.788888888888889 1.2071428571428573 0.12916666666666668 0.57738095238095244 0.26969696969696971 0.24666029318036961 -3.9548611111111103 1.591666666666667 2.7083333333333335 0.31098901098901105 0.53589743589743599 -0.60241841491841486 0.51666666666666672 1.3791666666666669 2.9000000000000004 -1.8333333333333333 0.89444444444444449 -0.95326265614727135
decision_type=2 2 2 2 2 2 2 2 2 2 2 2 2 2 2 2 2 2 2 2 2 2
left_child=1 10 5 -4 8 7 -7 -3 9 12 -1 -10 -2 -11 20 -16 19 21 -19 -6 -12 -18
right_child=4 2 3 -5 16 6 -8 -9 11 13 14 -13 -14 -15 15 -17 17 18 -20 -21 -22 -23
leaf_value=0.0081195678170784807 0.0048024890835966704 0.0038612080753075728 0.042539781802529472 0 -0.0071073026281199443 -0.028919861578969058 -0.00054375885217012568 -0.021424783241988526 -0.032838691843736618 0.0020306312156155959 -0.010888089446941635 0 -0.026245850906801971 0.035001685860837635 -0.027364976107500508 0.0061684835865232074 -0.00010750479795455361 0.026602315982899857 -0.0094302336335871408 -0.035738236180699746 -0.037849464708116648 -0.028851913801328951
leaf_weight=9.8837353587150556 10.718686759471895 1079.2475749999285 12.292731225490572 10.917341291904448 8.1925249844789523 16.127036079764366 1461.9937069565058 19.190682291984558 11.388410806655886 11.23907019197941 10.700124353170397 9.4997701942920667 7.1142849922180167 10.610640347003935 8.0506455600261706 12.902601704001425 5.0563551932573345 5.3656417429447156 5.0659624487161636 21.764165058732033 15.547205954790114 13.016121268272402
leaf_count=30 37 3194 33 35 36 55 4337 64 46 38 33 35 29 32 29 41 22 19 23 106 64 57
internal_value=0.000213645 0.00076465 0.00113275 0.0236619 -0.0116879 0.000901909 -0.000908906 0.00335859 -0.00140941 0.00756061 -0.0150472 -0.0187142 -0.00772102 0.0206827 -0.0205392 -0.00688832 -0.0215251 -0.0108082 0.00839067 -0.0296254 -0.0292924 -0.0228673
internal_weight=2775.89 2656.85 2599.77 23.2101 119.032 2576.56 1478.12 1098.44 60.5709 39.6827 57.0843 20.8882 17.833 21.8497 47.2006 20.9532 58.4608 28.5041 10.4316 29.9567 26.2473 18.0725
internal_count=8395 7915 7718 68 480 7650 4392 3258 217 136 197 81 66 70 167 70 263 121 42 142 97 79
is_linear=0
shrinkage=0.05


Tree=50
num_leaves=30
num_cat=0
split_feature=32 32 32 2 30 65 45 39 30 32 23 39 17 20 55 2 26 6 17 19 51 30 30 43 20 50 30 32 43
split_gain=64.2785 20.3246 12.5965 9.17411 5.65572 5.34514 5.15859 5.65927 4.82237 6.44978 4.64 4.51009 3.73584 3.73326 4.12717 3.65533 3.62788 3.60846 3.56893 4.84665 3.65933 3.44713 3.00149 2.88866 2.78401 2.75334 2.48228 2.2618 1.23998
threshold=1.142178961902687 -94.573273380121904 82.885301275283737 1.134848484848485 1417.7685124136353 0.12062797566960376 1.1937500000000003 0.43475422862981045 1493.9727459170988 -120.46395292389546 0.063636363636363616 0.50539575327044772 -0.20416666666666664 1.0000000180025095e-35 2.226495726495727 -1.0000000180025095e-35 0.83333333333333359 1.2583333333333335 0.31098901098901105 0.4494949494949495 0.68333333333333346 1406.3716850430008 1483.3981587612441 6.16226106286486 -0.071611721611721538 1.788888888888889 1410.0285639254287 173.05643310703661 6.16226106286486
decision_type=2 2 2 2 2 2 2 2 2 2 2 2 2 2 2 2 2 2 2 2 2 2 2 2 2 2 2 2 2
left_child=1 6 5 4 21 12 7 -1 10 -10 -8 -6 17 14 -7 -15 23 -2 20 28 -4 -3 -18 -5 -21 -14 -9 -22 -20
right_child=2 3 18 16 11 13 8 26 9 -11 -12 -13 25 15 -16 -17 22 -19 19 24 27 -23 -24 -25 -26 -27 -28 -29 -30
leaf_value=0.020535304057234943 -0.02786089517163802 0.0042701462490420056 0.013868584321828237 0.024259718670606306 -0.00015863646801941758 1.2653267827917627e-05 0.021900264401302737 0.0031755297182915715 -0.004432311086709855 0.021974142044796627 0.00071477087462320415 0.019258280683588491 -0.00082368759280282064 0.0027479720254238562 -0.013838207854387857 -0.022229200833315265 -0.01754868740502017 0.0075795795876015858 0.019743236640486661 0.0012576219593343294 -0.016492579957314141 0.029627619257191869 0.018228020153428094 -0.0040545988950776157 -0.027867774881303393 0.014222757330684913 -0.027549732767182724 0.0018896199169425546 -0.0076776127172518875
leaf_weight=14.540092855691908 20.895064845681194 33.542590498924255 10.126154407858847 76.195479333400726 976.62321396172047 60.185741052031517 285.8764141201973 7.7547911703586605 53.915613412857056 36.462209969758987 31.24135784804821 28.790684163570404 251.69940130412579 93.848060458898544 321.59229317307472 15.188762024044989 11.527999863028528 8.0184201598167402 5.7193545550107938 6.8175530731678 125.81448192894459 25.14525930583477 8.1495388448238355 7.9230849146842948 133.17580564320087 32.289560943841934 15.638421654701231 16.063604652881622 5.6060910075902939
leaf_count=36 65 90 34 196 2789 209 714 20 133 95 82 85 769 327 1148 49 31 25 21 30 484 68 23 20 622 99 42 68 21
internal_value=-9.6687e-05 0.00625786 -0.00937451 0.00275505 0.00133078 -0.00602454 0.0153329 -0.00163526 0.0169737 0.00619563 0.019909 0.000409693 -0.000819995 -0.00927499 -0.0116008 -0.000843906 0.0168189 -0.0173692 -0.0180715 -0.0237215 -0.0120496 0.016165 -0.00126364 0.0212703 -0.0262756 0.000887178 -0.016932 -0.0142402 0.0051787
internal_weight=2720.37 1613.33 1107.04 1167.9 1064.1 803.717 445.429 37.9333 407.496 90.3778 317.118 1005.41 312.902 490.815 381.778 109.037 103.796 28.9135 303.323 151.319 152.004 58.6878 19.6775 84.1186 139.993 283.989 23.3932 141.878 11.3254
internal_count=8395 4424 3971 3302 3032 2691 1122 98 1024 228 796 2874 958 1733 1357 376 270 90 1280 694 586 158 54 216 652 868 62 552 42
is_linear=0
shrinkage=0.05


Tree=51
num_leaves=28
num_cat=0
split_feature=33 65 8 62 21 5 18 65 40 65 57 37 56 42 40 13 41 10 38 62 53 8 41 17 52 23 5
split_gain=59.6611 28.1631 7.86292 6.39038 6.4741 5.75384 6.25606 5.89149 5.66762 6.03101 4.67758 4.07401 3.9851 5.26849 6.30563 4.02736 5.78688 3.51793 3.16605 3.08845 3.04544 2.76359 2.56494 2.4534 2.06708 1.56506 1.55611
threshold=0.45855056169226777 0.55198412698412691 -0.86282051282051253 1.0544117647058826 0.095454545454545472 -1.2619047619047616 0.51666666666666672 -0.25458754208754203 0.27719239869860984 1.5655154342225286 0.52786377708978338 3.7750000000000004 0.45227272727272733 2.5696359972290446 0.24497605815272785 0.19090909090909094 0.30707368475492292 0.32051282051282054 1.6333333333333335 -0.50378787878787878 2.4722222222222228 -0.66666666666666663 0.30774686306601207 -0.098951048951048878 0.9545454545454547 -0.069047619047619038 -0.087301587301587227
decision_type=2 2 2 2 2 2 2 2 2 2 2 2 2 2 2 2 2 2 2 2 2 2 2 2 2 2 2
left_child=2 5 18 8 26 -2 17 -8 9 -3 -6 -10 15 19 -15 16 -4 -7 20 -14 23 -17 -20 -1 -22 -24 -5
right_child=1 3 12 4 10 6 7 -9 11 -11 -12 -13 13 14 -16 21 -18 -19 22 -21 24 -23 25 -25 -26 -27 -28
leaf_value=-0.023715338617785027 0.034669233606385991 0.016554137232388706 -0.0035499678979839001 -0.017734347232174583 0.031444510508128597 0.0023930969469994393 -0.00663921183730038 0.0079804611195415046 0.0040722562479106866 0.00080145605060868942 0.0077164320258071009 -0.023266171013224157 -0.014101364815932278 -0.0048195851525464524 -0.017595416594705031 0.018278321887793221 0.041989366676910146 -0.0047480225559746519 0.020232854954919569 0.0035797576568935025 -0.021636566298409567 -0.0084541519761489933 -0.026815248932489634 0.0011634372564896958 0.0054201139660335785 0.0027805501339389213 0.0079175764920572794
leaf_weight=184.91240952908993 10.257707118988035 292.23260274529457 12.343323633074762 8.8170335888862628 105.33460658788681 248.36539436876774 82.562637016177177 344.20606824755669 71.355789959430695 81.109950691461563 31.450494885444641 14.653328686952589 30.410140752792358 176.9897478222847 235.79771982133389 9.030700355768202 11.146830722689627 530.4774663746357 7.6780140995979336 100.18655304610729 8.349921256303789 62.19003926217556 6.7660167962312707 8.2597190737724286 18.327766224741936 5.7403611987829182 9.875242739915846
leaf_count=646 34 883 40 23 351 755 247 1048 206 234 95 37 98 575 754 33 43 1549 29 323 29 195 22 28 68 21 29
internal_value=-0.000119456 0.00500976 -0.0108282 0.0137137 0.0226089 0.000572601 0.000204858 0.00507606 0.0105638 0.0132209 0.0263588 -0.000724193 -0.00781598 -0.00946678 -0.0122275 0.00139652 0.0186781 -0.00243848 -0.0186017 -0.00049944 -0.0203269 -0.0043164 0 -0.0225225 -0.00309502 -0.0129971 -0.0035187
internal_weight=2708.83 1830.7 878.129 614.829 155.477 1215.87 1205.61 426.769 459.352 373.343 136.785 86.0091 638.095 543.384 412.787 94.7109 23.4902 778.843 240.034 130.597 219.85 71.2207 20.1844 193.172 26.6777 12.5064 18.6923
internal_count=8395 5491 2904 1858 498 3633 3599 1295 1360 1117 446 243 2061 1750 1329 311 83 2304 843 421 771 228 72 674 97 43 52
is_linear=0
shrinkage=0.05


Tree=52
num_leaves=26
num_cat=0
split_feature=41 8 45 31 2 65 39 32 39 53 43 60 59 43 31 52 3 50 42 48 58 31 61 12 10
split_gain=6.71867 6.57024 6.5689 7.01289 6.85387 5.87073 8.31625 7.45256 6.12119 8.87072 4.26728 4.21023 5.73504 4.18701 3.74523 3.71307 6.66629 6.46248 3.10704 3.52504 3.3901 2.81345 2.31634 2.14408 1.38935
threshold=0.3247972544647737 0.75568181818181845 1.1143790849673205 1554.2680575696131 -1.3904761904761902 -1.2849624060150375 0.4993606138107417 38.861777514949729 0.44584185156333411 1.4142857142857144 6.465366513963791 14.500000000000002 0.47213622291021667 6.4369510090529154 1573.4080062852013 1.2928571428571431 1.0333333333333337 0.6515151515151516 2.5646912075921899 1.8819444444444446 0.46862745098039221 1636.9019264928397 5.5000000000000009 0.21825396825396823 0.080128205128205107
decision_type=2 2 2 2 2 2 2 2 2 2 2 2 2 2 2 2 2 2 2 2 2 2 2 2 2
left_child=1 2 3 4 -1 6 21 8 10 -10 -7 22 -13 -5 18 16 -4 -17 19 -3 -20 24 -9 -23 -2
right_child=5 14 15 13 -6 7 -8 11 9 -11 -12 12 -14 -15 -16 17 -18 -19 20 -21 -22 23 -24 -25 -26
leaf_value=0.03988565446634134 -0.039100824902079112 0.024324462585687129 -0.0085567865125791582 0 0.0047121397886510695 -0.0064366391577632496 0.028156767122947481 0 0.02012635972090995 -0.0040431270189444863 0.0075180352651277498 0.012523220296619873 -0.012296726696049316 0.042773225538857582 0.02476491507201025 0.013664181308371158 0.0044567559562887406 -0.0051428997889508181 0.0035243064853003325 -0.0066227491689023719 -0.013279760589700658 0.0089289220816273964 -0.038599843315750969 -0.021841111848138844 -0.015804451008924362
leaf_weight=12.495564848184584 24.619367986917496 13.270013675093649 111.55786862969398 7.6914433836936977 556.43135713040829 229.42655855417252 6.6956716030836096 5.9799226671457317 81.598667144775391 65.886877775192261 68.567528158426285 26.053925290703773 120.98357979953289 19.114580631256104 7.0558612495660773 48.965688318014145 698.34880006313324 405.52116982638836 33.525184899568558 19.706769540905952 154.30577920377254 9.8925807625055331 17.796760901808739 8.0796171724796277 20.674541652202606
leaf_count=33 83 40 338 22 1606 695 19 22 233 201 199 84 434 48 21 149 1997 1227 125 68 561 29 69 26 66
internal_value=0.000225077 0.00164444 0.002637 0.00696008 0.00566547 -0.00404937 -0.0176249 -0.00241581 0.000947488 0.00925214 -0.00311366 -0.0112413 -0.00762204 0.0312676 -0.00630181 0.000572616 0.00261679 -0.0030109 -0.00762014 0.0057946 -0.0101432 -0.0235675 -0.0303256 -0.0044543 -0.0301138
internal_weight=2774.25 2087.99 1860.13 595.733 568.927 686.256 69.9618 616.294 445.48 147.486 297.994 170.814 147.038 26.806 227.864 1264.39 809.907 454.487 220.808 32.9768 187.831 63.2661 23.7767 17.9722 45.2939
internal_count=8395 6235 5420 1709 1639 2160 223 1937 1328 434 894 609 518 70 815 3711 2335 1376 794 108 686 204 91 55 149
is_linear=0
shrinkage=0.05


Tree=53
num_leaves=28
num_cat=0
split_feature=32 2 65 55 32 32 19 55 5 65 30 41 32 6 42 6 42 2 64 30 56 26 64 41 32 38 30
split_gain=58.6527 23.032 10.2085 11.3083 9.75973 9.43244 6.63345 8.17868 7.09486 6.07619 5.87122 5.69695 5.49887 4.94527 4.71474 5.93334 5.23668 4.13296 3.94236 5.86461 4.89413 3.35999 3.8168 3.13586 3.1289 3.04508 2.40709
threshold=-39.206807804047678 -0.21748251748251737 -1.3281995365953381 2.1846590909090913 44.710662177630986 -198.85459937119251 0.48333333333333339 3.6306818181818183 0.037179487179487263 -1.0010893246187365 1503.0810103927172 0.28003436426116846 42.939305936908575 0.87083333333333346 2.5371752349364294 0.88194444444444453 2.4546998802941347 0.83717948717948742 -0.0049999999999999498 1466.8439211856933 0.45227272727272733 1.5000000000000007 -0.37499999999999983 0.27043139339179734 -161.76159985397405 0.70833333333333337 1402.5543004966214
decision_type=2 2 2 2 2 2 2 2 2 2 2 2 2 2 2 2 2 2 2 2 2 2 2 2 2 2 2
left_child=2 4 10 14 12 -5 18 8 -8 -7 11 23 13 -2 16 -16 -4 -9 19 -3 -20 22 -6 -1 -12 -26 -13
right_child=1 6 3 5 21 9 7 17 -10 -11 24 26 -14 -15 15 -17 -18 -19 20 -21 -22 -23 -24 -25 25 -27 -28
leaf_value=0.017125505824506712 -0.026338992636001098 -0.0062812887028014953 0.00742815976392254 0.04215173634605654 -0.025555153371807967 -0.0035596936206529848 -0.012605195748238053 0.0040253727492505489 -0.00095241051275697219 0.010039717151962994 -0.021765328795481466 0.00048263842981150932 0.025586085866969411 -0.005001302455078932 0.023500535703200862 -0.010772341025632313 -0.035826682659771757 0.033532145529080189 0.019140357565537711 0.017557621347894962 -0.0017153533848479228 0.01289076308088909 -0.014300300790913959 -0.011679801608774954 0.021049697805160524 -0.0018162130936200756 0.029844103442688921
leaf_weight=18.928282618522644 28.912467539310455 31.6177097260952 7.6093983054161098 19.406014859676361 124.48298759758472 93.17285230755806 219.5635040551424 41.782772794365883 331.7775880843401 527.33211475610733 7.1670330166816703 9.2774499952793104 11.201800107955931 311.00084802508354 15.700579449534414 41.715017080307007 23.507449984550476 16.547417372465134 30.087267488241196 99.476562708616257 219.85031954944134 6.7482499033212653 280.9189754575491 14.539049625396727 25.819784253835678 26.170320719480515 129.63497811555862
leaf_count=48 93 94 20 48 592 233 688 126 995 1408 17 22 39 1027 40 114 68 43 91 299 660 27 1113 35 66 65 324
internal_value=-0.000101638 -0.00554715 0.00981264 0.0068184 -0.012064 0.00915681 -0.000486987 -0.00373986 -0.00566693 0.00795264 0.0189868 0.0236507 -0.00578234 -0.00703282 -0.0096364 -0.000503908 -0.0246843 0.0136445 0.00464487 0.0116123 0.000828023 -0.0173013 -0.0179261 0.00395391 0.00465868 0.00943571 0.0280953
internal_weight=2713.95 1753.97 959.98 728.443 763.265 639.911 990.703 609.671 551.341 620.505 231.537 172.38 351.115 339.913 88.5324 57.4156 31.1168 58.3302 381.032 131.094 249.938 412.15 405.402 33.4673 59.1571 51.9901 138.912
internal_count=8395 5887 2508 1931 2891 1689 2996 1852 1683 1641 577 429 1159 1120 242 154 88 169 1144 393 751 1732 1705 83 148 131 346
is_linear=0
shrinkage=0.05


Tree=54
num_leaves=26
num_cat=0
split_feature=32 65 64 32 31 37 8 17 15 4 4 64 43 64 42 51 26 39 17 42 23 52 55 53 42
split_gain=54.1876 20.1439 13.5458 8.10811 7.7907 7.57811 6.87134 5.97578 4.4322 4.21631 3.77705 4.50287 4.20924 3.49133 3.46864 3.00615 2.9127 4.61034 3.71948 2.4048 2.15463 1.94844 1.94455 1.1081 0.920542
threshold=31.825354797920003 -0.76467171717171711 -0.77046296296296291 -36.049509228886784 1489.1784293500016 1.9000000000000001 0.42020202020202019 0.066666666666666666 0.86190476190476206 0.34848484848484851 1.591666666666667 -0.33249999999999991 6.7702157003807422 -0.55810374149659847 2.4890310419507506 0.23611111111111113 1.166666666666667 0.44352040757518124 -0.13333333333333333 2.6116515837104077 0.4868686868686869 1.1909090909090911 2.6485294117647062 1.8944444444444446 3.0935929013515229
decision_type=2 2 2 2 2 2 2 2 2 2 2 2 2 2 2 2 2 2 2 2 2 2 2 2 2
left_child=1 9 19 10 5 -5 -6 16 14 24 11 -3 -12 21 -9 -15 17 -4 -18 -2 23 -11 -10 -21 -1
right_child=2 3 7 4 6 -7 -8 8 22 13 12 -13 -14 15 -16 -17 18 -19 -20 20 -22 -23 -24 -25 -26
leaf_value=0.022749986482199204 0.003010283245855074 0.028100336074057319 0.0065522897823982879 0.0016490149668386513 0.0012297873025145173 -0.011920626349843456 0.014762535070637585 0.02411716017634356 0.0022710794864775215 -0.025477057010004141 -0.016855227842603945 -0.0056147518690294789 0.017588350040515687 0.0064438919537155373 0.0099960125480071244 -0.013400906752550901 -0.0056444116299681456 -0.0081023666617610641 0.029733706899984638 0.035365404347343386 0 -0.0085013023511354129 -0.023673169535444759 0.006541262798628396 0
leaf_weight=6.1674845069646818 11.170369803905485 8.0521344989538175 100.40442733466625 212.92386157810688 405.88807578384876 191.55795359611511 122.22156721353531 50.692450970411301 12.438482314348223 110.9238139539957 129.88110283017159 311.47355428338051 7.2162383198738089 17.74758093059063 495.40144257247448 246.08794350922108 9.8587153255939501 109.74922104179859 16.319150865077972 67.719491809606552 5.912930339574813 28.677097409963608 10.780662059783934 6.8762457370758048 6.0043779760599136
leaf_count=21 33 30 302 642 1229 561 376 157 36 404 404 997 25 60 1464 831 28 310 53 239 18 108 27 21 19
internal_value=-0.000133087 -0.00513375 0.0098862 -0.00221452 0.000436042 -0.00474294 0.00445274 0.00772786 0.0104987 -0.0147744 -0.00766075 -0.00451786 -0.0146357 -0.0156871 0.0114357 -0.0119335 0.000915998 -0.000987255 0.016068 0.0280162 0.0310256 -0.0223357 -0.00970564 0.033275 0.0116572
internal_weight=2702.15 1804.82 897.324 1389.21 932.591 404.482 528.11 805.645 569.313 415.608 456.623 319.526 137.097 403.436 546.094 263.836 236.332 210.154 26.1779 91.679 80.5087 139.601 23.2191 74.5957 12.1719
internal_count=8395 5707 2688 4264 2808 1203 1605 2377 1684 1443 1456 1027 429 1403 1621 891 693 612 81 311 278 512 63 260 40
is_linear=0
shrinkage=0.05


Tree=55
num_leaves=18
num_cat=0
split_feature=62 62 19 43 64 39 46 40 4 26 17 14 11 54 54 30 46
split_gain=6.58841 7.00902 5.06264 6.42045 4.93022 4.72486 3.51883 3.41724 3.78411 3.57607 4.27982 3.59598 3.20943 2.72598 2.75762 2.43722 1.86684
threshold=0.85357142857142876 -1.5416666666666663 0.64583333333333337 3.795426061844291 -0.013901024643195948 0.43979700785983517 0.80625000000000013 0.16585278977847229 2.7207792207792214 -0.33333333333333331 0.42261904761904762 -0.099999999999999936 0.29431818181818187 2.2426470588235299 2.7875939849624065 1509.929125082336 2.6547619047619051
decision_type=2 2 2 2 2 2 2 2 2 2 2 2 2 2 2 2 2
left_child=1 5 3 12 -5 13 -4 -2 9 10 -9 -11 -3 -1 -15 -8 -7
right_child=7 2 6 4 -6 16 15 8 -10 11 -12 -13 -14 14 -16 -17 -18
leaf_value=-0.021030105007994199 0.019368234652087257 -0.0080976488873476041 -0.011649052645943752 -0.0007079904376389042 0.0038533088770253661 -0.033558769359678206 0.012816306382281102 0.0063699669479500122 0.019206538464805897 -0.0055998283745171537 -0.013747171123071934 -0.024898186974779246 -0.038086320291972106 0.026002605486214494 -0.0095625052220052117 0.041031788115683317 0
leaf_weight=7.8473539054393795 8.6054001152515394 56.135675475001335 8.1667890250682813 1233.1029671281576 1124.3411936461926 26.063201427459717 45.510258436203003 50.411599352955818 8.7698109745979291 47.669934511184692 49.840440094470978 61.527327194809914 10.221842736005781 10.637155175209047 6.8520142734050742 10.312945753335951 6.3000209331512442
leaf_count=26 26 173 27 3694 3256 93 129 174 29 180 209 246 33 29 23 27 21
internal_value=0.000242762 0.000981317 0.00139576 0.00101181 0.00145827 -0.0159171 0.0150886 -0.0078724 -0.0092263 -0.0107054 -0.00346007 -0.0169506 -0.0140621 0 0.0112345 0.0197002 -0.0279983
internal_weight=2772.32 2545.49 2487.79 2423.8 2357.44 57.6997 63.99 226.825 218.219 209.449 100.252 109.197 66.3575 25.3365 17.4892 55.8232 32.3632
internal_count=8395 7531 7339 7156 6950 192 183 864 838 809 383 426 206 78 52 156 114
is_linear=0
shrinkage=0.05


Tree=56
num_leaves=26
num_cat=0
split_feature=65 64 64 50 19 43 1 35 36 40 39 64 26 0 12 15 50 48 60 64 34 21 39 31 10
split_gain=51.5156 14.1962 8.78685 6.89492 6.14369 7.40885 6.1334 5.83064 5.6619 5.62076 5.59605 5.57719 5.27181 5.11028 5.00391 5.00213 4.36419 3.63982 3.63976 3.78231 3.54387 3.38573 2.05753 1.49916 1.21898
threshold=-0.3333333333333332 -0.11498520710059169 -0.58416666666666639 0.90454545454545465 0.48333333333333339 6.4559841094561436 1.7416666666666669 0.90000000000000013 1.0000000180025095e-35 0.30127393703343069 0.42775650966825368 -0.089687499999999934 1.8333333333333337 1.1742424242424245 0.36038961038961043 0.27922077922077926 1.1055555555555558 1.2111111111111115 2.5000000000000004 -0.35999999999999999 0.36666666666666675 0.32051282051282054 0.48846085567193326 1515.5930457017646 0.62019230769230782
decision_type=2 2 2 2 2 2 2 2 2 2 2 2 2 2 2 2 2 2 2 2 2 2 2 2 2
left_child=2 12 9 6 13 11 7 -3 -7 17 14 -6 18 20 -5 -15 -12 21 24 -20 -4 -1 -19 -8 -2
right_child=1 3 4 10 5 8 23 -9 -10 -11 16 -13 -14 15 -16 -17 -18 22 19 -21 -22 -23 -24 -25 -26
leaf_value=0.029076025702488007 0.022566746264516491 -0.0089340619447505851 0.002759223462122689 0.0010221978678906468 0.011167842459786628 -0.019848033076078908 -0.027941456102040341 0.010566208243093476 0.0029353663719030205 -0.014510397274738039 0.0045902932748825096 -0.0011380072490821836 0.022292361473306085 0.008932250515894068 0.018750624371659905 0.023166342172423388 -0.0045898182348654655 0.014154566615986684 -0.02178630166470787 -0.010810568822433692 -0.029787547671096471 3.0646557822993002e-05 -0.0070651084684362243 0 -0.0028811118657180207
leaf_weight=99.169312983751297 6.0800671577453596 258.30851480364799 36.960040792822838 124.51765170693398 209.47365774214268 55.139154687523842 44.58346039056778 42.122646003961563 48.153768241405487 10.394387274980543 159.78781981766224 156.47344018518925 7.5128616243600836 205.22399191558361 59.101949155330658 96.817689940333366 612.10361082851887 74.936011925339699 161.27056837081909 194.89375308156013 8.39828312397003 13.063824385404585 10.479117304086683 5.7498198300600043 7.0226084440946579
leaf_count=248 20 863 102 383 552 151 164 130 135 24 517 444 25 547 172 254 1863 186 739 751 25 33 27 18 22
internal_value=-0.000106509 -0.00549484 0.00871302 -0.00299397 0.00630004 0.00248171 -0.00897479 -0.00606552 -0.00913528 0.0179156 -0.000758158 0.00586052 -0.0140377 0.0113422 0.00700371 0.0136995 -0.0026502 0.0198744 -0.0149603 -0.0159441 -0.00374253 0.0259738 0.0111632 -0.0249666 0.00869685
internal_weight=2707.74 1683.06 1024.68 1306.28 816.64 469.24 350.764 300.431 103.293 208.043 955.511 365.947 376.78 347.4 183.62 302.042 771.891 197.648 369.267 356.164 45.3583 112.233 85.4151 50.3333 13.1027
internal_count=8395 5667 2728 4110 2210 1282 1175 993 286 518 2935 996 1557 928 555 801 2380 494 1532 1490 127 281 213 182 42
is_linear=0
shrinkage=0.05


Tree=57
num_leaves=29
num_cat=0
split_feature=17 62 30 64 30 4 43 31 13 43 37 12 20 5 31 48 12 64 48 17 4 31 30 30 8 39 45 62
split_gain=44.8254 14.7489 14.6977 8.59418 7.16653 6.61751 5.99046 5.46344 5.06035 5.04161 4.9859 4.85041 4.52219 4.26238 4.24792 4.21982 4.1079 3.97516 3.9379 3.88872 3.79345 3.55398 2.89838 2.59013 2.4301 2.38117 2.04609 1.27324
threshold=0.066666666666666666 -0.52440476190476182 1518.8040876125485 -0.88975694444444431 1499.1161985922588 1.2182539682539686 7.035708546515818 1448.5418322861749 0.19090909090909094 3.3497501700808394 2.291666666666667 0.25833333333333336 -0.06111111111111104 0.29047619047619061 1531.7570796260486 2.9500000000000006 0.20714285714285713 0.01515306122448975 1.788888888888889 -1.0000000180025095e-35 0.34848484848484851 1472.1315931332597 1488.2501370264645 1501.854067009617 1.8138528138528136 0.46459255162241891 1.5941176470588239 1.8619047619047617
decision_type=2 2 2 2 2 2 2 2 2 2 2 2 2 2 2 2 2 2 2 2 2 2 2 2 2 2 2 2
left_child=1 5 7 24 9 20 16 10 13 -3 22 15 -10 -9 -13 -6 -5 -12 -11 21 -1 -7 -2 -21 26 -22 -4 -26
right_child=2 4 3 6 11 19 -8 8 12 18 17 14 -14 -15 -16 -17 -18 -19 -20 23 25 -23 -24 -25 27 -27 -28 -29
leaf_value=0.015131720070863809 0.030409367615942637 0.027813056455954194 0.037678978243782982 0.0082491788590090386 -0.0053112777238772495 -0.025903342362894707 -0.019540617228704722 -0.022520112064091356 0.0091642013007411597 -0.0075338694238735321 0.008785482976037224 0.011427567843096439 -0.0045002574265455867 0.015568241889238964 -0.0017935194601836763 0.019444730725421813 0.017942730716922761 -0.021343717456861394 0.0027214066070259564 0.020775130044352511 -0.020400746945169874 -0.0045802045511642167 0.0061455916440942178 -0.0089348392049483916 -0.0054583870087685366 -0.0088986889760432619 0.0031486286702155234 0.019276136778672043
leaf_weight=6.7340588867664328 30.802417069673538 9.0850217640399915 49.389430060982704 356.73900257050991 190.15299594402313 22.134975299239159 13.63908141851425 43.877274304628372 91.209036707878113 576.72026343643665 28.11425743997097 180.12828820943832 170.25688119232655 6.4752428680658332 85.930383950471878 16.642147734761238 174.31827135384083 14.969513341784475 106.63228875398636 20.215422183275226 230.17754027247429 141.55720590054989 26.619271755218506 8.1877495199441892 6.4712680578231803 72.541672855615616 6.8599578142166129 8.8276679664850217
leaf_count=23 102 31 176 1053 568 62 36 117 281 1793 83 550 505 21 261 54 530 40 338 69 817 469 78 23 20 243 21 31
internal_value=-0.000138275 -0.00521052 0.00805142 0.0129302 -0.0020908 -0.0123721 0.0106409 0.000672248 -0.00254042 -0.00533678 0.0107385 0.00261237 0.000204907 -0.0167369 0.0070827 -0.00303209 0.0115333 -0.00161087 -0.00589386 -0.00482853 -0.0169135 -0.00789233 0.0201674 0.011364 0.0292552 -0.017803 0.0341497 0.00794709
internal_weight=2695.41 1666.84 1028.57 616.245 1165.29 501.549 544.696 412.324 311.818 692.438 100.505 472.854 261.466 50.3525 266.059 206.795 531.057 43.0838 683.353 192.095 309.453 163.692 57.4217 28.4032 71.5483 302.719 56.2494 15.2989
internal_count=8395 5301 3094 1867 3595 1706 1619 1227 924 2162 303 1433 786 138 811 622 1583 123 2131 623 1083 531 180 92 248 1060 197 51
is_linear=0
shrinkage=0.05


Tree=58
num_leaves=27
num_cat=0
split_feature=41 62 64 39 5 53 30 63 41 41 55 53 65 65 62 39 50 43 42 63 43 49 7 50 30 41
split_gain=6.06247 6.47013 5.67919 7.2374 5.91497 5.56248 5.44509 7.61862 4.7018 8.72316 6.87021 4.31826 4.29872 7.1437 4.20148 6.34114 5.19642 3.53808 5.8371 3.66492 3.36733 3.28974 2.47508 4.74816 2.55846 1.54228
threshold=0.3247972544647737 0.95227272727272749 -0.079999999999999946 0.43685786918123926 -0.53741258741258735 0.68333333333333346 1417.7685124136353 1.0485294117647059 0.32788101376660023 0.33577177472868552 2.9750000000000005 1.8944444444444446 1.5655154342225286 0.8067873303167421 -1.3944444444444442 0.43039133861918671 1.6515151515151518 5.2390944889447963 3.3512589928057559 -0.58245614035087701 5.772996334337213 1.0954545454545457 1.0333333333333337 0.9545454545454547 1527.2993517531463 0.33825344952795938
decision_type=2 2 2 2 2 2 2 2 2 2 2 2 2 2 2 2 2 2 2 2 2 2 2 2 2 2
left_child=1 6 5 4 25 12 7 20 10 -10 -5 17 13 -2 15 -8 -16 18 -3 -19 -1 -6 23 -7 -24 -4
right_child=2 11 3 8 21 22 14 -9 9 -11 -12 -13 -14 -15 16 -17 -18 19 -20 -21 -22 -23 24 -25 -26 -27
leaf_value=0.003045362419902969 -0.0025277189335813745 -0.036894127624214589 -0.040734869352610462 -0.023057861550889402 -0.018709391909750166 -0.022670275765344347 0.018032327574611495 0.025439792157972992 0.021758309620864103 -0.001405453896496405 0.013280764306425372 0.024668635213233377 -0.020820354261721425 0.043069071152274478 0.0021496149246921989 -0.0206431710422319 0.0095807060720951628 -0.019975721718456116 0.01236689511283195 0.0014569797979323779 -0.019794125173704939 -9.7324590952990703e-05 -0.010177656612880278 0.010881340425415003 -0.023451686675735686 -0.0095915362936898063
leaf_weight=18.151844337582588 18.623585239052776 24.543225064873699 12.917673751711847 26.764386266469955 26.899468347430229 14.263583019375799 11.886750370264052 11.506044477224348 82.702991783618927 74.052258148789406 21.128868967294693 6.2754077911376944 7.8300547003746024 12.325153812766073 1542.4647801965475 39.307236343622208 280.2582970559597 28.245974436402321 5.814305752515792 52.432776406407356 66.212361440062523 149.03843720257282 138.91202899813652 27.737792044878006 59.26403982937336 11.098328709602354
leaf_count=51 59 98 47 85 89 59 32 32 234 226 62 21 33 35 4553 127 784 136 21 186 194 445 434 89 226 37
internal_value=0.000255642 0.00160275 -0.00381368 0 -0.0067525 -0.00927489 0.00229573 -0.00914725 0.00655717 0.0107783 -0.00663569 -0.00966699 0.00760629 0.0163843 0.00290361 -0.0108528 0.00331515 -0.0122308 -0.0265054 -0.00604602 -0.0146338 -0.00326176 -0.012144 -0.000457096 -0.0144668 -0.0291475
internal_weight=2770.66 2087.1 683.559 404.602 199.954 278.956 1969.79 95.8703 204.649 156.755 47.8933 117.312 38.7788 30.9487 1873.92 51.194 1822.72 111.036 30.3575 80.6788 84.3642 175.938 240.177 42.0014 198.176 24.016
internal_count=8395 6235 2160 1225 618 935 5773 277 607 460 147 462 127 94 5496 159 5337 441 119 322 245 534 808 148 660 84
is_linear=0
shrinkage=0.05


Tree=59
num_leaves=28
num_cat=0
split_feature=32 32 2 32 53 5 19 30 13 60 61 39 52 59 12 0 53 62 39 4 15 51 2 43 38 13 64
split_gain=50.0999 18.5711 8.29015 8.24487 6.56127 6.45438 6.44588 6.50613 5.07278 5.04215 5.01762 4.13998 3.78216 3.61177 4.85165 6.32135 4.60803 2.77749 2.71707 2.67501 2.64979 2.70231 2.57571 2.41477 2.25964 2.03392 1.40002
threshold=14.673335131148066 -87.374364926470761 1.134848484848485 92.75109619337492 0.80909090909090919 -0.14194139194139183 0.48333333333333339 1421.2955323820768 0.17424242424242423 19.500000000000004 15.500000000000002 0.48094466493915439 0.80909090909090919 0.44722222222222224 0.13809523809523808 0.91287878787878796 1.3541666666666667 -1.0000000180025095e-35 0.43663046984195247 1.7303030303030307 0.29285714285714287 0.84523809523809534 2.8928571428571432 5.9519429434377562 0.90000000000000013 0.19090909090909094 -0.21991782006920402
decision_type=2 2 2 2 2 2 2 2 2 2 2 2 2 2 2 2 2 2 2 2 2 2 2 2 2 2 2
left_child=1 4 6 13 18 19 8 -8 -3 22 -7 12 17 20 16 -16 -15 -5 -1 -6 -2 -22 -4 -14 -20 -11 -13
right_child=3 2 9 11 5 10 7 -9 -10 25 -12 26 23 14 15 -17 -18 -19 24 -21 21 -23 -24 -25 -26 -27 -28
leaf_value=0.008801439844812747 0.0042788814596783622 -0.0033530760716381073 0.024712718013968727 -0.014378988111831793 -0.018421496846319881 -0.0095565964750153973 0.017806147728440188 -0.0037347540936788098 0.0078830586979336589 -0.023911511575333166 0.016919762147789681 -0.0041700954265877837 -0.030456268899987423 -0.0034566172440188706 -0.020189336684070528 -0.005045314023948963 0.015787904766938515 0.021946520896395903 -0.038973895552603409 0.0094004238744382369 0.00068187189162250209 -0.028474158725048854 0 -0.016927830790637678 -0.0015554832906050902 0.0064118929839529397 0.025906917477423175
leaf_weight=9.3166564106941241 8.0241561532020551 134.16959409415722 66.091454640030861 8.6555307209491747 18.784980565309528 16.230284512042999 34.651729702949524 686.78326407074928 359.56081731617451 7.9060557484626797 423.06571832299232 5.1196524500846863 57.502746447920799 94.776829719543457 85.880206167697906 373.04103574156761 43.160457372665405 8.0395074337720853 7.5193903595209148 11.845634192228315 7.6664576530456534 39.75184853374958 12.379481226205824 157.81730237603188 9.9225409179925901 9.1320542246103269 5.007315516471861
leaf_count=24 29 387 171 32 49 39 96 2022 1024 23 1064 23 281 338 327 1247 148 32 19 30 27 158 31 702 29 25 18
internal_value=-0.000114958 0.00466471 0.00151602 -0.00978976 0.0128841 0.014282 0.000368732 -0.00261918 0.00477804 0.0155496 0.015846 -0.0177095 -0.0191247 -0.00676652 -0.00553215 -0.00800884 0.00252591 0.00225282 -0.0100822 -0.0069792 -0.0189645 -0.0234176 0.0208985 -0.0209028 -0.0213226 -0.00737947 0.01046
internal_weight=2701.8 1807.36 1310.67 894.443 496.685 469.927 1215.17 721.435 493.73 95.509 439.296 242.142 232.015 652.301 596.859 458.921 137.937 16.695 26.7586 30.6306 55.4425 47.4183 78.4709 215.32 17.4419 17.0381 10.127
internal_count=8395 5033 3779 3362 1254 1182 3529 2118 1411 250 1103 1088 1047 2274 2060 1574 486 64 72 79 214 185 202 983 48 48 41
is_linear=0
shrinkage=0.05


Tree=60
num_leaves=29
num_cat=0
split_feature=33 65 32 18 63 37 62 40 65 32 5 30 64 37 54 38 37 5 17 63 44 5 10 64 52 40 32 30
split_gain=45.4595 21.0616 6.35317 5.32639 5.44747 6.21849 5.11456 5.31157 5.65793 4.93362 4.83609 4.12594 3.92238 3.86115 3.66789 3.46217 3.25496 3.3599 3.35776 3.14245 5.97976 3.39795 2.91064 2.51316 2.39079 1.32023 0.834096 0.563693
threshold=0.45855056169226777 0.55198412698412691 -110.64478217878683 0.51666666666666672 -0.44444444444444431 3.3666666666666667 1.0544117647058826 0.27719239869860984 1.5655154342225286 111.69442916469396 -1.2619047619047616 1510.300278065158 -0.58416666666666639 3.7750000000000004 1.9750000000000003 1.7083333333333337 2.1000000000000005 0.93333333333333346 -0.19999999999999993 -0.22008547008546994 1.0250000000000001 -0.12916666666666662 0.20714285714285713 -0.67193786982248493 1.1909090909090911 0.24875206604706016 -72.084642415836797 1499.4299938661582
decision_type=2 2 2 2 2 2 2 2 2 2 2 2 2 2 2 2 2 2 2 2 2 2 2 2 2 2 2 2
left_child=2 3 12 10 5 -5 7 8 -3 -6 -2 23 24 -9 26 -12 18 -18 -14 20 -16 -21 -13 -8 27 -26 -4 -1
right_child=1 6 14 4 9 -7 11 13 -10 -11 15 22 16 -15 19 -17 17 -19 -20 21 -22 -23 -24 -25 25 -27 -28 -29
leaf_value=-0.034522035517481169 0.030042400927164477 0.014812535279923211 -0.0030821370920503782 0.029544231700054782 0.0015545564056214435 -0.011947990551373605 -0.020056813988163457 0.002780242773272738 0 0.029945608606348713 -0.00084139150524454676 0 -0.0096883975505789623 -0.023752486979673398 -0.016403500789638474 -0.0095449177511414754 -0.019657213705479709 0.012476982835049277 0.015607721007392978 -0.01867406351657697 0.015667100655516256 -0.0057394098945049233 0.024963553786208653 0.013832370446642664 0.0047415452927655304 -0.019688479151528309 -0.030679469390839337 -0.009189869386613406
leaf_weight=46.504048630595207 9.5289520323276502 293.28702419996262 6.1839590221643475 38.117445394396782 366.22883786261082 9.4743698835372907 8.4191383123397845 71.560823261737823 81.13986200094223 14.174696028232573 638.30176782608032 11.572344362735747 42.153429508209229 14.656093299388884 19.779233559966087 139.7047356069088 97.645945817232132 6.5495503693819037 16.361992627382278 58.190059274435043 40.086343869566917 483.21126306056976 124.64876273274422 9.1642794609069806 8.1479637324810046 8.2456784695386869 18.423988848924637 7.1271837800741187
leaf_count=186 31 883 21 124 1102 26 22 206 234 46 1907 33 154 37 61 397 339 26 59 177 134 1597 415 28 34 33 56 27
internal_value=-0.000143548 0.0043 -0.00963123 0.000459939 0.0049534 0.0206313 0.0118299 0.00902448 0.0115991 0.00282893 -0.00195678 0.019848 -0.0167432 -0.00188293 -0.00690189 -0.00245678 -0.0119499 -0.017205 -0.00191996 -0.00602006 0.00447931 -0.00723925 0.0227675 -0.00150874 -0.0268927 -0.00699181 -0.0254368 -0.0320564
internal_weight=2688.59 1829.98 858.611 1215.53 427.995 47.5918 614.448 460.644 374.427 380.404 787.535 153.805 232.736 86.2169 625.875 778.007 162.711 104.195 58.5154 601.267 59.8656 541.401 136.221 17.5834 70.0249 16.3936 24.6079 53.6312
internal_count=8395 5491 2904 3633 1298 150 1858 1360 1117 1148 2335 498 858 243 2046 2304 578 365 213 1969 195 1774 448 50 280 67 77 213
is_linear=0
shrinkage=0.05


Tree=61
num_leaves=27
num_cat=0
split_feature=32 31 63 42 21 42 31 19 3 15 37 53 6 37 20 64 57 53 42 42 25 23 38 43 50 50
split_gain=5.59428 6.45205 8.90721 5.5258 5.29899 5.18768 4.84818 4.55277 4.35179 4.17429 5.69377 6.34099 4.83468 6.16378 5.45734 4.35928 4.05103 2.5033 2.50454 2.17715 4.05223 2.04131 1.70284 1.67899 3.22514 0.379251
threshold=145.43541243988946 1461.2143016130563 -0.58245614035087701 2.5529466894536639 0.17424242424242423 2.6265715024641163 1428.0723602926978 0.51666666666666672 1.7928571428571431 0.20714285714285713 2.6333333333333337 1.6515151515151518 1.2182539682539686 4.5833333333333348 0.013997113997113951 0.10500000000000005 0.51315789473684215 0.73863636363636376 3.1294470719363781 2.7806527693244072 1.8333333333333337 0.13095238095238096 1.2250000000000003 6.3604381731226871 0.68333333333333346 0.90454545454545465
decision_type=2 2 2 2 2 2 2 2 2 2 2 2 2 2 2 2 2 2 2 2 2 2 2 2 2 2
left_child=1 2 5 4 -4 16 -5 19 -7 10 11 -3 14 -14 -11 -12 -1 23 21 20 22 -19 -2 24 -9 -20
right_child=7 9 3 6 -6 8 -8 17 -10 12 15 -13 13 -15 -16 -17 -18 18 25 -21 -22 -23 -24 -25 -26 -27
leaf_value=0.01712976266172625 0 0.0022897095210635053 0.015246586591143996 0.0014556213277438551 -0.020741001043806002 -0.021795766531738828 0.015367793615396986 0.044474111722959397 0.015477531812408261 0.0075832848098161838 -0.014663369852824759 -0.012398284117758417 0 -0.015285405260416135 -0.0042322023172894491 0.016248698511477023 -0.017246512526273877 -0.031333744286047953 0 -0.030639473297241305 0.013646767746595493 -0.0039236883711757983 -0.034836628340220867 -0.0034201632364892357 0 0.018399602189509211
leaf_weight=26.452650129795074 5.931062415242196 324.13688205182552 13.727403834462164 90.319254726171494 25.64920400083065 51.09913569688797 242.60327358543873 5.9697384387254733 6.9090956449508658 410.61680583655834 142.20192278921604 92.486789464950562 1014.642848521471 68.564455062150955 123.67965106666088 10.000048711895941 9.8362887352704984 10.466201186180113 5.7979219704866392 27.523386180400848 10.063726976513863 22.294441267848015 9.4554069042205793 6.9043893218040457 6.3669276386499405 5.0476213693618774
leaf_count=79 23 933 36 261 82 187 677 19 18 1166 428 285 3114 218 371 28 32 43 25 133 36 87 42 28 27 17
internal_value=0.000269739 0.000751452 0.00607883 0.00957713 -0.00746033 -0.0073854 0.0116994 -0.0103774 -0.0165718 -0.000378585 -0.00406292 -0.000954832 0.00090506 -0.000996437 0.00479602 -0.0122858 0.00674483 -0.000743541 -0.00767514 -0.0209092 -0.0080099 -0.0146987 -0.023553 0.0130322 0.0231764 0.0105797
internal_weight=2768.75 2652.93 466.596 372.299 39.3766 94.2972 332.923 115.821 58.0082 2186.33 568.826 416.624 1617.5 1083.21 534.296 152.202 36.2889 62.8472 43.6062 52.9736 25.4502 32.7606 15.3865 19.2411 12.3367 10.8455
internal_count=8395 7915 1372 1056 118 316 938 480 205 6543 1674 1218 4869 3332 1537 456 111 246 172 234 101 130 65 74 46 42
is_linear=0
shrinkage=0.05


Tree=62
num_leaves=27
num_cat=0
split_feature=32 32 2 2 53 14 18 48 47 65 15 61 62 20 39 54 40 25 45 3 45 1 52 39 38 47
split_gain=45.6927 16.8327 7.84993 7.63708 6.13625 5.59063 5.32731 4.88134 5.31875 4.86774 4.53604 5.59952 4.92767 4.39689 4.30281 4.22034 4.78572 4.32738 3.92764 3.9035 3.89286 2.70676 2.60674 2.58076 2.14208 2.01111
threshold=14.673335131148066 -87.374364926470761 -0.21748251748251737 1.134848484848485 0.80909090909090919 0.25547785547785551 0.51666666666666672 0.9545454545454547 1.820855614973262 -1.7076479076479074 0.34523809523809529 15.500000000000002 -0.099999999999999825 0.09128787878787871 0.48547206979034757 3.2899159663865549 0.26126470244117306 0.50000000000000011 1.9045454545454545 1.2583333333333335 1.0250000000000001 1.861904761904762 0.89444444444444449 0.43663046984195247 0.90000000000000013 1.5477272727272731
decision_type=2 2 2 2 2 2 2 2 2 2 2 2 2 2 2 2 2 2 2 2 2 2 2 2 2 2
left_child=1 4 7 5 23 9 22 8 -2 -3 11 -6 -12 14 -9 16 20 -18 -7 -17 -4 -15 -5 -1 -25 -21
right_child=2 3 15 6 10 18 -8 13 -10 -11 12 -13 -14 21 -16 19 17 -19 -20 25 -22 -23 -24 24 -26 -27
leaf_value=0.0083693412755318723 0.033891008171829065 0.022274301246773133 -0.011490321319401201 0.02867461914858176 -0.011668722342000748 -0.015090182670070963 -0.012095400047355452 -0.0154219228184972 -0.014199483272123127 0.00089188609080121598 -0.00057971430034862883 0.017469051312073016 0.029938752548053605 -0.0078831963133712928 0.002366361307319609 0.01018562276315646 -0.027243297617088408 -0.0024879393512029367 0.005902194433411472 -0.032780902543038386 0.0093993323150430123 0.032071651735230959 0.0091496929917595626 -0.038280132785769722 -0.0016432902251025646 -0.0061826854981601974
leaf_weight=9.3387584686279315 9.8100682348012942 25.465868875384331 24.393708691000938 41.36537016928196 14.917011350393294 88.567228063941002 13.195169493556021 523.43568816781044 8.7095878273248655 1074.9031388759613 86.804405182600021 355.11053076386452 13.302243679761885 5.6226351857185346 33.244200706481934 8.7579195052385312 21.48931360244751 85.208360686898232 26.364116564393044 21.978336438536644 123.15351037681103 6.6142185926437378 40.990445896983147 7.43789875507355 9.9275446087121946 15.485217854380606
leaf_count=24 33 69 80 106 36 266 37 2148 32 3121 221 891 34 21 128 30 73 283 73 75 384 23 107 19 29 52
internal_value=-0.000124611 0.00442765 -0.00940983 0.00142898 0.0122518 0.000326947 0.0148952 -0.0127757 0.0108766 0.00144893 0.0136034 0.0161708 0.00373775 -0.0136248 -0.0143102 -0.00270565 -3.43743e-05 -0.00811329 -0.0100423 -0.01627 0.00567103 0.0134286 0.0197003 -0.00996323 -0.0209592 -0.0232908
internal_weight=2695.59 1807.69 887.903 1310.85 496.838 1215.3 95.551 587.436 18.5197 1100.37 470.134 370.028 100.107 568.917 556.68 300.466 254.245 106.698 114.931 46.2215 147.547 12.2369 82.3558 26.7042 17.3654 37.4636
internal_count=8395 5033 3362 3779 1254 3529 250 2385 65 3190 1182 927 255 2320 2276 977 820 356 339 157 464 44 213 72 48 127
is_linear=0
shrinkage=0.05


Tree=63
num_leaves=30
num_cat=0
split_feature=33 17 32 8 64 31 16 41 43 58 47 25 63 41 14 62 8 8 32 6 41 38 63 41 49 17 48 20 45
split_gain=41.6543 16.2576 7.75309 6.48879 6.32509 6.19637 4.70469 4.6762 4.26926 4.4518 4.87892 3.92701 4.554 4.899 3.74044 4.35533 3.7263 3.52532 3.47917 3.19593 3.13099 3.0488 3.26872 2.50444 2.40172 2.06347 1.47568 1.3954 0.523726
threshold=0.45855056169226777 0.066666666666666666 44.710662177630986 -0.86282051282051253 -0.88975694444444431 1489.9477390466445 0.53589743589743599 0.26613434485103488 6.8839746192279376 0.54772727272727284 1.1937500000000003 1.8333333333333337 -0.41666666666666657 0.32664323622118613 0.31196581196581202 0.59184491978609632 0.87083333333333357 0.57142857142857162 206.98124359201407 1.3693181818181819 0.3014207334415972 1.6333333333333335 1.6291666666666671 0.30774686306601207 1.4772727272727275 -0.098951048951048878 1.4772727272727275 0.033150183150183157 2.1937500000000005
decision_type=2 2 2 2 2 2 2 2 2 2 2 2 2 2 2 2 2 2 2 2 2 2 2 2 2 2 2 2 2
left_child=3 11 5 21 18 17 -6 -7 9 16 -11 14 20 -14 15 -2 -5 -3 -4 -16 -13 22 25 -23 27 -1 -26 -10 -25
right_child=1 2 4 8 6 7 -8 -9 24 10 -12 12 13 -15 19 -17 -18 -19 -20 -21 -22 23 -24 28 26 -27 -28 -29 -30
leaf_value=-0.020562996331496851 -0.0013993116252936034 0.0010531864918777592 0.034354476746232619 -0.010330077053342575 0.011101016011395159 -0.0082884299525293886 -0.016867506108478949 0.012806168224458007 -0.012343258841445985 -0.0082002335034121882 0.01483557835240387 0.029239580613917904 -0.015187868208830597 0.0060811589473643013 0.023418997603311217 0.013517183846372649 0.017032440954646594 -0.013415390898060939 0.0069698776175877043 -1.71313384833683e-05 -0.0010664881783711143 0.021751902535876722 0.011255857959865364 0 0.0032460242809794837 0.0021010499755918489 0.029650164438490313 0.01033649420656719 -0.019696320567266189
leaf_weight=193.69951356947422 583.23376323282719 140.48358701169491 46.555660262703896 477.84851406514645 485.8933123499155 28.360984280705452 13.102830827236174 161.67272764444351 15.57199600338936 46.71199457347393 40.779223188757896 10.434744521975515 125.21257746219635 31.307833209633827 30.694974407553673 51.365612685680389 10.357179895043371 56.455830499529839 20.134248733520508 22.425557181239128 22.135909557342529 7.5040006935596493 6.7286731600761405 6.0204299539327604 13.682222113013269 8.1222322136163694 11.483051285147665 8.2619328498840314 5.9884441196918488
leaf_count=716 1753 418 169 1574 1446 79 34 491 47 154 139 34 362 97 98 156 34 156 67 66 65 29 27 22 46 28 40 27 21
internal_value=-0.000151861 0.00409233 0.00860933 -0.00927466 0.0123462 0.00304707 0.0102523 0.00947425 -0.0065364 -0.00776565 0.00234889 -0.000795391 -0.00715204 -0.0107528 0.000931818 -0.000113999 -0.00963147 -0.00306197 0.0268944 0.0134299 0.00904947 -0.0165444 -0.0183075 0.00108711 0.00715416 -0.0195166 0.0175106 -0.00332212 -0.0113031
internal_weight=2682.23 1829.47 952.659 852.759 565.686 386.973 498.996 190.034 624.696 575.697 87.4912 876.811 189.091 156.52 687.72 634.599 488.206 196.939 66.6899 53.1205 32.5707 228.063 208.55 19.5129 48.9992 201.822 25.1653 23.8339 12.0089
internal_count=8395 5491 2860 2904 1716 1144 1480 570 2061 1901 293 2631 558 459 2073 1909 1608 574 236 164 99 843 771 72 160 744 86 74 43
is_linear=0
shrinkage=0.05


Tree=64
num_leaves=28
num_cat=0
split_feature=41 62 40 30 63 31 30 31 30 34 48 42 43 65 21 56 40 43 55 42 1 30 4 64 22 14 21
split_gain=5.49714 5.56743 5.01087 4.80479 7.22124 5.40025 7.45383 5.43646 4.7398 5.31098 5.18244 4.59277 3.25022 3.19861 4.57911 4.47346 2.92007 5.63924 4.81039 3.43849 2.90205 3.15217 4.09198 3.61696 2.63615 3.39694 2.79236
threshold=0.3247972544647737 0.95227272727272749 0.23056104523495827 1417.7685124136353 1.0485294117647059 1461.2143016130563 1586.1672187078668 1470.283766474352 1541.4684669452602 0.63333333333333341 1.6833333333333336 3.0221001221001225 5.772996334337213 0.34375000000000011 0.27922077922077926 0.48684210526315791 0.24911346402927453 6.0461887465411452 2.8480769230769236 3.1901670050017796 2.1380952380952385 1599.747718722859 1.4580419580419584 -0.11498520710059169 0.16025641025641021 -0.26428571428571418 0.34523809523809529
decision_type=2 2 2 2 2 2 2 2 2 2 2 2 2 2 2 2 2 2 2 2 2 2 2 2 2 2 2
left_child=1 3 8 4 12 6 -5 -7 9 11 -11 -2 -1 14 -10 -15 17 19 -19 -3 21 23 -23 -4 26 -26 -18
right_child=2 16 20 5 -6 7 -8 -9 13 10 -12 -13 -14 15 -16 -17 24 18 -20 -21 -22 22 -24 -25 25 -27 -28
leaf_value=0.0033728918576335283 0.0095797744551121954 -0.024417280790003972 -0.020487458110254542 0.010321961543168974 0.024986946852062455 -0.0099730635008126716 -0.015929110515642338 0.0022282320281830138 -0.014306590939581238 0.0014565493610900176 0.045152529288001113 -0.0037225308322032173 -0.019104593049992354 0.0031752758896750402 0.02290889133849457 -0.028168279884637111 0.014554412064805233 0.039990643188205333 -0.010437697623565769 0.0073542344577995234 0.013438726485672337 0.022084004985859579 -0.016541449980671721 -0.007058403625563734 0 -0.029669552754885604 -0.019859588345973827
leaf_weight=18.072304010391235 95.212524473667145 18.783458679914478 76.746312230825424 337.25303123891354 11.550821766257284 95.057796537876129 26.910363644361496 1415.7057844847441 16.665013372898105 15.834915116429331 12.033506870269774 191.44391337037086 65.52082671225071 14.204462066292761 12.64897598326206 33.630197420716286 11.903949216008188 11.00676015019417 5.3156938254833213 11.563149213790892 11.696228504180906 15.101993829011919 8.9926462024450284 176.78250738978386 14.728904426097868 34.157459065318108 8.2322328388690931
leaf_count=51 283 76 256 969 32 293 99 4135 55 47 34 590 194 55 35 138 41 37 26 45 36 50 39 542 56 143 38
internal_value=0.000283855 0.00156583 -0.00359909 0.00220509 -0.00858172 0.00277435 0.00823742 0.00143183 3.09146e-05 0.00283011 0.0229214 0.000644964 -0.0139878 -0.0108483 0.00139104 -0.0186053 -0.00895995 0.000227264 0.0228566 -0.0118321 -0.00856559 -0.00967152 0.00654718 -0.0113499 -0.0153553 -0.0214149 0
internal_weight=2766.76 2085.76 680.993 1970.07 95.144 1874.93 364.163 1510.76 391.674 314.525 27.8684 286.656 83.5931 77.1486 29.314 47.8347 115.692 46.6691 16.3225 30.3466 289.32 277.623 24.0946 253.529 69.0225 48.8864 20.1362
internal_count=8395 6235 2160 5773 277 5496 1068 4428 1237 954 81 873 245 283 90 193 462 184 63 121 923 887 89 798 278 199 79
is_linear=0
shrinkage=0.05


Tree=65
num_leaves=30
num_cat=0
split_feature=32 32 32 53 30 39 2 25 50 1 39 30 8 5 65 3 25 18 37 37 4 8 6 63 6 37 2 17 19
split_gain=41.6083 15.0439 7.52696 6.82528 6.20052 6.55509 5.59676 5.51915 5.70943 5.56531 4.4549 4.17862 4.01636 5.17967 3.98238 6.37909 5.56778 4.84051 4.45565 3.7018 3.54458 3.04292 4.82071 2.92383 2.36302 2.22182 2.11947 1.89404 1.78152
threshold=14.673335131148066 -56.92005168666617 92.75109619337492 0.80909090909090919 1503.0810103927172 0.43904797848752181 1.3000000000000005 1.8333333333333337 1.8090909090909093 1.6306818181818186 0.44818290010304646 1540.5592437422149 0.50714285714285723 0.36515151515151517 -0.0089932712215319982 1.535897435897436 0.50000000000000011 0.48333333333333339 4.5833333333333348 1.7083333333333337 0.34848484848484851 0.36363636363636365 1.7928571428571431 -0.15384615384615377 1.2583333333333335 2.4500000000000006 2.8928571428571432 -0.017857142857142797 0.54195804195804198
decision_type=2 2 2 2 2 2 2 2 2 2 2 2 2 2 2 2 2 2 2 2 2 2 2 2 2 2 2 2 2
left_child=1 3 14 10 5 -5 7 9 -9 -3 27 -6 21 28 15 16 -2 18 -16 -19 -8 23 -23 -4 -17 -12 -22 -1 -14
right_child=2 6 12 4 11 -7 20 8 -10 -11 25 -13 13 -15 17 24 -18 19 -20 -21 26 22 -24 -25 -26 -27 -28 -29 -30
leaf_value=-0.0072086980279720608 -0.0093668095529907125 0 -0.018444512934067112 0.020052483584553468 -0.0052246002921931657 0.0087556447027339682 -0.0085886210068956588 0.003690854597087654 0.030986877651492481 -0.009582706216195204 -0.035188437731350865 0.0144781224945862 -0.025802830463367177 0.0096112338047603801 -0.0145522198432259 -0.018141760838232775 0.017168449478571844 0.0029344484369854544 0.01300095333418113 -0.0095073410244007582 0.028301185798196484 -0.010175219369144804 0.03534601600180784 0.0038496836544409971 0.0010584394212738901 -0.0017953196519476231 0 0.014302891374702059 0
leaf_weight=15.841626122593878 25.305791571736336 597.5944327712059 51.478882297873497 218.22759561240673 86.512468859553337 355.24250191450119 8.9159087538719159 186.36794608831406 20.027353465557098 199.51630207896233 12.866122692823412 36.496932506561279 129.65769731998444 10.03661325573921 248.55836354196072 40.126733735203743 64.435904607176781 122.18678291141987 13.1223778873682 110.21406771242619 31.972804188728333 11.526765719056131 7.7873681932687751 17.107612490653992 21.747046411037445 10.360982149839399 7.8246835172176352 19.928247779607773 8.2906378358602506
leaf_count=43 78 1763 221 551 223 918 26 544 55 598 36 95 649 37 903 124 203 453 48 395 81 49 29 63 70 30 19 51 40
internal_value=-0.000131274 0.00420191 -0.00903421 0.00957605 0.0109723 0.0131527 0.000308794 -0.000485052 0.00673143 -0.00239706 -0.00631646 0.000559326 -0.0167146 -0.0218131 -0.00614685 0.000785826 0.00937233 -0.00831922 -0.0129876 -0.00289008 0.0165293 -0.00755865 0.00860024 -0.012578 -0.0111801 -0.0226069 0.0228964 0.00423677 -0.0243828
internal_weight=2689.28 1807.7 881.583 755.476 696.479 573.47 1052.22 1003.51 206.395 797.111 58.997 123.009 235.886 147.985 645.697 151.615 89.7417 494.082 261.681 232.401 48.7134 87.9006 19.3141 68.5865 61.8738 23.2271 39.7975 35.7699 137.948
internal_count=8395 5033 3362 1947 1787 1469 3086 2960 599 2361 160 318 1088 726 2274 475 281 1799 951 848 126 362 78 284 194 66 100 94 689
is_linear=0
shrinkage=0.05


Tree=66
num_leaves=25
num_cat=0
split_feature=33 65 8 43 62 41 5 26 31 41 43 56 47 3 8 13 55 23 38 37 57 62 62 56
split_gain=37.8941 17.2621 6.11466 5.91791 5.60729 5.01798 4.81691 4.468 6.68555 4.92131 4.02744 4.16612 4.5521 3.91103 3.48109 2.98153 3.41061 3.2271 4.11931 2.84068 2.01001 2.91748 1.87588 1.06617
threshold=0.45855056169226777 0.55198412698412691 -0.86282051282051253 3.3497501700808394 1.0544117647058826 0.32560582372483876 -1.2619047619047616 1.0000000180025095e-35 1451.0539788867056 0.33239237404625782 6.8839746192279376 0.45227272727272733 1.1937500000000003 1.6547619047619049 0.87083333333333357 0.06904761904761901 3.8480769230769236 -0.11010101010101009 1.2250000000000003 2.7750000000000004 0.48684210526315791 0.099999999999999964 -1.5690476190476188 0.2678571428571429
decision_type=2 2 2 2 2 2 2 2 2 2 2 2 2 2 2 2 2 2 2 2 2 2 2 2
left_child=2 6 15 23 5 -5 -2 9 -9 -8 11 12 -4 -6 -13 16 19 22 -19 -1 -12 -22 -17 -3
right_child=1 3 10 4 13 -7 7 8 -10 -11 20 14 -14 -15 -16 17 -18 18 -20 -21 21 -23 -24 -25
leaf_value=-0.0022676776905064559 0.031355775835398655 0 -0.0079026324865313982 0.0055600454420258356 0.023312772044013604 0.018081606274092148 -0.0039433663755575523 -0.0074214198338663027 0.0079693787501662512 0.0059098098199330262 0.02526181024581697 -0.0099423622586605146 0.014336299597633453 -0.0005218832530570019 0.01641535357303044 -0.0048747104252688574 -0.023649357093406591 -0.015257195429381337 0.012315785528034726 0.031341643538126435 0.010787742732683965 -0.016444034379980883 -0.026649670767877345 -0.02439824894475404
leaf_weight=16.490557879209522 10.444942295551298 8.6328085064888018 46.470110580325127 341.5500536262989 126.95894092321396 108.7109786272049 657.26711124181747 88.257258504629135 305.68853780627251 153.40002146363258 9.7877289056777936 474.62168970704079 41.006671354174614 17.412316203117371 10.422649860382078 15.3548516780138 10.14322319626808 64.916941806674004 14.371783226728438 6.965287134051322 26.386367499828339 12.876401811838148 96.818047478795052 10.492092639207838
leaf_count=63 34 25 154 996 427 334 1937 256 938 468 35 1574 139 49 34 64 38 230 53 30 87 38 365 27
internal_value=-0.000157072 0.00388183 -0.00889956 0.0107035 0.0116206 0.00870512 0.000403533 6.29053e-05 0.00443811 -0.00203816 -0.00624136 -0.00744326 0.00233038 0.0202995 -0.00925957 -0.0160112 -0.00135181 -0.018414 -0.00977175 0.00840892 0.00703962 0.00088692 -0.0240256 -0.0150279
internal_weight=2675.45 1828.82 846.632 613.757 594.632 450.261 1215.06 1204.61 393.946 810.667 621.572 572.521 87.4768 144.371 485.044 225.061 33.5991 191.462 79.2887 23.4558 49.0505 39.2628 112.173 19.1249
internal_count=8395 5491 2904 1858 1806 1330 3633 3599 1194 2405 2061 1901 293 476 1608 843 131 712 283 93 160 125 429 52
is_linear=0
shrinkage=0.05


Tree=67
num_leaves=21
num_cat=0
split_feature=62 14 1 52 11 17 5 31 32 59 42 40 39 39 45 42 0 42 52 5
split_gain=5.2925 5.49718 6.23025 7.80016 7.32787 7.29335 5.2821 5.4769 5.82728 4.8708 4.66067 5.27018 4.58484 4.32473 4.24224 3.48422 3.29416 2.92733 1.73957 0.93843
threshold=-1.5416666666666663 0.23205128205128203 1.5166666666666668 0.89444444444444449 0.052272727272727207 -0.52948717948717927 -0.62361111111111089 1461.2143016130563 132.53787108325278 0.52786377708978338 2.4732831271292812 0.26489713963646616 0.43979700785983517 0.4420096993476606 1.6961538461538463 3.1655555061706449 1.8257575757575759 3.1901670050017796 0.73863636363636376 1.4522727272727274
decision_type=2 2 2 2 2 2 2 2 2 2 2 2 2 2 2 2 2 2 2 2
left_child=12 6 4 17 14 -6 10 8 -8 -9 11 -2 15 -5 -3 18 -12 -4 -1 -14
right_child=1 2 3 13 5 -7 7 9 -10 -11 16 -13 19 -15 -16 -17 -18 -19 -20 -21
leaf_value=0 0.033924073110058628 -0.018566155403149962 0.04203682045205296 -0.0074947087898143555 -0.0049081217812392969 0.023453161600365008 0.0084002850299216714 0.00070163984704982568 -0.011073665604399589 -0.006618124246251314 -0.0067869968377595249 -0.0083821283175924462 -0.030656818735192545 0.016913414366755655 0.0047195534441475326 0.020791080196260588 -0.034443319525847026 0.0029397539326083367 -0.030578010080938575 -0.0015646162426839923
leaf_weight=7.9928817600011843 12.850771903991701 48.898329764604568 28.761900827288628 29.687936142086983 37.432499244809151 49.243789657950401 338.35947003960609 1485.1061877012253 40.520789310336113 265.74927568435669 275.85881845653057 11.930022448301314 25.869000867009166 38.412485867738724 28.340802520513535 10.839314088225363 9.9498887509107572 7.7241768538951865 6.0421499758958817 5.3929444700479499
leaf_count=24 37 154 73 94 111 135 953 4403 157 819 984 37 94 112 80 32 32 22 22 20
internal_value=0.000297816 0.00062657 0.00739085 0.0168196 0.00109392 0.0110885 -0.00011289 0.000766826 0.00620472 -0.000401394 -0.00619146 0.0135185 -0.0146118 0.00600597 -0.00980313 0.000612638 -0.00806932 0.0349924 -0.0140616 -0.0267856
internal_weight=2764.96 2708.83 268.502 104.586 163.915 86.6763 2440.33 2129.74 378.88 1750.86 310.59 24.7808 56.1363 68.1004 77.2391 24.8743 285.809 36.4861 14.035 31.2619
internal_count=8395 8203 781 301 480 246 7422 6332 1110 5222 1090 74 192 206 234 78 1016 95 46 114
is_linear=0
shrinkage=0.05


Tree=68
num_leaves=26
num_cat=0
split_feature=32 32 32 2 19 49 53 43 50 13 61 4 31 17 50 52 40 30 43 7 62 2 43 43 7
split_gain=37.8174 13.7841 7.10052 6.55245 5.58551 7.1606 5.45055 5.11087 4.86967 4.36906 4.13428 3.57645 4.4859 4.47894 3.71464 2.91106 2.97761 2.66922 2.61276 2.59977 2.58622 2.50978 2.20928 2.08419 0.821467
threshold=14.673335131148066 -87.374364926470761 92.75109619337492 1.1961538461538466 0.48333333333333339 1.6833333333333336 0.80909090909090919 6.16226106286486 0.52272727272727282 0.17424242424242423 15.500000000000002 2.1380952380952385 1482.9673376559476 -0.10357142857142854 0.80909090909090919 0.80909090909090919 0.18956442831215972 1483.3981587612441 6.273819513894054 0.77350427350427364 -1.0000000180025095e-35 2.8928571428571432 6.3673288170409661 5.9519429434377562 1.0333333333333337
decision_type=2 2 2 2 2 2 2 2 2 2 2 2 2 2 2 2 2 2 2 2 2 2 2 2 2
left_child=1 6 11 4 9 -6 22 21 -8 -3 -10 12 14 -14 -2 20 -17 -9 19 -13 -4 -5 -1 -18 -24
right_child=2 3 15 7 5 -7 8 17 10 -11 -12 18 13 -15 -16 16 23 -19 -20 -21 -22 -23 24 -25 -26
leaf_value=0.0041927390987829922 -0.011748824155646251 -0.0031557207416037765 -0.013817459840242985 0.023864013951640797 -0.0067700017590457198 0.0032160464912558626 -0.017450305333562049 -0.027198576001503379 -0.0098170732310728977 0.0072488922457976711 0.014114013293845207 0.0006591009927925111 0.0077476542464782836 -0.011981879430673957 0.0017055085867532704 0.0094735383646577503 -0.027843277277564717 0.008474268937898986 0.0090492574188945091 -0.027890699894296683 0.021171822441485952 0 -0.0037018990067436996 -0.015120092080082007 -0.03252174690181641
leaf_weight=11.990067839622499 60.842250257730484 134.49328325688839 8.5419424027204531 60.905196845531464 417.25347737967968 308.49382065236568 11.002959877252577 8.2487448602914828 16.219974786043167 361.40059082210064 443.01642769575119 7.7837607860565177 29.843414455652237 230.44563941657543 271.3188314139843 7.3154052644968024 56.352266743779182 7.8066545724868766 5.2469375282526007 37.228282675147057 8.1721427738666517 12.382445365190504 7.184460908174513 152.17257790267467 7.4531479626893997
leaf_count=31 230 388 32 159 1249 883 27 22 39 1026 1116 29 96 856 902 31 289 21 20 141 33 31 20 703 21
internal_value=-0.000140961 0.00397936 -0.00866963 0.00126402 0.000276824 -0.0024937 0.0110599 0.0141872 0.0123353 0.00437546 0.0131757 -0.00586726 -0.00468601 -0.00958265 -0.000739688 -0.0161919 -0.0177542 -0.0094513 -0.0186011 -0.0226039 0.00238857 0.0198113 -0.00987772 -0.018909 -0.0220244
internal_weight=2683.11 1807.85 875.263 1310.98 1221.64 725.747 496.867 89.343 470.239 495.894 459.236 642.709 592.45 260.289 332.161 232.554 215.84 16.0554 50.259 45.012 16.7141 73.2876 26.6277 208.525 14.6376
internal_count=8395 5033 3362 3779 3546 2132 1254 233 1182 1414 1155 2274 2084 952 1132 1088 1023 43 190 170 65 190 72 992 41
is_linear=0
shrinkage=0.05


Tree=69
num_leaves=29
num_cat=0
split_feature=32 65 30 30 37 31 16 6 8 19 4 62 6 58 11 21 62 4 23 2 43 43 32 23 57 21 44 62
split_gain=34.5372 14.5321 6.25324 6.11579 5.52848 5.05698 5.0014 4.86776 4.672 5.18296 4.33347 4.04218 6.36349 4.02672 5.01034 4.69075 4.01485 6.41601 3.79566 3.98718 3.71973 3.09079 2.81233 2.62752 2.5474 1.58881 1.47162 0.913978
threshold=31.825354797920003 -0.76467171717171711 1548.3786859984154 1489.5444301778002 2.2250000000000005 1518.8676673824502 0.40833333333333338 1.6547619047619049 0.42020202020202019 0.51666666666666672 2.0333333333333337 1.0544117647058826 2.2583333333333337 0.55277777777777792 -0.10595238095238088 1.0000000180025095e-35 0.25000000000000011 1.1291666666666669 -0.53589743589743588 1.202564102564103 6.8839746192279376 6.8971996373756754 -9.9958797527707457 0.26428571428571429 0.52786377708978338 0.25833333333333336 1.297058823529412 -0.2722222222222222
decision_type=2 2 2 2 2 2 2 2 2 2 2 2 2 2 2 2 2 2 2 2 2 2 2 2 2 2 2 2
left_child=1 18 6 4 10 11 13 27 21 -10 -3 12 -4 15 -15 -2 17 -7 26 20 -20 -5 -6 -18 -13 -21 -1 -8
right_child=2 3 5 8 22 16 7 -9 9 -11 -12 24 -14 14 -16 -17 23 -19 19 25 -22 -23 -24 -25 -26 -27 -28 -29
leaf_value=-0.00035075581604184696 -0.022795670606923127 -0.0028463053851413879 0.01424102838098828 -0.0015179228193368595 -0.0067316657077393458 -0.010922811754055713 -0.0089660234161442771 0.009243173436575958 0.0012332481699494219 0.020558459405370235 0.01327452307965302 0.028046986393253155 -0.0066555594896093835 0.032636044486872302 -0.0098671580193189935 0.0045260535041171338 0.00082087044579700816 0.030673812235408906 -0.011599593895672909 -0.024870038109734028 0.013450777720923549 0.015718737737923438 -0.017896600698722065 -0.01957338822284908 0.0046087594727856574 -0.0049058811867679943 0.026476431576843863 -0.036820896995379278
leaf_weight=10.578536018729212 14.274652034044264 407.42252831161022 244.23356986045837 445.99385645985603 225.83470804989338 12.399896681308745 9.3381687104701978 11.497630283236502 84.4222801476717 61.061718881130219 44.142910867929459 72.65491646528244 39.786651134490967 23.538992166519169 7.3612894713878623 333.17654922604561 55.202983900904655 22.721730142831802 261.8212461322546 88.632251486182213 13.161535099148749 25.518617793917656 82.990549370646477 18.972151860594749 17.943727791309357 16.127229139208794 5.5096751600503913 12.731085419654848
leaf_count=37 37 1278 736 1352 734 33 27 35 251 190 140 257 113 77 21 982 159 73 936 338 47 82 237 50 56 65 20 32
internal_value=-0.000163689 -0.00421459 0.00781837 -0.00175947 -0.0047647 0.0116826 0.00318384 -0.0146009 0.00190723 0.00968262 -0.00116371 0.0144424 0.0112003 0.00489589 0.0217665 0.00320799 0.00190915 0.0155172 -0.0126431 -0.0136853 -0.0102219 -0.000469813 -0.0099083 -0.00444423 0.0238747 -0.0221803 0.00936618 -0.0277977
internal_weight=2669.05 1773.22 895.834 1377.39 760.391 483.916 411.918 33.5669 616.996 145.484 451.565 374.619 284.02 378.351 30.9003 347.451 109.297 35.1216 395.83 379.742 274.983 471.512 308.825 74.1751 90.5986 104.759 16.0882 22.0693
internal_count=8395 5707 2688 4264 2389 1477 1211 94 1875 441 1418 1162 849 1117 98 1019 315 106 1443 1386 983 1434 971 209 313 403 57 59
is_linear=0
shrinkage=0.05


Tree=70
num_leaves=20
num_cat=0
split_feature=37 41 65 39 32 38 39 30 63 50 1 7 1 63 17 3 7 39 5
split_gain=5.08737 5.21066 4.68302 7.7734 5.38741 6.49016 5.32409 4.65518 6.30702 5.22143 5.47613 5.15311 3.9915 3.43297 3.4095 4.3279 2.55422 1.88529 1.21272
threshold=5.1250000000000009 0.3247972544647737 -1.2849624060150375 0.4993606138107417 38.861777514949729 1.7083333333333337 0.44584185156333411 1417.7685124136353 1.0485294117647059 1.6515151515151518 2.5358974358974362 0.5634920634920636 1.7928571428571431 0.52631578947368429 -0.069047619047619038 1.4641025641025645 2.2928571428571431 0.44803048222533265 -0.33589743589743576
decision_type=2 2 2 2 2 2 2 2 2 2 2 2 2 2 2 2 2 2 2
left_child=1 7 3 16 6 -6 -4 8 13 10 -9 -11 14 -1 15 -2 -3 -17 -16
right_child=12 2 4 -5 5 -7 -8 9 -10 11 -12 -13 -14 -15 18 17 -18 -19 -20
leaf_value=-0.0055871956980482126 0.020960819516339914 -0.032344181490305261 -0.0027298555110915577 0.028288988374771604 -0.017186360020242968 0.0030345233531755061 0.008861888085781703 0.0010320654693473051 0.023014242367724532 -0.021504059084828331 0.034610395096395838 0.0098680621621670874 0.0099727484506151095 -0.028144829923358018 -0.0064342798631082014 -0.029378350489435212 -0.0091946891025772443 0 -0.041969920405772299
leaf_weight=51.431377291679382 7.5008680373430279 29.469789281487465 292.16733248531818 6.6688368916511527 100.824208766222 60.731822922825813 146.4371727257967 1636.7171599417925 10.925191089510916 11.391120940446852 10.293862044811247 290.43625661730766 11.385485187172888 27.478704273700714 5.8312309086322811 12.48870922625065 29.018767580389977 6.571447789669036 15.373898476362227
leaf_count=146 22 99 882 19 366 222 430 4941 30 37 29 812 38 86 22 41 98 21 54
internal_value=0.000310855 0.000641754 -0.00318027 -0.0157517 -0.00172614 -0.00948796 0.00110621 0.00190321 -0.00904599 0.00242951 0.00129881 0.00846802 -0.0139329 -0.0142529 -0.0203052 -0.00633529 -0.0219558 -0.0192348 -0.0346721
internal_weight=2763.14 2703.99 665.318 65.1574 600.161 161.556 438.605 2038.67 89.8353 1948.84 1647.01 301.827 59.1516 78.9101 47.7662 26.561 58.4886 19.0602 21.2051
internal_count=8395 8197 2116 216 1900 588 1312 6081 262 5819 4970 849 198 232 160 84 197 62 76
is_linear=0
shrinkage=0.05


Tree=71
num_leaves=29
num_cat=0
split_feature=33 33 33 63 51 43 39 39 37 8 23 39 65 20 46 46 47 49 15 43 42 23 8 42 51 59 42 21
split_gain=34.2466 12.5596 6.7441 6.02508 7.28677 7.4446 6.30678 7.23482 4.52345 6.28249 4.26335 3.81194 3.58638 6.67533 6.1159 5.25666 4.01916 3.56165 3.4536 3.31783 3.73489 3.31351 3.38633 3.23863 3.1319 2.54451 2.37175 0.389141
threshold=0.52117682697767875 0.36716287693034805 0.63039651199428592 0.36885964912280705 1.3166666666666669 6.1706556649511866 0.50539575327044772 0.4722783922507105 1.9000000000000001 -1.2583333333333329 -0.28452380952380946 0.48094466493915439 0.047706582633053211 0.033150183150183157 1.7573529411764708 1.6583333333333334 1.2426470588235297 0.22500000000000003 0.13809523809523808 6.1706556649511866 3.1806975802369144 0.063636363636363616 -0.46904761904761899 3.1923802612481862 0.63068181818181823 0.54772727272727284 3.1381749701421837 0.19090909090909094
decision_type=2 2 2 2 2 2 2 2 2 2 2 2 2 2 2 2 2 2 2 2 2 2 2 2 2 2 2 2
left_child=1 8 12 6 5 -5 7 -3 9 24 -11 19 14 17 15 -2 -15 -14 -6 27 -21 25 -23 -8 -1 -10 -16 -4
right_child=2 3 11 4 18 -7 23 -9 21 10 -12 -13 13 16 26 -17 -18 -19 -20 20 -22 22 -24 -25 -26 -27 -28 -29
leaf_value=-0.00032637579036888162 0.00030656031923406935 0.0002218690401642083 -0.0056506960728299749 0.0077936426331732247 0.031708401268939222 -0.0079434062108320897 0.0075175378463596971 -0.012066573694662007 0.013700796793049445 0.012287612391655212 -0.0117824442668514 0.011440388616862711 0.016495289037593844 -0.012465743308246171 -0.035229551168163419 0.027775056592489047 0.0087319557693844984 -0.012068610566753584 0.0096822127224018093 -0.014418286360302946 0.0122150854678491 -0.012890555473658916 0.014093769378500981 0.045057151969558722 0.030225613729591733 0.028518100050342617 0 -0.026635232326941351
leaf_weight=10.321581125259398 137.70318654179573 763.95278181135654 6.7574370056390753 240.51611831784248 33.633823573589325 105.80475881695747 20.55619099736214 139.25122183561325 247.71807987987995 23.291199773550034 61.178568616509438 9.9321373105049116 8.8635298013687116 28.311887785792351 13.080634191632273 18.288056343793869 79.266244575381279 345.73840083181858 50.512615025043488 125.64778481423855 12.133171707391737 20.706452161073685 21.65300178527832 8.2484959959983808 22.330591052770615 38.544976204633713 8.2016897797584516 75.018605530261993
leaf_count=25 434 2225 26 656 95 289 64 418 619 58 157 41 34 108 46 53 276 1297 144 576 55 53 55 22 55 100 24 390
internal_value=-0.000148306 0.00376195 -0.00830398 0.00135139 0.00623649 0.00289603 -0.000886653 -0.00166755 0.0110354 0.00228972 -0.00472569 -0.0156906 -0.0055734 -0.00788653 0.000338529 0.00399598 0.0027994 -0.011196 0.0193082 -0.017123 -0.0117528 0.014044 0.000353051 0.0213063 0.020385 0.0159667 -0.0234358 -0.0253759
internal_weight=2677.16 1808.22 868.943 1362.48 430.467 346.321 932.009 903.204 445.744 117.122 84.4698 229.489 639.454 462.18 177.274 155.991 107.578 354.602 84.1464 219.557 137.781 328.623 42.3595 28.8047 32.6522 286.263 21.2823 81.776
internal_count=8395 5035 3360 3913 1184 945 2729 2643 1122 295 215 1088 2272 1715 557 487 384 1331 239 1047 631 827 108 86 80 719 70 416
is_linear=0
shrinkage=0.05


Tree=72
num_leaves=28
num_cat=0
split_feature=32 65 8 43 62 20 46 8 26 46 54 56 41 42 13 11 60 54 13 23 37 4 14 62 41 20 22
split_gain=31.2833 14.116 6.06001 5.45537 4.93994 5.74368 4.53856 5.26478 4.01823 3.52533 3.32672 3.24968 5.9059 4.42785 4.08133 3.7474 3.30576 3.22326 2.97652 3.26282 3.15385 2.87983 1.79996 1.69015 1.39323 1.24558 0.582739
threshold=-25.8054204136298 0.55198412698412691 -0.86282051282051253 3.3497501700808394 1.0544117647058826 -0.055050505050504996 0.78174603174603186 -0.66515151515151494 1.0000000180025095e-35 1.552777777777778 1.7928571428571431 0.46862745098039221 0.30104977855208753 2.5105639041809256 0.25833333333333336 0.19999999999999998 19.500000000000004 2.26969696969697 0.06904761904761901 -0.11010101010101009 0.87500000000000011 0.96666666666666667 0.19999999999999998 -1.5690476190476188 0.32933412022109626 -0.5166666666666665 0.42261904761904762
decision_type=2 2 2 2 2 2 2 2 2 2 2 2 2 2 2 2 2 2 2 2 2 2 2 2 2 2 2
left_child=2 6 18 25 5 -5 26 10 -9 -6 -8 12 16 15 -14 -13 -4 -15 21 23 -21 22 -1 -20 -23 -3 -2
right_child=1 3 11 4 9 -7 7 8 -10 -11 -12 13 14 17 -16 -17 -18 -19 19 20 -22 24 -24 -25 -26 -27 -28
leaf_value=0.032734598109074496 0.037620228260718293 0 -0.021945946888524328 0.016186512985688236 0.021980716934519751 0.003895790521502138 0.014303554684231452 -0.00098846020831121575 0.0055738901780366138 0 -0.01282833437050521 -0.003586972685563477 0.02548386112636741 -0.021119744483392891 0 0.018449770008832644 0.0012787113245966355 -0.0073425052431771876 -0.0048474788776145319 -0.022483105800339461 -0.0012092812470065203 -0.022078535017244393 0 -0.025692978878077158 0.0036508514645412736 -0.024714264520072693 0.0086814805823285258
leaf_weight=5.1929532885551444 6.6492031514644605 8.2963894903659821 25.363131701946259 142.9331492036581 122.70857301354408 305.30789490044117 10.121647253632544 705.99963042140007 343.06186194717884 19.698501288890839 105.14300131797791 56.917066469788551 29.542833223938942 49.45982338488102 30.345469087362289 26.019084766507149 30.13732136785984 402.5206404030323 15.393239706754683 26.220716252923012 53.476990684866905 13.16693150997162 10.553739607334135 95.158208116889 5.0145303010940543 10.796802759170532 7.8167787343263626
leaf_count=22 23 24 79 433 418 890 33 2089 1041 56 312 180 107 161 102 93 98 1348 65 89 199 51 41 369 20 28 24
internal_value=-0.000170436 0.00360884 -0.00791911 0.00977328 0.0106617 0.00792502 0.000387903 0 0.00114028 0.0188736 -0.0100293 -0.00538572 0.00202975 -0.0070335 0.0128891 0.0033038 -0.00929411 -0.00899161 -0.015045 -0.0174626 -0.00889348 -0.000575074 0.0134444 -0.0231503 -0.0140849 -0.0149308 0.0264551
internal_weight=2663.02 1788.53 874.483 609.741 590.648 448.241 1178.79 1164.33 1049.06 142.407 115.265 650.305 115.389 534.917 59.8883 82.9362 55.5005 451.98 224.177 190.249 79.6977 33.9282 15.7467 110.551 18.1815 19.0932 14.466
internal_count=8395 5371 3024 1849 1797 1323 3522 3475 3130 474 345 2168 386 1782 209 273 177 1509 856 722 288 134 63 434 71 52 47
is_linear=0
shrinkage=0.05


Tree=73
num_leaves=20
num_cat=0
split_feature=62 14 5 9 5 37 35 5 31 32 14 39 11 56 25 3 49 41 3
split_gain=4.84344 5.0911 5.10982 5.32601 4.76782 5.96946 6.73703 6.28297 4.93136 5.27708 4.54692 4.47603 4.44081 3.64819 3.51097 3.32678 3.19153 2.62842 1.8793
threshold=-1.5416666666666663 0.23205128205128203 0.50555555555555565 0.36038961038961043 -0.62361111111111089 1.4500000000000002 0.70833333333333337 -0.89615384615384597 1461.2143016130563 132.53787108325278 0.075595238095238063 0.43979700785983517 -1.0000000180025095e-35 0.48684210526315791 0.83333333333333337 1.2403846153846156 1.0454545454545456 0.32501830161054174 2.6547619047619051
decision_type=2 2 2 2 2 2 2 2 2 2 2 2 2 2 2 2 2 2 2
left_child=11 4 3 14 5 7 -7 -2 9 -6 -10 15 -4 -14 -3 -1 -5 -17 -13
right_child=1 2 12 16 8 6 -8 -9 10 -11 -12 18 13 -15 -16 17 -18 -19 -20
leaf_value=-0.024405612414990299 -0.0029195401741096971 0.01305109242575693 -0.037159093141735898 0 0.0079876777521113631 -0.0030789991676733394 0.028016004235135145 -0.024606861979538583 0.00092348341482773218 -0.010596765954098633 -0.0053771129633551594 -0.031944884119574031 -0.021926117956427727 0.007035416519346355 -0.0022133640788607775 0.026200762168565553 0.028246015216714628 -0.00817934012326464 0
leaf_weight=6.4674170017242458 73.530604258179665 71.886651203036308 7.1307864040136328 10.452852442860602 339.27455739676952 152.58595708012581 17.608528316020966 65.213098838925362 1391.3025383204222 40.183445915579796 357.70808339118958 24.622839063405994 12.108583420515059 45.229181990027428 71.162100568413734 11.531825140118601 50.884028941392899 6.6989718675613394 6.1008112728595725
leaf_count=22 262 209 23 32 953 549 52 227 4159 157 1063 93 37 130 214 32 136 24 21
internal_value=0.000319422 0.000632705 0.00713699 0.0110204 -7.97537e-05 -0.00587266 0.000280976 -0.0134956 0.000754052 0.00590886 -0.000355509 -0.0140321 -0.00475956 0 0.00535935 0.00100156 0.023242 0.0127722 -0.026204
internal_weight=2761.68 2706.26 268.854 204.386 2437.41 308.938 170.194 138.744 2128.47 379.458 1749.01 55.4219 64.4686 57.3378 143.049 24.6982 61.3369 18.2308 30.7237
internal_count=8395 8203 781 591 7422 1090 601 489 6332 1110 5222 192 190 167 423 78 168 56 114
is_linear=0
shrinkage=0.05


Tree=74
num_leaves=28
num_cat=0
split_feature=32 32 32 3 32 47 32 5 45 47 19 7 48 22 39 45 3 47 58 62 52 62 62 41 30 14 46
split_gain=31.3946 11.405 6.22308 5.24472 5.32268 4.61452 4.33063 4.69038 4.9292 4.15237 3.73896 5.49495 4.64067 3.634 3.62237 3.36893 5.27884 3.9433 4.57349 4.02849 3.30065 2.61951 2.44139 1.99736 1.80332 1.45624 0.575949
threshold=14.673335131148066 -87.374364926470761 92.75109619337492 2.5166666666666671 -20.150453073095033 1.297058823529412 -198.85459937119251 -0.14194139194139183 1.1937500000000003 1.6583333333333334 0.48333333333333339 1.6794871794871797 1.2928571428571431 0.19090909090909094 0.48094466493915439 0.65833333333333344 1.0871212121212122 1.8535714285714286 0.53589743589743599 0.29705882352941165 0.80909090909090919 -1.0000000180025095e-35 -0.92403846153846148 0.30323327359617686 1449.6664005428893 0.19267399267399268 0.89181286549707617
decision_type=2 2 2 2 2 2 2 2 2 2 2 2 2 2 2 2 2 2 2 2 2 2 2 2 2 2 2
left_child=1 6 15 10 5 -5 22 13 -9 -6 12 -12 -3 -8 20 16 26 19 -19 -17 21 -4 24 -18 -1 -22 -2
right_child=2 3 14 4 9 -7 7 8 -10 -11 11 -13 -14 -15 -16 17 23 18 -20 -21 25 -23 -24 -25 -26 -27 -28
leaf_value=0.021996575124746676 0 0.0096220402658732853 -0.01304695114733254 0.04791966434052361 -0.024530191007643812 0.0060798190892415518 0.0098820882738101835 -0.0060316074911499953 0.011508057844141287 0.014786546639980622 -0.0048322000709714891 0.0041330666779909615 -6.7655718904054507e-05 -0.021708711940334698 0.011215774176082452 -0.0003584749415543209 0.0013713930038148877 -0.0082107646581552462 -0.033757227576273717 -0.0093782934205228052 -0.019602664953621566 0.022365849479621346 0.037735404749296257 0.037722631971858663 0.0010690432323464635 -0.0016227048233064451 -0.022670389179623406
leaf_weight=27.915312081575394 5.0069527626037615 201.2409595400095 8.39465479552746 14.866560369729998 9.4048198014497775 14.466298073530195 12.400670200586317 41.903793230652809 355.03572209179401 14.138239681720732 499.84243983030319 254.82350857555866 302.28315861523151 20.693454846739769 9.963883697986601 288.35277612507343 7.6037930548191097 71.252570658922195 24.392309233546257 223.47067612409592 184.2614783346653 7.9807512760162345 18.53295224905014 11.250456437468527 20.05810672044754 15.65273481607437 5.994002491235733
leaf_count=69 19 560 32 38 25 41 32 112 892 40 1490 712 873 53 41 957 25 262 98 846 910 32 47 41 49 73 26
internal_value=-0.000150968 0.00358573 -0.00799158 0.00111471 0.0162588 0.0297883 0.0100294 0.00802863 0.00957282 -0.000631623 0.000433642 -0.00176899 0.00377827 -0.00927041 -0.0151501 -0.0053717 0.0102573 -0.00621198 -0.0155399 -0.00436651 -0.0165709 0.00340724 0.0219897 0.0257987 0.0141398 -0.0183487 -0.014327
internal_weight=2671.18 1807.61 863.577 1311.07 52.8759 29.3329 496.54 430.034 396.94 23.5431 1258.19 754.666 503.524 33.0941 226.254 637.324 29.8552 607.468 95.6449 511.823 216.29 16.3754 66.5064 18.8542 47.9734 199.914 11.001
internal_count=8395 5033 3362 3779 144 79 1254 1089 1004 65 3635 2202 1433 85 1088 2274 111 2163 360 1803 1047 64 165 66 118 983 45
is_linear=0
shrinkage=0.05


Tree=75
num_leaves=24
num_cat=0
split_feature=33 65 64 43 41 53 5 26 31 41 58 26 52 43 40 40 13 20 37 20 20 52 32
split_gain=29.2094 12.7153 5.11947 5.04932 4.93717 5.89581 4.34897 4.06947 6.06292 4.58102 3.94391 3.91358 2.85163 2.79965 2.96947 3.93189 3.91575 2.36133 2.0854 1.30019 1.1758 1.16736 0.835236
threshold=0.45855056169226777 0.55198412698412691 -0.55810374149659847 3.3497501700808394 0.32501830161054174 0.78888888888888908 -1.2619047619047616 1.0000000180025095e-35 1451.0539788867056 0.33239237404625782 0.59411764705882364 -0.49999999999999994 1.1909090909090911 6.8839746192279376 0.24497605815272785 0.23607722436537423 0.17424242424242423 -1.0000000180025095e-35 2.5500000000000003 -0.033150183150183095 -0.5166666666666665 0.9545454545454547 -89.199540755265033
decision_type=2 2 2 2 2 2 2 2 2 2 2 2 2 2 2 2 2 2 2 2 2 2 2
left_child=2 6 10 20 5 -5 -2 9 -9 -8 12 -6 22 14 15 -4 -16 -15 -19 -14 -3 -12 -1
right_child=1 3 13 4 11 -7 7 8 -10 -11 21 -13 19 17 16 -17 -18 18 -20 -21 -22 -23 -24
leaf_value=-0.028864498405843944 0.029674650959111593 0 -0.0065855571072070771 0.016144301157003275 0.0075256146585083762 0.0032419233052821284 -0.0038168004516008647 -0.0071149218395476768 0.0075587835753154337 0.0056873316693991371 -0.0058602606442469491 0.024375055444791384 0.0085749073977295972 -0.014574045683785959 -0.00097915397957733306 0.0074304926064535266 -0.01244410782138268 0.02213172109518334 0 -0.012928294492308473 -0.024140456226175708 0.018505174799095764 -0.012552716640807907
leaf_weight=60.567304357886314 10.525364488363264 8.3026819825172424 171.67127698659897 127.63792723417282 66.362335667014122 306.50974953174591 655.5454363077879 87.840334892272949 306.52206848561764 153.52478761970997 7.3078771978616697 92.685685873031616 8.854348763823511 9.9181933552026731 104.08320978283882 67.141647651791573 316.02025532722473 17.788495630025864 23.887905076146126 15.137346819043158 10.713586688041687 6.8905766010284424 21.621817082166672
leaf_count=258 34 24 579 399 202 906 1937 256 938 468 29 299 37 30 376 235 1051 61 77 63 28 28 80
internal_value=-0.000176882 0.00334945 -0.00794667 0.00921349 0.0100648 0.00714914 0.000361305 3.53781e-05 0.00420788 -0.00197295 -0.0175356 0.0176807 -0.0208537 -0.0062423 -0.00713602 -0.00251218 -0.00968092 0.0045454 0.0101269 -0.00398133 -0.0145831 0.00524588 -0.0252704
internal_weight=2657.06 1826.17 830.89 612.212 593.196 434.148 1213.96 1203.43 394.362 809.07 120.379 159.048 106.181 710.511 658.916 238.813 420.103 51.5946 41.6764 23.9917 19.0163 14.1985 82.1891
internal_count=8395 5491 2904 1858 1806 1305 3633 3599 1194 2405 495 501 438 2409 2241 814 1427 168 138 100 52 57 338
is_linear=0
shrinkage=0.05


Tree=76
num_leaves=22
num_cat=0
split_feature=37 40 64 5 37 53 13 15 13 34 45 53 26 42 37 23 23 32 39 65 64
split_gain=4.75143 4.86106 3.96717 6.51002 5.52043 5.30385 6.1393 4.93524 4.71477 5.3413 4.76281 4.63258 4.90758 4.37203 3.70452 3.06899 2.92 4.04342 1.65276 0.773199 0.548249
threshold=5.1250000000000009 0.28944127560280014 -0.013901024643195948 -0.74772727272727246 3.1000000000000005 2.2928571428571431 0.11805555555555557 0.36931818181818182 0.30384615384615393 0.29166666666666669 1.4522727272727274 0.88194444444444453 -0.33333333333333331 3.2116861902519429 1.4500000000000002 -0.16130952380952371 0.063636363636363616 -13.362294381152081 0.44388182408641852 -1.2426282051282047 -0.22499999999999984
decision_type=2 2 2 2 2 2 2 2 2 2 2 2 2 2 2 2 2 2 2 2 2
left_child=2 16 4 13 8 6 -5 -7 9 -1 -10 12 -6 14 -4 -13 19 -18 -19 -2 -21
right_child=1 -3 3 5 11 7 -8 -9 10 -11 -12 15 -14 -15 -16 -17 17 18 -20 20 -22
leaf_value=0 -0.0075343933877775569 0.021394944443736894 -0.025807503495798734 -0.0060628969231917955 0.018858364427537938 -0.0032968827826343342 0.004463186664157323 0.034670244599155145 -0.0079910113347607913 0.0090744114407627797 0.0058697938734601522 -0.0011431665070057221 -0.010950346049125981 0.014432260009218193 -0.00045073346411151006 -0.013598307177345507 0.022858880728270872 -0.03285587091931718 0 -0.0099197900592193407 -0.038889625724033511
leaf_weight=586.39863292872906 8.0853507518768328 6.4346071034669867 38.917796537280083 157.23387740552425 30.092153176665306 10.693231910467146 996.35318171977997 23.512427121400833 249.05809931457043 222.18049503862858 78.577457025647163 75.595755830407143 21.441301733255386 11.368929445743559 25.5108652561903 174.53819397091866 7.1580097079277065 6.8985652923583967 6.7912740409374237 6.5386586934328106 16.764316663146019
leaf_count=1802 27 18 129 474 97 32 2874 62 806 690 235 230 70 34 80 582 19 31 24 22 57
internal_value=0.00032565 -0.013494 0.000644795 0.00269254 -0.00113861 0.00362088 0.00299884 0.0225841 0.000440468 0.00251004 -0.00457546 -0.00713218 0.00604323 -0.0112528 -0.0164596 -0.00997218 -0.0188832 -0.00257033 -0.0186789 -0.0281663 -0.0331755
internal_weight=2760.14 58.6708 2701.47 1263.59 1437.88 1187.79 1153.59 34.2057 1136.21 808.579 327.636 301.667 51.5335 75.7976 64.4287 250.134 52.2362 20.8478 13.6898 31.3883 23.303
internal_count=8395 198 8197 3685 4512 3442 3348 94 3533 2492 1041 979 167 243 209 812 180 74 55 106 79
is_linear=0
shrinkage=0.05


Tree=77
num_leaves=28
num_cat=0
split_feature=32 65 19 30 38 2 41 50 26 48 47 30 65 52 30 31 20 21 30 32 34 63 54 45 31 21 1
split_gain=28.5961 10.8708 8.38814 9.26281 6.50046 5.93392 4.68232 5.23451 4.47676 4.42021 4.87538 4.35302 4.20069 7.71761 4.75673 4.04006 4.00451 3.7769 6.6222 3.82784 3.3791 3.23948 3.20842 3.55542 3.25054 2.69913 2.48725
threshold=14.673335131148066 -1.4792717086834732 0.48333333333333339 1421.2955323820768 1.5500000000000003 -0.21748251748251737 0.28003436426116846 0.6515151515151516 -0.49999999999999994 0.9545454545454547 1.820855614973262 1398.7023058973793 -0.30145154553049275 0.86607142857142871 1500.0025457063186 1535.7681035074422 0.09128787878787871 0.27922077922077926 1492.7253703163685 35.510013420690036 0.29166666666666669 0.15000000000000008 3.2899159663865549 1.4472222222222224 1494.6236047159859 0.19090909090909094 1.861904761904762
decision_type=2 2 2 2 2 2 2 2 2 2 2 2 2 2 2 2 2 2 2 2 2 2 2 2 2 2 2
left_child=1 6 12 11 -5 9 15 -8 22 10 -2 -4 14 -14 -3 -1 21 19 -19 -10 -9 -11 24 -24 -7 -17 -18
right_child=5 2 3 4 -6 8 7 20 17 16 -12 -13 13 -15 -16 25 26 18 -20 -21 -22 -23 23 -25 -26 -27 -28
leaf_value=-0.022328044852671359 0.033681470814694546 0.013242595083828157 0 -0.0047250138990271749 0.0088797526307076834 0.01855076620938538 -0.0099058390652646943 0.021012397195182709 0 -0.013309420397831074 -0.012651271782909838 0.024519113414516815 -0.0097037180255324217 0.0065662382950897802 -0.00061448745263405083 0.026569288910031227 -0.006492228698800416 0.039326419067258124 -0.002526246506763483 -0.01707839248646088 -0.0063247453046368536 0.0011739222533928677 -0.025491611117870534 0.014250215483078008 -0.0076229708369768964 0 0.032012943393434239
leaf_weight=12.901945456862448 9.8172119557857531 256.76062449812889 27.464562356472015 697.28386647999287 97.472039476037025 52.424647986888885 14.420574799180029 165.48074512183666 50.867221459746361 493.05346443504095 8.4024531841278058 45.484829857945442 97.356829017400742 266.44509986042976 76.737204685807228 11.342370688915251 5.4300597459077817 8.8209847062826139 68.290743201971054 85.231133460998535 9.7823731005191785 38.127778887748718 11.450511917471887 7.1432891190052024 12.431746065616606 28.327749282121658 6.606052964925766
leaf_count=35 33 665 69 2016 277 162 39 421 159 2138 32 124 278 774 211 29 21 27 233 293 25 138 38 22 43 70 23
internal_value=-0.000151518 0.00340719 0.00185489 -0.00140301 -0.00300699 -0.00766616 0.0132356 0.0168611 -0.00182669 -0.0106899 0.0119397 0.0153522 0.00593711 0.00211465 0.00999494 0 -0.0115358 -0.00572735 0.00281853 -0.0107211 0.0192914 -0.0122224 0.00774749 -0.00910863 0.0130819 0.00800603 0.0144105
internal_weight=2665.36 1807.26 1565.01 867.705 794.756 858.097 242.256 189.684 296.66 561.437 18.2197 72.9494 697.3 363.802 333.498 52.5721 543.217 213.21 77.1117 136.098 175.263 531.181 83.4502 18.5938 64.8564 39.6701 12.0361
internal_count=8395 5033 4414 2486 2293 3362 619 485 977 2385 65 193 1928 1052 876 134 2320 712 260 452 446 2276 265 60 205 99 44
is_linear=0
shrinkage=0.05


Tree=78
num_leaves=26
num_cat=0
split_feature=33 65 18 8 65 43 62 20 55 5 31 43 56 47 1 57 38 63 2 5 57 62 17 30 20
split_gain=26.5753 11.4814 5.11101 5.01565 4.83732 4.74096 4.62636 5.2139 3.87303 3.74114 3.57589 3.41711 3.67199 4.18293 3.40922 3.00239 2.8241 3.19028 1.95412 3.28914 1.83531 2.78463 1.83342 1.8269 1.11218
threshold=0.45855056169226777 0.55198412698412691 0.51666666666666672 -0.86282051282051253 -0.25458754208754203 3.3497501700808394 1.0544117647058826 -0.033150183150183095 2.6583333333333337 -1.2619047619047616 1489.1784293500016 6.8839746192279376 0.45227272727272733 1.1937500000000003 1.591666666666667 0.52786377708978338 1.6333333333333335 1.6291666666666671 1.1291666666666671 0.18560606060606064 0.48684210526315791 0.099999999999999964 -0.098951048951048878 1570.9687876416012 -0.5166666666666665
decision_type=2 2 2 2 2 2 2 2 2 2 2 2 2 2 2 2 2 2 2 2 2 2 2 2 2
left_child=3 2 9 16 23 24 7 -7 -6 -2 -11 12 13 -5 -14 -8 17 22 19 -18 -13 -22 -1 -4 -3
right_child=1 5 4 11 8 6 15 -9 -10 10 -12 20 14 -15 -16 -17 18 -19 -20 -21 21 -23 -24 -25 -26
leaf_value=-0.01833677173854209 0.025816183714706287 0 -0.0086194496772243299 -0.0070605731302346673 0.0020644431866654787 0.014385283496545631 0.021593129677293644 0.0029267484022003133 0.012844960783642334 -0.0058533196986312996 0.00087287243437399208 0.024358523899763576 -0.0056193295968222298 0.014303026348609669 -0.015946103566041425 0.0033894784129324717 0.016491916995574101 0.013558240967951355 0.023919256940420838 -0.026810857316749811 0.010694833456168716 -0.01596019405431685 0.003011384072063643 0.013893935463923838 -0.023668884450168914
leaf_weight=181.71633191406727 9.7367964088916761 8.3134153485298157 74.045757114887238 45.759884506464005 180.12026681005955 154.35884638130665 108.07818700373173 296.69200676679611 165.91806039214134 390.22581458091736 386.26569998264313 9.8723884969949705 366.61935433745384 40.998001217842102 108.31309708952904 33.907125100493431 5.7616009861230868 6.4365648925304404 5.7110867649316779 7.4038090854883194 26.386218309402466 12.759824320673941 7.9858588576316825 7.6466511636972418 10.644871771335602
leaf_count=716 31 24 223 154 539 466 372 864 512 1139 1165 35 1261 139 347 104 21 27 25 26 87 38 28 24 28
internal_value=-0.000180935 0.0031753 0.000335141 -0.00762264 0.00473886 0.00874891 0.00957438 0.00694947 0.00734941 -0.00203484 -0.00248162 -0.0052153 -0.00634687 0.00284808 -0.00808387 0.0175271 -0.014234 -0.0160206 0.00288952 -0.00653596 0.00700159 0.00104545 -0.0172856 -0.00593175 -0.0143294
internal_weight=2651.68 1825.95 1213.96 825.724 427.731 611.994 593.036 451.051 346.038 786.228 776.492 610.709 561.69 86.7579 474.932 141.985 215.015 196.139 18.8765 13.1654 49.0184 39.146 189.702 81.6924 18.9583
internal_count=8395 5491 3633 2904 1298 1858 1806 1330 1051 2335 2304 2061 1901 293 1608 476 843 771 72 47 160 125 744 247 52
is_linear=0
shrinkage=0.05


Tree=79
num_leaves=22
num_cat=0
split_feature=37 41 41 55 42 36 59 5 64 19 41 50 55 23 55 16 64 31 0 65 41
split_gain=4.46513 4.53449 4.55572 6.88941 6.70566 6.38791 4.92418 4.48793 4.35763 4.94741 7.67765 4.56811 3.96472 3.80304 4.19611 4.05309 3.64624 4.59957 5.79103 1.54739 0.888816
threshold=5.1250000000000009 0.3247972544647737 0.26108686558404665 2.9750000000000005 2.4595689721643925 0.36666666666666675 0.54772727272727284 0.33333333333333343 -0.079999999999999946 0.51666666666666672 0.33200663218563786 0.9545454545454547 2.2899159663865549 -0.24343434343434336 2.7303030303030309 0.59166666666666679 -0.012499999999999949 1545.7026334506215 1.2583333333333335 -1.4236416585206901 0.28003436426116846
decision_type=2 2 2 2 2 2 2 2 2 2 2 2 2 2 2 2 2 2 2 2 2
left_child=1 2 3 12 5 -4 -6 -5 9 11 -11 -3 -1 15 -15 -10 17 18 -2 -19 -18
right_child=16 8 4 7 6 -7 -8 -9 13 10 -12 -13 -14 14 -16 -17 20 19 -20 -21 -22
leaf_value=-0.0012346324340386334 -0.013505317824788712 -0.031477865564447156 0.028392524576168671 0.0014222400521346707 0.0030442396505275283 -0.0087353038356293763 -0.0052424686003740536 0.035913494309306432 0.023294456680414268 -0.016778877834725005 0.0079910880820576839 -0.0089127309664215199 -0.016402149279250874 -0.0075516618950999901 0.0033787180047186102 -0.0045924384695378989 -0.0054870841038367211 0 0.033730976670669703 -0.034465068854347081 -0.034873502242820181
leaf_weight=86.2870824187994 9.9602094888687152 30.27574572712183 43.614661559462547 35.893633767962456 1555.2304041683674 13.240421563386915 198.81312644481659 11.77629318833351 32.03651924431324 46.830485820770264 84.537466242909431 102.5779745131731 93.302127376198769 157.13482844829559 190.91965700685978 18.077130243182182 6.6151491850614574 6.2246494740247718 11.534080415964125 8.4791118502616865 15.478101536631582
leaf_count=256 43 129 120 107 4619 41 620 31 91 162 278 340 287 486 576 54 21 21 30 30 53
internal_value=0.000329918 0.000638733 0.00181422 -0.00479158 0.00266138 0.0193184 0.00208584 0.0115492 -0.00293516 -0.00789132 -0.000770742 -0.014631 -0.00934616 0.000314238 -0.00149951 0.0129651 -0.013109 -0.00218758 0.0114918 -0.0226627 -0.0282982
internal_weight=2758.84 2700.55 2038.16 227.259 1810.9 56.8551 1754.04 47.6699 662.39 264.222 131.368 132.854 179.589 398.168 348.054 50.1136 58.2913 36.1981 21.4943 14.7038 22.0933
internal_count=8395 8197 6081 681 5400 161 5239 138 2116 909 440 469 543 1207 1062 145 198 124 73 51 74
is_linear=0
shrinkage=0.05


Tree=80
num_leaves=29
num_cat=0
split_feature=32 65 30 5 32 59 38 54 4 5 3 8 52 5 65 24 4 31 12 51 49 43 43 43 20 51 30 43
split_gain=26.1464 9.96409 7.73334 7.49281 5.68113 5.25971 4.21962 4.7104 3.81197 5.68483 5.51795 3.74152 6.30122 4.88278 3.58445 3.52784 3.28801 3.96217 4.43631 4.3082 3.27099 3.19479 2.81616 2.55401 2.35157 1.90292 1.43901 0.456614
threshold=14.673335131148066 -1.4792717086834732 1417.7685124136353 1.4041666666666668 92.75109619337492 0.45227272727272733 0.63333333333333341 2.8973684210526325 0.77350427350427364 0.46969696969696978 1.2583333333333335 0.50714285714285723 1.8819444444444446 0.36515151515151517 -0.30145154553049275 1.1666666666666667 2.1742424242424243 1482.9673376559476 0.16025641025641021 0.89444444444444449 2.9500000000000006 5.7446031891748186 6.1706556649511866 6.273819513894054 -0.070436507936507894 2.2678571428571432 1505.3427458557937 5.7317205299356608
decision_type=2 2 2 2 2 2 2 2 2 2 2 2 2 2 2 2 2 2 2 2 2 2 2 2 2 2 2 2
left_child=1 8 6 5 16 -4 7 -3 9 27 -11 12 22 24 -5 20 17 19 -19 -2 -10 -8 -6 25 -13 -18 -17 -1
right_child=4 2 3 14 11 -7 21 -9 15 10 -12 13 -14 -15 -16 26 23 18 -20 -21 -22 -23 -24 -25 -26 -27 -28 -29
leaf_value=-0.004037183363672767 0.017995962387220954 0.017422810597966455 -0.0062560211395585839 0.036994227317639523 -0.025352300813503412 0.001618996379367739 0 -0.01309600778162618 0.0012923094546113667 0.030624880432048297 0.0031084378774047239 0.0058038745149801363 0.02895342048911664 0.011184405550012468 0 0.034107774668544276 -0.031166520617825901 0.0008419740358048954 -0.012940100296204647 -0.0019036465735770708 0.0228348572951881 0.025544429772304419 -0.0036236263310060095 0.0098131690854999527 -0.023545928050234186 -0.0069151224605398494 0.0095806305606419822 -0.026522096810029469
leaf_weight=7.7130712121725109 27.857166141271591 21.937657684087753 257.41431565582752 18.712919995188717 21.423318266868591 1154.8038521409035 17.043276280164719 24.533353120088577 44.519306868314743 23.583807855844498 74.486549571156502 5.0525267571210852 9.3632937818765622 9.8002454638481122 8.0736725777387601 38.392996579408646 23.13605909049511 82.505267694592476 172.35911847651005 302.07829228043556 30.764992713928223 62.338868826627731 53.430991798639297 5.1715174019336692 122.11517918854952 18.730420857667923 13.050887227058409 9.2984020709991437
leaf_count=22 92 57 756 50 98 3257 43 64 112 62 191 25 35 37 25 97 89 309 643 1048 78 162 229 20 664 73 32 25
internal_value=-0.000152425 0.00324409 0.00175822 0.000691873 -0.0073661 0.00015907 0.0135538 0.000919731 0.0126639 0.00561474 0.0104552 -0.0142939 -0.00540133 -0.0194253 0.0259507 0.0186844 -0.00486403 -0.00375191 -0.00840939 -4.98566e-05 0.0107823 0.0204383 -0.0106656 -0.0174636 -0.0221145 -0.0216967 0.0289446 -0.0191395
internal_weight=2659.69 1806.67 1564.86 1439 853.023 1412.22 125.853 46.471 241.81 115.082 98.0704 221.186 84.2176 136.968 26.7866 126.728 631.838 584.8 254.864 329.935 75.2843 79.3821 74.8543 47.038 127.168 41.8665 51.4439 17.0115
internal_count=8395 5033 4414 4088 3362 4013 326 121 619 300 253 1088 362 726 75 319 2274 2092 952 1140 190 205 327 182 689 162 129 47
is_linear=0
shrinkage=0.05


Tree=81
num_leaves=28
num_cat=0
split_feature=33 65 32 18 5 43 41 3 32 44 54 38 12 5 64 37 5 43 17 3 17 52 42 40 32 18 30
split_gain=24.2572 10.3573 4.81379 4.76472 4.52758 4.42138 4.45237 5.24103 5.19041 3.78363 3.63555 3.54521 3.78048 3.5726 3.49011 3.29112 3.29613 3.21579 4.6869 3.18066 2.89232 2.70374 2.67386 1.29395 0.893754 0.828684 0.777242
threshold=0.45855056169226777 0.55198412698412691 -110.64478217878683 0.51666666666666672 -0.017424242424242297 3.3497501700808394 0.32501830161054174 1.7928571428571431 121.4079459185473 1.9750000000000003 1.9750000000000003 1.7083333333333337 0.19090909090909094 -0.68782051282051282 -0.58416666666666639 2.1000000000000005 0.93333333333333346 5.173316863805991 -0.11547619047619044 1.1742424242424245 -0.19999999999999993 1.1909090909090911 2.6037515943176324 0.24875206604706016 -72.084642415836797 0.2678571428571429 1499.4299938661582
decision_type=2 2 2 2 2 2 2 2 2 2 2 2 2 2 2 2 2 2 2 2 2 2 2 2 2 2 2
left_child=2 3 14 11 9 25 8 -8 -7 -5 24 13 -13 -2 21 20 -17 19 -19 -12 -16 26 -6 -23 -4 -3 -1
right_child=1 5 10 4 22 6 7 -9 -10 -11 17 12 -14 -15 15 16 -18 18 -20 -21 -22 23 -24 -25 -26 -27 -28
leaf_value=-0.032483802344254374 0.013189397325725237 0 -0.0013297661343919086 0.0082945647273415333 -0.0084993836390574815 0.0024893768987418238 0.018559417951258681 -0.018662379714054607 0.014359400757472211 0.043509256643295705 0.012044651918840382 -0.023172351586206251 -0.0039532639400535084 -0.0014043365471382591 -0.0067663885513202368 -0.017257214766699655 0.015117355444012482 0.0021644668976216032 -0.0076831156869139874 -0.015043989080276009 0.017219176450013595 0.0088237536533837049 0.003235507617159464 -0.016768500227242369 -0.029082812372207723 -0.022455021519468342 -0.0057189919827919308
leaf_weight=40.61287721991539 42.959966227412224 8.663990646600725 5.9488199949264553 195.52781677246094 67.360138148069382 296.6991138458252 150.76664680242538 7.8493535220623007 137.08307512104511 6.5359239578247061 9.6925451606512052 34.526941820979118 105.16092942655087 602.90968534350395 39.554859295487404 91.752714946866035 6.2382806390523902 262.2021716684103 217.05592565238476 92.986545130610466 15.971087664365767 7.4769415706396085 158.7458788305521 7.3800795674324036 17.49864949285984 10.222709387540815 6.454445168375968
leaf_count=186 131 25 21 595 198 859 481 20 446 23 35 94 305 1805 154 339 26 919 694 321 59 34 482 33 56 27 27
internal_value=-0.000183033 0.00301786 -0.00732027 0.000319827 0.00456884 0.00831562 0.00911371 0.0163523 0.00634657 0.00997139 -0.00494244 -0.00197008 -0.00914017 -0.000357328 -0.01378 -0.00926008 -0.014685 -0.00406605 -0.00225695 -0.0120668 5.68614e-05 -0.023954 -0.000194751 -0.00288709 -0.0236819 -0.0139958 -0.0297057
internal_weight=2645.84 1825.01 820.826 1213.73 428.17 611.285 592.398 158.616 433.782 202.064 605.385 785.558 139.688 645.87 215.441 153.517 97.991 581.937 479.258 102.679 55.5259 61.9243 226.106 14.857 23.4475 18.8867 47.0673
internal_count=8395 5491 2904 3633 1298 1858 1806 501 1305 618 2046 2335 399 1936 858 578 365 1969 1613 356 213 280 680 67 77 52 213
is_linear=0
shrinkage=0.05


Tree=82
num_leaves=21
num_cat=0
split_feature=62 14 1 11 17 33 5 39 64 5 37 35 5 21 42 20 42 3 30 34
split_gain=4.26996 4.77796 5.55672 6.82373 6.46263 5.28434 4.37435 4.33287 4.27731 4.0824 5.48507 6.19603 6.06494 5.05221 4.75492 4.68374 3.26977 1.84664 1.55907 1.19347
threshold=-1.5416666666666663 0.23205128205128203 1.5166666666666668 0.052272727272727207 -0.52948717948717927 0.61706902718412449 0.25000000000000011 0.43979700785983517 -0.22499999999999984 -0.62361111111111089 1.4500000000000002 0.70833333333333337 -0.89615384615384597 0.51666666666666672 2.5675672820192381 0.047727272727272653 3.1655555061706449 2.6547619047619051 1479.8242399213661 0.63333333333333341
decision_type=2 2 2 2 2 2 2 2 2 2 2 2 2 2 2 2 2 2 2 2
left_child=7 9 3 8 -5 6 -4 16 -3 10 12 -12 -2 15 -15 -11 18 -9 -1 -7
right_child=1 2 5 4 -6 19 -8 17 -10 13 11 -13 -14 14 -16 -17 -18 -19 -20 -21
leaf_value=0.0023339177984320449 -0.0024055948314981885 0.021530099721466276 0.023466265392029159 -0.004546365315786032 0.022118673789596324 -0.025575047274934565 -0.0099591781814917877 -0.031228050417880862 -0.0137739587948023 0.0015599669959561622 -0.0028032059238613238 0.026913030849395871 -0.023807689520673483 -0.0081815695025790579 0.02353044320816098 -0.0041555762648493649 0.020947714228357769 0 -0.026220538950622499 0.00028495737679081265
leaf_weight=6.2475012540817279 72.9358776435256 7.4432284832000724 84.365191891789436 37.185464382171631 49.71612973511219 5.9841178357601148 8.8061933219432813 23.958524897694591 69.537817552685738 1613.8899953961372 151.77464459091425 17.763960868120193 64.30151441693306 13.61715631186962 41.983206823468208 457.89775077998638 10.787970706820486 6.0239192247390738 7.420228123664856 5.9934620261192322
leaf_count=20 262 21 233 111 135 22 26 93 213 4754 549 52 227 44 129 1405 32 21 26 20
internal_value=0.000330188 0.00062276 0.00692106 0.000956673 0.0105818 0.0157923 0.0199014 -0.0132621 -0.00958515 -6.81969e-05 -0.00545025 0.000442152 -0.0128109 0.000700561 0.0153154 0.000281897 0.00151666 -0.0254394 -0.0129409 -0.0126572
internal_weight=2757.63 2703.2 269.032 163.883 86.9016 105.149 93.1714 54.4381 76.981 2434.16 306.776 169.539 137.237 2127.39 55.6004 2071.79 24.4557 29.9824 13.6677 11.9776
internal_count=8395 8203 781 480 246 301 259 192 234 7422 1090 601 489 6332 173 6159 78 114 46 42
is_linear=0
shrinkage=0.05


Tree=83
num_leaves=29
num_cat=0
split_feature=32 32 39 7 31 23 50 50 52 39 63 51 14 43 43 43 63 43 64 23 43 18 31 56 31 49 23 18
split_gain=23.9499 11.2428 5.63757 9.92313 9.22135 7.09168 5.83909 6.63866 4.87908 6.65761 4.66547 6.61571 4.96398 4.53557 5.26762 5.38998 4.20002 4.09878 5.66142 5.5696 4.08292 3.28971 3.16992 3.04654 2.94348 2.74373 2.16623 1.70725
threshold=37.088322252948281 -56.92005168666617 0.44790151880246737 1.7928571428571431 1592.300743120539 -0.25598290598290591 0.61250000000000016 1.2111111111111115 1.3166666666666669 0.48547206979034757 0.15000000000000008 0.6515151515151516 0.2022727272727273 6.9484171454641421 6.4369510090529154 6.2509395627126869 -0.79722222222222217 6.4369510090529154 -0.022499999999999947 -0.069047619047619038 4.2835627800822236 0.48333333333333339 1613.21991353823 0.54772727272727284 1467.0002211170192 1.6306818181818186 0.30238095238095236 0.42261904761904762
decision_type=2 2 2 2 2 2 2 2 2 2 2 2 2 2 2 2 2 2 2 2 2 2 2 2 2 2 2 2
left_child=1 2 6 4 -4 -5 22 -8 13 25 11 20 -13 14 15 -2 -11 18 -12 -19 -3 -18 -1 -16 -15 27 -27 -10
right_child=8 10 3 5 -6 -7 7 -9 9 16 17 12 -14 24 23 -17 21 19 -20 -21 -22 -23 -24 -25 -26 26 -28 -29
leaf_value=-0.029940046742558762 -0.0053991838533102299 0.0051011495520303582 -0.015118726915454623 0.029641710615043851 0.012628186783951901 0.0026758924996422699 0.019672719876585386 0.0070415383390666497 0.0026749950470331221 -0.01542336554890913 0.011382756678605881 -0.00013599653826411548 -0.012880320428513659 -0.004156170820865791 -0.018576272295973886 0.015377899155094465 0.045844892192176953 -0.013944026817670617 -0.00017016342758251554 0.0079627243334673432 -0.028766212080123383 0 0.0029665332754913545 0.0068247829465612406 0.03360224344250879 -0.010422578462340421 0.010681926504535845 -0.019393586044755825
leaf_weight=11.201234281063082 128.10364602506161 9.4377938061952573 105.63874700665474 36.94599860906601 38.834765762090683 72.868163764476776 166.12867385149002 310.31224700808525 6.6265152990818015 6.3683730810880688 205.55839015543461 651.16085515916348 85.228017777204514 6.2592560350894955 81.760910466313362 38.998570084571838 7.7008379995822889 68.955229222774506 208.15617994964123 45.895048722624779 35.278770729899406 6.141800194978714 13.037979215383528 11.118401519954203 10.684129685163496 76.090095490217209 11.59863170981407 198.37343087047338
leaf_count=28 497 32 285 96 100 186 423 795 32 32 552 2022 278 25 306 145 28 199 620 132 117 24 34 46 38 326 55 942
internal_value=-0.000151162 0.00237902 0.00723168 0.00104599 -0.00741903 0.0123398 0.0103069 0.0115619 -0.00902822 -0.0133268 -0.000406029 -0.00287493 -0.00167575 -0.0040209 -0.00577681 -0.00027783 0.0128282 0.00319245 0.00553703 -0.00498952 -0.0211707 0.0277098 -0.0124102 -0.0151923 0.0193676 -0.0152925 -0.00717638 -0.0185405
internal_weight=2654.46 2064.64 754.968 254.288 144.474 109.814 500.68 476.441 589.825 312.9 1309.67 781.105 736.389 276.925 259.982 167.102 20.211 528.565 413.715 114.85 44.7166 13.8426 24.2392 92.8793 16.9434 292.689 87.6887 205
internal_count=8395 5899 1947 667 385 282 1280 1218 2496 1439 3952 2449 2300 1057 994 642 84 1503 1172 331 149 52 62 352 63 1355 381 974
is_linear=0
shrinkage=0.05


Tree=84
num_leaves=27
num_cat=0
split_feature=32 65 64 41 6 40 64 51 32 16 52 32 50 32 21 1 4 17 2 17 31 39 45 55 42 63
split_gain=22.093 10.6648 8.3677 5.23381 6.17192 8.14973 5.19824 4.52001 4.19766 4.02282 5.99148 3.87931 3.62974 6.03061 3.46159 3.13466 3.03251 2.89987 2.71365 3.55861 1.89783 1.75729 1.56202 2.0003 0.843747 0.670777
threshold=31.825354797920003 -0.76467171717171711 -0.88975694444444431 0.33995073891625621 1.3205128205128207 0.166911045943304 0.22500000000000006 1.4722222222222225 190.52720209088355 0.2264957264957265 1.4142857142857144 206.98124359201407 1.2111111111111115 -36.049509228886784 1.0000000180025095e-35 1.591666666666667 0.34848484848484851 0.59761904761904783 1.202564102564103 -0.59523809523809501 1445.4615408953525 0.48678388448998605 1.5941176470588239 2.3245614035087723 3.0935929013515229 -0.96904761904761882
decision_type=2 2 2 2 2 2 2 2 2 2 2 2 2 2 2 2 2 2 2 2 2 2 2 2 2 2
left_child=1 16 11 12 6 -6 -5 9 14 17 -11 22 13 -3 -9 -14 24 -4 19 -18 25 -20 23 -2 -1 -13
right_child=2 3 7 4 5 -7 -8 8 -10 10 -12 20 15 -15 -16 -17 18 -19 21 -21 -22 -23 -24 -25 -26 -27
leaf_value=0.021908948323268358 0.0039055983863606745 -0.0070516979902788355 0.01808407898679339 -0.0077879058465527857 -0.014299037329285209 0.030071595728714536 0.033168230135680953 -0.025596084855456714 0.031758759117031445 -0.0014982043937286425 0.010693836492137683 0.025194163210444865 -0.0017871741868187769 0.0036596035636612977 0 -0.0089761452211049534 0.019934745571210121 -0.001334260661894034 -0.021443862436265341 -0.0099102385730977152 -0.012789533686376304 -0.00041604873388298647 0 0.037683791814193866 0 0
leaf_weight=6.2019924074411374 7.4228155165910712 186.9013656526804 113.55901466310024 54.946241870522499 11.187263235449789 44.067363306879997 6.8907877951860419 11.975763812661169 7.9123495668172827 189.14300252497196 205.34674498438835 5.5422047823667526 356.55433593690395 428.02701036632061 276.7444669008255 278.55919224023819 8.0426461994647962 19.928108900785446 88.176196306943893 257.26497712731361 8.4533231705427152 14.007991373538969 5.5450975596904746 36.860821604728699 5.9665920734405518 5.1526351571083087
leaf_count=21 25 616 352 164 30 144 24 31 28 545 619 22 1143 1294 800 849 35 58 367 947 27 54 18 145 19 18
internal_value=-0.000190246 -0.00346981 0.0061862 -0.0013836 0.00859131 0.0204657 -0.00193618 0.004717 -0.000141862 0.00748425 0.00480709 0.0227702 -0.00235015 0.00035118 -0.00131456 -0.00499776 -0.01087 0.0150237 -0.0117312 -0.0087696 0.00189232 -0.0188645 0.0299282 0.0329755 0.0113574 0.015653
internal_weight=2640.38 1746.79 893.586 1367.13 117.092 55.2546 61.837 824.609 296.633 527.977 394.49 68.9769 1250.04 614.928 288.72 635.114 379.66 133.487 367.492 265.308 19.1482 102.184 49.8287 44.2836 12.1686 10.6948
internal_count=8395 5707 2688 4264 362 174 188 2433 859 1574 1164 255 3902 1910 831 1992 1443 410 1403 982 67 421 188 170 40 40
is_linear=0
shrinkage=0.05


Tree=85
num_leaves=21
num_cat=0
split_feature=37 41 39 32 23 60 20 57 40 41 55 9 41 40 50 55 40 45 46 25
split_gain=4.19388 3.98027 4.53219 5.77889 8.32622 5.16037 4.69343 4.48766 4.32595 4.25099 6.49686 6.70046 4.67964 6.68693 4.11313 3.73179 3.56787 3.45635 0.731076 0.0852502
threshold=5.5833333333333348 0.3247972544647737 0.44584185156333411 -37.612953874396901 0.042811355311355256 12.500000000000002 0.061111111111111054 0.77500000000000013 0.22806017323811231 0.26108686558404665 2.9750000000000005 0.21825396825396823 0.26386790869419274 0.26489713963646616 0.52272727272727282 2.2899159663865549 0.28944127560280014 1.2426470588235297 1.1937500000000003 0.50000000000000011
decision_type=2 2 2 2 2 2 2 2 2 2 2 2 2 2 2 2 2 2 2 2
left_child=1 9 5 6 -5 7 -4 -3 -7 10 15 -12 13 -11 -14 -1 17 -2 -19 -20
right_child=16 2 3 4 -6 8 -8 -9 -10 12 11 -13 14 -15 -16 -17 -18 18 19 -21
leaf_value=-0.0012443514355136766 0.0027798663351613767 -0.020282310520072434 -0.015807162887766533 0.018076758604100556 -0.0048138015495711563 0.013077607609911579 0.019881405341738149 0.0027972620777319394 -0.0045063448009082302 0.027656766346387768 -0.016336611232280657 0.022734281431129991 0.010347816478714069 -0.0022203611832639181 0.0012620657451529748 -0.015990586023789315 0.016164698860630333 -0.0026407410960452883 -0.011943618879576985 -0.035029876697848662
leaf_weight=86.272197619080544 10.724678382277487 85.881903320550919 51.146778360009193 89.705406576395035 66.460316777229309 37.144134625792503 8.8044416308402997 24.732691079378128 297.60023620724678 41.08261002600193 13.2782736569643 34.509116917848587 134.48637509346008 30.089475750923157 1613.9575611054897 92.834809944033623 6.0485977083444586 5.1108559817075756 7.208031594753268 19.043548166751862
leaf_count=256 36 292 163 262 231 115 26 76 956 111 44 94 408 90 4820 287 17 20 25 66
internal_value=0.000338187 0.000611883 -0.00274007 0.00310792 0.00823935 -0.00563498 -0.00968976 -0.0149418 -0.00241486 0.00170913 -0.00467854 0.0111557 0.00252361 0.0149685 0.00198623 -0.00911785 -0.0139707 -0.0194056 -0.0274533 -0.0308701
internal_weight=2756.12 2707.99 661.476 216.117 156.166 445.359 59.9512 110.615 334.744 2046.51 226.894 47.7874 1819.62 71.1721 1748.44 179.107 48.1357 42.0871 31.3624 26.2516
internal_count=8395 8231 2121 682 493 1439 189 368 1071 6110 681 138 5429 201 5228 543 164 147 111 91
is_linear=0
shrinkage=0.05


Tree=86
num_leaves=31
num_cat=0
split_feature=32 32 42 59 1 44 63 14 7 19 1 53 32 12 26 32 55 11 26 26 42 4 37 25 56 32 17 35 65 7
split_gain=21.9107 10.2376 5.22946 4.94112 4.77968 4.76898 4.26897 4.50244 9.23373 4.35457 4.21397 3.77443 3.74585 3.68997 3.38343 3.27021 9.11043 10.2407 4.00635 3.12583 3.79104 2.9629 3.41371 2.18082 2.16512 2.11907 1.98846 1.88963 1.50563 1.10474
threshold=37.088322252948281 -56.92005168666617 2.4890310419507506 0.51315789473684215 1.7071428571428573 1.6961538461538463 0.15000000000000008 0.2022727272727273 2.1291666666666669 0.51666666666666672 1.0333333333333337 2.3166666666666669 -220.95231748370392 0.095454545454545472 -1.1666666666666663 52.631846643314709 2.8480769230769236 -0.21320346320346312 1.166666666666667 1.0000000180025095e-35 3.1773826196918811 0.86190476190476206 4.8750000000000009 0.83333333333333337 0.52786377708978338 -129.71517511577892 0.11196581196581197 1.0000000180025095e-35 -0.27510504201680658 1.4641025641025645
decision_type=2 2 2 2 2 2 2 2 2 2 2 2 2 2 2 2 2 2 2 2 2 2 2 2 2 2 2 2 2 2
left_child=1 2 10 12 5 19 7 9 -9 -3 25 14 -4 -13 -8 16 17 -6 26 20 -2 23 -23 -7 -5 -1 -17 -21 -12 -18
right_child=4 6 3 24 15 21 11 8 -10 -11 28 13 -14 -15 -16 18 29 -19 -20 27 -22 22 -24 -25 -26 -27 -28 -29 -30 -31
leaf_value=0.019275595227776124 0.0021630462503275799 0.0024237399058301828 0.022240173977151452 0.02325968254825353 0.040398873078587777 -0.0036492357144515502 0.016246585450044058 -0.018775207003596819 0.027975175384894635 -0.0054990224960201946 -0.029830005975272911 0 0.0055558002239585033 0.033308090296995108 0.00062299855305580898 -0.0046610404645360355 -0.034072442062020834 -0.016969582504701795 0.012520993615966487 -0.016782809385869523 0.033482950303935076 -0.01528154599699973 0.0085164920496348367 0.028564681329427299 -0.001026740644300015 -0.003299453296333521 -0.022313865400742334 0 -0.0028547963811514157 -0.0024665436706907714
leaf_weight=12.86925859749317 114.3930049687624 360.63272988796234 35.420900642871857 67.100780040025711 15.563751846551897 12.783609837293627 35.931928470730782 82.599761098623276 9.8827645331621152 326.75489389896393 16.063222944736484 14.907600998878477 574.66306373476982 17.685850083827972 460.41799221932888 23.720579609274864 14.167911022901537 11.676178857684134 7.8754383176565161 30.903281196951866 8.8996967226266843 150.69588129222393 14.043588876724241 5.579462230205535 8.1507373750209791 29.298036977648735 132.75966769456863 36.538340598344803 11.033113226294516 5.9103605151176444
leaf_count=34 430 1109 90 176 60 47 102 276 28 1036 49 40 1471 48 1313 85 56 43 32 116 28 696 62 19 19 78 683 117 30 22
internal_value=-0.000152799 0.00226121 0.00689299 0.00823166 -0.00868134 -0.00513314 -0.000396626 -0.00276243 -0.0130284 -0.00131117 -0.00586113 0.00304167 0.00663483 0.0190963 0.00186485 -0.0147241 -0.0023909 0.0154746 -0.0180531 0.000285434 0.00512175 -0.0108547 -0.0130251 0.00675517 0.020347 0.00358517 -0.0198882 -0.00808887 -0.0206567 -0.0269673
internal_weight=2648.92 2063.41 754.599 685.335 585.511 373.837 1308.81 779.87 92.4825 687.388 69.2636 528.943 610.084 32.5935 496.35 211.674 47.3182 27.2399 164.356 190.734 123.293 183.103 164.739 18.3631 75.2515 42.1673 156.48 67.4416 27.0963 20.0783
internal_count=8395 5899 1947 1756 2496 1515 3952 2449 304 2145 191 1503 1561 88 1415 981 181 103 800 691 458 824 758 66 195 112 768 233 79 78
is_linear=0
shrinkage=0.05


Tree=87
num_leaves=26
num_cat=0
split_feature=65 65 30 43 40 35 40 51 12 0 41 37 52 23 31 37 1 51 8 48 42 30 37 35 65
split_gain=19.89 8.08462 5.10761 4.54919 4.65358 4.2167 6.39751 4.12579 4.03678 5.45712 4.18536 4.02179 4.26595 3.65538 3.50738 3.49378 3.44114 3.4312 2.84858 2.79513 3.24462 2.41369 2.31337 1.31327 0.596814
threshold=0.1282216034839723 -0.76467171717171711 1548.3786859984154 7.035708546515818 0.27719239869860984 0.70833333333333337 0.26489713963646616 0.2678571428571429 0.43650793650793651 1.1909090909090911 0.24450483091787437 3.3666666666666667 0.90454545454545465 -0.093772893772893731 1471.233847133617 1.6333333333333335 1.1909090909090911 1.6833333333333336 0.7777777777777779 1.7071428571428573 2.5593526509057036 1430.2597082984678 5.1250000000000009 0.22500000000000003 0.36363636363636359
decision_type=2 2 2 2 2 2 2 2 2 2 2 2 2 2 2 2 2 2 2 2 2 2 2 2 2
left_child=1 7 8 4 5 6 -2 19 10 -10 -3 12 -6 16 -5 -15 -4 -7 -13 20 -1 23 -23 -9 -16
right_child=3 2 13 14 11 17 -8 21 9 -11 -12 18 -14 15 24 -17 -18 -19 -20 -21 -22 22 -24 -25 -26
leaf_value=0.024222925237065956 0.0059411165846569164 -0.020627090628336824 -0.01530967032389048 0.0061443004197117724 -0.012097270720883119 -0.0081110546414534194 0.018566280131293772 0 0.014643356194096985 -0.01771450051334468 -0.0011466347897524298 -0.025941061838296677 0.0062077204840865355 -0.0029042121803226012 -0.007318437443717774 0.023510814572062933 0.01737526551871699 0.017611124839019859 0.0041742154810526051 0.026742564479735678 -0.011647833422187852 -0.011135890761415457 0.011802588301951645 -0.029125163787265585 -0.034951254084668336
leaf_weight=6.1975098550319698 728.94829916954041 26.727370470762253 21.113582849502567 10.54425296187401 40.347235336899757 73.169620290398598 118.60918368399143 6.0847038179635993 13.06905961036682 80.077235847711563 881.75785481929779 23.563776761293411 122.78808717429638 14.44653534889221 7.0365168452262905 44.056124821305275 10.000046938657759 13.323928162455557 8.7260550111532194 8.7250091433525068 23.641271680593491 303.93104972690344 8.7822229415178281 28.559160426259041 10.650042802095411
leaf_count=22 2207 77 60 32 113 209 377 27 43 245 2803 62 368 41 20 141 31 42 27 30 80 1150 36 126 26
internal_value=-0.000188973 -0.00404157 -0.0018061 0.00470366 0.00522421 0.00669523 0.00777689 -0.0102564 -0.00285384 -0.0126993 -0.00179125 -0.00167666 0.00143739 0.00943823 -0.0142633 0.0166944 -0.00363468 -0.0035577 -0.0173048 0.00460304 -0.00235868 -0.0119945 -0.0103413 -0.024856 -0.0270879
internal_weight=2634.88 1477.17 1091.25 1157.71 1129.48 934.051 847.557 385.921 1001.63 93.1463 908.485 195.425 163.135 89.6163 28.2308 58.5027 31.1136 86.4935 32.2898 38.5638 29.8388 347.357 312.713 34.6439 17.6866
internal_count=8395 4912 3441 3483 3405 2835 2584 1471 3168 288 2880 570 481 273 78 182 91 251 89 132 102 1339 1186 153 46
is_linear=0
shrinkage=0.05


Tree=88
num_leaves=21
num_cat=0
split_feature=62 39 32 52 13 39 57 56 65 3 40 39 32 41 50 45 62 3 55 39
split_gain=3.89679 4.18323 3.78528 3.84162 3.98119 3.65042 3.61879 4.60734 4.28609 3.20517 2.99513 2.79495 2.66256 2.33365 2.03553 1.84835 2.25864 1.78524 0.0521449 0.047486
threshold=-1.5416666666666663 0.43979700785983517 145.43541243988946 1.788888888888889 0.26969696969696971 0.39177181104785358 0.64583333333333337 0.37980769230769235 0.96165244903680558 1.2403846153846156 0.24666029318036961 0.44103381809064129 199.29415590217039 0.32501830161054174 1.0954545454545457 0.7947368421052633 -0.89761904761904743 2.6547619047619051 2.3038461538461541 0.44982342401516545
decision_type=2 2 2 2 2 2 2 2 2 2 2 2 2 2 2 2 2 2 2 2
left_child=1 9 5 4 10 15 7 -7 -8 -1 -4 12 -5 -11 -6 -2 -17 19 -13 -3
right_child=2 17 3 11 14 6 8 -9 -10 13 -12 18 -14 -15 -16 16 -18 -19 -20 -21
leaf_value=-0.023462737336974349 0.010001910823133033 -0.013983335115943685 -0.0045299977890994846 -0.019389393822393141 -0.026159172234263652 -0.015092485762604397 0.014816629642618914 0.0012681251514376785 -0.013764225196757901 0.025717517523953473 0.021690718171996339 -0.0080842626396314936 0.0096712198397770899 -0.0068175132507026035 0.0039322612411286329 0.007306069079342243 -0.015890153648691393 0 -0.031863062302726224 -0.036284657689025564
leaf_weight=6.2914021015167263 7.9850140362977973 8.8099524825811439 16.830563828349113 13.638297595083715 14.021248236298563 41.646464839577675 86.261515721678734 2370.9352308213711 12.893394619226454 11.563147500157358 21.506204068660736 5.0250315815210369 12.967262789607046 6.4789352715015402 5.9371334463357917 9.7814749777317029 60.536754161119461 6.0010082572698584 21.094089023768902 14.608180120587347
leaf_count=22 25 34 66 67 59 134 250 7045 46 32 70 25 59 24 22 30 193 21 112 59
internal_value=0.000343428 -0.0127207 0.000621881 -0.00831211 0.000193586 0.00102059 0.00136378 0.000963084 0.0106544 0.00176453 0.0099057 -0.0178367 -0.00466572 0.0132723 -0.0165263 -0.0094364 -0.012205 -0.0248473 -0.0290777 -0.0306388
internal_weight=2754.81 53.7526 2701.06 111.02 58.2951 2590.04 2511.74 2412.58 99.1549 24.3335 38.3368 52.7247 26.6056 18.0421 19.9584 78.3032 70.3182 29.4191 26.1191 23.4181
internal_count=8395 192 8203 480 217 7723 7475 7179 296 78 136 263 126 56 81 248 223 114 137 93
is_linear=0
shrinkage=0.05


Tree=89
num_leaves=24
num_cat=0
split_feature=32 23 32 31 39 45 14 39 52 61 23 32 26 12 13 41 11 38 8 49 8 55 18
split_gain=19.9112 9.28762 7.16151 6.04026 4.86503 5.67827 5.49752 4.68404 6.09504 4.48658 3.91276 5.6196 3.85943 4.95544 4.52567 3.63661 5.70601 3.3849 3.15948 2.65637 2.19003 1.91808 1.62858
threshold=37.088322252948281 0.11547619047619047 -87.374364926470761 1430.7605155746919 0.43904797848752181 1.1937500000000003 0.086813186813186768 0.48547206979034757 1.3166666666666669 12.500000000000002 0.26428571428571429 -48.870972439950599 -0.83333333333333315 0.20714285714285713 0.39230769230769236 0.30910385910385912 -1.0000000180025095e-35 0.29166666666666669 -0.33333333333333331 1.6306818181818186 0.25595238095238099 2.8619047619047624 0.42261904761904762
decision_type=2 2 2 2 2 2 2 2 2 2 2 2 2 2 2 2 2 2 2 2 2 2 2
left_child=1 2 4 -3 6 -6 -1 8 15 21 18 -12 14 -14 -4 17 -17 -2 -5 22 -21 -9 -10
right_child=7 3 12 10 5 -7 -8 9 19 -11 11 -13 13 -15 -16 16 -18 -19 -20 20 -22 -23 -24
leaf_value=0.0072815159923390327 -0.019578268708187126 0.027959922218206229 0.0039685946590712921 -0.0017089410680462313 -0.016975645218665073 0.006972057297656405 0.025247846342366272 0.011105078255303205 0.0030541882708497417 0.035351568505720292 0.027361474895237204 -0.0032251971193046078 0.0041036752482065597 -0.0027507007124280944 0.023538529255192203 -0.0040391686593879905 0.021802191249253141 -0.0035589736703624114 -0.013910260885389394 -0.016457668872510111 0 -0.020208485350311181 -0.01849510158489415
leaf_weight=105.83686251938343 45.41909995675087 11.163257315754889 141.46262812614441 87.268301293253899 24.976193949580193 255.88464239239693 79.280531644821167 6.9942692965269107 6.5674915611743918 9.7433561533689481 15.764409244060515 91.954624712467194 499.54632619023323 551.70507979393005 37.525158002972603 64.41181319206953 28.938456624746323 131.52452551573515 160.02957078814507 31.555299893021584 54.764584809541702 7.8102037459611893 193.24388768523932
leaf_count=264 177 33 413 250 68 652 197 30 32 36 41 308 1444 1608 108 263 95 503 513 129 252 37 942
internal_value=-0.000160078 0.00213471 0.00370226 -0.00503923 0.00897995 0.0046491 0.0152972 -0.00832862 -0.00930677 0.0119324 -0.00629771 0.00144039 0.0016716 0.000484316 0.00842438 -0.00375446 0.00399871 -0.00798349 -0.0097531 -0.0144025 -0.00639643 -0.00436594 -0.0176397
internal_weight=2643.37 2062.4 1696.22 366.18 465.978 280.861 185.117 580.973 556.425 24.5478 355.017 107.719 1230.24 1051.25 178.988 270.294 93.3503 176.944 247.298 286.131 86.3199 14.8045 199.811
internal_count=8395 5899 4754 1145 1181 720 461 2496 2393 103 1112 349 3573 3052 521 1038 358 680 763 1355 381 67 974
is_linear=0
shrinkage=0.05


Tree=90
num_leaves=26
num_cat=0
split_feature=32 65 64 41 6 64 51 61 30 38 7 7 23 32 8 32 14 23 64 41 3 8 48 31 52
split_gain=18.5069 9.28592 7.48848 4.70188 5.61726 4.86047 4.58558 4.33872 4.19415 5.63036 4.30436 4.08141 4.3686 3.96823 5.30316 3.69816 3.34988 3.30702 2.626 2.19803 2.16925 1.96893 2.30502 1.80288 1.61571
threshold=33.584218040975209 -0.76467171717171711 -0.88975694444444431 0.33995073891625621 1.3205128205128207 0.22500000000000006 1.4722222222222225 2.5000000000000004 1489.5444301778002 1.2250000000000003 1.591666666666667 0.83974358974358987 0.23205128205128203 190.52720209088355 0.34166666666666684 206.98124359201407 0.19267399267399268 -0.53589743589743588 -0.55810374149659847 0.25265030904663799 1.2071428571428573 1.8138528138528136 3.1055555555555561 1445.4615408953525 0.9545454545454547
decision_type=2 2 2 2 2 2 2 2 2 2 2 2 2 2 2 2 2 2 2 2 2 2 2 2 2
left_child=1 17 15 8 5 -5 11 -6 9 -3 -10 12 -4 14 -8 21 -13 24 20 -20 -19 22 -2 -17 -1
right_child=2 3 6 4 7 -7 13 -9 10 -11 -12 16 -14 -15 -16 23 -18 18 19 -21 -22 -23 -24 -25 -26
leaf_value=-0.004936251488576307 0.038730980687842427 -0.0019605182187574194 0.028877037436953298 -0.0075497276372517245 -0.0041683243198446032 0.031919513592274178 0.0056070988705351314 0.026880676787197483 0.0046655894406263136 -0.012090915048376449 -0.0043599463362942814 0.0069179839168839229 -0.0005571393292754383 0.030477721000317801 -0.0080375797383070956 0.014826732213588932 -0.0071911076864855043 0.0087548417049544379 0.011421628704783773 -0.0090643574844861772 -0.019189733731527003 0.0036557923093817621 0.0018545684450672535 -0.013047488546289355 0.02281134845798774
leaf_weight=6.5836198925971976 32.780342787504196 532.45474475622177 38.289584770798683 54.763268694281578 12.611526966094969 6.9632124453783026 127.32161840796471 42.921573236584663 335.35787829756737 187.386593490839 213.33564430475235 416.13818751275539 15.859015315771101 7.830202341079711 154.24841837584972 10.564600422978403 43.444416284561157 5.0292248129844657 11.144557565450667 232.64175075292587 108.91535264998674 9.2678168863058072 6.7179330438375464 8.4289557337760908 9.1468047052621824
leaf_count=24 129 1704 125 164 36 24 377 138 1020 589 652 1240 45 28 433 40 122 21 40 852 474 34 24 27 33
internal_value=-0.000194601 -0.00315406 0.00574859 -0.00124181 0.00821042 -0.00184297 0.0043325 0.0194952 -0.00214677 -0.00465846 0.00110791 0.00716337 0.0200983 -0.000621612 -0.00178347 0.0215692 0.00550471 -0.0101388 -0.0111712 -0.00794082 -0.017611 0.0286498 0.0334531 0.00120133 0.0105414
internal_weight=2630.15 1759.26 870.891 1385.79 117.26 61.7265 803.131 55.5331 1268.53 719.841 548.694 513.731 54.1486 289.4 281.57 67.7596 459.583 373.461 357.731 243.786 113.945 48.7661 39.4983 18.9936 15.7304
internal_count=8395 5771 2624 4327 362 188 2370 174 3965 2293 1672 1532 170 838 810 254 1362 1444 1387 892 495 187 153 67 57
is_linear=0
shrinkage=0.05


Tree=91
num_leaves=20
num_cat=0
split_feature=37 41 40 7 37 23 65 8 41 55 9 41 40 14 38 40 45 55 36
split_gain=3.9188 3.53421 4.31956 5.22551 5.06335 4.29991 5.1001 4.52149 4.07732 6.0678 6.15313 4.30838 6.17492 4.07201 3.53899 3.36811 3.31791 3.04819 1.48279
threshold=5.5833333333333348 0.3247972544647737 0.23056104523495827 0.73030303030303034 0.41666666666666669 0.066666666666666666 -1.3281995365953381 -0.019347319347319248 0.26108686558404665 2.9750000000000005 0.21825396825396823 0.26386790869419274 0.26489713963646616 0.23205128205128203 1.7083333333333337 0.28944127560280014 1.2426470588235297 2.2330316742081453 0.87500000000000011
decision_type=2 2 2 2 2 2 2 2 2 2 2 2 2 2 2 2 2 2 2
left_child=1 8 5 17 -5 6 -3 -7 9 14 -11 12 -10 -13 -1 16 -2 -4 -18
right_child=15 2 3 4 -6 7 -8 -9 11 10 -12 13 -14 -15 -16 -17 18 -19 -20
leaf_value=-0.0060860482932413723 0.0027721481169707667 -0.012216007752722314 0 -0.023259378509421943 -0.0054264506508562189 0.0043562867421066851 0.0071579741470457342 -0.015344594406910758 0.026478163157871326 -0.015822146369569821 0.021655296159552747 0.0010706275113016583 -0.0021658931401516241 0.0089326973363549594 -0.028549847952988674 0.015592086523221497 -0.031997437934595842 0.0393016378605568 -0.00010954662361626872
leaf_weight=159.5106403529644 10.71539433300495 37.080443575978279 8.5159918367862684 49.874852627515793 211.3280596062541 46.2816022336483 232.09739364683628 67.340012244880199 41.407534897327423 13.158970281481741 34.775810420513153 1564.348323225975 30.065801560878754 184.12819294631481 19.164822891354561 6.0828067213296881 24.840080849826339 6.9642700850963584 6.083561196923255
leaf_count=477 36 128 28 169 681 142 695 259 111 44 94 4703 90 525 66 17 92 19 19
internal_value=0.000344987 0.000608974 -0.00255442 -0.00729967 -0.00907737 0.000830537 0.00432652 -0.00716705 0.00164205 -0.00461777 0.0106448 0.00243942 0.0143576 0.00192211 -0.00892326 -0.0135438 -0.0188925 0.0188724 -0.0268712
internal_weight=2753.76 2706.04 659.483 276.683 261.203 382.799 269.178 113.622 2046.56 226.61 47.9348 1819.95 71.4733 1748.48 178.675 47.7218 41.639 15.4803 30.9236
internal_count=8395 8231 2121 897 850 1224 823 401 6110 681 138 5429 201 5228 543 164 147 47 111
is_linear=0
shrinkage=0.05


Tree=92
num_leaves=26
num_cat=0
split_feature=33 2 61 33 50 24 1 39 30 62 23 55 4 33 55 2 26 30 30 30 33 33 61 6 62
split_gain=18.3104 8.5779 7.07472 5.53527 5.01317 4.75316 4.53029 5.13903 4.92641 6.56856 4.14889 3.91991 3.22824 3.11824 8.63771 7.73315 3.8304 2.98612 2.71307 3.17098 3.57587 3.1355 2.44024 2.3083 1.08047
threshold=0.55317256702420103 1.1961538461538466 15.500000000000002 0.23172656823500024 0.5634920634920636 1.0000000180025095e-35 1.7071428571428573 0.48547206979034757 1548.3786859984154 0.25967161493477292 -0.079870129870129827 3.4248120300751883 1.591666666666667 0.5751691944511822 2.8480769230769236 -0.53589743589743566 1.166666666666667 1510.0030182741286 1514.3146986686038 1490.0007018659323 0.32909478956528077 0.33848368517808863 8.5000000000000018 1.1291666666666669 -0.090909090909090842
decision_type=2 2 2 2 2 2 2 2 2 2 2 2 2 2 2 2 2 2 2 2 2 2 2 2 2
left_child=1 2 5 23 -5 10 7 8 9 -2 -1 -7 -10 14 15 -8 17 -15 19 20 -3 -21 -9 -4 -16
right_child=6 18 3 4 -6 11 13 22 12 -11 -12 -13 -14 16 24 -17 -18 -19 -20 21 -22 -23 -24 -25 -26
leaf_value=0.0058131484691495297 0.0088534131049745734 0.017605437137031704 0.0041061649656542456 -0.0095584333857523726 0.003042778608236086 -0.017163119451986751 0.034195559604262821 -0.00037790735749772237 -0.014273403278945855 -0.012728109809071259 -0.0055613640743838628 0.010060131506423259 0 -0.0054197715467556775 -0.0015345227241017291 -0.016787667151587898 0.012578610760371801 -0.023089029401866554 -0.011158173810643816 0.002394820172517706 0.0030132762138356706 0.037706341230039131 0.036613506834632638 0.041814855128827044 -0.033084278690550979
leaf_weight=120.40728582441807 95.86192898452282 77.236932963132858 9.0211985409259814 81.350565165281296 1284.2361647337675 94.960431441664696 17.604362875223163 5.3311694264411917 157.22901824861765 52.855043545365334 225.66603897511959 12.752949669957159 49.584954515099525 36.872616909444332 5.599251955747607 9.6902466118335706 7.8610527515411368 115.83138534426689 10.148611694574354 11.20061084628105 102.33011063933372 21.162684842944145 8.8056525737047178 10.825740218162535 14.052697867155073
leaf_count=348 317 194 22 244 3617 301 68 21 703 205 731 42 236 149 20 35 32 619 26 28 263 55 33 28 58
internal_value=-0.000156594 0.00203902 0.000897939 0.0026838 0.00226094 -0.00448738 -0.00802101 -0.00455978 -0.00583889 0.000950199 -0.00152141 -0.0135875 -0.0108029 -0.0139652 -0.00191276 0.0153315 -0.0172685 -0.0191094 0.0112854 0.0125712 0.00955226 0.0270636 0.0227965 0.0277641 -0.0262218
internal_weight=2638.48 2061.3 1839.22 1385.43 1365.59 453.787 577.179 369.668 355.531 148.717 346.073 107.713 206.814 207.512 46.9466 27.2946 160.565 152.704 222.079 211.93 179.567 32.3633 14.1368 19.8469 19.6519
internal_count=8395 5899 5333 3911 3861 1422 2496 1515 1461 522 1079 343 939 981 181 103 800 768 566 540 457 83 54 50 78
is_linear=0
shrinkage=0.05


Tree=93
num_leaves=26
num_cat=0
split_feature=32 62 0 12 12 23 0 24 40 45 39 36 46 9 10 4 51 14 30 10 40 30 7 54 40
split_gain=16.8533 8.48669 5.69109 4.09656 4.0103 3.9104 4.48514 3.58284 3.38135 4.45685 4.31596 4.14369 3.20672 4.09427 3.33062 2.62616 6.6946 5.58614 2.53379 1.77094 1.56314 1.23285 0.762533 0.703286 0.561408
threshold=-36.049509228886784 0.80000000000000027 2.379807692307693 0.48333333333333339 0.27922077922077926 -0.069047619047619038 1.1380952380952383 2.666666666666667 0.24497605815272785 2.3245614035087723 0.40226017557861143 0.70833333333333337 1.205263157894737 0.39230769230769236 0.087121212121212113 1.5419580419580421 1.2361111111111114 -0.18257575757575753 1476.9230243595305 0.74166666666666681 0.2934394581935566 1468.7334779384798 3.2583333333333337 3.5131578947368425 0.18956442831215972
decision_type=2 2 2 2 2 2 2 2 2 2 2 2 2 2 2 2 2 2 2 2 2 2 2 2 2
left_child=8 2 5 4 18 7 -7 -2 12 10 21 -12 13 14 -1 16 -14 -17 -3 24 22 -10 -11 -6 -4
right_child=1 3 19 -5 23 6 -8 -9 9 20 11 -13 15 -15 -16 17 -18 -19 -20 -21 -22 -23 -24 -25 -26
leaf_value=0.023892717258813589 -0.0045149103031768816 -0.016022385875631786 -0.001176054079311433 -0.016813560328855642 0.039684743548706533 0.0061559694157512709 2.0837832583825428e-05 0.018739136042356056 0 -0.030426875383822993 -0.010109887477283919 0.0069583466769898919 -0.0062063921633745524 0.042028878490040888 -0.0096409834210013957 0.018974164712724954 0.018067030770199024 -0.01970150666285056 0.010366516212353339 0.0006139816247735146 0 0.027842119230779252 -0.0040841696521724752 0.0099245640296807928 -0.024071052485259342
leaf_weight=9.2723601311445254 327.8807759732008 6.9862555563449851 5.7383993864059439 11.025177687406538 13.529768347740175 528.67008106410503 697.97487059235573 15.143577441573141 7.4317872226238242 33.765618696808815 371.7886439114809 36.123509436845779 126.19060856103897 6.5659325122833243 18.980002641677856 9.0372230261564237 34.387395888566971 50.761212438344955 248.04564017057419 9.2554969638586027 5.3064655214548102 8.1370756030082685 6.1864056885242453 7.213921219110488 29.524781733751297
leaf_count=35 985 19 19 30 47 1566 2094 50 27 142 1315 132 491 27 62 33 128 164 803 29 24 31 29 22 91
internal_value=-0.000195945 0.002267 0.000836675 0.0101692 0.0114512 0.0013605 0.00269107 -0.00331318 -0.0066863 -0.00921454 -0.00745983 -0.00851081 -0.00190971 0.0115996 0.00139029 -0.00424165 -0.000696213 -0.0130271 0.00942732 -0.0163596 -0.0240938 0.0164877 -0.0273329 0.0322172 -0.0212793
internal_weight=2624.92 1900.99 1614.19 286.801 275.776 1569.67 1226.64 343.024 723.934 468.74 423.481 407.912 255.195 34.8183 28.2524 220.376 160.578 59.7984 255.032 44.5187 45.2585 15.5689 39.952 20.7437 35.2632
internal_count=8395 5755 4834 921 891 4695 3660 1035 2640 1700 1505 1447 940 124 97 816 619 197 822 139 195 58 171 69 110
is_linear=0
shrinkage=0.05


Tree=94
num_leaves=20
num_cat=0
split_feature=37 64 31 0 50 63 5 22 54 13 6 43 6 52 46 31 59 42 46
split_gain=3.71119 3.66816 4.20458 5.46532 3.29612 4.8626 9.39889 4.54604 4.52649 4.51576 4.50284 5.43707 4.75111 4.36193 2.43607 2.27478 2.452 1.71475 1.10522
threshold=5.1250000000000009 -0.012499999999999949 1512.4482478818525 1.3923076923076925 1.2111111111111115 -0.58245614035087701 -0.16666666666666652 0.25833333333333336 3.7029411764705888 1.0000000180025095e-35 2.5166666666666671 5.4138732270297316 1.8090909090909093 0.68333333333333346 1.151923076923077 1588.5719782834262 0.44097222222222227 2.7059262510974547 1.2426470588235297
decision_type=2 2 2 2 2 2 2 2 2 2 2 2 2 2 2 2 2 2 2
left_child=4 2 3 -2 8 9 13 -8 10 -6 12 -12 -1 -7 -11 16 -10 -4 -3
right_child=1 18 17 -5 5 6 7 -9 15 14 11 -13 -14 -15 -16 -17 -18 -19 -20
leaf_value=0.00024617589189435184 -0.0094696027687127659 -0.0033531306413810621 0.00074959091229507744 0.041282924489040668 0.016710954828301063 0.032311926341399393 -0.0032324350481060409 0.0037174599669590014 0 0.0070672370388990468 0.035967250191728507 0 -0.0077563563938534488 0.0097055202793506507 -0.021566458236404941 0.0080096522022243943 -0.030361461782757622 -0.026894973986716447 -0.034259193908136448
leaf_weight=1121.1248208582401 8.6902946531772631 6.3338247537612942 6.2978577315807369 8.0843125432729703 9.5812354534864408 24.403103232383728 369.84831693768501 630.51043179631233 9.7768718004226667 6.3999022841453543 16.338585153222084 27.365271478891373 219.02288447320461 188.37312650680542 43.939698711037636 5.0898708850145331 23.795602880418301 12.310936287045477 15.336252465844153
leaf_count=3352 38 21 20 20 27 63 1083 1842 34 21 57 116 791 538 150 16 107 46 53
internal_value=0.000348102 -0.0120309 -0.00103242 0.0154505 0.000628104 0.00248013 0.00318908 0.00112171 -0.00101294 -0.0111087 -0.000510437 0.0148884 -0.00105268 0.0126914 -0.0173175 -0.0174746 -0.0222742 -0.0171612 -0.0273286
internal_weight=2752.62 57.0535 35.3834 16.7746 2695.57 1273.06 1213.13 1000.36 1422.51 59.9208 1383.85 43.7039 1340.15 212.776 50.3396 38.6623 33.5725 18.6088 21.6701
internal_count=8395 198 124 58 8197 3724 3526 2925 4473 198 4316 173 4143 601 171 157 141 66 74
is_linear=0
shrinkage=0.05


Tree=95
num_leaves=26
num_cat=0
split_feature=32 23 37 26 31 62 13 54 31 65 56 30 23 32 65 20 12 38 50 4 26 50 48 26 23
split_gain=16.739 8.25098 8.40781 9.60089 5.61055 5.55222 5.28074 4.33871 4.20596 3.88522 4.4378 4.30477 3.76211 5.17478 3.6115 3.27945 5.06178 4.13596 3.37636 3.63727 3.50834 3.11962 2.95084 1.71376 1.65627
threshold=37.088322252948281 0.11547619047619047 2.9000000000000004 -0.83333333333333315 1430.7605155746919 -1.1464285714285711 0.46410256410256417 2.1519230769230773 1471.233847133617 -0.0089932712215319982 0.46862745098039221 1548.3786859984154 0.26428571428571429 -48.870972439950599 -0.17857142857142846 0.033150183150183157 1.0000000180025095e-35 1.9000000000000001 0.2678571428571429 1.3452380952380956 -2.4999999999999996 1.2111111111111115 2.1055555555555561 -0.49999999999999994 -1.0000000180025095e-35
decision_type=2 2 2 2 2 2 2 2 2 2 2 2 2 2 2 2 2 2 2 2 2 2 2 2 2
left_child=1 2 3 6 -3 -5 -1 24 -9 10 21 14 22 -14 -12 18 -17 -18 19 -11 -20 -2 -6 -13 -4
right_child=9 4 7 5 12 -7 -8 8 -10 15 11 23 13 -15 -16 16 17 -19 20 -21 -22 -23 -24 -25 -26
leaf_value=0.0094052803600635226 0.043285867147155918 0.026784596028758462 0 0.010051737044875546 -0.0071970267180815478 -0.0020572678383492834 0.043257595733573052 -0.0016417746245413268 0.011217242117683766 0.036288443082650772 -0.0082098064386175434 0.00079960713912670021 0.026337454794629019 -0.0029644102202445537 0.017270733386686232 0.031201903305247719 0.0022876213953465729 -0.017097081710120927 0.018991532706778752 -0.010210155924791655 -0.013525433220954503 0 -0.024623254907735453 -0.026489046557967799 -0.026775667424776009
leaf_weight=137.83985574543476 7.7256447672843915 11.296673014760016 10.290292516350748 103.41596822440624 218.21726961433887 902.00175684690475 11.538204804062842 69.558927163481712 451.80775667726994 5.666154280304907 24.453490093350407 5.3863563537597683 15.833557099103926 91.574813604354858 26.030982404947284 8.3610957190394384 66.562037602066994 42.440183356404305 6.1875076740980139 6.6395528540015221 346.76290258765221 7.8508444875478745 28.015720888972282 19.112469658255577 9.0049318075180036
leaf_count=394 25 33 29 266 667 2589 33 199 1217 22 74 19 41 308 85 33 288 209 30 34 1579 24 96 74 27
internal_value=-0.000159038 0.00193492 0.00341165 0.000973122 -0.00483883 -0.000769453 0.0127222 0.00855123 0.00945415 -0.00771018 0.00153009 -0.00339561 -0.00606425 0.0015291 0.0046097 -0.00949479 -0.00192411 -0.00520668 -0.0118356 0.0115326 -0.0127812 0.0243524 -0.00946286 -0.0199384 -0.0132686
internal_weight=2633.57 2060.4 1695.46 1154.8 364.938 1005.42 149.378 540.662 521.367 573.179 90.5598 74.9833 353.641 107.408 50.4845 482.619 117.363 109.002 365.256 12.3057 352.95 15.5765 246.233 24.4988 19.2952
internal_count=8395 5899 4754 3282 1145 2855 427 1472 1416 2496 301 252 1112 349 159 2195 530 497 1665 56 1609 49 763 93 56
is_linear=0
shrinkage=0.05


Tree=96
num_leaves=29
num_cat=0
split_feature=30 65 53 40 64 37 63 46 23 8 30 17 7 7 18 50 48 14 43 23 2 13 52 52 42 17 52 42
split_gain=14.9347 9.02672 6.94301 5.90315 4.79438 4.70021 5.72228 4.65354 5.17691 3.79686 3.73915 4.18695 3.90344 4.90978 3.82732 3.63844 3.61811 3.4557 3.41125 3.30431 3.83845 3.52571 3.02011 2.60321 2.08416 1.83113 1.14318 0.374961
threshold=1519.4036369036269 -0.32327759197324391 1.4722222222222225 0.24468837461253723 -0.88975694444444431 2.1000000000000005 -0.69059829059829048 1.1291666666666669 -0.066666666666666638 1.8138528138528136 1438.7676281186434 -0.084523809523809432 2.1602564102564106 1.3205128205128207 0.48333333333333339 0.41428571428571431 1.6833333333333336 -0.13214285714285709 4.9163179057820896 -0.5166666666666665 1.1961538461538466 0.10555555555555557 2.4365079365079372 0.82575757575757591 3.1676621765331445 -0.47916666666666657 1.6833333333333336 2.8573518708793566
decision_type=2 2 2 2 2 2 2 2 2 2 2 2 2 2 2 2 2 2 2 2 2 2 2 2 2 2 2 2
left_child=1 19 4 15 9 18 -7 22 -9 26 11 14 13 -12 -3 -4 -13 -17 -6 23 21 -21 -5 -1 -11 -22 -2 -25
right_child=2 10 3 7 5 6 -8 8 -10 24 12 16 -14 -15 -16 17 -18 -19 -20 20 25 -23 -24 27 -26 -27 -28 -29
leaf_value=-0.0086676405468787618 0.0063464416857805074 0.024821574687925497 0.032109726111868436 -0.018598571084866584 0.015903760591047939 -0.0061565539282112036 0.013405917578496863 -0.014613006145176894 0.015818682442602743 -0.019143058078353151 -0.0010276161094027855 -0.01797443099070533 -0.024875224396723433 0.0069482134825198522 -0.0084552372347822084 -0.012118991784781348 0.0092583072908724914 0.007158724290408848 -0.00016139510494155249 0.0042073586851359103 -0.022229942059478647 -0.0080142384331534904 0.0090594372658070379 0.033446190579449829 0.015559233519557786 -0.0078723035203930956 0.033060259022110856 0.0070014137070766929
leaf_weight=7.8063485920429256 8.5357819795608503 13.903649345040321 9.9802867174148542 82.255189001560211 35.253895103931427 40.51858226954937 260.0477055311203 21.981090575456619 30.738326355814934 6.4339466840028745 636.73836115002632 76.672263026237488 12.352355271577833 272.40351592004299 15.857669472694397 27.260797396302223 11.855339944362639 103.39026600122452 267.33121117949486 64.034208729863167 67.309152036905289 437.9050662368536 8.6886872202157956 5.9295934885740262 6.7559606581926346 47.421917825937271 33.550066724419594 6.9389971047639847
leaf_count=32 29 51 34 236 109 116 800 72 97 21 1910 240 35 855 54 78 40 326 779 237 292 1518 28 24 27 193 138 24
internal_value=-0.000203883 -0.00304236 0.00481513 -0.00163544 0.00763472 0.00623849 0.0106629 -0.00877195 0.00260312 0.0216836 -0.000142862 -0.00845505 0.000913074 0.00134473 0.00688771 0.00550042 -0.0139274 0.00282582 0.0017204 -0.00771833 -0.00840913 -0.00639497 -0.0155491 0.010708 -1.41867e-05 -0.0167462 0.028743 0.0237279
internal_weight=2619.85 1677.13 942.722 284.295 658.427 603.151 300.566 143.663 52.7194 55.2758 1039.78 118.289 921.494 909.142 29.7613 140.631 88.5276 130.651 302.585 637.345 616.67 501.939 90.9439 20.6749 13.1899 114.731 42.0858 12.8686
internal_count=8395 5505 2890 871 2019 1804 916 433 169 215 3185 385 2800 2765 105 438 280 404 888 2320 2240 1755 264 80 48 485 167 48
is_linear=0
shrinkage=0.05


Tree=97
num_leaves=20
num_cat=0
split_feature=37 14 1 11 56 52 64 22 64 39 38 16 40 45 42 56 61 39 36
split_gain=3.50512 3.17495 6.42282 7.17086 6.67222 6.40346 4.90102 3.58937 3.16237 3.47609 3.12942 3.12626 3.10526 3.09311 2.77707 2.43176 2.45679 2.13629 1.44089
threshold=5.5833333333333348 0.23205128205128203 1.5166666666666668 0.052272727272727207 0.45227272727272733 0.89444444444444449 -0.22500000000000001 0.21825396825396823 -1.2422222222222221 0.38968052738336717 3.291666666666667 0.29285714285714287 0.28944127560280014 1.2426470588235297 3.1901670050017796 0.47213622291021667 9.5000000000000018 0.43810702498821313 0.87500000000000011
decision_type=2 2 2 2 2 2 2 2 2 2 2 2 2 2 2 2 2 2 2
left_child=1 8 3 6 -5 14 -3 -7 15 11 -11 -10 13 -2 -4 16 -1 -17 -15
right_child=12 2 5 4 -6 7 -8 -9 9 10 -12 -13 -14 18 -16 17 -18 -19 -20
leaf_value=-0.011209054407492872 0.0027009849164884425 0.02244740080901475 0.038295067232721886 -0.015200239790831911 0.015913361010793929 -0.002059926087193189 -0.015534887289500291 0.021657874920260778 -0.0025526759512741692 0.00042296950621777867 0.015556935113355628 -0.028539559152373703 0.014914655091231362 -0.031088556945103797 0.0011448241497863654 -0.0036974769436421261 0.015192733318889247 -0.026228528425627312 0
leaf_weight=16.595252349972725 10.692608416080473 7.3249324411153784 29.309343546628952 19.760404825210571 74.345408797264099 46.588194295763969 71.777437299489975 20.919424936175346 37.072646126151085 2260.1293220967054 32.834197983145714 17.070050045847893 6.1227888762950888 24.206497050821785 7.8288617730140677 23.261891067028046 14.52825339138508 25.15124486386776 6.0359177142381659
leaf_count=64 36 22 73 62 209 143 222 59 117 6813 107 56 17 92 22 94 50 118 19
internal_value=0.000350174 0.000598839 0.00564183 -0.000157841 0.00893961 0.0152987 -0.0112426 0.00534183 6.94468e-06 0.000353213 0.000663943 -0.0119159 -0.0128732 -0.018113 0.0315611 -0.00966275 0.000533583 -0.0164747 -0.0259585
internal_weight=2751.55 2704.5 277.854 173.208 94.1058 104.646 79.1024 67.5076 2426.64 2347.11 2292.96 54.1427 47.0578 40.935 37.1382 79.5366 31.1235 48.4131 30.2424
internal_count=8395 8231 812 515 271 297 244 202 7419 7093 6920 173 164 147 95 326 114 212 111
is_linear=0
shrinkage=0.05


Tree=98
num_leaves=24
num_cat=0
split_feature=32 32 25 40 2 30 10 39 20 65 41 54 39 55 23 30 38 40 63 40 17 51 53
split_gain=15.3516 8.25168 5.44405 5.70494 5.23495 5.20368 5.29246 5.78792 5.46071 5.18475 6.33003 5.10856 4.94491 7.28129 5.702 5.42854 5.96109 4.46153 4.37409 3.12649 2.74372 2.22196 1.5529
threshold=52.631846643314709 -56.92005168666617 1.8333333333333337 0.22806017323811231 0.50454545454545474 1462.1694511181781 0.51666666666666672 0.47966710509110771 -0.035714285714285643 -0.3333333333333332 0.23820649755229192 2.2182539682539688 0.44790151880246737 2.6055555555555561 -0.25598290598290591 1503.0810103927172 1.2250000000000003 0.23260914131517843 0.74404761904761929 0.29685855263157901 0.053663003663003604 1.5634920634920637 1.1055555555555558
decision_type=2 2 2 2 2 2 2 2 2 2 2 2 2 2 2 2 2 2 2 2 2 2 2
left_child=1 12 9 20 -5 -2 7 8 -7 11 -11 -3 15 18 -15 16 -1 -17 -14 21 -4 -8 -9
right_child=5 2 3 4 -6 6 19 22 -10 10 -12 -13 13 14 -16 17 -18 -19 -20 -21 -22 -23 -24
leaf_value=0.0075174795233243262 0.024853926502480212 0.014654085243482808 0 0.0094101283804095964 -0.012557490616039014 -0.017681596218324824 -0.012247704766556799 0 -0.0022400647113536166 0.019512310128917736 -0.0055069372331969825 -0.0002672872544144517 -0.019851713529066835 0.021638813334286511 0.00048817609457915267 -0.028527616318366061 0.022013896230045824 0.0019909648817094667 0.0033188730499779454 0.011612242296075048 -0.029804959500225398 -0.026842622313789394 0.031822535246632443
leaf_weight=321.95737414062023 8.9526216983795148 68.666003540158272 14.839328899979593 265.36808808147907 27.524378255009651 86.327889129519463 72.316983208060265 7.1594476401805904 178.10756031423807 23.844285160303116 743.55923192203045 288.3532846570015 55.361939638853073 41.618550002574921 128.31864289939404 12.14284437894821 94.995928853750229 70.685985773801804 28.208637237548828 6.3449774459004393 13.813240736722944 60.750437088310719 9.9955720081925374
leaf_count=826 31 193 42 809 78 384 364 28 788 73 2425 802 157 108 329 33 244 177 73 33 42 319 37
internal_value=-0.000153796 0.00152783 -0.000668324 0.00502501 0.00718979 -0.00878056 -0.00966903 -0.00552675 -0.00746984 -0.00232464 -0.00464836 0.00259857 0.00576713 0 0.00600494 0.0086429 0.0109692 -0.00275551 -0.0118437 -0.0176625 -0.0153136 -0.0193947 0.0207725
internal_weight=2629.21 2199.26 1445.97 321.545 292.892 429.955 421.003 281.59 264.435 1124.42 767.404 357.019 753.29 253.508 169.937 499.782 416.953 82.8288 83.5706 139.412 28.6526 133.067 17.155
internal_count=8395 6411 4464 971 887 1984 1953 1237 1172 3493 2498 995 1947 667 437 1280 1070 210 230 716 84 683 65
is_linear=0
shrinkage=0.05


Tree=99
num_leaves=28
num_cat=0
split_feature=32 17 2 40 40 23 50 62 13 21 41 41 43 40 41 36 42 4 22 48 6 62 8 12 37 64 48
split_gain=14.0003 7.78773 4.30898 3.82511 7.85622 4.12922 3.76846 3.87133 4.78759 4.23512 3.4377 3.73051 3.39917 4.79739 4.14137 3.81754 3.25056 3.29423 2.18905 2.10698 1.64504 2.72446 1.39388 1.19275 0.993721 0.628739 0.403098
threshold=-36.049509228886784 0.066666666666666666 1.202564102564103 0.21033562166285272 0.22503561253561252 0.11010101010101012 1.6125000000000003 1.0544117647058826 0.25833333333333336 0.095454545454545472 0.32204636091724831 0.33674969987995201 6.8839746192279376 0.24497605815272785 0.33605888802717093 0.70833333333333337 3.1322375449756246 0.72077922077922085 1.0000000180025095e-35 2.1909090909090914 0.79285714285714304 0.049999999999999954 -0.33333333333333331 0.25833333333333336 2.5500000000000003 -0.038015516868512095 1.0454545454545456
decision_type=2 2 2 2 2 2 2 2 2 2 2 2 2 2 2 2 2 2 2 2 2 2 2 2 2 2 2
left_child=12 2 3 5 -5 -2 7 8 -3 -9 18 -12 13 16 15 -15 17 -1 -8 -18 -14 23 26 -22 -23 -16 -4
right_child=1 6 22 4 -6 -7 10 9 -10 -11 11 -13 20 14 25 -17 19 -19 -20 -21 21 24 -24 -25 -26 -27 -28
leaf_value=0.030730199944617814 0.0025941310843416872 -0.00038500708356236453 -0.029422894015882897 -0.021523433524575246 -0.00050497427513208047 0.025929224480322245 0.0091836615132375645 -0.0092816418868298597 0.0078197373473654474 0.01713376236797098 0.027596338987083243 -0.0072398791399809108 -0.011794935927341904 -0.012806995065107388 0.027367617069748846 0.0032314398728892687 -0.010293017922757407 0.001191842973555637 -0.015201650559510754 0.0076908591134993683 0 0.0055693984263142293 0 0.026399141322443576 -0.017108676873216985 0 -0.004674131224200833
leaf_weight=8.4602669924497587 92.133474841713905 279.75445394217968 16.674928948283203 45.50496843457222 747.49400264024734 23.204958021640778 8.3609694093465787 14.734920024871824 459.62016187608242 121.09927032887936 12.653663113713266 13.110904425382612 7.2154067605733863 368.53960959613323 5.2108874619007111 37.750700026750565 102.64335553348064 126.06119737029076 51.618520721793175 16.15278197824955 6.943073824048045 6.53072442114353 7.1824957728385916 18.381461873650551 7.0905789136886597 5.377008303999899 5.6070681661367408
leaf_count=36 282 811 57 130 2261 75 26 40 1377 429 42 37 25 1364 22 139 384 463 145 57 23 22 23 65 21 19 20
internal_value=-0.000203397 0.00203422 -0.00118492 -0.000525306 -0.00179364 0.00786392 0.00519771 0.0061902 0.00468895 0.0139938 -0.00455817 0.00972413 -0.00615832 -0.00708263 -0.0103789 -0.011247 -0.00152128 0.00365565 -0.0112124 -0.00755393 0.00647911 0.010886 -0.019399 0.0202658 -0.00531433 0.0174408 -0.0251226
internal_weight=2615.11 1898.75 937.802 908.337 792.999 115.338 960.953 875.209 739.375 135.834 85.7441 25.7646 716.357 670.196 416.878 406.29 253.318 134.521 59.9795 118.796 46.1612 38.9458 29.4645 25.3245 13.6213 10.5879 22.282
internal_count=8395 5755 2848 2748 2391 357 2907 2657 2188 469 250 79 2640 2484 1544 1503 940 499 171 441 156 131 100 88 43 41 77
is_linear=0
shrinkage=0.05


Tree=100
num_leaves=18
num_cat=0
split_feature=62 19 56 54 63 50 65 54 9 65 15 41 65 41 8 21 30
split_gain=3.45257 4.40812 5.10386 4.07688 6.5446 5.47033 3.97449 3.29642 3.16845 4.32062 2.55355 2.91828 2.39775 2.25904 1.66636 1.29906 0.683948
threshold=-1.5416666666666663 0.64583333333333337 0.34848484848484851 2.3416666666666672 -0.58245614035087701 1.4142857142857144 2.0657876943881002 2.1846590909090913 0.65476190476190488 -1.2849624060150375 0.13809523809523808 0.32728643905114496 -1.1695485397844743 0.31742497043169721 -1.9212121212121207 0.32051282051282054 1490.9405336951384
decision_type=2 2 2 2 2 2 2 2 2 2 2 2 2 2 2 2 2
left_child=7 2 13 5 -5 -4 8 -1 12 -10 11 -9 -3 15 -12 -2 -15
right_child=1 6 3 4 -6 -7 -8 10 9 -11 14 -13 -14 16 -16 -17 -18
leaf_value=-0.031943525155148061 -0.014975539942319128 -0.0025884919921720078 0.0026046494224008249 -0.0094306144278917883 0.00033871478038949705 0.019996651122767616 -0.016964935878793469 0.022214940896060319 0.026779666873426661 -0.013416447837622629 0 -0.01408423723860913 0.02629284629888622 -0.0065259243824358649 -0.026149567421890393 0.0080598993721020442 -0.037990629678457427
leaf_weight=13.382462278008459 10.95694336295128 6.2652336806058875 565.39400708675385 187.35945771634579 1775.3938687443733 48.044151872396469 8.3563468754291517 12.494077846407892 8.301759600639345 16.964471265673637 8.6513400971889478 6.4088310897350302 45.312825202941895 5.585697993636134 11.932846397161486 8.4430283159017545 11.112587779760359
leaf_count=52 34 20 1651 732 5317 127 30 39 22 52 31 25 131 18 45 26 43
internal_value=0.000352374 0.000613318 0.000234215 0.000511921 -0.000589767 0.00406796 0.0116781 -0.0120429 0.0154613 0 -0.00348099 0.00854202 0.0223523 -0.0179149 -0.0154076 -0.00396577 -0.0306263
internal_weight=2750.36 2697.49 2612.29 2576.19 1962.75 613.438 85.2006 52.8696 76.8443 25.2662 39.4871 18.9029 51.5781 36.0983 20.5842 19.4 16.6983
internal_count=8395 8203 7948 7827 6049 1778 255 192 225 74 140 64 151 121 76 60 61
is_linear=0
shrinkage=0.05


Tree=101
num_leaves=29
num_cat=0
split_feature=32 65 30 5 19 1 40 42 30 20 43 25 48 43 54 26 24 46 41 50 7 43 2 21 5 43 22 41
split_gain=14.0138 7.60424 6.81475 7.00442 6.33349 5.72627 4.42959 5.25786 5.08679 4.25322 5.24675 5.22984 4.24364 3.98341 7.74126 3.70882 3.76681 3.61482 3.43687 4.34005 3.18467 3.14198 2.64045 2.5813 2.53701 2.41128 2.40012 1.53029
threshold=52.631846643314709 -1.4792717086834732 1417.7685124136353 1.4041666666666668 0.51666666666666672 1.7071428571428573 0.23888431264872781 2.6287357705779342 1548.3786859984154 0.061111111111111054 6.4606863153656269 1.1666666666666667 1.1833333333333336 5.754157426206274 3.3944444444444448 0.83333333333333359 1.5000000000000002 1.6583333333333334 0.28003436426116846 0.6515151515151516 0.75961538461538469 4.3882378946731615 0.65641025641025663 0.19090909090909094 -0.49999999999999983 4.3372693810700085 0.19090909090909094 0.31853912463567652
decision_type=2 2 2 2 2 2 2 2 2 2 2 2 2 2 2 2 2 2 2 2 2 2 2 2 2 2 2 2
left_child=1 18 13 4 -4 6 9 8 -8 11 -11 -2 -9 22 -15 17 -17 26 21 -20 -5 -1 -3 -23 -18 -21 -7 -19
right_child=5 2 3 20 -6 15 7 12 -10 10 -12 -13 -14 14 -16 16 24 27 19 25 -22 23 -24 -25 -26 -27 -28 -29
leaf_value=-0.022755580556993935 0.012671196361101034 -0.022794870484448192 0.0020076667256050847 0 -0.0039148119886678809 -0.027879858941178778 0.014925498129675079 0.016969716173953136 -0.0083444071674703725 0.04226507952266613 -0.0088055005745121817 -0.016316079823444525 -0.018869492109489072 0.021000798794473554 -0.023744509934878089 -0.021523717523568922 0.040756671067984959 -0.011493162310970887 -0.011346928105539576 0.029383282383540151 0.034514940869827863 0.023706217199428191 0.0061046994691310724 -0.0020734817170094825 0 0.012071737045496366 -0.011703511965137137 0.016612355015442715
leaf_weight=11.161405324935911 31.426562584936619 9.9920091480016726 950.87005497515202 8.0730291157960909 851.87900608778 71.967466004192829 35.730344042181969 6.7818832844495764 59.988903440535069 12.544965930283071 5.69497026503086 26.989982977509499 92.314411833882332 88.606159999966621 8.6437338292598707 6.5137700662016895 5.2711346894502649 6.6285482645034781 14.367980077862738 26.777139872312546 18.681297451257706 11.180000633001326 19.543910920619965 30.803223639726639 6.5250355154275868 147.33324912190437 50.060737177729607 8.1633429229259473
leaf_count=31 139 28 2797 25 2583 395 126 21 272 46 23 124 433 230 24 34 22 26 39 72 50 28 47 77 25 380 265 33
internal_value=-0.00015707 0.00144481 0.00039369 -0.000375252 -0.000778352 -0.00843672 -0.00388419 -0.00792496 0.000213709 0.00600761 0.0257899 -0.000404663 -0.0158823 0.0115171 0.0163735 -0.0160935 0.00359682 -0.0189225 0.0097794 0.0129283 0.0240818 -0.000998544 -0.00370489 0.00498897 0.0203897 0.0151796 -0.021741 0.00266008
internal_weight=2624.51 2197.91 1956.29 1829.5 1802.75 426.602 271.472 194.816 95.7192 76.6565 18.2399 58.4165 99.0963 126.786 97.2499 155.13 18.3099 136.82 241.623 188.478 26.7543 53.1446 29.5359 41.9832 11.7962 174.11 122.028 14.7919
internal_count=8395 6411 5784 5455 5380 1984 1184 852 398 332 69 263 454 329 254 800 81 719 627 491 75 136 75 105 47 452 660 59
is_linear=0
shrinkage=0.05


Tree=102
num_leaves=27
num_cat=0
split_feature=65 0 12 16 10 3 55 31 26 64 65 51 53 49 40 40 65 42 44 54 54 42 38 2 41 5
split_gain=12.5775 9.14192 5.68619 4.60026 6.79751 5.60672 5.28432 5.16503 3.62981 5.98669 4.77359 3.60777 3.45512 3.16231 3.06997 2.78053 2.736 2.51447 3.91991 2.44624 5.36806 3.99022 2.77712 2.59335 2.07065 1.89108
threshold=-0.76467171717171711 1.1742424242424245 0.43650793650793651 0.39230769230769236 0.39230769230769236 1.1909090909090911 2.7434210526315792 1529.9658221343968 -0.33333333333333331 -0.34862426035502941 0.23264230441340425 0.2678571428571429 0.89444444444444449 1.1180555555555558 0.29312870036294342 0.30127393703343069 0.1282216034839723 2.5593526509057036 1.5477272727272731 3.5477272727272733 4.1715686274509816 3.1901670050017796 1.3666666666666669 1.1291666666666671 0.33605888802717093 0.79285714285714315
decision_type=2 2 2 2 2 2 2 2 2 2 2 2 2 2 2 2 2 2 2 2 2 2 2 2 2 2
left_child=11 3 8 5 7 6 -2 -5 9 -3 -10 17 -6 -7 16 -16 -4 -1 25 22 21 -21 24 -24 -13 -19
right_child=1 2 14 4 12 13 -8 -9 10 -11 -12 19 -14 -15 15 -17 -18 18 -20 20 -22 -23 23 -25 -26 -27
leaf_value=0.028261274600051969 0.0066501299165375831 0.025897170866924387 -0.02158077434470803 0.012976752396502578 0.011786763884338958 -0.0080267434434526021 0.019331182407492986 -0.00064713650514735882 -0.0004851094367402425 -0.0056123741354042467 0.0086546839397273652 -0.015105986631817506 -0.014615140947745818 0.0063316478643481618 0.02412648786931515 -0.0095321043910167186 -0.002042842114068653 0.005152821816600775 0.023992790082159689 0.027928966827195381 -0.028933344432063149 -0.0078882447065634961 -0.0074857045673047407 0.019900867201111835 0 -0.021981930597449583
leaf_weight=7.2238492667675009 236.76168067753315 13.497960835695265 63.772204473614693 111.72546680271626 11.977736264467238 66.458694159984589 135.5758148431778 170.46407872438431 653.31059743463993 379.62367390096188 179.32431146502495 236.28722158074379 80.47028324007988 85.18156610429287 8.4981291294097918 11.832860872149466 29.341491118073463 7.2410741150379243 8.5088154375553113 15.985513269901277 8.3111725300550443 10.960911571979521 25.317921727895737 10.53152199089527 26.764828622341156 15.079236611723898
leaf_count=26 729 45 194 344 38 193 449 511 2086 1158 538 945 227 256 32 36 88 26 29 72 28 44 94 48 108 51
internal_value=-0.000203722 0.00120427 -0.0013988 0.00510586 0.000792849 0.00812734 0.011413 0.00471228 -0.000377969 -0.0043416 0.00146939 -0.00869688 -0.0107526 0 -0.0120145 0.00431807 -0.0158593 0.00524297 -0.000782268 -0.0103804 0.00138874 0.0129577 -0.0118518 0.000525616 -0.0136242 -0.0124512
internal_weight=2610.03 2237.82 1339.2 898.615 374.638 523.978 372.337 282.19 1225.76 393.122 832.635 372.212 92.448 151.64 113.445 20.331 93.1137 38.053 30.8291 334.159 35.2576 26.9464 298.901 35.8494 263.052 22.3203
internal_count=8395 6924 4177 2747 1120 1627 1178 855 3827 1203 2624 1471 265 449 350 68 282 132 106 1339 144 116 1195 142 1053 77
is_linear=0
shrinkage=0.05


Tree=103
num_leaves=22
num_cat=0
split_feature=37 30 1 54 51 55 40 37 53 55 31 65 31 31 54 23 30 6 6 40 43
split_gain=3.26289 5.94905 5.99349 7.64076 4.7607 4.22567 3.94692 3.8194 3.72154 3.27346 2.80678 7.82428 7.18122 4.43597 6.95091 4.05622 3.83984 2.28056 2.06287 1.87452 0.68232
threshold=4.5833333333333348 1529.0639605138385 1.7303030303030307 2.7303030303030309 0.78888888888888908 3.1464285714285718 0.25234377288840709 4.416666666666667 1.3875000000000002 2.5477272727272733 1461.9205019037347 -0.24899081166612716 1450.0290625355244 1470.283766474352 2.3416666666666672 0.063636363636363616 1661.9659781296491 1.591666666666667 1.4641025641025645 0.28944127560280014 6.4884444749049646
decision_type=2 2 2 2 2 2 2 2 2 2 2 2 2 2 2 2 2 2 2 2 2
left_child=7 2 3 9 -3 -5 -4 10 18 -2 11 15 -13 14 -12 -1 -15 -10 -9 20 -6
right_child=1 4 6 5 19 -7 -8 8 17 -11 13 12 -14 16 -16 -17 -18 -19 -20 -21 -22
leaf_value=0.02820839092486755 -0.013371444853616446 0.0096490669002958149 0.038964580858481729 -0.003182110250259189 -0.035460682089225704 -0.032432361680099095 0 0.049524793025528209 -0.016284324265862373 0.021328951258472929 0.01095783262093588 -0.0027797471595823972 0.010677308983558361 0 -0.015698957146684692 -0.0014704777750065771 0.014813460838262241 0.017095700513110785 0.007379993957471043 0 -0.0065147045310974903
leaf_weight=43.532844066619873 6.789405524730685 8.3170524239540082 11.948009625077249 27.869502425193787 28.841096505522728 24.663959473371506 13.487300768494604 7.9072798192501086 8.2786772549152392 23.506834924221039 29.683041393756866 299.9649061858654 144.68162868916988 1889.5008726641536 97.73818376660347 13.066415339708326 42.725259855389595 8.1815801560878736 7.5749705135822296 5.2225675135850897 5.6742657124996176
leaf_count=110 20 25 31 83 121 85 38 19 27 70 86 964 427 5681 326 36 158 25 26 16 21
internal_value=0.000349956 -0.00660231 0 -0.00658161 -0.0208566 -0.0180591 0.0203029 0.000783503 0.0174707 0.012432 0.000552135 0.00390273 0.00157122 -0.000254151 -0.00922266 0.0211138 0.000333279 0 0.033538 -0.0279968 -0.0320041
internal_weight=2749.16 156.32 108.265 82.8297 48.055 52.5335 25.4353 2592.84 31.9425 30.2962 2560.89 501.246 444.647 2059.65 127.421 56.5993 1932.23 16.4603 15.4823 39.7379 34.5154
internal_count=8395 510 327 258 183 168 69 7885 97 90 7788 1537 1391 6251 412 146 5839 52 45 158 142
is_linear=0
shrinkage=0.05


Tree=104
num_leaves=23
num_cat=0
split_feature=32 65 30 5 63 39 53 8 63 39 52 63 43 39 7 17 4 5 63 30 65 30
split_gain=12.904 6.75309 5.7012 6.41359 5.45991 5.29169 4.18535 5.20591 4.06202 5.88833 5.85768 5.3872 4.76936 4.44767 2.98805 2.94529 2.58982 5.60241 2.39749 2.30088 1.47481 0.16509
threshold=37.088322252948281 -1.4792717086834732 1417.7685124136353 1.4041666666666668 0.90454545454545476 0.49825155587073738 1.9545454545454546 -0.33333333333333331 -1.05 0.48547206979034757 1.3166666666666669 -0.81066176470588225 6.9484171454641421 0.4993606138107417 0.75961538461538469 0.24807692307692308 0.77350427350427364 0.46969696969696978 0.44999999999999984 1491.7335431043591 2.9148351648351656 1518.8040876125485
decision_type=2 2 2 2 2 2 2 2 2 2 2 2 2 2 2 2 2 2 2 2 2 2
left_child=1 5 6 4 -4 16 7 -3 20 10 12 -12 -10 15 -5 -11 17 -1 -18 -7 21 -2
right_child=8 2 3 14 -6 19 -8 -9 9 13 11 -13 -14 -15 -16 -17 18 -19 -20 -21 -22 -23
leaf_value=-0.018917011226126979 -0.0083053210058030291 0.025648326859583195 -3.5448939400895888e-05 0 -0.016568248410569766 0 -0.018504809119566583 0.0038905032151724905 -0.0031856560930645047 0.053997694049348711 0.011673469465204313 -0.014235732789305672 0.023653177971959077 -0.010443316812307351 0.033346516382697783 0.0045290442828013321 0.031477612988579665 0.010809572741224056 0.012361792508150891 -0.032915628105385723 0 -0.030933644673677298
leaf_weight=16.708913043141365 6.1833523064851788 49.069536298513412 1615.0673380196095 8.0720651596784609 49.639976665377617 11.299678608775141 8.84778183698654 68.581136643886566 237.04025163501501 6.8072270750999468 19.356303997337818 236.02212864905596 15.686177819967268 6.3604784160852423 18.694033041596413 7.0423076599836349 24.153629899024963 91.792033508419991 88.315252482891083 7.2660934031009665 5.702366776764392 22.301804423332214
leaf_count=46 28 125 4738 25 136 29 23 180 925 23 119 1110 58 26 50 31 62 236 228 21 41 135
internal_value=-0.000154712 0.00167135 0.000612334 -0.000144246 -0.000562731 0.00953367 0.0107683 0.0134512 -0.00686057 -0.00566281 -0.00677759 -0.0120994 -0.00124905 0.0193252 0.0232437 0.0341665 0.0117713 0.00574597 0.0171637 -0.014438 -0.0233433 -0.0277089
internal_weight=2620.01 2057.51 1817.97 1691.47 1664.71 239.536 126.498 117.651 562.502 528.315 508.105 255.378 252.726 20.21 26.7661 13.8495 220.97 108.501 112.469 18.5658 34.1875 28.4852
internal_count=8395 5899 5277 4949 4874 622 328 305 2496 2292 2212 1229 983 80 75 54 572 282 290 50 204 163
is_linear=0
shrinkage=0.05


Tree=105
num_leaves=23
num_cat=0
split_feature=33 62 0 57 45 41 12 12 31 43 32 40 41 8 32 31 10 57 62 37 41 43
split_gain=11.8281 5.85237 4.48117 4.00599 6.19892 5.62954 3.51545 3.74647 5.18565 3.50312 3.56537 3.71369 3.4316 3.16705 2.80544 1.70142 1.64003 1.51622 2.32324 2.4996 0.801908 0.354293
threshold=0.45855056169226777 0.80000000000000027 2.379807692307693 0.51315789473684215 1.0540935672514622 0.33169532180688366 0.48333333333333339 0.27922077922077926 1454.2880826359287 6.8839746192279376 -168.31052297258904 0.23569408809683409 0.2645244077302778 0.87083333333333357 -30.195273922016209 1661.7788518176164 0.74166666666666681 0.48684210526315791 0.099999999999999964 1.9000000000000001 0.28579499596448754 3.1984648276080736
decision_type=2 2 2 2 2 2 2 2 2 2 2 2 2 2 2 2 2 2 2 2 2 2
left_child=9 2 3 5 -5 -2 7 12 -9 10 11 15 -3 14 -12 -1 21 -11 19 -19 -13 -4
right_child=1 6 16 4 -6 -7 -8 8 -10 17 13 20 -14 -15 -16 -17 -18 18 -20 -21 -22 -23
leaf_value=-0.011053079006506735 -0.0018033585580439684 0.032448732286601598 -0.0057708655009818975 -0.0050389602214682269 0.0089489897329993635 0.008665048308652919 -0.016419358224128291 -0.0023292967786178397 0.046075543708045473 0.022416029696290734 -0.0049536747825835049 -0.0066166650072971974 0.0062573855863100715 0.018849850082957254 -0.023674454598612778 0.020909045808031851 0.00056452585858080852 -0.0084453086457750414 -0.014553618882376568 0.019309549184416231 -0.028038755417883917 -0.024783190732475594
leaf_weight=5.5965719670057279 935.7509937286377 12.018368721008299 8.7019883990287799 102.19719249010086 310.10962182283401 146.58690182864666 10.949280604720114 6.847692325711253 13.543172061443327 10.261102944612501 646.48912584781647 10.356424532830713 239.38829818367958 11.14281605184078 19.689178511500359 6.2884073257446289 9.2543249130249006 9.8680215030908602 12.405982986092566 20.162773117423058 36.411443486809731 21.554288923740387
leaf_count=27 2762 42 30 294 948 446 30 20 48 37 2345 51 777 37 64 31 29 31 38 71 172 65
internal_value=-0.000203683 0.00200591 0.000765076 0.00122904 0.00541391 -0.000349143 0.00859806 0.00980976 0.0299475 -0.00531784 -0.00622999 -0.0180442 0.00785432 -0.00512003 -0.0056136 0.00463358 -0.0153974 0.00672622 0.00153172 0.00945103 -0.0242735 -0.020787
internal_weight=2605.57 1816.9 1534.16 1494.64 412.307 1082.34 282.747 271.798 20.3909 788.672 735.974 58.6528 251.407 677.321 666.178 11.885 39.5106 52.6979 42.4368 30.0308 46.7679 30.2563
internal_count=8395 5491 4574 4450 1242 3208 917 887 68 2904 2727 281 819 2446 2409 58 124 177 140 102 223 95
is_linear=0
shrinkage=0.05


Tree=106
num_leaves=28
num_cat=0
split_feature=14 1 11 63 52 56 64 19 3 41 50 43 63 42 32 26 64 57 30 43 50 30 22 32 14 22 30
split_gain=2.84029 5.37592 6.189 7.20945 6.12239 5.04535 4.53673 4.43602 3.89701 3.27218 5.09678 4.89905 3.31481 4.77245 3.39718 5.16668 3.87069 3.21946 7.62632 3.62482 3.07713 3.07464 2.99146 2.98207 2.60628 3.19841 2.60043
threshold=0.23205128205128203 1.5166666666666668 0.052272727272727207 0.70294117647058851 0.89444444444444449 0.45227272727272733 -0.22500000000000001 0.48333333333333339 1.4226190476190479 0.32261510890543149 2.0954545454545461 6.2662508806395367 1.4058823529411766 3.2889756944444448 22.72152369648882 -1.0000000180025095e-35 -0.0023972044439076498 0.48684210526315791 1462.7383969797231 6.3108265436897168 1.5857142857142861 1461.0426074056679 0.24038461538461539 50.511643756423616 0.3708333333333334 0.20714285714285713 1506.6728262265331
decision_type=2 2 2 2 2 2 2 2 2 2 2 2 2 2 2 2 2 2 2 2 2 2 2 2 2 2 2
left_child=9 2 6 5 24 -4 -2 8 -6 10 17 22 14 -14 16 -16 -11 18 -1 -19 -5 -13 -12 -9 25 -3 -8
right_child=1 4 3 20 7 -7 26 23 -10 12 11 21 13 -15 15 -17 -18 19 -20 -21 -22 -23 -24 -25 -26 -27 -28
leaf_value=-0.021695737823114063 0.021805983691011149 0.046400204462571634 -0.0071836102635605137 0.0025217842423166026 0.0034344213474943597 0.023257635611607749 -0.022659670552201031 0.018683856813632264 -0.038320935987860912 -0.0045453596385105826 0.0063227716259207176 -0.032735283442390427 -0.037917042251722245 0.0063218435218855692 0 -0.015694705447557751 0.0048496709350217349 -0.00087234095330525514 0 0.0041165695780235644 -0.029236602934858264 0.004784507868542948 0.029435008297624816 -0.007588861380262127 0.00046043525671363535 0.0059852554228961444 -0.0024628849041778127
leaf_weight=51.682192102074623 7.3654350936412802 20.729239627718929 15.28666904568672 12.534262612462046 10.151685833930971 55.772539719939232 41.155425235629082 38.874441847205162 7.7764755338430396 220.58756221830845 30.593992799520493 6.0666325241327312 13.778495132923128 7.7276878058910361 110.14427936077118 100.74601960927248 213.9182180762291 880.25654749572277 171.71616594493389 611.48448170721531 12.745054140686987 13.171656087040899 34.02103765308857 11.856737360358236 7.9097982347011557 9.0221992582082731 30.951973021030426
leaf_count=164 22 49 48 38 32 150 130 107 26 690 82 20 51 25 393 378 623 2676 531 1807 43 38 90 41 23 24 94
internal_value=0.000352249 0.00508921 -0.000167555 0.00813546 0.0138552 0.0163494 -0.0104921 0.00425458 -0.015451 -0.000183279 0.000915224 0.0128113 -0.00317778 -0.021772 -0.00245421 -0.00762947 2.38068e-05 0.000304822 -0.00524583 0.00115872 -0.013543 -0.00783842 0.0193855 0.0120144 0.0296303 0.0360806 -0.014628
internal_weight=2748.03 282.132 175.811 96.3385 106.321 71.0592 79.4728 68.6593 17.9282 2465.89 1798.99 83.8533 666.902 21.5062 645.396 210.89 434.506 1715.14 223.398 1491.74 25.2793 19.2383 64.615 50.7312 37.6612 29.7514 72.1074
internal_count=8395 827 525 279 302 198 246 206 58 7568 5408 230 2160 76 2084 771 1313 5178 695 4483 81 58 172 148 96 73 224
is_linear=0
shrinkage=0.05


Tree=107
num_leaves=28
num_cat=0
split_feature=33 2 33 1 61 43 43 20 3 62 65 51 5 41 43 51 56 41 56 6 46 7 37 63 53 43 46
split_gain=11.9047 6.50294 5.70995 5.48442 4.4759 4.74578 4.28469 3.72573 4.83717 3.44485 5.65515 4.31429 3.42667 5.4043 5.58049 4.28405 3.2445 3.21567 2.7807 2.23388 2.10337 1.95335 2.14851 1.9275 1.64329 1.3545 1.11966
threshold=0.5751691944511822 1.1961538461538466 0.23172656823500024 1.7071428571428573 15.500000000000002 4.886575525404063 5.1029059508623904 -0.035714285714285643 1.6547619047619049 0.30000000000000016 -0.17092318562906797 0.88194444444444453 0.69761904761904769 0.28064199268815404 5.7914868896406997 1.1339285714285716 0.46410256410256417 0.27518903681694384 0.48684210526315791 1.1291666666666669 1.6583333333333334 1.4641025641025645 2.4500000000000006 0.15000000000000008 0.78888888888888908 6.1279596970873662 1.4330357142857146
decision_type=2 2 2 2 2 2 2 2 2 2 2 2 2 2 2 2 2 2 2 2 2 2 2 2 2 2 2
left_child=1 2 19 7 5 -4 -6 8 16 10 -9 -11 15 17 -15 26 -2 -14 -17 -1 21 22 -5 -10 -22 -23 -3
right_child=3 12 4 20 6 -7 -8 9 23 11 -12 -13 13 14 -16 18 -18 -19 -20 -21 24 25 -24 -25 -26 -27 -28
leaf_value=0.002978351804581164 -0.0020728866235949772 0.040424384090748999 -0.00061361237288634 -0.012865931529436152 0.019063290431673607 -0.011350069329045583 0.0010362003142965852 -0.015138518886253097 0.031251740365941923 0.013583126049295078 0.015174433841673744 -0.010798487333150714 -0.00073863615944700202 0.021207558323506594 0 0.018377003427960874 -0.024850301471049996 -0.032924290566767843 -0.015335751646703675 0.03992039748795273 0.016660032336697078 -0.011395160192492149 -0.02826882905619011 -0.0023679373341444813 -0.011359301064039365 0.016017484356156415 0.017496550743657913
leaf_weight=8.9439147710800189 27.64475791156292 15.794970870018004 330.52691040933132 72.344829432666302 31.981325283646584 151.36997555196285 1440.8099941015244 17.531188726425171 5.9976295828819257 20.635256543755531 64.279992297291756 80.946381725370884 30.396057263016701 59.22014220058918 60.254598259925842 9.5161556601524371 45.626419432461262 9.3431298732757551 11.022017627954481 10.573491305112837 7.259736597537997 9.0201360806822759 47.87944070994854 5.9807898551225662 9.920339494943617 5.6211571693420401 25.41812938451767
leaf_count=22 123 41 1053 384 91 499 4149 60 21 93 242 413 75 156 157 23 208 22 28 28 27 48 272 24 41 28 67
internal_value=-0.0001576 0.0013111 0.000383344 -0.00785043 8.84319e-05 -0.00407071 0.00146993 -0.00338856 -0.0119077 0.000522405 0.00817418 -0.00543762 0.00941016 0.0051927 0.0105745 0.0193879 -0.0168721 -0.0101198 0 0.0260038 -0.0154253 -0.0174993 -0.0195669 0.01474 0 0 0.0283264
internal_weight=2615.86 2195.17 1974.21 420.688 1954.69 481.897 1472.79 268.642 85.2496 183.393 81.8112 101.582 220.965 159.214 119.475 61.7513 73.2712 39.7392 20.5382 19.5174 152.046 134.866 120.224 11.9784 17.1801 14.6413 41.2131
internal_count=8395 6411 5842 1984 5792 1552 4240 1184 376 808 302 506 569 410 313 159 331 97 51 50 800 732 656 45 68 76 108
is_linear=0
shrinkage=0.05


Tree=108
num_leaves=21
num_cat=0
split_feature=32 17 2 35 49 55 43 32 64 64 21 57 62 43 31 51 52 55 30 30
split_gain=10.8806 6.12812 3.79339 3.65928 4.14488 3.6885 3.40333 3.04503 3.00511 3.96282 2.78517 4.9277 3.10236 2.78046 2.71876 1.78123 1.75441 1.15641 0.726767 0.120107
threshold=-36.049509228886784 0.066666666666666666 1.202564102564103 0.63333333333333341 1.4365079365079367 2.4721362229102173 7.035708546515818 -208.21603432093056 -1.7360724852071006 -0.95326265614727135 1.0000000180025095e-35 0.55277777777777792 1.0544117647058826 6.8839746192279376 1471.233847133617 0.47222222222222227 0.78888888888888908 3.8480769230769236 1456.6334099552855 1489.5444301778002
decision_type=2 2 2 2 2 2 2 2 2 2 2 2 2 2 2 2 2 2 2 2
left_child=7 2 3 4 -2 -5 10 18 16 17 11 -3 -12 -11 -8 -4 -9 -10 -1 -17
right_child=1 6 15 5 -6 -7 14 8 9 13 12 -13 -14 -15 -16 19 -18 -19 -20 -21
leaf_value=-0.026714146352751163 -0.0025911578996964525 -0.021797529703147769 0 -0.017428658673335391 0.0048399185436607348 -0.001447442077081129 0.0072146065575549702 0 -0.028562032107942177 -0.0053366188265632141 0.0043375489774273223 0.014274646510695405 0.01275830049515834 0.0070700435167569964 -0.025374530543505705 -0.0081895563796802687 0.033984624520300127 0 -0.00089473509103091785 -0.02986707208233514
leaf_weight=19.299618348479274 382.95078982412815 22.7327029556036 7.8093325197696712 56.033325418829918 360.82940478622913 107.19018666446209 7.5859944522380856 5.9450263082981092 21.220204606652263 598.50228044390678 769.0601100474596 12.791678413748739 132.07696969807148 45.453503668308258 14.833175182342528 6.557147383689883 5.6798934936523438 5.0113851726055136 5.6639031544327727 14.340392023324965
leaf_count=102 1150 61 27 162 1110 326 23 28 97 2178 2282 39 463 153 39 24 27 25 30 49
internal_value=-0.000202712 0.00176258 -0.00109407 -0.000479528 0.000983663 -0.00722954 0.00457211 -0.00549683 -0.00478225 -0.00526986 0.00506268 -0.00807384 0.00562495 -0.00440302 -0.0136358 -0.0184007 0.018141 -0.0238448 -0.0222841 -0.0254664
internal_weight=2601.57 1894.79 935.711 907.004 743.78 163.224 959.081 706.776 681.812 670.187 936.661 35.5244 901.137 643.956 22.4192 28.7069 11.6249 26.2316 24.9635 20.8975
internal_count=8395 5755 2848 2748 2260 488 2907 2640 2508 2453 2845 100 2745 2331 62 100 55 122 132 73
is_linear=0
shrinkage=0.05


Tree=109
num_leaves=15
num_cat=0
split_feature=37 1 42 65 64 64 19 20 3 9 18 5 9 30
split_gain=3.08311 2.90066 3.07204 3.76458 2.44152 3.26595 2.68345 4.82643 4.19387 3.87741 3.00524 2.1141 1.24683 0.130801
threshold=5.5833333333333348 1.7928571428571431 2.7266773847802788 -0.026284348864993996 -1.905082734451246 -3.9548611111111103 0.64583333333333337 -0.20512820512820504 0.74166666666666681 0.65476190476190488 0.57738095238095244 -0.89615384615384597 1.0000000180025095e-35 1545.7528513847392
decision_type=2 2 2 2 2 2 2 2 2 2 2 2 2 2
left_child=4 2 3 -2 5 -1 7 11 -8 -10 -9 -6 -7 -4
right_child=1 -3 13 -5 6 12 8 10 9 -11 -12 -13 -14 -15
leaf_value=0.010111817799045035 0.014748480498120366 0.0083667000823046955 -0.036951826021372244 -0.027524252832545573 7.8570642265802365e-05 0 -0.017049516380820348 0.00092653665052259439 0.022003820736942126 -0.0012501421221403988 -0.013393925266097249 -0.027504533917298353 -0.026293597151983081 -0.0095681436451990082
leaf_weight=9.3781327158212644 10.591978028416635 10.398824088275431 13.238273397088053 6.8851958960294715 7.5547486245632198 5.6765285134315517 10.321520626544951 2519.4307444766164 48.117666080594063 24.551205679774284 35.001588597893715 19.982883840799332 20.511286966502666 5.1585334390401831
leaf_count=30 32 35 50 25 24 24 37 7628 140 74 113 68 93 22
internal_value=0.000348259 -0.0121535 -0.0188895 -0.00173772 0.00058056 -0.012039 0.000767253 0.000468939 0.00952474 0.0139896 0.000710209 -0.019598 -0.021013 -0.0321901
internal_weight=2746.8 46.2728 35.874 17.4772 2700.53 35.5659 2664.96 2581.97 82.9904 72.6689 2554.43 27.5376 26.1878 18.3968
internal_count=8395 164 129 57 8231 147 8084 7833 251 214 7741 92 117 72
is_linear=0
shrinkage=0.05


Tree=110
num_leaves=24
num_cat=0
split_feature=65 41 32 14 43 26 44 51 50 32 10 10 6 64 43 41 14 49 13 46 54 47 6
split_gain=11.1236 6.61708 4.68029 5.30727 4.50996 5.81914 4.91234 4.91262 4.21064 4.15406 4.40795 3.90013 3.65668 4.37842 3.62758 3.54288 3.27406 3.2688 2.34684 2.30491 1.903 1.81907 1.0148
threshold=-0.3333333333333332 0.23820649755229192 82.885301275283737 0.27386363636363642 5.8096417414785728 1.8333333333333337 2.4188596491228078 1.5857142857142861 0.90454545454545465 -175.2617479591581 0.12916666666666668 0.42261904761904762 0.96666666666666667 -0.37499999999999983 6.3673288170409661 0.24450483091787437 -1.0000000180025095e-35 1.1055555555555558 0.43650793650793651 1.5941176470588239 2.0871212121212124 1.3245614035087721 0.93095238095238109
decision_type=2 2 2 2 2 2 2 2 2 2 2 2 2 2 2 2 2 2 2 2 2 2 2
left_child=4 21 3 8 6 9 7 15 -3 14 -11 -5 19 -14 -6 -1 -9 20 -19 -7 -4 22 -2
right_child=1 2 17 11 5 12 -8 16 -10 10 -12 -13 13 -15 -16 -17 -18 18 -20 -21 -22 -23 -24
leaf_value=-0.0076829877799957612 0.012206608420976419 -0.0059881535132770801 0.0033841394232741878 0.0057330170405831531 -0.0025143848968544403 0.0099452628400558026 -0.023509566293693832 -0.027833796464261585 0.00043968359820206466 -0.014256580949011789 -0.00049567726456382466 -0.022845285925435305 -0.018794228741196906 0.013311853630687879 0.019460569095502065 0.011617069117840613 0.0023391219815502131 -0.0076806467847957043 0.0097467622345767772 0.04061021038954548 -0.020809869378389537 0 0.044481030681248326
leaf_weight=22.520210742950439 10.485615462064748 347.07588391751051 6.6499211490154257 13.130020722746847 29.289627730846405 17.034986108541492 9.8672554939985258 12.063084125518797 920.77816872298717 67.799143865704536 378.20994581282139 47.527823865413666 12.655446350574492 34.511176124215126 41.248875081539154 359.64889180660248 20.62367556989193 142.27973333746195 19.381614729762077 14.45323210954666 68.655559450387955 8.931591868400572 6.9959011375904074
leaf_count=62 29 1244 29 41 75 46 28 33 2887 178 1026 162 32 93 106 956 56 731 94 37 398 31 21
internal_value=-0.000154762 -0.0027746 -0.00321864 -0.00203255 0.00390723 0.00104234 0.00783976 0.00875459 -0.00130691 -0.000859294 -0.00269762 -0.0162747 0.0135525 0.00377479 0.0101735 0.0103806 -0.0090383 -0.00969097 -0.00534494 0.0263519 -0.0183177 0.0210372 0.0296463
internal_weight=2611.82 1591.89 1565.48 1328.51 1019.93 595.202 424.723 414.856 1267.85 516.548 446.009 60.6578 78.6548 47.1666 70.5385 382.169 32.6868 236.967 161.661 31.4882 75.3055 26.4131 17.4815
internal_count=8395 5667 5586 4334 2728 1593 1135 1107 4131 1385 1204 203 208 125 181 1018 89 1252 825 83 427 81 50
is_linear=0
shrinkage=0.05


Tree=111
num_leaves=27
num_cat=0
split_feature=65 30 53 30 50 55 41 44 12 13 14 42 62 53 51 64 42 44 54 54 42 38 2 41 41 5
split_gain=10.222 6.6457 6.4356 5.34774 4.24471 5.47233 5.82405 4.75476 3.93018 3.81356 3.62149 3.54454 4.24221 3.90396 3.26949 2.90942 2.35104 3.59983 2.32879 5.19455 3.78567 2.59904 2.50034 2.2094 2.02508 1.75253
threshold=-0.76467171717171711 1548.3786859984154 1.4722222222222225 1562.8953332196545 0.9545454545454547 2.1464285714285718 0.34789423470083142 1.3660287081339715 0.43650793650793651 0.30384615384615393 -0.10871212121212119 2.7266773847802788 0.25967161493477292 2.0500000000000003 0.2678571428571429 0.26125000000000009 2.5593526509057036 1.5477272727272731 3.5477272727272733 4.1715686274509816 3.1901670050017796 1.3666666666666669 1.1291666666666671 0.28537991524588552 0.33605888802717093 0.79285714285714315
decision_type=2 2 2 2 2 2 2 2 2 2 2 2 2 2 2 2 2 2 2 2 2 2 2 2 2 2
left_child=14 4 3 10 5 7 -7 -2 9 -6 -3 13 -13 -4 16 -5 -1 25 21 20 -20 24 -23 -10 -16 -18
right_child=1 2 11 15 8 6 -8 -9 23 -11 -12 12 -14 -15 18 -17 17 -19 19 -21 -22 22 -24 -25 -26 -27
leaf_value=0.027476595987591348 -0.020156655066362987 0.0031905095948573051 -0.019828533298115226 0.0071434801869511566 -0.0029281689368043443 0.0049327419626102667 0.036442353838121277 0.0061958014211912328 -0.00079739060348059528 0.0033487312611386356 0.027793224248586032 0.013342687624465159 -0.006814013049956387 0.015570960657125078 -0.014264075173504196 -0.01317485325672689 0.0048841472299300708 0.023027021878755657 0.027758717259796391 -0.028282502382644733 -0.0072520072316851897 -0.0069688049654695458 0.01993497870557237 -0.015905621659344664 0 -0.021239081481641581
leaf_weight=7.2770773619413367 38.059168800711632 24.516998276114464 41.968880906701088 320.6838290989399 808.30596522986889 326.22253276407719 13.797825083136557 26.638707041740417 41.465944558382034 340.41209304332733 53.97010138630867 45.614179834723473 54.533015847206116 7.1030969172716132 230.93817458301783 16.015801697969437 7.2573028653860154 8.5783311724662763 15.997462436556818 8.0679919868707639 10.762089654803274 25.033886954188347 10.51265838742256 72.740437343716621 26.350451588630676 14.759068027138708
leaf_count=26 109 74 115 1010 2515 992 48 81 129 1083 177 141 159 22 945 44 26 29 72 28 44 94 48 225 108 51
internal_value=-0.0002015 0.00106001 0.00574308 0.00894785 -0.000514955 0.00390867 0.0064901 -0.00907104 -0.00195626 -0.00104375 0.0206889 -0.00300894 0.00220353 -0.0138059 -0.0079365 0.0060311 0.00533602 -0.000526028 -0.00956946 0.00196287 0.0132838 -0.0110298 0.000960027 -0.0107434 -0.0127774 -0.0118974
internal_weight=2597.58 2232.05 564.406 415.187 1667.64 404.718 340.02 64.6979 1262.92 1148.72 78.4871 149.219 100.147 49.072 365.534 336.7 37.8718 30.5947 327.663 34.8275 26.7596 292.835 35.5465 114.206 257.289 22.0164
internal_count=8395 6924 1742 1305 5182 1230 1040 190 3952 3598 251 437 300 137 1471 1054 132 106 1339 144 116 1195 142 354 1053 77
is_linear=0
shrinkage=0.05


Tree=112
num_leaves=29
num_cat=0
split_feature=45 11 4 31 11 23 41 37 49 20 11 49 41 5 38 1 60 56 52 23 23 37 49 32 14 14 62 39
split_gain=2.96715 5.03745 6.58813 5.91384 5.36203 5.11489 5.53625 4.63126 5.50558 6.21497 5.22913 5.04231 5.05434 5.01537 4.46248 4.43758 4.17493 4.30557 4.32848 4.13847 4.09852 3.56046 4.99265 3.28121 3.10711 2.47917 1.95736 1.80828
threshold=1.151923076923077 -0.066666666666666638 2.1742424242424243 1430.7605155746919 0.13076923076923078 0.12440476190476192 0.30043880752131491 3.1000000000000005 1.1055555555555558 0.013997113997113951 0.13076923076923078 1.2928571428571431 0.3074232686574459 -0.26969696969696966 1.9000000000000001 1.9258241758241763 17.500000000000004 0.48684210526315791 1.1055555555555558 0.25952380952380955 -0.19999999999999993 3.3666666666666667 0.9545454545454547 -8.4185086569372043 0.063003663003663016 0.16538461538461538 0.049999999999999954 0.41672593646277861
decision_type=2 2 2 2 2 2 2 2 2 2 2 2 2 2 2 2 2 2 2 2 2 2 2 2 2 2 2 2
left_child=1 2 21 4 14 6 -5 8 9 10 -2 13 -13 -10 -3 -7 -9 20 -19 25 -18 23 -23 -1 -21 -4 -11 -6
right_child=7 3 19 5 27 15 -8 16 11 26 -12 12 -14 -15 -16 -17 17 18 -20 24 -22 22 -24 -25 -26 -27 -28 -29
leaf_value=-0.016268395910924324 0.025024220239473621 -0.034806705171945354 0.0087936729412329342 0.00059645445322630008 -0.0043915711449842619 0.030250225026499017 0.012343780253328961 -0.033393244014226942 0.010736510655862305 -0.030270430518959997 -0.0031055572116306545 0.003456576022890108 -0.0031114256747252706 -0.021316398256719479 0.002294226222784895 -0.0039906658755609233 0.029316790205254691 -3.8325513526466118e-05 -0.011601941791987059 0.010182728806466423 0 -0.014448949274125496 0.015256559035355582 -0.0030720288584766501 -0.028409779893291721 0.0341805528902977 0.00085225316290243327 0.024276095896872654
leaf_weight=55.697292417287827 59.34157395362854 20.71406847238541 26.664240971207619 234.53548307716846 7.5271386355161694 39.189210444688797 179.99673193693161 11.393150418996809 13.487579241394995 7.6143779307603818 20.001560553908348 622.62106050550938 548.06715261936188 49.445479422807693 10.370995268225668 10.1318292170763 14.270790889859198 146.86376474797726 191.094018638134 9.5235224962234515 39.287502557039261 16.950151383876801 49.523525714874268 317.9366067647934 7.0049738734960547 20.225647926330566 7.3601548001170158 9.0976031422615034
leaf_count=170 167 66 86 657 22 107 499 41 43 24 60 1816 1724 153 33 30 40 443 637 38 125 63 156 1063 30 53 24 25
internal_value=0.000346772 0.00249688 -0.00101078 0.00598861 -0.0102526 0.00774961 0.00579213 -0.0009012 0.000508182 0.0120294 0.0177237 -0.000370496 0.000360332 -0.0139428 -0.0222826 0.0228477 -0.00558766 -0.00454938 -0.00668016 0.013731 0.0082025 -0.00324409 0.00711605 -0.0051819 -0.00612507 0.0212058 -0.0152024 0.0108763
internal_weight=2745.94 1015.09 503.526 511.563 47.7098 463.853 414.532 1730.85 1327.94 94.3177 79.3431 1233.62 1170.69 62.9331 31.0851 49.321 402.909 391.516 337.958 63.4184 53.5583 440.108 66.4737 373.634 16.5285 46.8899 14.9745 16.6247
internal_count=8395 3098 1659 1439 146 1293 1156 5297 4011 275 227 3736 3540 196 99 137 1286 1245 1080 207 165 1452 219 1233 68 139 48 47
is_linear=0
shrinkage=0.05


Tree=113
num_leaves=28
num_cat=0
split_feature=32 30 65 5 59 1 40 25 41 37 44 44 40 8 43 43 13 41 51 4 30 40 4 40 62 64 46
split_gain=10.2119 5.69529 5.18671 5.51252 5.28772 5.15586 4.17083 5.59946 4.83131 5.4236 4.59565 4.34493 4.33505 3.92838 6.22844 6.20399 4.60618 3.3775 3.22913 2.64629 2.61916 2.34679 2.33215 2.26136 2.15651 2.0942 2.51796
threshold=52.631846643314709 1421.2955323820768 -1.4792717086834732 1.4041666666666668 0.48684210526315791 1.7071428571428573 0.24291161080735471 1.1666666666666667 0.30437440204103333 3.3666666666666667 1.2426470588235297 1.6396103896103897 0.23030753298212439 -0.33333333333333331 6.4369510090529154 5.8707073513045964 0.27922077922077926 0.25679367892482646 1.3166666666666669 0.72077922077922085 1510.0030182741286 0.25081700218935227 0.77350427350427364 0.29685855263157901 1.752777777777778 0.020178571428571403 1.7029411764705884
decision_type=2 2 2 2 2 2 2 2 2 2 2 2 2 2 2 2 2 2 2 2 2 2 2 2 2 2 2
left_child=1 13 17 4 -4 6 7 12 9 -8 -10 -9 -2 16 15 -15 21 -3 -16 -5 25 -1 -19 24 -22 26 -7
right_child=5 2 3 19 -6 20 8 11 10 -11 -12 -13 -14 14 18 -17 -18 22 -20 -21 23 -23 -24 -25 -26 -27 -28
leaf_value=0.0029509579874659681 0.0018845417123366547 -0.014617462794334016 -0.0057068726996775581 -4.2069309769028245e-05 0.00070901145704409772 -0.018211227080853386 -0.0070266624272556401 0.0099930454058697622 0.0054548526313787857 0.018113509394826973 -0.026872484902731537 -0.020217323982463356 0.034336194010787059 -0.0070352793593110256 -0.029269670653139703 0.025960333583525459 0.043365908937434465 0.0035168330116233902 0 0.031038047620214806 -0.0220275646430531 0.023481169338912911 0.01449035620468539 0.0063004249623922638 0.0054028013360233589 0.014562343463994319 0.013945200102394365
leaf_weight=40.566927790641785 23.171410664916039 13.382102638483046 416.48402982950211 7.9384441673755672 1361.5701100379229 21.117484107613567 99.908483639359474 19.088130578398705 12.152474105358122 24.974892035126686 43.291007317602634 23.965029664337635 19.930136986076832 21.228405117988586 15.416678979992865 32.982162371277809 13.679036587476729 104.16821002960205 17.032600268721581 18.371522143483162 100.54898478090763 23.072341412305832 106.31065654754639 6.2184739634394637 5.4087255820631972 10.053248241543768 5.7370970696210852
leaf_count=105 102 36 1315 23 4008 99 440 76 43 103 216 122 82 56 41 87 36 273 45 51 572 59 276 35 39 34 21
internal_value=-0.000154838 0.00119939 0.000457296 -0.000423267 -0.000784498 -0.0073301 -0.00300253 0.00579918 -0.00736232 -0.00159569 -0.0194083 -0.00641928 0.0183017 0.0101115 0.0023575 0.0128042 0.0182086 0.0076064 -0.0140994 0.0214368 -0.0147579 0.0112637 0.00926133 -0.0185424 -0.0203216 -0.00225093 -0.00998463
internal_weight=2607.77 2192.2 2028.23 1804.36 1778.05 415.566 266.482 86.1547 180.327 124.883 55.4435 43.0532 43.1015 163.978 86.6598 54.2106 77.3183 223.861 32.4493 26.31 149.084 63.6393 210.479 112.176 105.958 36.9078 26.8546
internal_count=8395 6411 5982 5397 5323 1984 1184 382 802 543 259 198 184 429 229 143 200 585 86 74 800 164 549 646 611 154 120
is_linear=0
shrinkage=0.05


Tree=114
num_leaves=23
num_cat=0
split_feature=65 30 53 30 41 14 37 41 2 41 42 42 53 47 36 30 43 6 54 54 26 42
split_gain=9.35797 6.03564 6.00642 5.01116 4.02798 4.52469 3.86158 3.93676 3.44845 3.28994 3.28429 4.01636 3.67136 3.12641 3.11858 2.7227 2.40482 2.35176 2.15 3.28627 2.36751 1.59708
threshold=-0.76467171717171711 1548.3786859984154 1.4722222222222225 1562.8953332196545 0.33995073891625621 -0.17301587301587293 3.7750000000000004 0.25766318465704968 0.18560606060606064 0.24450483091787437 2.7266773847802788 2.9735087719298252 2.0500000000000003 0.34166666666666673 1.0000000180025095e-35 1521.0355468659934 7.005335504483182 1.3923076923076925 3.5477272727272733 4.1583333333333341 0.83333333333333359 3.1199309428476103
decision_type=2 2 2 2 2 2 2 2 2 2 2 2 2 2 2 2 2 2 2 2 2 2
left_child=13 4 3 8 6 17 9 -8 -3 -2 12 -12 -4 21 -5 -7 18 -6 20 -20 -15 -1
right_child=1 2 10 14 5 15 7 -9 -10 -11 11 -13 -14 16 -16 -17 -18 -19 19 -21 -22 -23
leaf_value=0.027400907036947815 -0.013454042112194359 0.023895360530264934 -0.019270324111334426 0.0020036092401747702 0 0 0.025323232732656409 -0.0092391214682761014 -0.0048794561024358921 0.00018816593005956963 0.024114723691424363 -0.0021379828776921586 0.015008508758253278 -0.014541566925721134 0.01222853549452689 0.021095959788988015 0.016371306965592882 0.036614046569330504 0.010197359940703388 -0.02093158391943474 -0.0051216088140806568 -0.0015982259869108566
leaf_weight=7.2908717542886716 43.683100521564484 68.613615661859512 41.799151584506035 217.52685348689556 7.5846311599016216 97.431499838829041 6.362858533859252 190.51851746439934 9.8742474466562253 1289.1707698404789 15.298427417874334 84.956415921449661 7.1174528151750556 175.26413939893246 118.77161195874214 15.665183290839193 6.9321627467870703 16.072192281484604 28.990979418158531 9.5347279608249647 128.68649428337812 6.2875480800867081
leaf_count=25 128 223 115 682 24 292 22 594 28 4016 50 250 22 697 372 51 26 55 123 34 546 20
internal_value=-0.000199869 0.00100389 0.00546888 0.00856819 -0.000496873 0.00763633 -0.0012493 -0.007753 0.0199334 -0.000259705 -0.00298303 0.00201688 -0.0133981 -0.00763006 0.00573962 0.0030275 -0.00861165 0.0267419 -0.00928202 0.00122357 -0.0106946 0.0138867
internal_weight=2593.43 2230.45 563.958 414.786 1666.49 136.754 1529.74 196.881 78.4879 1332.85 149.171 100.255 48.9166 362.987 336.298 113.097 349.409 23.6568 342.476 38.5257 303.951 13.5784
internal_count=8395 6924 1742 1305 5182 422 4760 616 251 4144 437 300 137 1471 1054 343 1426 79 1400 157 1243 45
is_linear=0
shrinkage=0.05


Tree=115
num_leaves=17
num_cat=0
split_feature=62 19 43 35 44 3 51 2 3 40 41 0 16 3 47 54
split_gain=2.81817 3.81594 4.89915 3.77274 3.69499 3.93979 3.35912 3.09757 3.03564 2.74513 2.56809 2.22426 4.56353 2.08271 2.20733 1.86917
threshold=-1.5416666666666663 0.64583333333333337 3.795426061844291 0.70833333333333337 0.55277777777777792 2.4833333333333338 0.89444444444444449 0.98525641025641042 0.74166666666666681 0.28483152135926654 0.31713173985547527 2.0333333333333337 0.48333333333333339 2.2928571428571431 1.2426470588235297 3.6961538461538468
decision_type=2 2 2 2 2 2 2 2 2 2 2 2 2 2 2 2
left_child=3 2 7 13 6 -6 -4 9 -3 -2 -5 15 -13 14 -1 -10
right_child=1 8 4 10 5 -7 -8 -9 11 -11 -12 12 -14 -15 -16 -17
leaf_value=-0.034661099285417704 -0.012347335346033271 -0.011714125765396904 -0.007396421998020976 -0.010647489485631873 0.00065269959656774645 -0.014001061648621183 0.024776738362233541 -0.036287260793212921 0.023817415127735699 0.01109278915463264 0.024492075000950419 -0.015428369110117239 0.028861752325993934 0 -0.0002042749548345436 0
leaf_weight=19.330575287342075 53.80737629532814 10.292595133185385 8.7696321308612806 7.4108791053295162 2450.6789277270436 44.653573021292686 26.768949821591377 9.8732807189226133 44.616624280810356 13.324774339795111 8.5928231030702573 14.088082522153856 7.0987858325242987 8.314297601580618 7.8763116449117652 9.3939940333366376
leaf_count=79 172 36 25 27 7471 136 69 35 126 40 29 43 18 30 27 32
internal_value=0.000342948 0.00057712 0.00022257 -0.0109951 0.000614246 0.000369459 0.0162005 -0.0120236 0.0108546 -0.00714686 0.00745613 0.014491 0 -0.0199287 -0.026239 0.0197154
internal_weight=2744.89 2693.37 2607.88 51.5249 2530.87 2495.33 35.5386 77.0054 85.4901 67.1322 16.0037 75.1975 21.1869 35.5212 27.2069 54.0106
internal_count=8395 8203 7948 192 7701 7607 94 247 255 212 56 219 61 136 106 158
is_linear=0
shrinkage=0.05


Tree=116
num_leaves=27
num_cat=0
split_feature=32 30 23 19 45 1 46 31 39 47 31 4 65 42 64 39 3 53 46 15 19 43 46 37 3 14
split_gain=9.35676 5.33398 5.58588 6.46094 6.14038 4.87636 4.85616 5.26067 4.5773 4.56586 4.24878 5.00791 3.97572 3.60047 3.37346 3.35659 3.90436 4.03738 2.85541 3.74725 3.52673 2.1909 1.84027 2.29959 2.25705 1.46507
threshold=52.631846643314709 1421.2955323820768 0.11547619047619047 0.48333333333333339 2.3038461538461541 1.7071428571428573 1.4409722222222225 1478.8076842881778 0.47966710509110771 1.8535714285714286 1486.661998234028 1.6547619047619049 0.69742063492063511 2.5714897784306534 0.12247448979591836 0.43565803948815934 1.2583333333333335 0.82575757575757591 1.4868421052631582 0.12916666666666668 0.48333333333333339 5.7822843490610341 0.94868421052631591 1.6333333333333335 0.86190476190476206 0.13236763236763233
decision_type=2 2 2 2 2 2 2 2 2 2 2 2 2 2 2 2 2 2 2 2 2 2 2 2 2 2
left_child=1 14 3 12 -5 8 7 -4 10 -8 13 -12 -3 -2 18 16 25 -18 20 -20 -1 -10 24 -24 -17 -7
right_child=5 2 6 4 -6 15 9 -9 21 -11 11 -13 -14 -15 -16 22 17 -19 19 -21 -22 -23 23 -25 -26 -27
leaf_value=0.0073149056018310434 0.016869030491548892 0.0048008868066254685 0.010486512750245345 -0.002477902704636306 0.0095835702739425557 -0.020936909740578245 -0.0057742282689851833 -0.0051399461731930262 0.032854816787376707 -0.028095065687144635 -0.017976702825374957 0.012933460167171788 0.030816669001650678 -0.0030498338811954916 -0.01149030613784742 -0.017073288183794066 0.02935332251716119 -0.0073650423479112714 0.023743132419478428 0.0030849944856161681 0.046706713507422677 0 -0.011093465576218714 -0.031833567823212436 0.014078515473977269 0.0029065260800239892
leaf_weight=14.95030650496483 25.303442843258381 668.55435502529144 68.135625824332237 825.7270667552948 118.53208082914352 24.552612304687504 71.407153561711311 225.08915697038174 10.542888090014459 35.96199643611908 78.885235756635666 13.174467556178568 13.523266017436979 131.01486255973577 14.215986549854277 12.616985857486727 11.716363042593004 13.447816662490366 28.51806652545929 95.180397540330887 11.020715475082396 6.5883334428071967 30.606605038046837 41.511579401791096 7.1188617572188368 5.6336835920810691
leaf_count=38 103 1865 231 2433 314 155 215 756 37 121 370 62 47 584 38 81 50 58 72 252 29 28 155 230 40 31
internal_value=-0.000152865 0.00113999 0.000421192 0.00173596 -0.00092036 -0.00704842 -0.00483654 -0.00137776 -0.00284159 -0.013856 -0.00470442 -0.0131065 0.00544183 0.000188919 0.00976706 -0.0143288 -0.00383423 0.00971305 0.0120759 0.00834851 0.0270689 0.0205282 -0.0201699 -0.0239057 -0.00442495 -0.0158062
internal_weight=2603.53 2190.82 2026.93 1626.34 944.259 412.714 400.594 293.225 265.509 107.369 248.378 92.0597 682.078 156.318 163.885 147.205 55.3505 25.1642 149.669 123.698 25.971 17.1312 91.854 72.1182 19.7358 30.1863
internal_count=8395 6411 5982 4659 2747 1984 1323 987 1184 336 1119 432 1912 687 429 800 294 108 391 324 67 65 506 385 121 186
is_linear=0
shrinkage=0.05


Tree=117
num_leaves=29
num_cat=0
split_feature=30 31 53 40 39 39 40 39 42 53 42 38 63 13 63 7 54 38 30 12 0 13 18 56 20 63 40 39
split_gain=8.56969 7.29092 4.86266 4.93912 5.65439 3.48371 4.12833 3.67625 5.63827 4.06612 3.34208 3.16278 4.53663 3.93653 3.26836 5.59871 4.18301 2.97304 2.92032 2.82766 2.51605 2.48483 3.81607 2.36415 2.31738 2.17694 1.86543 1.2055
threshold=1519.4036369036269 1546.911561278919 1.4722222222222225 0.24468837461253723 0.43709450760285101 0.40809931594604693 0.29554669685583074 0.4421210653535857 2.615338663725761 0.78888888888888908 3.1583530449916051 2.291666666666667 -0.5527777777777777 0.32051282051282054 0.098295454545454422 1.861904761904762 3.2899159663865549 1.7083333333333337 1524.926984955928 0.25833333333333336 1.6547619047619049 0.06904761904761901 0.53589743589743599 0.45227272727272733 -1.0000000180025095e-35 0.3984126984126985 0.26277699584301667 0.44547718072764969
decision_type=2 2 2 2 2 2 2 2 2 2 2 2 2 2 2 2 2 2 2 2 2 2 2 2 2 2 2 2
left_child=1 11 5 4 10 6 26 8 -7 -9 -4 14 -13 -14 15 -1 -16 21 -5 27 -6 23 -23 -3 -20 -21 -2 -19
right_child=2 17 3 18 20 7 -8 9 -10 -11 -12 12 13 -15 16 -17 -18 19 24 25 -22 22 -24 -25 -26 -27 -28 -29
leaf_value=0.0035720632733419661 0.0029300972587750088 0.021022641948550247 0.033762306987456477 0.0180901218750808 0.0015452799983521849 -0.0036256580265408515 0.018699417716734713 0.01292989244784727 0.015669359500908687 0.00064900984046417935 0 0.019966106979655389 -0.022356604720998749 0.0033752441045585878 -0.0054081003647704594 -0.012174628328314702 0.0042649500859860967 0.0026222512505004302 0 0.033537817389729975 -0.026194770700750554 -0.014162879801111415 0.016597450421918385 -0.0058635662299864472 -0.01452345740593014 0 -0.018444360630518419 -0.024205734572312596
leaf_weight=633.32027254998684 11.012773737311361 8.5642365217208845 20.487793654203418 7.3391001969575873 104.04159913957119 43.717763409018517 11.112833157181738 89.857746049761772 192.67709498107433 272.70417837798595 9.0112839043140394 8.2685263305902463 49.055440783500671 18.080473467707634 433.72147692739964 59.471946567296982 145.82421863079071 5.2617396861314791 41.020169138908386 8.5426356792449933 6.821016237139701 227.99795622378588 8.1845052242279035 34.109344348311424 93.496789768338203 6.7775607109069815 33.522321805357933 5.7887367904186249
leaf_count=1937 33 39 71 26 320 127 35 285 627 820 28 27 141 58 1427 184 487 23 130 35 19 922 31 147 277 28 92 19
internal_value=-0.000190627 -0.00236425 0.00361484 -0.00179495 0.00471009 0.00598358 -0.00558312 0.00711483 0.0119957 0.00381553 0.0234209 -0.000758355 -0.010576 -0.0151679 -0.000141216 0.00215317 -0.0029249 -0.00932268 -0.00838125 0.00577576 -0.000373911 -0.0108705 -0.0128616 0 -0.0102525 0.0192464 -0.0127228 -0.0110716
internal_weight=2589.79 1652.97 936.822 282.218 140.362 654.605 55.6479 598.957 236.395 362.562 29.4991 1347.74 75.4044 67.1359 1272.34 692.792 579.546 305.227 141.856 26.3707 110.863 278.856 236.182 42.6736 134.517 15.3202 44.5351 11.0505
internal_count=8395 5505 2890 871 438 2019 160 1859 754 1105 99 4261 226 199 4035 2121 1914 1244 433 105 339 1139 953 186 407 63 125 42
is_linear=0
shrinkage=0.05


Tree=118
num_leaves=30
num_cat=0
split_feature=45 11 47 31 11 41 55 46 15 15 41 40 7 10 33 49 19 42 11 33 43 33 7 43 54 31 45 21 24
split_gain=2.75798 4.67722 6.36085 5.60353 5.06034 4.72417 7.27454 6.26138 4.16989 4.12187 4.01105 4.34339 4.37653 4.9964 4.11874 4.96126 7.3143 4.69698 3.33461 2.77985 6.55059 6.15156 2.61186 2.1486 1.74654 3.13399 1.56364 2.23922 0.694884
threshold=1.151923076923077 -0.066666666666666638 2.2052631578947373 1430.7605155746919 0.13076923076923078 0.28845074678408017 2.9393382352941182 1.0250000000000001 0.54195804195804198 0.19090909090909094 0.34087255188541365 0.17351155338168325 2.26969696969697 0.080128205128205107 0.69787381226819101 1.1055555555555558 0.48333333333333339 3.2667565139263259 -1.0000000180025095e-35 0.48729777884307346 6.6976511508909491 0.53511433929289665 1.1742424242424245 6.4465128409633961 2.2052631578947373 1517.8190585974264 1.341666666666667 0.32051282051282054 1.0000000180025095e-35
decision_type=2 2 2 2 2 2 2 2 2 2 2 2 2 2 2 2 2 2 2 2 2 2 2 2 2 2 2 2 2
left_child=1 2 19 4 18 7 -7 -5 9 -4 14 24 22 -14 15 16 -2 -17 -3 20 -1 -21 -13 -6 -12 -26 28 -28 -16
right_child=10 3 8 5 23 6 -8 -9 -10 -11 11 12 13 -15 26 17 -18 -19 -20 21 -22 -23 -24 -25 25 -27 27 -29 -30
leaf_value=-0.0215760837679741 -0.0071046529457604521 0 -0.0045097231427909798 0.021555548272299819 -0.0057710282274154685 0.013792458021424633 -0.020088944145701646 -0.0024412053352948371 -0.015044252906414727 0.031505776096355548 -0.0048411193279254217 0.0040661892451117681 -0.021271202848013412 0.024237989262078027 -0.0051711345863716673 7.9223065248367212e-05 0.020429215767771236 -0.013506284801352268 -0.033571463539659119 0.01027312407158985 0.01264779282087368 -0.0045432477350927196 -0.024717817125396627 0.025573295450073481 0.037974393254285504 -0.0033271587355227453 -0.029457360135942086 0.0011482031328004167 -0.034501961765968016
leaf_weight=48.309500694274902 34.311761826276779 11.621277123689653 8.4729065746068937 30.343252435326576 7.8786777853965786 255.87678442895412 14.571895584464071 163.93446210026741 6.4697764143347731 29.611321270465851 12.694394662976267 6.7808114290237418 8.4986515492200869 11.71950915455818 6.0761295482516315 1406.3902167677879 66.360769972205162 64.479161500930786 19.285102114081383 88.36444690823555 16.855309501290321 304.84724117815495 59.862043753266335 8.791529715061186 7.0766960084438306 6.7154263108968735 5.5293702036142376 22.060344032943249 10.400994054973124
leaf_count=147 104 36 25 81 24 703 46 463 33 82 41 21 34 36 30 4212 186 209 63 246 49 1077 212 23 20 22 25 93 52
internal_value=0.000336681 0.00240922 -0.00097335 0.0057694 -0.0100596 0.00747963 0.0117411 0.00136081 0.0165676 0.0230442 -0.00086724 -0.00987996 -0.0152955 0.00379034 -0.000208039 0.00020798 0.0108459 -0.000516889 -0.0218099 -0.00279719 -0.0122386 -0.00111524 -0.0213917 0.010389 0.00682944 0.0184069 -0.014952 -0.00571716 -0.0267694
internal_weight=2744.19 1015.23 502.931 512.303 47.5766 464.726 270.449 194.278 44.554 38.0842 1728.96 113.348 86.861 20.2182 1615.61 1571.54 100.673 1470.87 30.9064 458.376 65.1648 393.212 66.6429 16.6702 26.4865 13.7921 44.0668 27.5897 16.4771
internal_count=8395 3098 1659 1439 146 1293 749 544 140 107 5297 386 303 70 4911 4711 290 4421 99 1519 196 1323 233 47 83 42 200 118 82
is_linear=0
shrinkage=0.05


Tree=119
num_leaves=26
num_cat=0
split_feature=65 41 30 26 65 23 37 64 6 45 2 30 14 45 25 55 26 40 65 64 64 0 55 64 6
split_gain=8.73299 6.03805 4.87107 4.01833 5.39866 6.09793 5.1526 5.32936 4.65949 4.5775 4.26007 4.13713 4.02133 3.68267 4.86826 4.14338 3.67218 3.43385 3.42063 3.14221 3.64437 2.49927 1.99951 0.990852 0.945073
threshold=-0.3333333333333332 0.23820649755229192 1417.7685124136353 -0.49999999999999994 -0.6651884700665186 -0.034523809523809491 3.3666666666666667 -0.089687499999999934 0.88194444444444453 1.861904761904762 0.59761904761904783 1519.4036369036269 0.054761904761904706 1.6201923076923079 1.8333333333333337 2.7669683257918556 1.5000000000000007 0.26277699584301667 -0.4661998955477214 0.027499999999999952 0.12247448979591836 1.6547619047619049 2.6583333333333337 -0.77046296296296291 0.89444444444444449
decision_type=2 2 2 2 2 2 2 2 2 2 2 2 2 2 2 2 2 2 2 2 2 2 2 2 2
left_child=3 22 19 4 11 12 8 10 9 -5 -8 23 -6 14 -4 -15 -9 -10 -7 21 -21 -3 24 -1 -2
right_child=1 2 13 6 5 18 7 16 17 -11 -12 -13 -14 15 -16 -17 -18 -19 -20 20 -22 -23 -24 -25 -26
leaf_value=0.0078823782031523289 0.011774424934736677 0.016642314029155152 -0.0065656427709317611 0.0011782230021032873 -0.023196763454747037 0 0.031310248651173246 -0.011103280060179584 -0.0054048972390737179 0.017697478712544595 0.0092737443913692222 -0.0071375924923976685 0.0071845337683770424 0.035557856383813362 5.170994984528675e-05 0.00092526423962689122 0.022628642686255061 0.0032990415874423538 0.031614527474103205 0.034429789605500138 -0.00094845323391455996 -0.0089212991596567572 0 0.029520936909720682 0.041468128765864726
leaf_weight=11.768148422241209 11.375772535800939 13.121847346425055 890.12090320140123 134.34899261593819 24.543911457061768 13.336753919720651 28.824663281440735 39.989059090614319 329.63921682536602 61.765847563743591 111.03997148573399 8.9215720295906049 15.52986006438732 7.1453861296176902 392.83677314221859 200.63565228134394 7.7358692437410346 166.78709872066975 16.766147315502167 18.191303789615635 9.1394633650779706 23.881800636649132 7.2489046901464453 47.186756670475006 7.9750777930021277
leaf_count=33 31 34 3242 364 66 36 74 108 898 159 290 23 42 21 1474 681 21 446 46 48 25 61 26 122 24
internal_value=-0.000155859 -0.00248899 -0.00291821 0.00344175 0.0113542 0.0011441 0.00214937 0.00945477 0.00011303 0.00663324 0.0143689 0.0212176 -0.011047 -0.00351652 -0.00452305 0.00256306 -0.00444258 -0.00242893 0.0178291 0.0102568 0.0224889 0 0.0201794 0.0260121 0.0279211
internal_weight=2599.86 1581.67 1555.07 1018.18 138.053 70.1767 880.131 187.59 692.541 196.115 139.865 67.8765 40.0738 1490.74 1282.96 207.781 47.7249 496.426 30.1029 64.3344 27.3308 37.0036 26.5998 58.9549 19.3509
internal_count=8395 5667 5586 2728 368 190 2360 493 1867 523 364 178 108 5418 4716 702 129 1344 82 168 73 95 81 155 55
is_linear=0
shrinkage=0.05


Tree=120
num_leaves=28
num_cat=0
split_feature=65 0 12 43 13 18 43 23 42 51 53 26 26 26 10 54 54 42 38 53 13 43 54 58 30 32 51
split_gain=8.05239 5.96187 4.96467 4.70931 5.12335 3.93266 4.02664 4.02587 3.58262 3.03205 3.52848 3.4806 3.08365 2.85393 2.79161 1.94611 4.46699 3.47576 2.06322 2.35557 1.82175 1.70085 1.61905 1.61871 1.43051 1.28299 0.999099
threshold=-0.76467171717171711 1.1742424242424245 0.43650793650793651 7.035708546515818 0.13809523809523808 0.46410256410256417 5.7822843490610341 -0.04880952380952374 3.2310537687342746 0.41428571428571431 1.6515151515151518 0.83333333333333359 1.8333333333333337 0.83333333333333359 0.60769230769230786 3.5477272727272733 4.1715686274509816 3.1901670050017796 1.6333333333333335 1.4722222222222225 0.19090909090909094 5.705446369702539 2.7434210526315792 0.45804195804195807 1514.3146986686038 -20.689901551231852 0.15476190476190474
decision_type=2 2 2 2 2 2 2 2 2 2 2 2 2 2 2 2 2 2 2 2 2 2 2 2 2 2 2
left_child=9 3 5 4 8 7 -7 -3 -2 10 11 26 -13 -6 20 18 17 -17 23 -20 -4 25 -16 -11 -5 -12 -1
right_child=1 2 14 24 13 6 -8 -9 -10 15 21 12 -14 -15 22 16 -18 -19 19 -21 -22 -23 -24 -25 -26 -27 -28
leaf_value=-0.0013121235140459051 -0.0043345635896507159 -0.0015259621299775887 0.0034715173501196936 0 0.007930506090859657 -0.0058226705208694026 0.0007414671046546994 0.014995172928665038 0.012154340207958227 0.00074747746970498679 -0.006722846723351248 0.01575974198392267 -0.014859567146398529 -0.004482526328205407 0.020378254427493532 0.025374422717710256 -0.027470882713706249 -0.0085677755621460308 0.023975383818186105 -0.0072790565159791785 -0.016807305375806419 0.03804116299595222 -0.0071806324232002996 -0.013844890751225847 -0.027996568575702981 0.017541039379002924 -0.025331953824028416
leaf_weight=9.0083021521568316 198.1662795394659 63.018249705433846 9.708606690168379 7.3689918518066433 593.92455852031708 335.24444499611855 743.54740151762962 78.199105530977249 37.038640916347504 17.158800564706326 7.3064350634813353 22.184214219450951 9.9449957162141782 46.290574967861176 8.3597348630428332 16.015335112810138 7.7971817404031745 10.1955009996891 6.7470078170299557 16.268807679414749 85.984844863414764 5.641459420323371 7.6804674565792075 205.18289171159267 12.293358027935026 9.0648414939641953 16.324124351143837
leaf_count=29 593 197 32 22 1842 1030 2353 247 121 73 28 85 37 138 27 71 28 42 28 65 269 24 22 875 31 31 55
internal_value=-0.000189654 0.000922407 -0.0011839 0.00407979 0.00466296 -0.000231161 -0.00128227 0.0075297 -0.00155201 -0.00712683 0.00119329 -0.00504511 0.00523421 0.00698289 -0.01118 -0.00957426 0.000930437 0.011614 -0.0111271 0.00206802 -0.0144651 0.0175829 0.00646342 -0.0126107 -0.0187639 0.00579835 -0.0184261
internal_weight=2585.67 2226.83 1331.74 895.082 875.42 1220.01 1078.79 141.217 235.205 358.84 79.4744 57.4616 32.1292 640.215 111.734 279.366 34.008 26.2108 245.358 23.0158 95.6935 22.0127 16.0402 222.342 19.6623 16.3713 25.3324
internal_count=8395 6924 4177 2747 2694 3827 3383 444 714 1471 289 206 122 1980 350 1182 141 113 1041 93 301 83 49 948 53 59 84
is_linear=0
shrinkage=0.05


Tree=121
num_leaves=20
num_cat=0
split_feature=45 18 12 12 64 23 61 2 35 4 54 23 45 59 17 54 49 19 8
split_gain=2.58894 4.10375 4.09648 4.86167 4.31879 4.68586 4.54896 3.96174 5.90499 6.25103 4.13038 3.86796 3.50855 3.46747 5.36043 4.92544 3.25044 2.69292 2.01595
threshold=1.151923076923077 0.57738095238095244 0.53589743589743599 0.37980769230769235 0.087499999999999953 0.14226190476190473 16.500000000000004 -0.63484848484848466 1.0000000180025095e-35 1.591666666666667 3.6201923076923084 0.11785714285714281 1.0250000000000001 0.54772727272727284 -0.14642857142857138 2.1715686274509807 0.78888888888888908 0.51666666666666672 0.66190476190476211
decision_type=2 2 2 2 2 2 2 2 2 2 2 2 2 2 2 2 2 2 2
left_child=1 7 3 13 6 -6 -5 8 9 -1 11 -9 -10 15 -15 -2 -12 -4 -3
right_child=2 18 17 4 5 -7 -8 10 12 -11 16 -13 -14 14 -16 -17 -18 -19 -20
leaf_value=-0.0090084338161025308 -0.011029536832859753 -0.032971825610294644 -0.00052863227099967758 0.017056711373638438 0.026141294556645309 -0.0031816025184883178 -0.001146024795206834 0.0018151377293414116 -0.023649170520597628 0.0077126478865028048 -0.0041670755482754772 0.011152008168925635 0.0014390965301824485 -0.022046884331822315 -0.0025334820739508282 0.00016779300515328078 0.028678947798514594 -0.035563486744160495 0
leaf_weight=85.934084743261337 105.10251623392105 9.9496536403894442 11.589276045560839 39.578112348914146 41.451212838292122 17.193807050585747 185.46901544928551 524.25707341730595 41.193468809127808 149.48494775593281 7.757954165339469 142.66605825722218 17.585601896047592 48.958296924829483 128.04231663793325 1138.3620850890875 28.14996263384819 12.009545326232908 8.2848141640424711
leaf_count=315 328 35 36 112 109 53 554 1485 144 524 25 410 58 162 408 3494 75 41 27
internal_value=0.000326118 0.00233405 -0.000840664 -0.000526758 0.00540493 0.0173106 0.00206716 0.00280317 -0.00199901 0.00147925 0.00484876 0.0038772 -0.0159315 -0.00173493 -0.00825657 -0.000774768 0.0210776 -0.0207202 -0.0198229
internal_weight=2743.02 1015.26 1727.76 1704.16 283.692 58.645 225.047 997.029 294.198 235.419 702.831 666.923 58.7791 1420.47 177.001 1243.46 35.9079 23.5988 18.2345
internal_count=8395 3098 5297 5220 828 162 666 3036 1041 839 1995 1895 202 4392 570 3822 100 77 62
is_linear=0
shrinkage=0.05


Tree=122
num_leaves=30
num_cat=0
split_feature=32 30 53 15 25 30 40 1 8 40 42 25 30 40 44 48 8 11 55 42 45 30 12 40 62 40 24 46 40
split_gain=8.16657 4.71394 4.85094 6.34968 5.52247 5.68576 5.0946 4.64646 4.57159 3.94708 5.546 5.23669 4.43171 4.15682 4.14209 3.87262 3.61875 5.75187 4.21568 3.74512 3.36915 2.46477 2.25493 2.19934 2.12955 2.10249 1.71018 2.4678 0.826237
threshold=52.631846643314709 1421.2955323820768 1.6125000000000003 0.21825396825396823 1.8333333333333337 1431.610622301243 0.21173820879703234 1.7071428571428573 0.14285714285714299 0.24291161080735471 2.6287357705779342 1.1666666666666667 1548.3786859984154 0.23030753298212439 1.6396103896103897 1.1833333333333336 -0.33333333333333331 0.071428571428571466 2.8973684210526325 3.1294470719363781 1.297058823529412 1510.0030182741286 0.42261904761904762 0.2950957896773837 1.752777777777778 0.29095699860483754 0.50000000000000011 1.6583333333333334 0.25081700218935227
decision_type=2 2 2 2 2 2 2 2 2 2 2 2 2 2 2 2 2 2 2 2 2 2 2 2 2 2 2 2 2
left_child=1 16 4 22 5 -3 -5 9 -6 11 12 13 -11 -2 -13 -12 18 25 28 -20 -19 26 -4 24 -23 -18 -9 -28 -1
right_child=7 2 3 6 8 -7 -8 21 -10 10 15 14 -14 -15 -16 -17 17 20 19 -21 -22 23 -24 -25 -26 -27 27 -29 -30
leaf_value=0.012375028034250817 0.0019189177749768501 -0.022380504565244323 0.0096622843927717163 -0.01016897823486834 -0.00066876673844459052 -0.0022208457269323597 0.003644589185564942 -0.020488090663379154 0.011139896659039172 0.014985070408550689 0.017101446688766075 0.01008098080453553 -0.0068297116324479634 0.03371362803079643 -0.019573236421262682 -0.019099360945311599 0.017432801709332185 -0.021619149695959891 -0.0075156563544807086 0.018660043863498257 0.0089650844208834443 -0.021335332515977759 0.026682892582822849 0.0046747551502044583 0.006079361729426214 -0.0074821413053123929 -0.0046353664787519245 0.025120277891184054 0.040116397200135288
leaf_weight=9.5865139067173022 23.104559928178787 34.595789432525635 111.55187937617302 77.926855802536011 181.0686901062727 1058.1253154277802 391.31746427714825 7.5395065546035758 142.1127503067255 35.667218878865242 5.8665712326765052 19.038737341761589 57.971042044460773 20.065409764647484 23.44317090511322 78.600322380661964 41.878409579396248 26.789526656270027 21.273395508527756 28.964643746614456 10.407224416732786 95.434704273939133 26.796711683273315 7.7640138044953337 5.3077743649482718 7.7309149801731101 21.30960908532143 7.5762328803539267 17.14566445350647
leaf_count=26 102 93 300 235 522 3233 1088 34 438 126 18 76 272 82 122 386 112 71 55 75 27 562 73 45 39 19 94 26 44
internal_value=-0.000146053 0.00105793 0.000380559 0.00411956 -0.00120984 -0.00292166 0.00126411 -0.0066243 0.00448356 -0.00251681 -0.00680171 0.00605993 0.00135784 0.018089 -0.00586562 -0.0159585 0.0091706 0.00175599 0.0169599 0.00723394 -0.0124034 -0.0137933 0.0134704 -0.017544 -0.0195574 0.0129263 -0.00163791 0.00348085 0.032592
internal_weight=2595.96 2187.27 2023.5 607.593 1415.9 1092.72 469.244 408.689 323.181 263.757 178.105 85.6519 93.6383 43.17 42.4819 84.4669 163.776 86.8061 76.9702 50.238 37.1968 144.932 138.349 108.506 100.742 49.6093 36.4253 28.8858 26.7322
internal_count=8395 6411 5982 1696 4286 3326 1323 1984 960 1184 802 382 398 184 198 404 429 229 200 130 98 800 373 646 601 131 154 120 70
is_linear=0
shrinkage=0.05


Tree=123
num_leaves=24
num_cat=0
split_feature=65 30 53 30 11 50 55 41 44 8 8 62 32 42 41 4 43 48 25 54 46 54 42
split_gain=7.47502 4.69629 5.09716 4.75989 4.16971 3.56458 5.05845 5.18067 4.35252 3.58905 6.60165 2.96885 3.65227 3.10067 2.84708 2.77826 2.21268 2.14935 1.98567 1.9587 3.17238 2.01198 1.49737
threshold=-0.76467171717171711 1548.3786859984154 1.4722222222222225 1562.8953332196545 0.066666666666666666 0.9545454545454547 2.1464285714285718 0.34789423470083142 1.3660287081339715 -0.79696969696969688 -0.73333333333333328 -0.050000000000000093 37.088322252948281 2.7266773847802788 0.26029166394032582 0.34848484848484851 6.8839746192279376 1.4772727272727275 1.8333333333333337 3.5477272727272733 2.577380952380953 2.5857843137254908 3.1199309428476103
decision_type=2 2 2 2 2 2 2 2 2 2 2 2 2 2 2 2 2 2 2 2 2 2 2
left_child=15 5 3 4 -3 6 8 -8 -2 18 -11 12 -4 -13 -5 22 19 -18 -7 21 -21 -17 -1
right_child=1 2 11 14 -6 9 7 -9 -10 10 -12 13 -14 -15 -16 16 17 -19 -20 20 -22 -23 -24
leaf_value=0.026369127012886275 -0.019582344710183455 0.0229158231171659 -0.0021347671591826238 0.024869147378128651 -0.010091611269040849 -0.014573448549889061 0.0046207046431461602 0.034429144280827925 0.0056448780806973992 0.026641291442926526 -0.0015369696515109589 -0.019670713247399066 0.027019645392522301 -0.0012049815087287127 0.0037406163119295278 -0.0053591113453715818 -0.0045361677000843653 0.027684765267771496 0.0057322301468815144 0.011333671528591868 -0.017533207096319461 -0.014230060606275198 -0.0015919541398900618
leaf_weight=7.3435985147953016 37.704732343554497 69.591005384922028 28.043889448046684 15.500451058149336 8.7563064992427808 74.431770905852318 326.41407446563244 13.715667858719824 26.663758113980293 19.102402880787849 1153.545621111989 33.467917710542679 13.96408501267433 73.339966684579849 319.75512002408504 136.29842077195644 9.551979988813402 6.5065695643424979 11.241092398762701 26.35742774605751 12.138794779777525 152.36616793274879 6.2802662402391434
leaf_count=25 109 227 83 51 24 239 992 48 81 71 3602 91 45 218 1003 564 36 24 40 107 50 645 20
internal_value=-0.00018668 0.00088253 0.00482717 0.00768956 0.0187563 -0.000440855 0.00361102 0.00609003 -0.00890043 -0.00176686 -0.00101208 -0.00295894 0.00777603 -0.00747614 0.0049333 -0.00689159 -0.00783908 0.00875489 -0.011554 -0.00877778 0.00119753 -0.0101932 0.0133258
internal_weight=2582.08 2225.24 562.419 413.603 78.3473 1662.82 404.498 340.13 64.3685 1258.32 1172.65 148.816 42.008 106.808 335.256 356.843 343.219 16.0585 85.6729 327.161 38.4962 288.665 13.6239
internal_count=8395 6924 1742 1305 251 5182 1230 1040 190 3952 3673 437 128 309 1054 1471 1426 60 279 1366 157 1209 45
is_linear=0
shrinkage=0.05


Tree=124
num_leaves=17
num_cat=0
split_feature=62 35 19 46 65 41 42 64 9 16 12 41 65 46 4 41
split_gain=2.4234 3.61931 3.45172 4.92715 3.26603 3.13711 5.22871 3.72773 2.56846 4.24905 2.58493 2.4442 2.26167 2.06446 1.64085 1.49848
threshold=-1.5416666666666663 0.70833333333333337 0.64583333333333337 2.6547619047619051 2.0657876943881002 0.26108686558404665 2.4612348624329026 0.044999999999999957 0.65476190476190488 0.48333333333333339 0.5634920634920636 0.31713173985547527 -0.14220063025210067 1.9750000000000003 1.2403846153846156 0.32728643905114496
decision_type=2 2 2 2 2 2 2 2 2 2 2 2 2 2 2 2
left_child=1 13 3 5 8 7 -7 -2 10 -10 -4 -3 -5 14 -1 -15
right_child=2 11 4 12 -6 6 -8 -9 9 -11 -12 -13 -14 15 -16 -17
leaf_value=-0.035958426064526622 -0.0087194612209860328 -0.010054898850603608 0.024856770099057911 -0.032242526149501183 -0.015857626621039119 0.014178900254067437 0.00051751969967451584 0.0073104815653888882 -0.016259619132285241 0.022174995397046433 -0.0013922564793293641 0.024252538459295994 4.5652888857792039e-05 0.011667728047283818 -0.0018477467908650466 -0.018427038829941643
leaf_weight=15.604719519615175 170.24699435383081 7.3075130730867377 42.962160050868988 14.963231369853021 8.152832627296446 70.514203190803528 2301.5893118456006 42.629218831658363 14.54212372004986 10.708766266703604 9.3706707954406721 8.6212304979562742 5.7444904446601859 7.0365853905677778 6.7097327560186377 5.4176491647958755
leaf_count=66 520 27 122 52 30 200 7036 124 45 29 29 29 16 23 23 24
internal_value=0.000322638 -0.0102733 0.000538991 0.000200599 0.0102994 0.000413488 0.000945757 -0.0053549 0.0136916 0 0.0198183 0.00775323 -0.0229694 -0.0191843 -0.0277255 -0.000432322
internal_weight=2742.12 50.6974 2691.42 2605.69 85.7366 2584.98 2372.1 212.876 77.5837 25.2509 52.3328 15.9287 20.7077 34.7687 22.3145 12.4542
internal_count=8395 192 8203 7948 255 7880 7236 644 225 74 151 56 68 136 89 47
is_linear=0
shrinkage=0.05


Tree=125
num_leaves=25
num_cat=0
split_feature=32 32 26 37 65 62 23 1 20 39 20 21 23 64 26 39 37 23 1 7 2 2 43 53
split_gain=7.48283 4.45099 4.55749 6.57053 5.61475 5.84794 4.9601 4.42127 4.3322 4.22678 5.08641 5.20341 4.92176 3.59491 3.53252 3.83194 3.33913 2.76951 3.44537 3.06543 2.16764 2.24374 2.02363 1.86792
threshold=52.631846643314709 -198.85459937119251 -0.83333333333333315 2.9000000000000004 -0.6651884700665186 -0.45000000000000001 0.042811355311355256 1.7071428571428573 -0.019047619047618997 0.47966710509110771 -0.035714285714285643 0.13809523809523808 0.13095238095238096 -0.4722222222222221 0.83333333333333359 0.43127385496183213 2.9000000000000004 0.099999999999999964 2.0690476190476201 1.4641025641025645 1.7888888888888892 1.3484848484848488 5.7822843490610341 0.73863636363636376
decision_type=2 2 2 2 2 2 2 2 2 2 2 2 2 2 2 2 2 2 2 2 2 2 2 2
left_child=1 13 4 8 16 -6 -5 9 -4 10 11 -2 -12 20 17 -16 -3 18 -9 -19 21 -1 -11 -17
right_child=7 2 3 6 5 -7 -8 14 -10 22 12 -13 -14 -15 15 23 -18 19 -20 -21 -22 -23 -24 -25
leaf_value=0.0087542125667557265 0.013901431722017937 0.029731283714973734 -0.0060292743891727811 0.0071576300156772554 -0.016425365408748192 0.0059544808309197226 -0.0034031639292736401 -0.012624249475503153 0 0.031758587242616557 -0.0074461855889308079 -0.020239358788375714 0.0093912146007865682 0.032819481726558748 0.034246152230266398 -0.026434532923905442 -0.0016574679386587685 -0.024447214309072939 0.019528171499492045 0.0049329784580453397 0.02593755926513085 -0.015411653942760698 0 0.0070926194424812284
leaf_weight=24.261646777391434 11.014658465981482 33.25685328245163 489.98645107448101 393.51374852657318 30.656922534108162 249.22710821032524 149.63522188365459 31.503239154815674 768.50427865982056 10.663144908845426 87.778463236987591 65.114618174731731 81.631128765642643 16.691176921129227 5.8243639469146755 5.7395400255918485 8.9565732181072217 77.896190419793129 8.7694081515073758 7.7599926739931098 8.1734175384044629 13.142993420362471 6.5506802797317496 5.8367750644683838
leaf_count=65 40 86 1487 1084 85 774 443 157 2263 37 372 311 396 44 24 31 24 473 41 48 22 34 28 26
internal_value=-0.000145701 0.00100384 0.000598654 -0.000369816 0.00606175 0.00331528 0.00420051 -0.00636973 -0.00236568 -0.00236288 -0.00418336 -0.0147504 0.000536089 0.0139854 -0.0134095 0.00613105 0.0227323 -0.0163586 -0.00443896 -0.0214485 0.00547301 0 0.0200358 -0.00913413
internal_weight=2592.09 2186.01 2123.74 1801.64 322.097 279.884 543.149 406.082 1258.49 262.753 245.539 76.1293 169.41 62.2692 143.33 17.4007 42.2134 125.929 40.2726 85.6562 45.5781 37.4046 17.2138 11.5763
internal_count=8395 6411 6246 5277 969 859 1527 1984 3750 1184 1119 351 768 165 800 81 110 719 198 521 121 99 65 57
is_linear=0
shrinkage=0.05


Tree=126
num_leaves=27
num_cat=0
split_feature=65 30 53 30 11 50 55 44 44 8 8 23 64 62 53 23 39 2 2 4 30 40 39 59 64 58
split_gain=6.92457 4.33264 4.72431 4.43684 3.93343 3.31718 4.72577 4.11904 3.4129 3.37707 6.13726 2.90335 2.90078 3.84432 3.54867 2.61661 2.31313 2.27896 3.32697 4.02967 3.28557 2.04647 1.68502 2.42478 1.98466 0.954119
threshold=-0.76467171717171711 1548.3786859984154 1.4722222222222225 1562.8953332196545 0.066666666666666666 0.9545454545454547 2.1464285714285718 1.3660287081339715 2.0571895424836604 -0.79696969696969688 -0.73333333333333328 0.33095238095238105 -0.15750000000000003 1.0544117647058826 1.9545454545454546 -0.5166666666666665 0.44744126745895624 1.202564102564103 0.73809523809523836 1.2583333333333335 1521.0355468659934 0.2526145424811071 0.48678388448998605 0.47213622291021667 -1.7360724852071006 0.55277777777777792
decision_type=2 2 2 2 2 2 2 2 2 2 2 2 2 2 2 2 2 2 2 2 2 2 2 2 2 2
left_child=15 5 3 4 -3 6 7 -2 -8 21 -11 -5 13 -4 -14 16 -1 18 19 -17 -20 -7 24 -24 -19 -18
right_child=1 2 12 11 -6 9 8 -9 -10 10 -12 -13 14 -15 -16 17 25 22 20 -21 -22 -23 23 -25 -26 -27
leaf_value=0.026197473160787649 -0.019086552492310779 0.02213792411187698 -0.018881389223173894 0.0071512452482190699 -0.0098992108642371839 -0.016254622072997556 0.0043354249015194806 0.0054734494578983642 0.023763681501024106 0.025539763908450214 -0.0014815960004999204 -0.0040043854442375279 -0.0047606070873070869 0.016667911663040335 0.014409620731954013 -0.0139207765611795 -0.017380963661411987 0 -0.0026176141583784461 0.017585856541858985 0.020784947379609078 0 -0.015773610333713644 0.023054524116167808 -0.021322724568293278 0.0067798543572432819
leaf_weight=9.1184301972389239 37.429452359676361 69.510674849152565 40.921734288334846 264.86941248178482 8.7376213371753675 58.945894971489906 316.99406524002552 26.675977721810341 23.433739274740219 19.33610612154007 1152.7027111947536 70.121619805693626 66.039644449949265 6.8800806403160086 34.852990761399269 110.4050271064043 5.436123773455618 10.864051371812819 116.88940963149071 8.7809505462646467 15.13434614241123 26.242791518568993 6.7911408245563489 5.2925633937120438 60.498684383928776 5.6232893615961075
leaf_count=38 109 227 111 837 24 187 961 81 79 71 3602 217 192 26 108 404 22 56 498 36 59 92 28 24 286 20
internal_value=-0.000178446 0.000848418 0.00463914 0.00739682 0.0180914 -0.000422446 0.00348498 -0.00863191 0.00587678 -0.00170311 -0.00097176 0.00473201 -0.00285533 -0.0127989 0.00177007 -0.00665241 0.00963631 -0.0077602 -0.00515479 -0.0111413 0.000148704 -0.0112253 -0.0150068 0.000316575 -0.0178801 -0.00402485
internal_weight=2578.53 2223.69 561.934 413.239 78.2483 1661.76 404.533 64.1054 340.428 1257.23 1172.04 334.991 148.694 47.8018 100.893 354.834 20.1778 334.656 251.21 119.186 132.024 85.1887 83.4464 12.0837 71.3627 11.0594
internal_count=8395 6924 1742 1305 251 5182 1230 190 1040 3952 3673 1054 437 137 300 1471 80 1391 997 440 557 279 394 52 342 42
is_linear=0
shrinkage=0.05


Tree=127
num_leaves=29
num_cat=0
split_feature=45 11 47 15 15 41 40 7 8 32 49 19 50 41 64 55 47 9 32 7 32 52 48 6 4 52 30 41
split_gain=2.4016 4.01721 5.73102 3.85373 3.8017 3.77413 4.07329 4.16386 3.95607 3.89842 4.52106 6.81931 3.64465 3.43041 4.03753 3.41947 5.83876 2.85365 5.03603 2.4588 2.45313 2.10555 2.06606 1.80953 1.73378 2.35255 1.68989 0.0269556
threshold=1.151923076923077 -0.066666666666666638 2.2052631578947373 0.54195804195804198 0.19090909090909094 0.34087255188541365 0.17351155338168325 2.26969696969697 -1.4309523809523805 145.43541243988946 1.1055555555555558 0.48333333333333339 0.61250000000000016 0.25766318465704968 0.044999999999999957 2.9393382352941182 1.6201923076923079 0.39230769230769236 1.9419685767439889 1.1742424242424245 23.740595230987882 1.3875000000000002 1.3875000000000002 0.96666666666666667 1.4580419580419584 1.6515151515151518 1597.8796376542955 0.49074074074074076
decision_type=2 2 2 2 2 2 2 2 2 2 2 2 2 2 2 2 2 2 2 2 2 2 2 2 2 2 2 2
left_child=1 2 17 4 -4 9 21 19 -9 10 11 -2 -12 14 23 16 -15 20 -19 -8 -1 27 -17 -3 25 -11 -26 -7
right_child=5 13 3 -5 -6 6 7 8 -10 24 12 -13 -14 15 -16 22 -18 18 -20 -21 -22 -23 -24 -25 26 -27 -28 -29
leaf_value=0.006222857333850064 -0.0069800695592409888 -0.0039697947792888119 -0.0044788814096819512 -0.01473925237062217 0.029988555539460494 -0.0054292813480082301 0.0037098134357512799 -0.022324162491558996 0.019481755222121769 0.020681576392414937 0.006672343011205617 0.01958179135959949 -0.0013390335834043404 0.0050561470654954871 0.014239971433251229 -0.021404792242685489 0.02139446864765026 -0.026060945267015908 -0.001856088129471678 -0.024133477515700292 -0.003025909986925578 0.023040570237671459 0.004068459556658118 -0.035575107321889406 0 -0.014252194882600195 -0.027615279032084685 0
leaf_weight=96.106104955077171 34.246900290250778 11.343296647071844 8.4679781049489957 6.4050428122282019 29.859181791543961 7.0579475760459962 6.8114759176969519 6.6797828674316433 13.47444726526737 5.6262827366590527 156.71198606491089 66.746620029211044 1312.0060949772596 392.58220851421356 9.109759181737898 15.163142770528795 63.928709611296654 31.255255326628685 69.042361319065094 59.126753956079483 260.58982306718826 9.8473913520574552 11.304263830184935 10.238348990678785 5.1953847184777286 10.895784646272658 21.951293259859085 9.6134563088417035
leaf_count=278 104 31 25 33 82 23 21 29 41 17 474 186 3947 1100 25 46 169 96 207 212 938 29 36 32 20 51 112 31
internal_value=0.000316473 0.00225009 -0.000889284 0.0157203 0.021909 -0.000807885 -0.00957926 -0.0148686 0.00373294 -0.000169079 0.000233922 0.0103713 -0.000459311 0.00535649 -0.0100989 0.00642777 0.00748199 -0.00263097 -0.0100054 -0.0208647 -0.000443476 0.00655431 -0.0101255 -0.0217691 -0.0145786 -5.7752e-05 -0.0219482 -0.00326969
internal_weight=2741.39 1015.4 501.726 44.7322 38.3272 1725.99 112.611 86.0925 20.1542 1613.38 1569.71 100.994 1468.72 513.67 30.6914 482.978 456.511 456.994 100.298 65.9382 356.696 26.5188 26.4674 21.5816 43.6687 16.5221 27.1467 16.6714
internal_count=8395 3098 1659 140 107 5297 386 303 70 4911 4711 290 4421 1439 88 1351 1269 1519 303 233 1216 83 82 63 200 68 132 54
is_linear=0
shrinkage=0.05


Tree=128
num_leaves=25
num_cat=0
split_feature=23 32 39 1 30 19 49 39 30 52 2 65 43 42 19 57 40 42 61 35 42 52 52 53
split_gain=7.02301 5.97606 5.46396 4.36128 4.12365 4.11155 4.83722 5.7352 4.56097 4.19841 6.26468 4.66965 3.7709 4.53228 4.10067 3.6581 3.54007 3.08091 4.16019 3.28087 2.91257 2.73312 2.67302 1.50522
threshold=0.11547619047619047 31.825354797920003 0.47157338738696014 2.0690476190476201 1421.2955323820768 0.48333333333333339 1.6833333333333336 0.42710098870056501 1447.2686892081435 1.3875000000000002 -0.066666666666666735 -0.30145154553049275 6.7702157003807422 2.5006426735218512 0.51666666666666672 0.48684210526315791 0.26489713963646616 2.468373422243392 8.5000000000000018 0.29166666666666669 2.5574338570359796 1.738636363636364 0.89444444444444449 0.68333333333333346
decision_type=2 2 2 2 2 2 2 2 2 2 2 2 2 2 2 2 2 2 2 2 2 2 2 2
left_child=1 5 3 20 22 9 7 -7 -8 11 -11 -1 13 23 -15 -14 -17 19 -19 -4 -3 -5 -2 -6
right_child=4 2 17 21 12 6 8 -9 -10 10 -12 -13 15 14 -16 16 -18 18 -20 -21 -22 -23 -24 -25
leaf_value=0.0072556914378511224 -0.0020705741531012868 0.0060834943177802128 0.011992158394742344 0.025951828860551238 0 0.0076627411910405868 0.01412853490825315 -0.0062932096387298998 0.0014648651619915008 0.028003492045735434 0.00578250944279183 -0.0019904753905842644 0.031063627582572407 -0.0004160865664553919 -0.0096721647935319247 -0.006896435385217347 0.023982296528915231 -0.0081577520901195185 0.035196346267820748 -0.023580885068668775 -0.011481825206366821 -0.010902694235672271 0.030089676531236384 -0.022932007049124563
leaf_weight=311.4979070276022 9.262418210506441 23.189568445086479 13.856342434883119 12.95816430449486 8.7356112748384458 89.450087949633598 85.592976570129395 356.29539883136749 416.13659174740314 45.459448799490929 113.07985109090805 234.77755580842495 9.8274319022893888 242.70874635875225 246.32896372675896 39.084287002682686 9.9902210310101491 5.8066373020410564 16.351835571229458 8.7582057118415815 221.47719518095255 5.07836740463972 11.688523784279822 51.219445690512657
leaf_count=813 23 92 60 52 35 269 226 1070 1139 134 308 678 33 961 1041 144 39 25 59 33 905 23 31 202
internal_value=-0.000147734 0.00131813 -0.00503422 -0.00784526 -0.00474535 0.00252001 0.000338086 -0.00341504 0.00372238 0.00540852 0.0125794 0.00324352 -0.00554546 -0.0068581 -0.0051497 0.00610195 0 0.0105552 0.0230657 -0.00156559 -0.0096798 0.0142748 0.0158409 -0.0197735
internal_weight=2588.61 1959.77 307.476 262.703 628.846 1652.29 947.475 445.745 501.73 704.815 158.539 546.275 607.895 548.993 489.038 58.9019 49.0745 44.773 22.1585 22.6145 244.667 18.0365 20.9509 59.9551
internal_count=8395 5886 1249 1072 2509 4637 2704 1339 1365 1933 442 1491 2455 2239 2002 216 183 177 84 93 997 75 54 237
is_linear=0
shrinkage=0.05


Tree=129
num_leaves=27
num_cat=0
split_feature=31 0 3 41 37 8 31 52 43 51 62 23 43 18 2 47 51 63 48 60 23 31 40 3 23 40
split_gain=6.74732 5.36081 3.92802 3.27078 3.51692 3.44911 4.88364 3.43501 3.24459 7.74989 4.2371 3.58354 3.22538 3.0864 5.70528 5.10703 3.03679 2.86634 5.17226 1.8744 1.81141 1.52399 1.34948 1.08512 0.752354 0.433319
threshold=1559.8069684720053 1.1291666666666669 1.6961538461538463 0.32297600274622129 5.1250000000000009 -0.87272727272727257 1567.774952268541 2.1909090909090914 5.772996334337213 1.7638888888888891 0.46153846153846151 0.034848484848484802 7.035708546515818 0.51666666666666672 0.46153846153846162 1.8973684210526318 2.1055555555555561 -0.36363636363636359 2.2792207792207795 8.5000000000000018 -0.13749999999999993 1608.3779013020571 0.26126470244117306 0.74166666666666681 -0.069047619047619038 0.23413132576152268
decision_type=2 2 2 2 2 2 2 2 2 2 2 2 2 2 2 2 2 2 2 2 2 2 2 2 2 2
left_child=1 2 12 4 17 19 25 -8 9 10 -3 -11 16 14 -10 -15 -1 23 -19 -5 -4 -6 -14 -2 -21 -7
right_child=3 8 20 5 21 6 7 -9 13 11 -12 -13 22 15 -16 -17 -18 18 -20 24 -22 -23 -24 -25 -26 -27
leaf_value=0.0049323858552005996 -0.0090014493378455154 -0.0087202525586088809 0 0.010090495595774636 0.029354033566820228 -0.0031314406183081782 0.017273556107553944 -0.012839726848328695 -0.0045624911177072043 -0.0014887403571739327 0.0050487248199767619 0.015809133233870402 -0.027465662222921586 0.0025799875116334458 0.007781979321645799 0.023073093580156967 0.021401608117615694 -0.010278081683449562 0.011777387825398533 -0.023655898814903181 -0.030549213042679841 -0.00072023859398363344 0 -0.033139086496547752 -0.0043842879714772283 -0.025452323116350484
leaf_weight=653.5866890847683 13.566006794571878 385.62466295063496 11.638257205486299 5.6553065180778495 6.3532174378633481 7.6968196183443052 58.386850342154503 8.7500568777322751 374.24663563072681 51.981426805257797 61.513347744941711 60.878590166568756 8.1274981796741503 342.56771199405193 121.78413747251034 32.099393680691719 28.648012340068817 237.97536215931177 27.194149881601334 16.501844853162766 8.9214658737182599 5.2720949202775955 8.2345248609781247 16.759490460157394 13.688792616128923 7.0464969724416733
leaf_count=2018 39 1257 34 24 25 26 212 27 1135 161 184 190 20 1099 423 105 104 947 92 82 23 23 24 46 55 20
internal_value=-0.000174828 0.00095442 0.00447501 -0.00592543 -0.00863574 0.000962466 0.00678883 0.0127293 -0.000801572 -0.00377374 -0.00675633 0.00773717 0.00515224 0.00108562 -0.00146243 0.00451528 0.00572102 -0.00977981 -0.0078514 -0.0113411 -0.0158451 0.0157767 -0.0152425 -0.0243396 -0.0165098 -0.0170587
internal_weight=2574.7 2149.85 719.156 424.846 307.12 117.726 81.8802 67.1369 1430.7 559.998 447.138 112.86 698.597 870.698 496.031 374.667 682.235 295.495 265.17 35.8459 20.5597 11.6253 16.362 30.3255 30.1906 14.7433
internal_count=8395 6777 2223 1618 1172 446 285 239 4554 1792 1441 351 2166 2762 1558 1204 2122 1124 1039 161 57 48 44 85 137 46
is_linear=0
shrinkage=0.05


Tree=130
num_leaves=21
num_cat=0
split_feature=37 41 1 41 55 41 5 14 52 5 5 39 14 55 65 31 49 2 1 63
split_gain=2.78942 2.95616 2.73775 2.5991 5.05136 4.42029 5.8037 4.25296 4.61214 4.0933 4.0851 3.98922 3.96146 3.4546 5.27556 4.41555 3.08317 2.08976 0.59797 0.936118
threshold=5.5833333333333348 0.2667104686815594 1.7928571428571431 0.26108686558404665 2.9750000000000005 0.26386790869419274 0.46249999999999991 0.23205128205128203 0.38750000000000007 -0.62361111111111089 -0.33333333333333304 0.47323470722164046 0.082875457875457872 2.2899159663865549 0.69742063492063511 1481.3597745093323 1.1547619047619049 0.79583333333333361 0.46410256410256417 -0.20486425339366512
decision_type=2 2 2 2 2 2 2 2 2 2 2 2 2 2 2 2 2 2 2 2
left_child=3 -2 18 4 13 6 11 9 -9 -7 16 -5 -12 15 -15 -1 -6 -8 -3 -20
right_child=1 2 -4 5 10 7 17 8 -10 -11 12 -13 -14 14 -16 -17 -18 -19 19 -21
leaf_value=0.023469950461006243 0.012903689111608352 -0.0028381495830471777 0.0037943520498439631 0.0044865636781623369 0.010401721142443903 -0.0059144226404387766 -0.027323947739101229 -0.028039433448477868 0.0081207447949773384 0.00072323709351859657 0.032855224220024661 0.032484809945550155 -0.0050328340147717766 -0.019986330102518442 0.012604040852151405 -0.0061573158040200433 -0.024388475821361978 0.0043410054489773182 -0.0025452014350116781 -0.033445579147856334
leaf_weight=13.036572679877279 7.4613948911428443 5.5877882689237621 8.9702045172452909 26.080312788486481 10.465889230370523 262.72305624186993 8.0615563392639142 6.9457236379384986 241.44074289500713 1885.7758211269975 19.576741799712185 30.290678486227989 7.9021493643522254 79.418277129530907 12.262433156371115 72.729117542505264 10.209854021668432 7.5502702593803397 5.266046121716502 18.299981579184532
leaf_count=37 22 22 31 76 31 969 25 25 698 5657 50 79 23 246 41 219 34 21 22 67
internal_value=0.000309321 -0.0116687 -0.0175044 0.000529744 -0.00456391 0.00100863 0.0130635 0.000625587 0.00679385 -8.15506e-05 0.00929046 0.0205571 0.0215094 -0.00852461 -0.0151844 -0.000936849 -0.00631128 -0.0118366 -0.0246831 -0.0282577
internal_weight=2740.05 45.5854 38.124 2694.47 225.601 2468.87 71.9828 2396.89 248.386 2148.5 48.1546 56.371 27.4789 177.446 91.6807 85.7657 20.6757 15.6118 29.1538 23.566
internal_count=8395 164 142 8231 681 7550 201 7349 723 6626 138 155 73 543 287 256 65 46 111 89
is_linear=0
shrinkage=0.05


Tree=131
num_leaves=23
num_cat=0
split_feature=32 65 39 32 65 65 48 10 39 31 31 39 12 45 41 65 45 8 15 32 61 62
split_gain=6.28704 4.02922 4.84943 4.4521 5.48581 6.06094 3.66135 3.45363 4.01388 4.23948 3.45795 3.20651 2.5993 3.04523 2.57265 2.29378 5.33437 2.58136 1.95334 1.89402 1.85959 0.598338
threshold=52.631846643314709 -1.4792717086834732 0.49825155587073738 -220.95231748370392 -1.0010893246187365 -0.74999999999999978 0.84523809523809534 0.51666666666666672 0.47966710509110771 1486.661998234028 1506.3287391123235 0.44223819912014323 0.087121212121212113 1.1937500000000003 0.25533178349421343 0.33094758064516122 1.0540935672514622 1.6666666666666667 0.29285714285714287 -54.66921307291409 12.500000000000002 0.80000000000000027
decision_type=2 2 2 2 2 2 2 2 2 2 2 2 2 2 2 2 2 2 2 2 2 2
left_child=1 2 14 -3 6 -6 -5 8 9 11 -11 -2 13 21 -1 16 -14 -17 -4 -16 -10 -9
right_child=7 3 18 4 5 -7 -8 12 20 10 -12 -13 15 -15 19 17 -18 -19 -20 -21 -22 -23
leaf_value=-0.014688193926321281 -0.0065834106869312988 0.030122107277371385 0 0.0074106943155236044 0.0098298658845499508 -0.00016572389911677975 -0.012060852728251387 -0.019009759079200647 0 -0.024286856461502384 -0.0038235678839360619 0.0072069073768522094 0.017819255457194219 0.030011769565285024 0.0076172709766359828 -0.021877546372890411 -0.02279265450431682 0.0066192698382673103 -0.03271400137039767 0.020089798718735015 0.030131794786390526 0
leaf_weight=8.2211023569107038 79.141155570745468 10.305109262466429 11.281552150845529 26.10156923532486 164.98711846768856 1606.8692352920771 137.55568933486938 5.3235414028167742 6.3488856777548817 37.06875367462635 53.321417264640331 85.183091133832932 14.131404668092729 5.6013921946287146 168.12805320322514 78.852481298148632 13.982551231980322 6.479016311466693 7.4061891436576834 42.242080926895142 11.000295192003248 5.1488312780857086
leaf_count=21 372 28 30 67 427 4912 350 27 26 190 248 375 54 30 438 478 57 53 21 117 39 35
internal_value=-0.000144083 0.000905094 0.00703003 0.000138914 -3.87484e-05 0.00076096 -0.00875246 -0.00588582 -0.00253293 -0.00425082 -0.0128302 0.000415663 -0.0125931 0.00461072 0.00922338 -0.0152848 -0.0017213 -0.0193255 -0.0158286 0.0104051 0.0192288 -0.00960508
internal_weight=2584.68 2183.1 237.279 1945.82 1935.51 1771.86 163.657 401.583 272.064 254.714 90.3902 164.324 129.519 16.0738 218.591 113.445 28.114 85.3315 18.6877 210.37 17.3492 10.4724
internal_count=8395 6411 627 5784 5756 5339 417 1984 1250 1185 438 747 734 92 576 642 111 531 51 555 65 62
is_linear=0
shrinkage=0.05


Tree=132
num_leaves=25
num_cat=0
split_feature=33 62 12 54 42 40 64 37 17 26 41 62 64 19 3 17 40 46 6 43 46 42 9 0
split_gain=5.99878 4.46274 3.94014 3.84049 5.59972 4.65562 2.96759 3.27437 3.21362 2.78852 5.53939 4.60504 2.70223 2.4436 2.71977 2.43848 2.18981 2.0712 1.82813 1.74288 1.6738 1.52317 0.92431 0.743922
threshold=0.34594252866939756 0.84807692307692328 0.79166666666666685 2.948684210526316 2.6477583204982258 0.20412414965986395 -0.58416666666666639 2.1000000000000005 -0.27226107226107216 1.0000000180025095e-35 0.32560582372483876 -0.59861111111111098 -0.16249999999999992 0.51666666666666672 1.0954545454545457 -0.19999999999999993 0.29685855263157901 1.297058823529412 1.3205128205128207 5.4992132179189657 1.5477272727272731 2.8317229897933784 0.51666666666666672 1.535897435897436
decision_type=2 2 2 2 2 2 2 2 2 2 2 2 2 2 2 2 2 2 2 2 2 2 2 2
left_child=6 2 9 13 16 -6 18 15 17 10 -2 -11 -10 14 -3 20 -5 -9 23 -15 -8 -17 -20 -1
right_child=1 3 -4 4 5 -7 7 8 12 11 -12 -13 -14 19 -16 21 -18 -19 22 -21 -22 -23 -24 -25
leaf_value=-0.0024791263490975758 -0.0036783989424491932 0.017742733647449726 0.028358386590037123 -0.015342776874634145 -0.0058801501360084526 0.012138363458412006 -0.010562850675532514 0.021184050943753575 -0.0002298062763576839 -0.0068873907573372964 0.0035370896157472693 0.0038307869885449556 -0.025061678003764978 0.0072605729761273056 -0.012552321279918087 0.030760064630496239 0.01209463754983767 -0.0052858442468822538 -0.01157490436918817 0.042953470780414303 0.010247216714598582 0 0.011387901388514948 -0.027906847545004942
leaf_weight=6.0612461268901816 1017.6807999163866 19.304088667035106 9.9095654785633069 42.570200964808464 44.676263049244881 138.45122919976711 21.559064447879791 7.9962681680917731 18.169198587536812 116.94683054089546 354.93840059638023 602.65067560970783 36.96762253344059 8.2535874992609042 8.7019090950489026 9.8144481480121595 6.1110776662826529 24.839031502604485 8.5889591574668867 12.431946858763693 13.796890407800673 5.3814204782247534 5.0301891416311255 30.537219993770123
leaf_count=33 3125 68 34 125 136 478 93 39 78 421 1126 1904 134 28 24 39 20 114 44 48 61 20 28 175
internal_value=-0.000178217 0.000494494 -0.000286807 0.0063988 0.00350566 0.00759144 -0.00871756 -0.00457074 -0.0104069 -0.000461373 -0.00179197 0.00203999 -0.0176109 0.0189974 0.00728718 0.00511945 -0.0110639 0.00128876 -0.0190645 0.0317096 -0.00165909 0.0207034 -0.00112087 -0.02469
internal_weight=2571.37 2382.63 2102.13 280.5 231.809 183.127 188.742 138.524 87.9721 2092.22 1372.62 719.598 55.1368 48.6915 28.006 50.5518 48.6813 32.8353 50.2176 20.6855 35.356 15.1959 13.6191 36.5985
internal_count=8395 7537 6610 927 759 614 858 578 365 6576 4251 2325 212 168 92 213 145 153 280 76 154 59 72 208
is_linear=0
shrinkage=0.05


Tree=133
num_leaves=21
num_cat=0
split_feature=37 41 1 41 55 42 40 25 5 13 55 65 31 63 31 0 49 63 42 42
split_gain=2.61034 2.81389 2.62927 2.4457 4.72207 4.33941 6.06399 4.84852 3.76004 3.33105 3.27749 5.03196 4.13391 3.17109 5.6244 4.75827 2.93944 2.46373 0.675892 0.151074
threshold=5.5833333333333348 0.2667104686815594 1.7928571428571431 0.26108686558404665 2.9750000000000005 2.4595689721643925 0.26489713963646616 0.83333333333333337 -0.33333333333333304 0.19090909090909094 2.2899159663865549 0.69742063492063511 1549.3714423760659 -0.58245614035087701 1464.6614159782466 1.5505050505050508 1.1547619047619049 0.20227272727272733 2.7266773847802788 3.2116861902519429
decision_type=2 2 2 2 2 2 2 2 2 2 2 2 2 2 2 2 2 2 2 2
left_child=3 -2 18 4 10 6 7 -5 16 -10 12 -12 -1 15 -15 -7 -6 -8 -3 -20
right_child=1 2 -4 5 8 13 17 -9 9 -11 11 -13 -14 14 -16 -17 -18 -19 19 -21
leaf_value=-0.0053078927660335186 0.012559890966136581 -0.0086947921604772407 0.0037237993842315128 0 0.010186171681518665 -0.0016313329448488267 -0.014816114879457538 0.036152688157822029 0 0.034754480739734361 -0.019502011847569153 0.01227238742718257 0.026338777365148797 0.0065159082409182306 1.4900733968951661e-05 -0.020593092185265234 -0.023823153197847498 0.013940777756349363 -0.035759416220515747 -0.0086382304040844259
leaf_weight=75.862239256501198 7.4852049052715293 11.252108275890352 8.9719491302967054 11.595874086022375 10.482954248785974 262.6451146826148 18.020412683486942 27.967907950282097 12.319333851337435 15.3210561722517 78.941085606813431 12.310699433088301 9.8318041115999204 414.80008026957512 1687.6861442774534 36.682643815875053 10.120346352457998 9.3389172554016096 12.509691424667837 5.0415350496768943
leaf_count=231 22 39 31 33 31 973 57 72 36 37 246 41 25 1195 5074 119 34 27 52 20
internal_value=0.000308021 -0.0113185 -0.0170722 0.000520883 -0.00442429 0.000985299 0.0133732 0.0255096 0.00894411 0.020613 -0.00826807 -0.014776 -0.000874052 0.000618887 0.00131434 -0.00415932 -0.00604298 -0.00386764 -0.0241827 -0.0309282
internal_weight=2739.19 45.2605 37.7753 2693.93 225.19 2468.74 66.9231 39.5638 48.2437 27.6404 176.946 91.2518 85.694 2401.81 2102.49 299.328 20.6033 27.3593 28.8033 17.5512
internal_count=8395 164 142 8231 681 7550 189 105 138 73 543 287 256 7361 6269 1092 65 84 111 72
is_linear=0
shrinkage=0.05


Tree=134
num_leaves=24
num_cat=0
split_feature=23 32 37 26 43 54 11 55 32 39 47 43 18 19 13 63 49 31 26 50 46 50 10
split_gain=6.16298 5.21191 5.63097 7.23233 6.31115 4.51023 4.25657 5.34647 3.82969 4.54128 3.69205 3.51569 3.48586 3.67105 3.98583 3.37367 2.74709 2.72389 2.72037 2.51562 2.46738 2.30616 0.462056
threshold=0.11547619047619047 35.510013420690036 2.7083333333333335 -0.83333333333333315 6.5841003072722417 2.1519230769230773 -0.37559523809523804 2.7947368421052636 43.79609287457243 0.47157338738696014 2.1519230769230773 4.2835627800822236 1.0000000180025095e-35 0.40833333333333338 0.30384615384615393 -0.099999999999999825 1.9500000000000002 1467.6290765635783 1.0000000180025095e-35 1.3166666666666669 1.820855614973262 0.72077922077922085 0.55050505050505061
decision_type=2 2 2 2 2 2 2 2 2 2 2 2 2 2 2 2 2 2 2 2 2 2 2
left_child=1 2 3 4 -1 21 7 17 19 -10 12 -5 -2 18 -15 -7 20 -3 -14 -8 22 -4 -12
right_child=10 6 5 11 -6 15 8 -9 9 -11 16 -13 13 14 -16 -17 -18 -19 -20 -21 -22 -23 -24
leaf_value=0.015647605462756547 0.029935446592483372 0.058497659192227304 0.0043975165627779637 0.0051517655362569416 -0.0095978231673767306 -0.0028649847342620228 -0.008551784850834453 -0.013905349650441524 -0.0068750784092692077 0.01273276863345868 -0.0094894124538369498 -0.0026778389384854266 0.018830344118832051 -0.0017875421584817811 -0.011098261875851875 0.0089242408117212318 0.0054510921562655286 0.0038582675493802061 -0.0087175216513871636 -0.03593018739954959 0 -0.026018134454698239 -0.034289553610797503
leaf_weight=118.55497542023659 5.6462074518203726 5.1308786943554896 7.4213096648454693 170.66431903839111 28.399714961647987 65.35317474603653 26.283634260296822 6.1551303565502158 190.93742626160383 32.273404896259308 7.5352600291371372 809.57924358546734 27.544590830802917 362.98178221285343 172.97836324572563 461.44851537048817 7.8746706098318091 5.3808385953307152 10.046739533543585 15.293324172496794 8.2726840376853925 13.823900148272513 22.198131494224072
leaf_count=335 17 25 21 511 84 196 97 32 809 127 38 2287 97 1429 705 1240 30 29 38 51 29 42 126
internal_value=-0.000139612 0.00123167 0.00230053 0.000253165 0.0105376 0.00644978 -0.00501341 0.0177972 -0.00666557 -0.00384113 -0.00446229 -0.00128151 -0.00329349 -0.00376692 -0.00486909 0.00740913 -0.0179412 0.0376141 0.0107679 -0.020383 -0.0234431 -0.0148537 -0.0297865
internal_weight=2581.78 1956.7 1675.25 1127.2 146.955 548.047 281.455 16.6668 264.788 223.211 625.078 980.244 579.198 573.551 535.96 526.802 45.8807 10.5117 37.5913 41.577 38.0061 21.2452 29.7334
internal_count=8395 5886 4716 3217 419 1499 1170 86 1084 936 2509 2798 2286 2269 2134 1436 223 54 135 148 193 63 164
is_linear=0
shrinkage=0.05


Tree=135
num_leaves=26
num_cat=0
split_feature=31 0 3 6 12 16 42 6 53 41 5 55 53 54 17 63 5 4 32 64 13 19 36 23 41
split_gain=5.94448 4.78493 3.71121 3.23762 3.22851 3.3754 3.21907 4.6303 3.35106 3.02979 3.72305 5.4267 4.38437 4.11472 3.34223 3.01578 4.4208 2.97871 2.95635 2.88075 4.18805 3.23642 2.87714 1.72243 1.55399
threshold=1559.8069684720053 1.1291666666666669 1.6961538461538463 0.93095238095238109 0.43650793650793651 1.0000000180025095e-35 2.5238910632746259 0.65476190476190488 0.2678571428571429 0.32297600274622129 -0.22640692640692631 2.5857843137254908 1.6306818181818186 3.0250000000000004 -0.32261904761904753 -0.36363636363636359 -0.14194139194139183 1.1291666666666669 -65.311946915501139 -0.86190476190476184 0.29285714285714287 0.51666666666666672 0.55000000000000016 -0.13749999999999993 0.28685268802031899
decision_type=2 2 2 2 2 2 2 2 2 2 2 2 2 2 2 2 2 2 2 2 2 2 2 2 2
left_child=1 2 19 6 5 -5 7 -3 -8 15 12 13 -11 -12 -13 24 17 -17 -6 21 -21 -1 -18 -4 -2
right_child=9 3 23 4 18 -7 8 -9 -10 10 11 14 -14 -15 -16 16 22 -19 -20 20 -22 -23 -24 -25 -26
leaf_value=0.024717684087049548 -0.0020048675637906123 -0.022845190830563175 0 0.015483683216374054 0.017818000592611734 0.00057219428698999746 0.02232696330774353 0.01169146038084583 -0.009286693696791604 -0.0017725743453569824 0.035015694129194197 0.0029055245344101286 0.040467712952028778 -0.0080751313327958284 -0.017273796992635117 -0.011396121448275714 -0.010446018260108129 0.019707238653058495 -0.012628702077421998 0.00074204789354829419 0.0095061584812724184 0.0029442122006502688 0.0074472454436878069 -0.02998648620268296 -0.029847043991919987
leaf_weight=35.718279004096985 9.3050314486026782 9.8290082365274412 11.637473717331888 37.696337640285492 6.5649554729461661 1024.9647312909365 6.4069081842899314 47.303728207945824 225.87486147880554 10.165268525481226 12.38513730466366 31.360812366008759 9.9246657192707044 6.6923613250255576 46.775494888424873 8.4500847458839434 219.88145560771227 23.151041507720947 70.231897443532944 418.46497575938702 205.75414064526558 37.717990055680275 21.905501529574394 8.847290635108946 21.682952895760536
leaf_count=150 29 31 34 117 29 3234 22 152 753 31 49 153 36 21 156 26 890 81 216 1247 631 138 87 23 59
internal_value=-0.000170078 0.000887192 0.00421614 -0.000771992 0.000409725 0.00115273 -0.00548122 0.00475535 -0.00812485 -0.00559103 0.00103858 -0.00289369 0.0197375 0.0193815 -0.00899227 -0.00821772 -0.00631175 0.010463 -0.00932251 0.00487554 0.00369192 0.0142405 -0.00867457 -0.0155655 -0.0228729
internal_weight=2568.69 2147.01 718.14 1428.87 1139.46 1062.66 289.415 57.1327 232.282 421.68 117.304 97.2138 20.0899 19.0775 78.1363 304.376 273.388 31.6011 76.7969 697.655 624.219 73.4363 241.787 20.4848 30.988
internal_count=8395 6777 2223 4554 3596 3351 958 183 775 1618 446 379 67 70 309 1172 1084 107 245 2166 1878 288 977 57 88
is_linear=0
shrinkage=0.05


Tree=136
num_leaves=14
num_cat=0
split_feature=30 30 30 32 31 23 31 53 31 38 14 41 23
split_gain=2.29282 5.99078 4.3614 3.83018 2.4462 4.74967 3.28955 2.14535 1.85615 1.84849 1.67321 1.95671 1.0003
threshold=1687.9201243651225 1661.9659781296491 1636.4749251712319 173.05643310703661 1461.2143016130563 -0.20227272727272724 1470.283766474352 1.6833333333333336 1566.4729790962738 0.90000000000000013 0.020634920634920603 0.30650419865134232 0.066666666666666666
decision_type=2 2 2 2 2 2 2 2 2 2 2 2 2
left_child=1 2 4 7 5 -1 -6 -3 -2 -4 11 -5 -11
right_child=8 3 9 10 6 -7 -8 -9 -10 12 -12 -13 -14
leaf_value=0.028577541930305483 -0.026009225948857125 0.040674770841533064 0.0006894669540597802 -0.0077593532711037862 -0.007793708554798686 0.0024921460115463253 0.0001591486874411185 0.0027550052489874284 0.0015840545679814987 -0.035696656439837653 -0.018763405377495775 0.026834978236766019 -0.011237779448580329
leaf_weight=16.386746630072594 12.885063365101816 16.330785326659683 9.1093843132257444 5.0040033236145991 136.8064219802618 500.99556374549866 1986.718059681356 6.9314918220043173 7.2602108120918265 9.8497271984815615 5.292887568473815 6.4507823064923286 18.299763858318329
leaf_count=42 69 51 32 28 432 1525 5993 21 24 44 26 29 79
internal_value=0.000302347 0.000441519 0.00013813 0.0191811 0.000393003 0.00347333 -0.000348298 0.031478 -0.0156909 -0.0163902 0 0.0109574 -0.0224256
internal_weight=2738.32 2718.18 2678.17 40.01 2640.91 517.382 2123.52 23.2623 20.1453 37.2589 16.7477 11.4548 28.1495
internal_count=8395 8302 8147 155 7992 1567 6425 72 93 155 83 57 123
is_linear=0
shrinkage=0.05


Tree=137
num_leaves=27
num_cat=0
split_feature=32 1 32 26 37 54 65 62 43 39 50 20 64 39 26 54 2 43 65 37 64 46 49 37 2 12
split_gain=5.39361 3.95553 3.6601 4.1535 5.49572 5.37017 4.85773 5.52821 4.03859 3.57599 3.97706 3.87826 3.50967 3.3882 4.27324 4.99228 3.15561 4.28288 3.28949 3.11879 2.98327 2.08398 2.36997 2.33196 2.07363 3.09448
threshold=52.631846643314709 1.7071428571428573 -198.85459937119251 -0.83333333333333315 2.9000000000000004 2.1519230769230773 -0.6651884700665186 -0.45000000000000001 4.2835627800822236 0.4464515066161876 1.2361111111111114 0.061111111111111054 -0.4722222222222221 0.43565803948815934 0.83333333333333359 3.2565789473684217 -1.0166666666666664 6.1279596970873662 1.300816001697793 2.9000000000000004 0.055181660899653907 0.94868421052631591 0.9545454545454547 1.6333333333333335 1.7888888888888892 0.24038461538461539
decision_type=2 2 2 2 2 2 2 2 2 2 2 2 2 2 2 2 2 2 2 2 2 2 2 2 2 2
left_child=2 9 12 6 8 -6 19 -8 -5 16 11 -11 24 14 15 -3 18 -18 -2 -4 -12 22 -15 -23 25 -1
right_child=1 13 3 4 5 -7 7 -9 -10 10 20 -13 -14 21 -16 -17 17 -19 -20 -21 -22 23 -24 -25 -26 -27
leaf_value=-0.017399017616899468 0.035193094415241752 -0.017806036677263111 0.028037929183750455 0.0038131853487051327 -0.014968459766629048 0.0050402456903683047 -0.01611050832767395 0.0056815886794034862 -0.0036085919653029153 -0.0051748343090079639 0.036163814689731323 0.021145424560577209 0.031344343233305184 -0.025052963608318015 0.029052216878721605 0.017560658855028489 -0.021291535282771511 -0.0025335419726345816 -0.0027620697485780917 -0.0022270863160822286 -0.0017993158204247185 -0.0093998032716819876 0.0090221831355538577 -0.030537905108843685 0.0245914470004867 0.010424983023444136
leaf_weight=14.949701100587843 6.6987533047795322 34.023665837943554 33.084693223237991 217.7642260491848 33.435013309121132 509.26256105303764 30.539037451148033 249.55870336294174 1037.0384698212147 63.863513812422752 13.683803632855417 15.742011725902556 16.426411896944046 5.6102826297283199 7.1948301419615737 11.384624056518076 46.244658835232258 94.41043109446764 12.913422249257563 8.9240668416023237 5.6647005230188361 29.207667283713818 12.748497568070887 38.46470545232296 7.9844615161418906 22.056476950645447
leaf_count=40 34 189 86 683 101 1426 85 774 3067 295 51 65 44 42 32 73 220 413 85 24 21 155 79 230 22 59
internal_value=-0.000141932 -0.00548876 0.000826102 0.000459285 -0.000466787 0.0037112 0.00567531 0.0031196 -0.00229667 -0.00169892 0.00557407 0.000114326 0.0126776 -0.0122724 -0.00163481 -0.00804492 -0.00635691 -0.00908809 0.0111023 0.0212315 0.0247509 -0.0183077 -0.0016011 -0.0223052 0.00428623 -0.000490173
internal_weight=2578.88 397.856 2181.02 2119.61 1797.5 542.698 322.107 280.098 1254.8 259.221 98.954 79.6055 61.4171 138.634 52.6031 45.4083 160.267 140.655 19.6122 42.0088 19.3485 86.0312 18.3588 67.6724 44.9906 37.0062
internal_count=8395 1984 6411 6246 5277 1527 969 859 3750 1184 432 360 165 800 294 262 752 633 119 110 72 506 121 385 121 99
is_linear=0
shrinkage=0.05


Tree=138
num_leaves=24
num_cat=0
split_feature=31 0 3 6 43 16 26 43 42 6 53 64 40 45 45 42 14 9 19 40 40 22 40
split_gain=5.48067 4.43894 3.51059 3.04428 3.54921 6.67407 5.15722 3.00158 2.99216 4.35689 3.17924 2.93443 3.40036 2.93279 2.75521 2.54331 4.02151 2.88563 2.48763 1.9425 1.2754 1.15183 0.405309
threshold=1559.8069684720053 1.1291666666666669 1.6961538461538463 0.93095238095238109 5.772996334337213 0.087121212121212113 -1.0000000180025095e-35 7.035708546515818 2.5238910632746259 0.65476190476190488 0.2678571428571429 -1.2422222222222221 0.23342032388993714 1.531372549019608 2.3100961538461542 3.2022909106807158 0.10871212121212122 0.42261904761904762 0.51666666666666672 0.26871411699091241 0.26126470244117306 0.13809523809523808 0.25815040247151527
decision_type=2 2 2 2 2 2 2 2 2 2 2 2 2 2 2 2 2 2 2 2 2 2 2
left_child=1 2 7 8 5 -5 -6 13 9 -3 -10 22 15 -1 18 17 -17 -13 -14 -16 -9 -4 -2
right_child=11 3 21 4 6 -7 -8 20 10 -11 -12 12 14 -15 19 16 -18 -19 -20 -21 -22 -23 -24
leaf_value=0.0070723878594443849 -0.028678687633372599 -0.022399215176730318 -0.028147876871318773 0.015909660927142463 -0.0024280398728681318 -0.0051883191193726891 0.0061686264163109692 -0.026924287183959519 0.021663244617320332 0.011213968266889947 -0.0090250942550357989 0.016887703047445933 -0.0089480821053239176 -0.00050499832906080898 -0.023628211837768198 -0.015741336735343513 0.025492374614567565 -0.0059501731534145281 0.00053696493171275373 0.0011907328477431824 0 -0.0022224334838420357 -0.0038097973708845455
leaf_weight=520.03239473700523 13.723382085561754 9.7139248549938184 8.0890033245086688 39.052646681666374 292.73442524671555 391.35745680332184 416.17226667702198 8.0806930065155047 6.4563668668270102 47.513199895620346 224.91266378760338 42.818058088421822 152.35191782563925 160.7679361552 34.077235370874405 25.860339999198917 5.2680975645780554 16.820535555481911 116.29552289843559 7.4643809497356406 8.2432355731725675 12.311224609613417 5.4121933579444876
leaf_count=1645 75 31 21 123 909 1238 1326 20 22 152 753 151 557 477 145 90 21 71 438 35 24 36 35
internal_value=-0.000164646 0.00084921 0.00405725 -0.000748764 0.000395325 -0.00315148 0.00258673 0.00469885 -0.00532305 0.00452253 -0.00788329 -0.0053812 -0.00432353 0.00525017 -0.00683497 0.00395195 -0.00689069 0.0100568 -0.00477608 -0.0187446 -0.0149932 -0.0152137 -0.0238539
internal_weight=2565.53 2145.44 717.524 1427.91 1139.32 430.41 708.907 697.124 288.596 57.2271 231.369 420.092 400.956 680.8 310.189 90.767 31.1284 59.6386 268.647 41.5416 16.3239 20.4002 19.1356
internal_count=8395 6777 2223 4554 3596 1361 2235 2166 958 183 775 1618 1508 2122 1175 333 111 222 995 180 44 57 110
is_linear=0
shrinkage=0.05


Tree=139
num_leaves=22
num_cat=0
split_feature=37 41 23 50 63 11 33 4 57 56 50 36 54 41 38 43 37 37 31 31 65
split_gain=2.42116 2.70986 3.37682 2.4654 4.80406 4.71485 5.43116 4.30924 4.19557 4.03763 3.98452 5.79095 5.65265 5.13468 4.82063 4.2589 3.58309 3.04886 1.80138 1.1675 0.311254
threshold=5.5833333333333348 0.2667104686815594 -1.0000000180025095e-35 1.2111111111111115 -0.58245614035087701 -0.16904761904761897 0.54818160243021896 0.96666666666666667 0.48684210526315791 0.42481203007518792 0.63068181818181823 0.55000000000000016 2.8973684210526325 0.33549960669204254 2.7083333333333335 5.705446369702539 4.5833333333333348 1.9000000000000001 1521.3367722363994 1471.7904253132103 -1.2849624060150375
decision_type=2 2 2 2 2 2 2 2 2 2 2 2 2 2 2 2 2 2 2 2 2
left_child=3 -2 20 10 5 6 -5 8 -6 -9 13 16 -13 14 -1 -15 -12 -7 19 -4 -3
right_child=1 2 18 4 7 17 -8 9 -10 -11 11 12 -14 15 -16 -17 -18 -19 -20 -21 -22
leaf_value=0.0081215095204984628 0.012419202579565983 -0.0082424534665186001 -0.003133919272953028 0.025149838395149296 -0.022994313814604126 -0.039076116769962727 -0.013481054382420319 -0.0081452039452474794 -0.00086251970223810205 0.0050557662158702719 -0.00037906934447721905 -0.018923165068063463 0.0049483660029399999 -0.024359039367413154 -0.019174714629213746 0.010388465796266351 -0.01544653862660411 0 -0.021363189416710521 0.020980597958397167 -0.037485175370700251
leaf_weight=259.927200704813 7.4923196732997885 5.0975560694932964 7.9081638902425784 12.191141188144682 22.390956357121468 15.998964324593546 23.32090263068676 58.609418168663979 202.67412136495113 931.1563763320446 948.1221679225564 89.620948955416679 30.979648992419243 24.614956200122833 14.875094294548033 10.619240552186964 39.421009704470634 8.2099942862987501 5.9525638818740836 6.4519639760255814 11.97873182594776
leaf_count=808 22 21 33 31 78 55 86 178 616 2666 2963 280 101 103 68 37 134 27 24 19 45
internal_value=0.000295118 -0.0109473 -0.0166573 0.000499766 0.00210005 -0.0114375 0 0.0028038 -0.00335758 0.00423401 -0.000921776 -0.00233802 -0.0126065 0.00404263 0.00642577 -0.0132196 -0.0010358 -0.0275282 -0.00105842 0.00741289 -0.0318456
internal_weight=2737.61 44.8813 37.389 2692.73 1274.55 59.721 35.512 1214.83 225.065 989.766 1418.18 1108.14 120.601 310.036 274.802 35.2342 987.543 24.209 20.3127 14.3601 17.0763
internal_count=8395 164 142 8231 3737 199 117 3538 694 2844 4494 3478 381 1016 876 140 3097 82 76 52 66
is_linear=0
shrinkage=0.05


Tree=140
num_leaves=25
num_cat=0
split_feature=23 50 32 52 11 39 38 65 2 30 46 45 50 19 20 40 6 53 31 7 41 39 64 19
split_gain=5.4913 4.54855 4.66148 4.97163 5.50978 4.93988 3.89387 5.18212 4.91813 3.79853 3.62347 4.98035 6.53282 4.68061 3.70746 3.52783 5.80757 3.57407 3.48574 3.49604 2.89118 2.75226 2.54281 0.0590288
threshold=0.11547619047619047 0.61250000000000016 35.510013420690036 1.3166666666666669 -0.3076923076923076 0.48094466493915439 0.90000000000000013 -1.3281995365953381 -0.075961538461538344 1421.2955323820768 0.57518796992481214 1.5669642857142858 0.23611111111111113 0.40833333333333338 -0.083624708624708596 0.26094757094757098 1.7596153846153848 1.6306818181818186 1519.4154120481201 1.2403846153846156 0.32694927688115699 0.41315959630035709 -0.022499999999999947 0.51666666666666672
decision_type=2 2 2 2 2 2 2 2 2 2 2 2 2 2 2 2 2 2 2 2 2 2 2 2
left_child=1 15 6 4 -4 -5 7 -3 -8 22 11 12 -11 21 -15 18 17 -17 19 -1 -13 -12 -2 -20
right_child=9 2 3 5 -6 -7 8 -9 -10 10 13 20 -14 14 -16 16 -18 -19 23 -21 -22 -23 -24 -25
leaf_value=-0.025938130096839665 -0.0045157949625001205 0.008162891258671973 0.041446781554400014 -0.014132127442803361 -5.964022474035107e-05 0.017988764549046229 0.014547765270526257 -0.0010999462101253944 0.003484279625728952 0.017570439018422281 0.033639822602068416 0.041229642317789465 -0.022725892181559168 -0.019839258651313828 -0.005890805875359016 -0.016307175688003616 0.040010948214948661 0.012625016298941499 -0.016649402941039726 0.013311784163148177 0 0.0013835299581006336 0.027557801989412229 -0.037119287387110907
leaf_weight=7.2654756084084537 7.5457447320222881 185.19698894023895 6.4624865502119055 122.91689092665911 124.2225598692894 10.873122334480284 127.23829630017281 768.28592284023762 513.41193300485611 16.870409995317459 7.8509953320026389 10.941771402955057 19.118670664727688 54.236906334757805 459.0152647793293 30.207484431564808 5.7764894962310782 13.309309020638464 12.792101822793486 12.306296020746229 6.5852249860763541 26.370717823505402 13.394406318664549 14.003465652465819
leaf_count=33 20 490 28 580 456 40 380 2208 1393 68 31 36 101 219 1883 101 21 36 37 43 24 93 34 40
internal_value=-0.000139933 0.00115282 0.00171514 -0.00437397 0.00239827 -0.0111111 0.00274524 0.00068635 0.00575891 -0.00423283 -0.00501189 0.00700141 -0.00324776 -0.00625291 -0.00748459 -0.00932814 0 -0.00674329 -0.0189219 -0.00115367 0.027504 0.0109227 0.0155243 -0.0300504
internal_weight=2576.2 1954.27 1858.61 264.475 130.685 133.79 1594.13 953.483 640.65 621.93 600.99 53.5161 35.9891 547.474 513.252 95.6606 49.2933 43.5168 46.3673 19.5718 17.527 34.2217 20.9402 26.7956
internal_count=8395 5886 5575 1104 484 620 4471 2698 1773 2509 2455 229 169 2226 2102 311 158 137 153 76 60 124 54 77
is_linear=0
shrinkage=0.05


Tree=141
num_leaves=25
num_cat=0
split_feature=31 30 12 64 62 51 41 43 64 41 31 8 37 53 39 52 37 48 62 30 10 39 48 34
split_gain=5.07666 4.5679 4.20212 5.00319 3.63358 3.499 3.11707 3.09177 2.82628 2.8448 2.75831 3.6061 2.46601 4.73037 5.04031 3.35413 2.93488 4.92784 3.32107 2.40166 2.28851 3.03799 2.68366 1.07255
threshold=1559.8069684720053 1548.3786859984154 0.20714285714285713 -0.5484374999999998 0.84807692307692328 0.61250000000000016 0.32560582372483876 6.3877203624541385 -1.2422222222222221 0.32874090477696932 1573.4080062852013 -0.87272727272727257 3.7750000000000004 1.1742424242424245 0.44803048222533265 1.9545454545454546 3.1000000000000005 1.2111111111111115 0.15000000000000008 1522.999110965503 0.32051282051282054 0.40892288444040042 2.2792207792207795 0.22500000000000003
decision_type=2 2 2 2 2 2 2 2 2 2 2 2 2 2 2 2 2 2 2 2 2 2 2 2
left_child=1 12 3 4 -3 23 -5 -7 -2 20 19 -12 16 15 -15 -14 18 -18 -1 -11 22 -22 -10 -4
right_child=8 2 5 6 -6 7 -8 -9 9 10 11 -13 13 14 -16 -17 17 -19 -20 -21 21 -23 -24 -25
leaf_value=-0.0020621597829791807 -0.023483588987230436 -0.0096765295583444606 0.0016317562440800321 -0.0055675288789290784 0.017298966224733328 0.0061456399668846379 0.0080489237270056201 0.021388955906317671 -0.0060801842874477546 0.0055060742636262906 -0.0065296469067710229 0.020283854166483154 -0.014334500670348896 -0.0054827559152381264 0.020327010170157922 0.013933925515825694 0.031617602388475503 0.0015451314863479653 0.0029382755116820515 -0.023482959855757858 0.011214699584381141 -0.018119639176243547 0.0075500595547770043 -0.021008520594184569
leaf_weight=891.03130716085434 18.787636004388332 12.722786441445349 7.0387545526027662 168.91164197027683 64.500134468078613 74.554673492908478 52.782429829239845 73.077256590127945 217.00447649508715 11.594570487737657 16.316057592630386 33.73592634499073 110.97503963112831 48.680562555789948 27.554398685693741 9.0959091335535032 17.6128219217062 51.947459176182747 525.60502646863461 11.622409507632254 7.7706201523542395 61.631988942623138 39.991419300436974 7.570439338684082
leaf_count=2878 110 36 21 484 264 229 165 233 865 46 74 120 337 162 98 29 62 167 1592 32 31 209 131 20
internal_value=-0.000167084 0.000807437 0.00520836 0.00156954 0.012407 0.0116596 -0.00217089 0.0140431 -0.00519891 -0.00416449 0.00445367 0.0111478 -0.000388724 -0.00563245 0.00380755 -0.011795 0.000293739 0.0101798 -0.000187733 -0.00872594 -0.00619054 -0.014263 -0.00382072 -0.00971219
internal_weight=2562.12 2143.66 461.158 298.917 77.2229 162.241 221.694 147.632 418.455 399.667 73.269 50.052 1682.5 196.306 76.235 120.071 1486.2 69.5603 1416.64 23.217 326.399 69.4026 256.996 14.6092
internal_count=8395 6777 1452 949 300 503 649 462 1618 1508 272 194 5325 626 260 366 4699 229 4470 78 1236 240 996 41
is_linear=0
shrinkage=0.05


Tree=142
num_leaves=22
num_cat=0
split_feature=14 12 5 56 44 35 40 11 7 44 62 14 0 39 50 14 20 5 11 64 33
split_gain=2.24803 3.83895 3.62316 3.69956 3.53717 4.83416 4.54806 2.9318 2.6235 2.55485 5.4855 4.26028 3.87611 3.65463 3.2258 2.97934 2.67643 2.04946 3.84223 3.10826 1.02124
threshold=0.23205128205128203 0.63068181818181823 0.50555555555555565 0.48684210526315791 1.297058823529412 0.70833333333333337 0.21437477734235835 0.056776556776556755 1.2696969696969698 0.60769230769230786 -0.6063492063492063 -0.46410256410256401 2.1291666666666669 0.39177181104785358 0.63068181818181823 -0.13214285714285709 -0.25833333333333325 0.86190476190476217 0.65833333333333355 0.13500000000000009 0.54433665232944273
decision_type=2 2 2 2 2 2 2 2 2 2 2 2 2 2 2 2 2 2 2 2 2
left_child=9 2 4 -4 5 -2 -6 -5 -3 10 17 16 -12 15 -15 -13 -11 19 -19 -1 -18
right_child=1 8 3 7 6 -7 -8 -9 -10 11 12 13 -14 14 -16 -17 20 18 -20 -21 -22
leaf_value=-0.019635586357272618 0.019282434059916358 0.0017036173477216474 -0.026486272517294185 -0.021121377550560087 0.024239064995301287 -0.0050713792254864437 -0.0052514728202232228 0.0079211739913326289 -0.031339822771547947 0 0.0010461545520187591 0.0051597729409646317 0.043554275857585714 0.0053535474023799394 -0.00056257865967319334 -0.018834228216480155 -0.036375568742727842 0.036704128196385508 -0.0096249359617102889 0.013072084493870529 -0.0030968674062363199
leaf_weight=20.217444211244587 101.43234038352966 9.0072613656520861 12.309150740504263 8.6362456083297712 14.444676294922827 22.586651459336281 60.838802471756935 42.261845469474792 9.991021975874899 10.171621635556223 10.288909167051317 15.00308336317539 13.434979319572447 257.45990927517414 2044.927256308496 43.734249502420425 13.295274689793589 6.4859191328287107 6.8413144797086716 8.2017681300640088 5.2379040718078604
leaf_count=64 272 27 39 27 42 68 189 126 37 32 27 48 31 848 6241 143 48 17 26 23 20
internal_value=0.000289485 0.00450872 0.0061824 -0.00388059 0.00950483 0.0146386 0.000564251 0.00190845 -0.0158129 -0.000187367 0.00939068 -0.000467846 0.0276053 -0.000216308 9.22038e-05 -0.0123258 -0.0189822 -0.00117776 0.0131381 -0.00913548 -0.0294055
internal_weight=2736.81 281.508 262.51 63.2072 199.302 124.019 75.2835 50.8981 18.9983 2455.3 65.4703 2389.83 23.7239 2361.12 2302.39 58.7373 28.7048 41.7464 13.3272 28.4192 18.5332
internal_count=8395 827 763 192 571 340 231 153 64 7568 188 7380 58 7280 7089 191 100 130 43 87 68
is_linear=0
shrinkage=0.05


Tree=143
num_leaves=24
num_cat=0
split_feature=23 50 32 39 36 38 65 2 51 30 47 5 31 10 53 32 44 49 23 39 64 17 46
split_gain=5.04805 4.19806 4.26213 4.0727 3.88241 3.62784 4.71946 4.58926 3.6096 3.54076 4.18365 5.55462 9.34237 4.28885 3.43302 3.30274 3.23775 3.18671 2.79272 2.48573 2.39285 2.02883 0.871566
threshold=0.11547619047619047 0.61250000000000016 35.510013420690036 0.4604585468400999 0.45000000000000007 0.90000000000000013 -1.3281995365953381 -0.075961538461538344 0.90454545454545465 1421.2955323820768 2.1519230769230773 -0.62361111111111089 1559.8069684720053 0.39230769230769236 1.4722222222222225 -54.66921307291409 1.6583333333333334 1.9500000000000002 -0.20227272727272724 0.44340173047709214 -0.022499999999999947 0.19184149184149182 1.820855614973262
decision_type=2 2 2 2 2 2 2 2 2 2 2 2 2 2 2 2 2 2 2 2 2 2 2
left_child=1 8 5 16 -5 6 -3 -7 18 20 11 12 -11 -13 19 -16 -4 22 -1 -10 -2 -20 -12
right_child=9 2 3 4 -6 7 -8 -9 14 10 17 13 -14 -15 15 -17 -18 -19 21 -21 -22 -23 -24
leaf_value=0.0064391163269577369 -0.0043992560701292286 0.0077823994994291497 -0.00238930299132834 0 0.031289836707125672 0.014005063636892573 -0.0010626673724012767 0.003333885493155643 0.0070182470581555412 0 -0.030135548188017492 -0.012762914583848676 0.038448756079414857 -0.0020948609670511909 -0.0044814089394235685 0.03391548628938227 -0.01556609393192776 0.0052978929893121723 -0.026335089903747694 -0.022717136549041339 0.026644473303618379 0 -0.0030013199571951813
leaf_weight=7.9729639440774909 7.5375380218029049 184.91619043052197 131.17873644828796 44.698849827051163 11.144250005483626 127.82260477542877 767.94999562203884 513.47835019230843 9.5237077251076716 145.82868877053261 27.784381277859211 170.06157869100571 15.660281814634798 225.51511117070913 7.6715498864650753 10.325137957930563 76.442995101213455 7.8816354721784583 38.95511382818222 13.93391267210245 13.434726536273955 6.8813275992870322 6.1778531223535529
leaf_count=24 20 490 496 177 45 380 2208 1393 39 738 161 594 54 855 20 33 386 30 119 49 34 27 23
internal_value=-0.000131825 0.00110644 0.00164637 -0.00418709 0.00739465 0.00263016 0.000640358 0.00553663 -0.00898249 -0.00406412 -0.00482051 -0.00358085 0.00410235 -0.00678516 0.00157808 0.0174864 -0.00746228 -0.0198377 -0.0173312 -0.0100597 0.0149873 -0.0220849 -0.0263363
internal_weight=2572.78 1952.9 1857.63 263.465 55.8431 1594.17 952.866 641.301 95.2637 619.882 598.91 557.066 161.489 395.577 41.4543 17.9967 207.622 41.8439 53.8094 23.4576 20.9723 45.8364 33.9622
internal_count=8395 5886 5575 1104 222 4471 2698 1773 311 2509 2455 2241 792 1449 141 53 882 214 170 88 54 146 184
is_linear=0
shrinkage=0.05


Tree=144
num_leaves=21
num_cat=0
split_feature=8 7 50 5 62 64 64 6 44 30 41 47 10 3 3 37 41 22 8 43
split_gain=4.71114 4.1812 3.44844 4.35917 3.14384 3.94966 4.84591 3.37726 6.59075 3.87726 3.23892 2.94226 2.91375 2.20457 2.09839 1.90206 2.28949 1.96135 0.722493 0.246432
threshold=-0.86282051282051253 2.7083333333333335 0.6515151515151516 0.3984126984126985 0.84807692307692328 -0.50925170068027181 -0.35999999999999999 2.2583333333333337 2.3535714285714291 1543.8708350042207 0.28899669161641522 0.63068181818181823 0.074175824175824162 1.3205128205128207 1.8397435897435901 4.1250000000000009 0.30774686306601207 0.30384615384615393 -1.0083333333333331 5.2176457913436556
decision_type=2 2 2 2 2 2 2 2 2 2 2 2 2 2 2 2 2 2 2 2
left_child=2 4 3 12 5 10 -7 9 -9 -6 -2 13 -1 -4 -15 17 -17 -13 -14 -3
right_child=1 19 11 -5 7 6 -8 8 -10 -11 -12 15 18 14 -16 16 -18 -19 -20 -21
leaf_value=0 -0.02407480328619975 -0.032401202687617273 0.030600334793910403 -0.022551568655422051 0.0015100587385443031 0.013053455742746193 -8.6424350289716925e-06 -0.015876838401404528 0.0074341285399432333 0.018524639662278779 -0.0020833473515733834 -0.0061403166133715183 0.010383899783652228 -0.02114249855418867 0.015441104547410218 0.018664654724224117 -0.010693740506516785 -0.017248422343772541 0.04647504662344043 -0.0075162762599547284
leaf_weight=10.339585334062582 27.90133199095726 7.5705269724130613 5.709586217999461 6.0043918490409842 64.857837334275246 71.655404925346375 1870.1478620767593 42.384862780570984 93.693193763494492 76.845349743962288 45.546376734972 88.320613130927086 6.1803225129842785 5.9070071056485158 5.4184733778238297 10.219997934997084 11.899872981011866 95.87818705290556 6.0700597018003419 6.4800818860530853
leaf_count=36 90 21 24 24 195 252 5853 127 333 271 165 334 22 32 23 49 59 440 24 21
internal_value=-0.000161517 0.000539506 -0.00663291 0.0088479 0.000727484 2.54571e-05 0.000473442 0.00569461 0 0.0110404 -0.0111856 -0.00878667 0.0193659 0.00962915 -0.00207306 -0.0105051 0.00225708 -0.0121797 0.0340342 -0.0248486
internal_weight=2559.03 2307.08 251.948 28.5944 2293.03 2015.25 1941.8 277.781 136.078 141.703 73.4477 223.354 22.59 17.0351 11.3255 206.319 22.1199 184.199 12.2504 14.0506
internal_count=8395 7328 1067 106 7286 6360 6105 926 460 466 255 961 82 79 55 882 108 774 46 42
is_linear=0
shrinkage=0.05


Tree=145
num_leaves=20
num_cat=0
split_feature=37 41 63 50 63 40 40 37 2 13 44 64 44 45 47 10 50 33 32
split_gain=2.27625 2.57791 2.49524 2.30396 4.62315 3.92603 7.71552 5.8281 4.25456 3.82426 3.72199 5.35268 4.66436 3.12632 4.14092 2.39016 2.31689 1.04938 2.54264
threshold=5.5833333333333348 0.2667104686815594 -0.29999999999999988 1.2111111111111115 -0.58245614035087701 0.28230209100921505 0.26458948241981067 4.5833333333333348 -0.22222222222222224 1.0000000180025095e-35 0.78174603174603186 -0.24999999999999992 0.87867647058823539 1.7669683257918554 0.97500000000000009 0.40833333333333338 0.55050505050505061 0.46733274465656555 -100.49802540107872
decision_type=2 2 2 2 2 2 2 2 2 2 2 2 2 2 2 2 2 2 2
left_child=3 -2 -3 5 9 6 7 -1 -8 -5 11 -6 -12 14 -7 -11 -15 18 -4
right_child=1 2 17 4 10 13 8 -9 -10 15 12 -13 -14 16 -16 -17 -18 -19 -20
leaf_value=0.00086057943474421089 0.012037753599477272 0.0031571692158030833 -0.030415340628512699 0.014271432684144741 -0.00032025495420861632 0.025311574978709603 -0.0021045674075880327 -0.020351328088023073 -0.01519198467531657 0.0070653156068775621 -0.015401950333353967 0.019951444924485865 0.0023815692743851392 0.012734061433921379 0.0043632713202491338 -0.021270179814289737 -0.01579465996840217 -0.036999909867557079 0.0033106784240096946
leaf_weight=908.95682848244905 7.5210896879434577 9.5410521999001485 7.6143155395984659 9.5557574778795225 55.502822935581207 27.429121032357216 116.44786541163921 31.564667589962482 146.59970878064632 6.4157828092575064 35.928450584411621 69.222422048449516 1054.4404157102108 7.0501542389392879 153.91977597028017 43.491386227309704 24.903413519263268 10.000292584300039 9.8845551162958181
leaf_count=2906 22 38 33 27 170 78 395 113 439 21 106 179 3083 19 470 151 74 39 32
internal_value=0.000284775 -0.0106534 -0.0162819 0.000482934 0.0020298 -0.000891841 -0.00201643 8.04917e-05 -0.00955227 -0.0112789 0.00271909 0.0108706 0.00174558 0.00529735 0.00790961 -0.017014 -0.00838454 -0.0236307 -0.0116969
internal_weight=2735.99 44.5613 37.0402 2691.43 1274.56 1416.87 1203.57 940.521 263.048 59.4629 1215.09 124.725 1090.37 213.302 181.349 49.9072 31.9536 27.4992 17.4989
internal_count=8395 164 142 8231 3737 4494 3853 3019 834 199 3538 349 3189 641 548 172 93 104 65
is_linear=0
shrinkage=0.05


Tree=146
num_leaves=24
num_cat=0
split_feature=8 52 48 41 21 8 47 6 57 50 39 26 21 35 25 57 21 8 45 62 10 53 40
split_gain=4.47335 5.09867 5.01671 3.98179 5.32761 7.06268 4.82167 4.5281 4.49692 3.91815 4.55779 5.62768 4.33775 3.17733 3.04558 3.04328 2.93897 2.84074 2.15919 2.00212 1.81913 1.10745 0.0256713
threshold=0.40138888888888896 2.1339285714285716 2.2361111111111116 0.34179516685845801 0.26969696969696971 0.57142857142857162 1.6055555555555558 1.4083333333333334 0.45227272727272733 0.61250000000000016 0.42112414187643021 -0.83333333333333315 0.65476190476190488 0.63333333333333341 0.50000000000000011 0.45227272727272733 0.39230769230769236 0.50714285714285723 0.57738095238095244 0.25000000000000011 0.25833333333333336 1.9545454545454546 0.21033562166285272
decision_type=2 2 2 2 2 2 2 2 2 2 2 2 2 2 2 2 2 2 2 2 2 2 2
left_child=1 9 20 4 6 19 7 -2 -8 12 16 -12 15 -7 -14 -1 -11 -5 -19 -6 -3 -4 -20
right_child=3 2 21 17 5 13 8 -9 -10 10 11 -13 14 -15 -16 -17 -18 18 22 -21 -22 -23 -24
leaf_value=0.010674211462575158 0.024191194999590868 0.044849079059240272 0.01058976490640977 0.0065465193190789202 0 -0.001339459754723148 0.023879476680165775 0.0027230101735391302 -0.011534640318783027 0.0051421433692685828 0.0073735528613128867 -0.0011202508705692013 -0.0064405067912589311 -0.029171644752277529 0.023170134499997313 -0.012519087347367156 0.023074638368469985 0 -0.034995207516685466 -0.028739340006861482 0.0063616971462903023 -0.013066218660146983 -0.012069164749026938
leaf_weight=13.10235323011875 29.108280032873154 13.163594484329225 6.871922329068183 6.620941385626792 5.8428234159946433 150.93111418932676 7.8290063068270674 139.0217709839344 77.962936662137508 279.23803576081991 226.50138191878796 1324.8367680758238 12.922443673014643 9.2732494920492154 16.913605555891991 132.99168431758881 24.454930558800697 7.4632721319794646 19.596109680831436 43.014906287193298 6.8780296593904486 8.5015558302402479 6.9074703529477111
leaf_count=46 90 36 24 26 25 825 30 505 323 794 711 3881 47 38 66 453 76 27 98 188 25 26 35
internal_value=-0.000132608 0.000888004 0.0191978 -0.00435702 -0.00293339 -0.0088263 0.00185181 0.00682743 -0.00754776 0.000537854 0.00122781 0.00011168 -0.00652866 -0.00344445 0.00996112 -0.0101541 0.00680946 -0.0191089 -0.0248908 -0.0251524 0.0345507 -0.00105126 -0.0311633
internal_weight=2569.95 2066.38 35.4151 503.572 462.984 209.062 253.922 168.13 85.7919 2030.96 1855.03 1551.34 175.93 160.204 29.836 146.094 303.693 40.5878 33.9669 48.8577 20.0416 15.3735 26.5036
internal_count=8395 6185 111 2210 2024 1076 948 595 353 6074 5462 4592 612 863 113 499 870 186 160 213 61 50 133
is_linear=0
shrinkage=0.05


Tree=147
num_leaves=27
num_cat=0
split_feature=31 30 12 64 40 51 36 41 5 53 51 3 35 37 63 48 14 5 63 5 37 41 31 3 34 12
split_gain=4.55087 4.0287 4.00642 4.65516 4.34638 3.27057 3.03308 2.70645 3.39602 4.03164 3.5481 3.73405 3.48407 3.21686 2.64006 4.51048 2.50687 2.32863 3.3619 2.85792 2.63163 2.26993 1.33887 1.08312 1.01612 0.984295
threshold=1559.8069684720053 1548.3786859984154 0.20714285714285713 -0.5484374999999998 0.24911346402927453 0.61250000000000016 1.0000000180025095e-35 0.32297600274622129 -0.22640692640692631 1.6306818181818186 0.88194444444444453 1.8090909090909093 0.22500000000000003 5.1250000000000009 -0.36363636363636359 2.2792207792207795 0.26410256410256411 -1.2225274725274724 -1.0477272727272724 -1.5857142857142856 3.7750000000000004 0.32003616636528032 1608.3779013020571 0.74166666666666681 0.22500000000000003 0.32051282051282054
decision_type=2 2 2 2 2 2 2 2 2 2 2 2 2 2 2 2 2 2 2 2 2 2 2 2 2 2
left_child=1 17 3 4 -3 24 -5 13 9 -9 11 -10 -12 14 23 -16 -7 19 -19 21 -20 -1 -15 -2 -4 -21
right_child=7 2 5 6 -6 16 -8 8 10 -11 12 -13 -14 22 15 -17 -18 18 20 25 -22 -23 -24 -25 -26 -27
leaf_value=-0.01993449467262726 -0.0076380501050649589 0.025093400159060492 0.0015162680384100298 -0.0061074785598161903 0.000742282368663515 0.01589761567248436 0.0064682513655552583 -0.0015062935178033489 0.01556112944131356 0.038862860040840108 0.0044220932517408966 -0.019938523857731292 -0.020048901358331525 0.028411968318339698 -0.0090373357261406047 0.011611037320083643 -0.0028667439735317953 -0.024438296320726704 0.00028089920867968815 0.031051817285696934 -0.0059170544606878019 0.011087280277758724 0 -0.031368991347076956 -0.020474054745769743 0.0034721082763138258
leaf_weight=8.3106079697608966 13.404067978262903 32.754916995763779 7.0345798134803754 156.00452247262001 43.742079719901085 130.08545461297035 65.482568457722664 10.143888756632807 33.641461856663227 10.026510968804358 20.627871796488762 7.0029700845479956 34.951860405504704 6.4112063497304899 231.26837567985058 27.098683193325996 17.402634471654892 12.786153361201285 1435.5360188484192 13.2806333899498 191.6915717869997 11.257609531283377 5.1327155083417892 16.349313244223595 7.5442728102207184 7.6487593352794638
leaf_count=23 39 140 21 450 160 412 199 31 131 36 76 34 138 25 947 92 50 33 4552 45 613 36 23 46 20 23
internal_value=-0.000157612 0.000763518 0.0049022 0.00134193 0.0118613 0.0111998 -0.00225299 -0.00493747 0.00133812 0.0191288 -0.00245017 0.00821011 -0.0106944 -0.0074506 -0.00857752 -0.00670307 0.0135076 -0.000359095 -0.000672119 0.0111641 -0.000440258 -0.00155534 0.0159432 -0.0226198 -0.00945247 0.023245
internal_weight=2556.62 2140.56 460.051 297.984 76.497 162.067 221.487 416.059 116.395 20.1704 96.2242 40.6444 55.5797 299.664 288.12 258.367 147.488 1680.51 1640.01 40.4976 1627.23 19.5682 11.5439 29.7534 14.5789 20.9294
internal_count=8395 6777 1452 949 300 503 649 1618 446 67 379 165 214 1172 1124 1039 462 5325 5198 127 5165 59 48 85 41 68
is_linear=0
shrinkage=0.05


Tree=148
num_leaves=14
num_cat=0
split_feature=30 30 30 64 31 53 41 42 38 54 25 43 42
split_gain=2.101 7.89266 3.99559 2.86642 2.75646 2.28756 4.20946 4.09357 1.7744 1.27406 0.960727 0.769514 0.746538
threshold=1681.68693697604 1661.9659781296491 1636.4749251712319 -0.71999999999999964 1566.4729790962738 1.0454545454545456 0.26108686558404665 3.2728432282003714 0.90000000000000013 2.948684210526316 0.50000000000000011 6.3394766909654683 2.64540407983031
decision_type=2 2 2 2 2 2 2 2 2 2 2 2 2
left_child=1 2 5 -3 11 6 -1 -7 -4 -10 -5 -2 -12
right_child=4 3 8 10 -6 7 -8 -9 9 -11 12 -13 -14
leaf_value=-0.0068253246014195468 -0.0041178346797603798 0 0.00086347389945960545 0.0070117726544556202 0.0047931232307735008 -0.00037138754567336233 0.0029301765253287974 -0.012827665732214758 -0.0051357248930678223 -0.03068344579617642 0.012364811001546997 -0.033206739522292764 0.046727433316289889
leaf_weight=119.71897858381271 6.2741690874099794 8.3485520482063276 9.0731723085045797 6.4899924397468594 10.295711085200308 1349.5612339824438 1101.9897476807237 67.70907474309206 11.703427687287332 15.996605977416037 6.5384498387575176 10.113553084433077 11.697698459029196
leaf_count=369 36 48 32 22 33 4086 3310 227 44 79 21 55 33
internal_value=0.000277339 0.000428507 0.000110145 0.0239964 -0.013157 0.000353261 0.00194418 -0.00100133 -0.0158102 -0.0218038 0.0319973 -0.0250887 0.0380821
internal_weight=2735.51 2708.83 2675.75 33.0747 26.6834 2638.98 1221.71 1417.27 36.7732 27.7 24.7261 16.3877 18.2361
internal_count=8395 8271 8147 124 124 7992 3679 4313 155 123 76 91 54
is_linear=0
shrinkage=0.05


Tree=149
num_leaves=28
num_cat=0
split_feature=30 53 40 56 55 30 20 50 57 13 26 35 54 26 8 43 43 13 40 53 55 53 46 11 38 35 40
split_gain=4.56049 5.59451 5.33166 9.50063 7.63148 6.75935 5.30903 4.62558 4.86836 4.48407 4.36132 5.58966 3.89191 3.43182 3.03174 5.80018 5.4851 4.54671 4.47721 2.75247 3.60777 2.67451 2.44662 2.26502 2.26054 1.1459 0.257923
threshold=1421.2955323820768 1.6125000000000003 0.26309792180116626 0.44722222222222224 3.4868421052631584 1505.3427458557937 0.086111111111111124 0.61250000000000016 0.44722222222222224 0.074175824175824162 0.50000000000000022 0.45000000000000007 2.0250000000000004 1.5000000000000007 -0.33333333333333331 6.4369510090529154 5.8707073513045964 0.27922077922077926 0.24003058103975536 1.6833333333333336 3.6961538461538468 1.4365079365079367 2.1143790849673203 0.13076923076923078 0.90000000000000013 0.29166666666666669 0.29685855263157901
decision_type=2 2 2 2 2 2 2 2 2 2 2 2 2 2 2 2 2 2 2 2 2 2 2 2 2 2 2
left_child=14 6 5 26 -5 13 7 12 -9 -7 11 -8 -2 -3 17 16 22 19 -18 21 -21 -1 -16 25 -12 -17 -4
right_child=1 2 3 4 -6 9 10 8 -10 -11 24 -13 -14 -15 15 23 18 -19 -20 20 -22 -23 -24 -25 -26 -27 -28
leaf_value=0.0046262360321161662 0.0013499601314783569 0.0037663473123231862 0.051291360162239091 0.01175956194252769 -0.017142308153777312 0.0069449132861447273 0.032537907340550502 -0.029771598165831328 -0.001465752074101137 -0.010265532787789747 -0.017060531683117965 -0.01018538739951629 -0.014900798642125635 0.023387441648222179 -0.019959125207446374 -0.015238608822111572 -0.0055564722126158908 0.03990179425188134 0.033497011704301201 -0.018094629271037176 0.018944190702367619 0.033084938828213138 0.011281404811953152 -0.031256502096001976 0.014781149283953451 0.0056732039035985397 0.018684850625522453
leaf_weight=24.950584501028061 47.358385413885117 257.93090516328812 11.580794245004656 116.22406360507011 25.881623700261116 46.163471259176731 28.716891817748547 13.464200429618357 1514.0754828937352 158.6444139406085 13.196572348475458 8.0779858082532865 126.92572225630283 23.439280241727829 13.365838244557382 9.2817331999540347 7.9602211415767661 13.545841753482817 25.154090583324432 15.800007358193399 8.0971202552318555 13.475964099168776 7.835168093442916 11.255409300327299 6.2848472744226447 11.865102797746657 7.4048572629690161
leaf_count=65 173 715 33 314 80 137 95 46 5087 530 48 24 584 62 36 24 21 36 66 42 22 35 20 31 18 31 20
internal_value=-0.000128776 -0.000688753 0.0032636 0.0110957 0.00615734 0.000582452 -0.00216012 -0.00267754 -0.0017702 -0.00623578 0.0126126 0.0224724 -0.0103779 0.00564262 0.00791151 0.00113762 0.0112492 0.0151048 0.0236154 0.00825354 -0.0040855 0.016368 -0.00735891 -0.0147542 -0.00520459 -0.00294893 0.0427581
internal_weight=2567.96 2405.37 647.269 161.091 142.106 486.178 1758.1 1701.82 1527.54 204.808 56.2763 36.7949 174.284 281.37 162.587 86.7176 54.3153 75.8695 33.1143 62.3237 23.8971 38.4265 21.201 32.4022 19.4814 21.1468 18.9857
internal_count=8395 7966 1891 447 394 1444 6075 5890 5133 667 185 119 757 777 429 229 143 200 87 164 64 100 56 86 66 55 53
is_linear=0
shrinkage=0.05


Tree=150
num_leaves=29
num_cat=0
split_feature=31 30 12 42 53 55 51 43 44 12 63 32 26 42 40 53 39 30 60 58 20 40 39 63 51 40 6 30
split_gain=4.23976 3.68615 3.76542 4.19636 4.35861 3.53621 3.07736 2.89913 2.51679 5.51386 3.20831 4.77539 4.01376 3.09125 2.33176 2.95568 2.86877 4.69681 3.83367 2.68886 2.31507 2.26421 1.81919 1.73855 1.06943 0.946403 0.764581 0.748387
threshold=1559.8069684720053 1548.3786859984154 0.20714285714285713 2.6116515837104077 1.4722222222222225 2.6485294117647062 0.61250000000000016 6.3877203624541385 1.0250000000000001 0.79166666666666685 0.17712418300653587 -66.457782376920576 -0.49999999999999994 2.5238910632746259 0.23342032388993714 2.1742424242424243 0.44547718072764969 1518.8040876125485 8.5000000000000018 0.48684210526315791 -0.038278388278388246 0.26871411699091241 0.44744126745895624 -0.24999999999999992 0.89444444444444449 0.23961270768726028 2.1909090909090914 1570.9687876416012
decision_type=2 2 2 2 2 2 2 2 2 2 2 2 2 2 2 2 2 2 2 2 2 2 2 2 2 2 2 2
left_child=1 8 3 5 -5 -3 27 -8 9 13 12 -12 -10 -1 16 19 17 24 -18 22 -21 25 -16 -20 -2 -17 -19 -4
right_child=14 2 6 4 -6 -7 7 -9 10 -11 11 -13 -14 -15 15 21 18 26 23 20 -22 -23 -24 -25 -26 -27 -28 -29
leaf_value=0.0054870836112262192 0.0095171910694603554 0 -0.018177628460216057 0.0088173782057765302 -0.0069747512465270778 -0.021970333128919394 0.0054071486929485341 0.020148037665274197 -0.0024128668611361741 0.032747717132513864 0.010961390049363293 -0.005098824428122338 0.0051218432152628345 -0.0057498130619127487 0.01754768235209089 -0.00042612992210814128 0.020898214174124394 0.040316328848197962 0.011592403129497404 0.00081364200661807181 -0.0098806108002474011 0.0025478436219452346 -0.0025888345658595306 -0.013563067694947716 -0.01240561757544293 -0.025119608924341036 0.0081809937748295591 0.0003091599243145009
leaf_weight=67.713686853647232 6.4522995650768307 46.115421935915947 7.91919396817684 167.32716183364391 55.488139346241951 28.506515860557556 74.434245496988297 72.95057737827301 253.78143346309662 8.242509186267851 51.111616402864456 330.39953505992889 548.27106405794621 420.31352396309376 19.086371809244156 6.699668623507022 9.879372686147688 9.8008186221122759 5.357990473508834 67.297645896673203 159.31154860556126 8.9881082996726018 19.225387513637543 46.637815117835999 11.772430852055548 37.602929696440697 6.3753004670143119 6.6347372531890869
leaf_count=222 29 136 21 575 163 75 229 233 753 28 199 1043 1682 1398 77 30 42 37 17 267 594 48 68 172 47 170 20 20
internal_value=-0.000154781 0.000733046 0.00469535 0.00123752 0.00474637 -0.00876376 0.0108014 0.0130428 -0.000339935 -0.00333209 0.000897097 -0.00283608 0.00270658 -0.00412365 -0.00477848 -0.00684837 0.00180865 0.0131555 -0.00432286 -0.00448599 -0.00661598 -0.0175531 0.00719562 -0.0101745 -0.00323433 -0.022105 0.0313204 -0.00922064
internal_weight=2553.7 2139.21 459.376 297.437 222.815 74.6219 161.939 147.385 1679.83 496.27 1183.56 381.511 802.052 488.027 414.488 318.212 96.276 34.4008 61.8752 264.921 226.609 53.2907 38.3118 51.9958 18.2247 44.3026 16.1761 14.5539
internal_count=8395 6777 1452 949 738 211 503 462 5325 1648 3677 1242 2435 1620 1618 1254 364 133 231 1006 861 248 145 189 76 200 57 41
is_linear=0
shrinkage=0.05


Tree=151
num_leaves=18
num_cat=0
split_feature=37 64 64 44 38 65 14 1 11 52 41 16 19 14 8 39 23
split_gain=2.14427 2.46189 3.6207 3.31404 2.35029 8.19817 2.19779 4.22275 6.19363 4.77749 2.67801 3.46673 2.97944 1.16761 0.82019 0.730046 0.656104
threshold=5.5833333333333348 -0.012499999999999949 -0.34862426035502941 1.5131578947368423 3.416666666666667 0.90880740880740885 0.23205128205128203 1.5166666666666668 0.052272727272727207 0.89444444444444449 0.32261510890543149 0.13809523809523808 0.51666666666666672 0.063003663003663016 0.33333333333333315 0.45655218609182807 0.19999999999999998
decision_type=2 2 2 2 2 2 2 2 2 2 2 2 2 2 2 2 2
left_child=4 2 13 -4 6 14 10 8 -8 -9 11 -1 -12 -2 -6 -3 -7
right_child=1 15 3 -5 5 16 7 9 -10 -11 12 -13 -14 -15 -16 -17 -18
leaf_value=-0.0044971344397545521 -0.029958752864868966 -0.032498452377845238 0.034297814392034241 -0.0077241042603225637 0.010354543330755566 -0.00061948388253758575 -0.010623759385664351 0.026303538805044033 0.0082082502436103058 0.003691403565701603 -0.0063525193952485405 0.0017522898424829907 0.00038908135024710372 0 0.040885560271831302 -0.004646021314170295 -0.02749628005448837
leaf_weight=257.45951534807682 6.887557804584505 10.09510497748852 8.0198503434658033 6.2514028698205939 7.751900911331183 6.4908724874258024 78.014833748340607 37.262653559446335 93.903036698698997 67.654182747006416 321.16920500248671 1484.3988232091069 318.84548040479422 6.1780596226453781 12.320704355835913 6.8230291157960883 5.1848983913660049
leaf_count=813 33 38 21 24 22 27 244 94 271 201 1072 4411 1014 25 33 23 29
internal_value=0.000270459 -0.0103812 0 0.0156672 0.000462532 0.0135908 0.00028627 0.00449014 -0.000217702 0.012298 -0.000195198 0.000810144 -0.00296427 -0.0183226 0.0322339 -0.0242658 -0.0166585
internal_weight=2734.71 44.255 27.3369 14.2713 2690.46 31.7484 2658.71 276.835 171.918 104.917 2381.87 1741.86 640.015 13.0656 20.0726 16.9181 11.6758
internal_count=8395 164 103 45 8231 111 8120 810 515 295 7310 5224 2086 58 55 61 56
is_linear=0
shrinkage=0.05


Tree=152
num_leaves=28
num_cat=0
split_feature=19 47 49 26 50 17 5 5 5 55 40 47 43 45 11 57 50 14 49 48 2 34 40 47 48 43 52
split_gain=4.32842 6.00987 5.21112 4.67295 5.28335 4.89991 4.58357 4.55774 4.18743 5.04231 4.17517 6.48419 4.90371 5.44209 4.34492 4.3254 4.13825 4.0367 4.89717 4.25131 3.81272 3.5084 3.35946 2.71565 2.3623 2.32827 1.20149
threshold=0.48333333333333339 1.7947368421052634 1.6833333333333336 -0.49999999999999994 0.88194444444444453 0.078144078144078116 -0.45934065934065932 0.25000000000000011 0.33333333333333343 3.5590277777777781 0.26871411699091241 1.9750000000000003 6.6366022934855531 1.3944444444444446 0.32517482517482521 0.59166666666666679 1.3166666666666669 0.21153846153846148 1.5634920634920637 1.6833333333333336 1.1961538461538466 0.29166666666666669 0.23738123070467282 1.0250000000000001 1.2928571428571431 6.3809692771529329 0.72077922077922085
decision_type=2 2 2 2 2 2 2 2 2 2 2 2 2 2 2 2 2 2 2 2 2 2 2 2 2 2 2
left_child=1 3 17 4 7 20 -7 -1 9 26 12 15 13 -4 -14 -12 -6 18 19 -2 -5 -20 -11 -19 -13 -25 -3
right_child=2 8 10 5 16 6 -8 -9 -10 22 11 24 14 -15 -16 -17 -18 23 21 -21 -22 -23 -24 25 -26 -27 -28
leaf_value=-0.0052166810230323849 0.00095940318942121933 -0.036471390264450045 -0.025296666913471891 0.001742059793290094 0.017965898391139986 0.0065739156758502712 -0.014646695781065198 0.034126480655378412 0.02043751752032372 0.025699507663880173 0.0069826249001397004 0.0084704579358930547 -0.021515428734462647 0.001991820761027423 0.012143562249152643 -0.027309614672980976 0.0038015619678055629 0.0063561531394944254 -0.020439344971108529 -0.0077426034372395716 0.017297173980124283 0.00093208473438924865 -0.0070469588328292369 -0.024035443028069373 0.050848090653576788 0 -0.015407615582442004
leaf_weight=83.483166322112083 428.11936834454536 12.854029104113577 16.964264921844006 523.39011609554291 136.27590846270323 33.383459761738777 81.266721941530704 5.9924112856388083 8.252332538366316 8.868655286729334 119.83568933606148 8.1886846870183962 44.074944823980331 457.72103545069695 9.6846739649772626 7.7668371498584738 92.540225990116596 9.6239008009433729 63.44147914648056 203.86551349237561 41.386350274085999 23.859619848430157 24.921476766467094 51.682835690677166 9.7057220339775068 14.536033220589159 43.199960075318813
leaf_count=349 1392 43 65 1476 460 143 301 16 22 31 338 24 141 1363 27 24 264 30 212 929 110 89 84 185 32 52 193
internal_value=-0.000124506 0.00224098 -0.00190662 0.00342518 0.00841566 0.00103276 -0.00824666 -0.00161995 -0.00938129 -0.0127778 0.00129751 0.00874948 -0.000732365 0.000862098 -0.0147854 0.00431322 0.0124283 -0.00465021 -0.0034241 -0.00182382 0.00298305 -0.0144285 0.00180509 -0.0155706 0.0355133 -0.0192167 -0.0217586
internal_weight=2564.89 1095.81 1469.07 997.718 318.292 679.427 114.65 89.4756 98.0965 89.8441 673.942 145.497 528.445 474.685 53.7596 127.603 228.816 795.129 719.286 631.985 564.776 87.3011 33.7901 75.8428 17.8944 66.2189 56.054
internal_count=8395 3492 4903 3119 1089 2030 444 365 373 351 2014 418 1596 1428 168 362 724 2889 2622 2321 1586 301 115 267 56 237 236
is_linear=0
shrinkage=0.05


Tree=153
num_leaves=19
num_cat=0
split_feature=2 17 4 55 56 6 54 57 12 40 42 54 32 56 17 63 39 6
split_gain=3.96171 3.67683 3.52681 3.59989 5.55081 4.50614 2.72038 3.14017 2.60274 2.32583 3.16114 2.40418 2.3234 2.13566 1.46609 1.39952 1.23133 1.07634
threshold=1.2359848484848488 -0.59523809523809501 2.0333333333333337 3.5590277777777781 0.46410256410256417 1.591666666666667 3.1464285714285718 0.45227272727272733 0.17424242424242423 0.24818179413942662 2.713807383663589 3.2052631578947373 -64.428850332453507 0.54772727272727284 -0.27226107226107216 0.31414473684210525 0.46459255162241891 1.0333333333333337
decision_type=2 2 2 2 2 2 2 2 2 2 2 2 2 2 2 2 2 2
left_child=1 17 3 5 -5 -3 7 -4 -8 10 -2 15 -13 14 16 -12 -11 -1
right_child=9 2 6 4 -6 -7 8 -9 -10 13 11 12 -14 -15 -16 -17 -18 -19
leaf_value=0.037252508553172151 0.029433883942787616 -0.0016167533788091328 -0.008141322405295328 0.006795987087564387 -0.015690720354591795 0.003206941516113824 0.009221830589566998 0.015533141805254523 -0.0091538604798403912 -0.026896332699578224 0.001563284305284976 0.026467134514915964 -0.0053094847835485305 0.0067982520992318747 0 -0.021610218276278452 0 0.0015810281584350023
leaf_weight=6.6460187435150129 5.066670909523963 1395.8820298910141 13.773395150899885 36.842956230044365 85.296848230063915 738.45446768403053 34.288717329502106 89.302614435553551 38.856792435050011 35.662033513188362 6.0974526405334499 6.7554074674844768 12.958317369222639 6.0659517869353285 5.7851906865835181 20.719245679676533 6.9114047437906256 5.1242947652935982
leaf_count=28 23 4544 40 127 294 2319 121 287 116 180 25 36 51 27 21 106 28 22
internal_value=-0.000151485 0.000252442 9.62093e-05 -0.000427815 -0.00870611 4.1924e-05 0.006876 0.012037 -0.000190949 -0.00952821 -0.00126873 -0.00620229 0.00586309 -0.016593 -0.020177 -0.0157308 -0.0232848 0.0260233
internal_weight=2550.49 2444.47 2432.7 2256.48 122.14 2134.34 176.222 103.076 73.1455 106.022 51.5971 46.5304 19.7137 54.4246 48.3586 26.8167 42.5734 11.7703
internal_count=8395 7898 7848 7284 421 6863 564 327 237 497 241 218 87 256 229 131 208 50
is_linear=0
shrinkage=0.05


Tree=154
num_leaves=14
num_cat=0
split_feature=43 43 8 55 54 52 14 13 63 54 31 7 31
split_gain=2.04535 4.7817 4.03428 2.78437 2.09492 5.02206 5.84987 4.69588 3.66786 4.4695 3.35017 0.51441 0.16064
threshold=7.097135114554777 7.0770759345065919 0.42020202020202019 2.7947368421052636 2.3944444444444448 0.58571428571428574 -0.26969696969696966 0.36038961038961043 -0.58245614035087701 2.948684210526316 1461.9205019037347 1.1909090909090911 1494.1097520820049
decision_type=2 2 2 2 2 2 2 2 2 2 2 2 2
left_child=1 4 3 11 5 7 -7 -1 9 -6 -10 -2 -5
right_child=2 -3 -4 12 8 6 -8 -9 10 -11 -12 -13 -14
leaf_value=-0.014792250775420374 -0.010526878110776934 0.032369217649922025 0.015266707162236173 -0.006032000245776453 -0.014628687453321278 -0.017996448547548376 0.0051041007993057469 0.011557199051075349 0.0047666584635260257 0.00023811494198160293 -0.00087089149994853769 -0.039741820922986754 0.0032193198415211705
leaf_weight=67.870946705341339 7.101976275444037 9.692436143755911 8.8326244801282865 6.5278215557336789 95.680629774928093 26.298894450068474 629.18329466879368 19.608437106013298 320.73954583704472 97.973120406270027 1426.9387417882681 10.393350690603254 6.8108373433351517
leaf_count=209 21 24 24 20 354 86 1828 54 934 424 4362 35 20
internal_value=0.000264932 0.000443551 -0.0107051 -0.0193831 0.000294954 0.0025552 0.00408733 -0.00848034 -0.000558935 -0.00705396 0.000153707 -0.0314614 0
internal_weight=2733.65 2693.99 39.6666 30.834 2684.29 742.962 655.482 87.4794 1941.33 193.654 1747.68 17.4953 13.3387
internal_count=8395 8275 120 96 8251 2177 1914 263 6074 778 5296 56 40
is_linear=0
shrinkage=0.05


Tree=155
num_leaves=24
num_cat=0
split_feature=30 19 65 50 54 50 24 47 49 26 39 64 39 53 45 53 8 11 45 55 64 13 39
split_gain=4.19705 4.98456 4.68908 5.18282 4.7892 4.44613 4.32171 4.28534 6.71127 5.26993 5.30709 3.44073 3.41195 3.35956 3.07319 2.79117 4.39406 5.17606 3.87398 3.06175 2.90164 2.78429 3.17804
threshold=1421.2955323820768 0.51666666666666672 0.46788505257175345 0.61250000000000016 2.0250000000000004 0.23611111111111113 1.0000000180025095e-35 1.7947368421052634 2.6125000000000003 -0.49999999999999994 0.48046015007768345 -0.097361111111110996 0.41479377104377108 1.8819444444444446 1.2752525252525253 1.9545454545454546 -0.33333333333333331 0.071428571428571466 1.297058823529412 3.6961538461538468 0.10440311418685116 0.27922077922077926 0.44521538538689137
decision_type=2 2 2 2 2 2 2 2 2 2 2 2 2 2 2 2 2 2 2 2 2 2 2
left_child=15 7 3 14 5 -4 -5 9 12 10 -2 -6 -9 -11 -3 16 21 20 -19 -17 -18 22 -1
right_child=1 2 4 6 11 -7 -8 8 -10 13 -12 -13 -14 -15 -16 19 17 18 -20 -21 -22 -23 -24
leaf_value=0.022366819848514036 0.0061811658754793155 -0.034135574225504742 0.032729416598256678 0.0061346886248570742 -0.0079206497060665612 -0.0097039518469837875 -0.0022983891850280828 0.016604377647427393 0.039287195919838744 -0.00099930965808151971 0.032452819417566434 -0.024048804867088137 -0.011762816929918093 0.0080063562819108602 -0.0077110070271754266 -0.023937285032461661 0.018434270698228141 -0.021027779410191058 0.012757718916267044 0.012111216811605069 -0.011883576273450042 0.040579895166341806 -0.0031780720058256183
leaf_weight=29.173554316163063 291.82437910139561 14.809078797698019 10.22274260222912 189.97665312886238 134.34649166837335 9.7853616476058942 718.161985501647 9.1635413169860822 5.3752310723066321 657.66504388302565 19.451633810997009 48.085581414401531 121.18397328257561 120.50740303099155 49.347839683294296 11.834100276231768 40.685964211821556 26.62711538374424 9.5181337594985944 7.6035209000110617 7.1764014363288871 12.836757361888884 16.721833139657974
leaf_count=77 1015 58 40 559 745 42 2160 32 16 2038 60 221 485 349 146 32 106 71 25 21 20 34 43
internal_value=-0.000122109 -0.000660268 -0.00299217 -0.00151107 -0.00989909 0.0118447 -0.000497172 0.0015565 -0.00670822 0.00261943 0.00809939 -0.012522 -0.0093589 0.000380209 -0.0150359 0.00760034 0.0101053 0.00229999 -0.0112732 -0.00885548 0.0130928 0.0204147 0.0127936
internal_weight=2562.08 2399.91 1174.74 972.296 202.44 20.0081 908.139 1225.17 135.723 1089.45 311.276 182.432 130.348 778.172 64.1569 162.177 142.74 84.0076 36.1452 19.4376 47.8624 58.7321 45.8954
internal_count=8395 7966 3971 2923 1048 82 2719 3995 533 3462 1075 966 517 2387 204 429 376 222 96 53 126 154 120
is_linear=0
shrinkage=0.05


Tree=156
num_leaves=25
num_cat=0
split_feature=44 12 13 42 8 16 22 3 63 13 62 44 39 43 33 5 21 41 33 39 13 1 41 30
split_gain=3.77728 4.59863 3.4728 4.35018 5.32073 3.8932 3.23876 4.01004 3.74644 3.6236 4.68587 3.62841 2.98137 3.42885 3.85506 3.03508 2.5133 4.39876 3.10839 2.48512 4.16716 2.69059 2.31305 1.86662
threshold=1.0250000000000001 0.79166666666666685 0.10555555555555557 2.5238910632746259 -0.70952380952380933 0.48333333333333339 0.42261904761904762 1.7416666666666669 -0.34285714285714269 0.30384615384615393 1.0544117647058826 2.2928571428571431 0.41827858425621078 6.4077043885644072 0.44830596373693848 0.12660256410256412 1.0000000180025095e-35 0.33493206355048466 0.49994270741295005 0.44560427320626067 0.27922077922077926 0.70714285714285718 0.28329210811587785 1480.7264755128708
decision_type=2 2 2 2 2 2 2 2 2 2 2 2 2 2 2 2 2 2 2 2 2 2 2 2
left_child=1 2 16 4 -4 -5 7 9 23 10 -2 -11 13 15 -15 -8 18 -18 -1 20 -14 -21 -10 -9
right_child=6 -3 3 5 -6 -7 12 8 22 11 -12 -13 19 14 -16 -17 17 -19 -20 21 -22 -23 -24 -25
leaf_value=-0.017290557604809742 0.00014259018629865166 0.027525083620939739 -0.020110253921688269 -0.005711629608182606 0.011178546644060114 -0.019401771224425577 0 0 -0.016400932659442421 0.0083156275376099539 0.012771071224107498 -0.0072621551345460646 -0.0046784500001061441 0.031442789327325464 -0.016812977656483107 -0.032457756923103577 0.0033864061490818083 0.039230520703670155 0.017006839329200177 0.002814745745703809 0.020494741355839362 -0.012165776642648986 -0.00019811211658108809 -0.029665060507533821
leaf_weight=19.125688120722774 964.7912088483572 9.4237447381019575 14.791346237063406 362.22001437097788 64.123032495379448 62.322134889662266 8.5969868749380094 6.3707509040832546 22.654861956834793 365.50137867033482 77.925958871841431 38.357689991593361 34.300231166183949 5.530202850699423 6.7769717127084732 24.476184248924255 43.04272773116827 9.5364520549774152 7.1765186935663214 46.903148353099823 26.821230813860893 68.996614336967468 240.78974788635969 17.467078387737274
leaf_count=70 3020 33 53 1198 208 297 27 19 76 1148 302 123 135 27 19 77 165 36 23 176 91 206 821 45
internal_value=-0.00014698 -0.00364865 -0.00428839 -0.00583981 0.00465283 -0.00786148 0.000902142 0.00164273 -0.0036987 0.00272441 0.00113293 0.00674599 -0.00472331 -0.0159284 0.00448751 -0.0240611 0.00520395 0.011545 -0.00650873 -0.00156531 0.00627132 -0.0059464 -0.00179873 -0.0219641
internal_weight=2548.02 591.762 582.338 503.457 78.9144 424.542 1956.26 1733.86 287.282 1446.58 1042.72 403.859 222.402 45.3803 12.3072 33.0732 78.8814 52.5792 26.3022 177.021 61.1215 115.9 263.445 23.8378
internal_count=8395 2083 2050 1756 261 1495 6312 5554 961 4593 3322 1271 758 150 46 104 294 201 93 608 226 382 897 64
is_linear=0
shrinkage=0.05


Tree=157
num_leaves=17
num_cat=0
split_feature=37 40 45 38 5 52 14 21 51 52 14 32 31 21 42 44
split_gain=2.04587 2.42235 2.39963 2.20355 9.41747 2.7888 2.01319 3.88027 4.4066 4.23894 2.52746 5.25291 3.73118 1.38741 0.948927 0.569638
threshold=5.5833333333333348 0.28944127560280014 1.2426470588235297 3.416666666666667 -0.14194139194139183 2.0500000000000003 0.23205128205128203 1.0000000180025095e-35 1.9500000000000002 0.38750000000000007 0.075595238095238063 -31.024224117508648 1529.1834622768054 0.39230769230769236 2.6281244675134032 1.6961538461538463
decision_type=2 2 2 2 2 2 2 2 2 2 2 2 2 2 2 2
left_child=3 2 -2 6 5 13 10 8 -8 -9 12 -12 -1 -5 -4 -16
right_child=1 -3 14 4 -6 -7 7 9 -10 -11 11 -13 -14 -15 15 -17
leaf_value=-0.000756417826637025 0.0028879104454242986 0.013974628618328556 -0.00040828222770370923 -0.0071816860660269474 0.046256739197043234 -0.029716828357608468 -0.020795145762311611 -0.024227893564780376 0.011408819770671152 0.008275225317392507 -0.0097096863560977142 0.00076061703615834943 0.0041474776237650033 0.019705508898815033 -0.035422155473526222 -0.009989163030512286
leaf_weight=1351.652934871614 10.412716932594774 6.1286746412515631 6.1053071469068554 7.2326632291078621 11.293549373745916 6.4894215092062941 27.297693282365799 8.2323791235685331 13.980063945055006 227.375194683671 195.37287555634975 294.20946888625622 539.13778382539749 6.779703363776207 12.193619057536127 9.1573222652077657
leaf_count=4209 36 17 21 26 27 36 90 30 38 652 591 900 1610 22 51 39
internal_value=0.000257341 -0.0101764 -0.0152169 0.000444781 0.013148 -0.00646954 0.000273606 0.0042967 -0.00928736 0.00683994 -0.000187081 -0.00338931 0.00063157 0.00510246 -0.0226618 -0.0273745
internal_weight=2733.05 43.9976 37.869 2689.05 31.7953 20.5018 2657.26 276.885 41.2778 235.608 2380.37 489.582 1890.79 14.0124 27.4562 21.3509
internal_count=8395 164 147 8231 111 84 8120 810 128 682 7310 1491 5819 48 111 90
is_linear=0
shrinkage=0.05


Tree=158
num_leaves=26
num_cat=0
split_feature=23 50 40 6 33 52 11 37 40 47 5 11 10 16 25 4 52 60 14 14 54 63 46 7 43
split_gain=3.9678 3.29951 3.41887 5.83163 3.26149 4.36271 5.12428 4.29544 3.8447 3.14933 5.2373 5.94639 5.12111 5.05643 4.16721 3.70384 3.62781 3.02182 3.01081 3.0005 2.9877 2.91389 2.44481 2.27528 0.510892
threshold=0.11547619047619047 0.61250000000000016 0.26094757094757098 1.7928571428571431 0.55092581555492137 1.3166666666666669 -0.3076923076923076 2.9000000000000004 0.18956442831215972 2.1519230769230773 -0.62361111111111089 -0.30839160839160834 0.39230769230769236 0.39230769230769236 1.1666666666666667 0.75961538461538469 0.9545454545454547 12.500000000000002 -0.22967032967032958 0.24862637362637366 2.0250000000000004 -0.099999999999999825 1.820855614973262 1.5505050505050508 6.3108265436897168
decision_type=2 2 2 2 2 2 2 2 2 2 2 2 2 2 2 2 2 2 2 2 2 2 2 2 2
left_child=1 2 18 20 7 6 -6 17 -7 10 11 16 15 -14 -13 -12 -2 -3 -1 -20 -4 -9 23 24 -11
right_child=9 4 3 -5 5 8 -8 21 -10 22 12 14 13 -15 -16 -17 -18 -19 19 -21 -22 -23 -24 -25 -26
leaf_value=0.011117857350816739 0.015611671143307099 0.0042331328780838206 0.019437507674607737 0.041670927962167648 0.040024894014023815 0.017430106315991657 0 -0.0033869368865977823 -0.012647935364333325 -0.031934184800631399 0.010195474528186796 0.023154197243713381 -0.0041178090105113583 0.015023540130151095 0.0014200246303650722 -0.014454074655888514 -0.011464144671966747 -0.0013669354408636187 -0.02941704700280115 0.00093039158953835935 -0.012003286335368984 0.0075091457759832924 0.0035068110416031084 0.00057883025970068729 -0.0046514325479230451
leaf_weight=5.5619405284523955 13.169057689607142 358.79417246580124 7.095391020178794 5.5989719629287711 6.5729006528854361 9.2284580916166288 123.53715886175632 66.404474154114723 121.33048623800278 22.535651408135895 14.233703032135962 47.935858160257339 196.58916921913624 39.610151633620262 44.686569921672344 156.51903261244297 56.992426939308643 715.89696738123894 31.261038847267628 8.5604774504899961 35.81006646156311 450.59308879077435 9.3822593539953214 6.533475659787654 5.0991627797484389
leaf_count=21 59 1047 20 20 28 34 456 199 586 135 51 183 747 139 201 550 356 2015 104 28 118 1210 33 26 29
internal_value=-0.000118695 0.000976761 -0.00802959 0.000784147 0.0014549 -0.00367369 0.00264324 0.00231405 -0.0101024 -0.0036276 -0.00255418 0.00490362 -0.00560789 -0.000703698 0.0131842 -0.0121604 -0.00574383 0.000483863 -0.0176126 -0.0225629 -0.00561298 0.0060538 -0.0163926 -0.0224398 -0.0283973
internal_weight=2559.53 1946.25 93.8879 48.5044 1852.36 260.669 130.11 1591.69 130.559 613.287 569.736 162.784 406.952 236.199 92.6224 170.753 70.1615 1074.69 45.3835 39.8215 42.9055 516.998 43.5505 34.1683 27.6348
internal_count=8395 5886 311 158 5575 1104 484 4471 620 2509 2286 799 1487 886 384 601 415 3062 153 132 138 1409 223 190 164
is_linear=0
shrinkage=0.05


Tree=159
num_leaves=22
num_cat=0
split_feature=35 2 14 13 62 30 40 46 62 62 53 26 62 2 50 45 41 48 46 40 41
split_gain=3.6068 5.54869 4.12137 5.98387 5.79243 3.61325 4.08768 3.50607 3.40803 3.66713 3.56802 3.03509 4.06923 4.03077 3.76837 3.57474 3.84233 3.6221 2.75944 2.22547 4.20963
threshold=0.63333333333333341 -0.60714285714285698 0.066666666666666666 0.32051282051282054 -0.099999999999999936 1543.8708350042207 0.16585278977847229 0.67543859649122817 -0.050000000000000093 -0.50378787878787878 1.4722222222222225 -0.83333333333333315 0.55000000000000027 -0.33333333333333331 1.1055555555555558 1.6282894736842108 0.33312629399585919 1.788888888888889 1.297058823529412 0.20207393079733502 0.33577177472868552
decision_type=2 2 2 2 2 2 2 2 2 2 2 2 2 2 2 2 2 2 2 2 2
left_child=5 7 19 4 -4 11 -7 -2 9 -8 -10 12 13 -1 -14 17 -17 -13 -9 -3 -21
right_child=1 2 3 -5 -6 6 8 18 10 -11 -12 15 14 -15 -16 16 -18 -19 -20 20 -22
leaf_value=0.0057775562237159656 -0.01308480347370853 -0.031400022120454646 0.0047527463625842356 0.038096368387001256 -0.018055365356937067 -0.029517415144251147 -0.00098630001007071842 0.037065562413585766 0.0052809593052204644 0.020201622194293792 -0.0053239511941324431 0.00049624685780405098 -0.0013819139864700188 -0.0075166172978686253 -0.029390827478019483 -0.007925606088073028 0.0052997503973214984 0.0083437166413037663 0.0012995257777021303 -0.0088787434892343316 0.015690162407782201
leaf_weight=92.086850091814995 5.936394631862643 9.0686002448201162 103.92460698634386 8.4252325147390348 35.568404451012611 6.6661398112773886 26.462442860007286 14.379008412361147 360.7049530595541 62.330019906163216 97.611836969852448 742.48550119996071 23.598974525928497 139.17797492444515 28.118864431977272 202.26393432915211 71.185748443007469 184.08292654156685 10.526058644056318 304.72480706125498 15.997131220996378
leaf_count=278 16 29 446 33 104 17 87 50 1166 198 288 2352 69 460 76 739 258 571 33 1066 59
internal_value=-0.000144487 -0.00391087 -0.00529743 0.00148271 -0.00105926 0.000786569 0.00422976 0.0158193 0.00479249 0.0137291 0.00295471 -0.000486303 -0.00513429 -0.00211171 -0.017603 0.000595684 -0.00437847 0.00209685 0.0240986 -0.00840442 -0.00748618
internal_weight=2545.33 508.55 477.709 147.918 139.493 2036.78 553.775 30.8415 547.109 88.7925 458.317 1483 282.983 231.265 51.7178 1200.02 273.45 926.568 24.9051 329.791 320.722
internal_count=8395 1836 1737 583 550 6559 1756 99 1739 285 1454 4803 883 738 145 3920 997 2923 83 1154 1125
is_linear=0
shrinkage=0.05


Tree=160
num_leaves=18
num_cat=0
split_feature=19 20 54 46 50 53 14 7 5 48 7 9 17 43 30 41 41
split_gain=1.98334 4.69106 3.27488 2.97021 2.87781 4.07641 2.79354 2.76017 2.0866 1.95833 2.4614 4.44551 2.12719 2.03567 1.89412 1.60251 0.471773
threshold=0.64583333333333337 -0.20512820512820504 2.0250000000000004 2.6547619047619051 2.0954545454545461 1.5857142857142861 0.23205128205128203 1.3205128205128207 -0.89615384615384597 2.3166666666666669 1.4833333333333336 0.51666666666666672 -0.50454545454545441 3.795426061844291 1481.3909706033826 0.28132690017110767 0.32527940809190814
decision_type=2 2 2 2 2 2 2 2 2 2 2 2 2 2 2 2 2
left_child=1 8 7 4 6 -6 -3 -2 -1 10 11 -4 -12 -11 16 -10 -5
right_child=2 3 9 14 5 -7 -8 -9 15 13 12 -13 -14 -15 -16 -17 -18
leaf_value=0 0.0035210993865933738 -0.00051976089426092483 0.018535942388983855 -0.0074314630230671273 0.01476188792172645 -0.0057112518511835929 0.0050378018431140748 -0.032039725113967368 0 0.0097287243110789588 0.0040405870820569801 -0.017483571904951058 0.035680722298562104 -0.023263422080748511 0.0030351370385119474 -0.035054515507631952 -0.034221097553664447
leaf_weight=7.6396532803773907 11.074107006192209 2232.4140597805381 20.767807096242905 7.0207160115242031 74.466030240058899 32.236892491579056 249.49599097669125 6.6767815425992003 5.8255644887685802 9.113888666033743 10.498272925615312 11.340076714754103 18.737775444984436 5.6905260682106009 5.6836311370134345 14.944518014788626 8.6766154617071134
leaf_count=25 32 6902 60 20 204 103 725 28 18 28 32 36 49 24 17 57 35
internal_value=0.000251387 0 0.00731475 0.000221973 0.000391364 0.00835532 3.24593e-05 -0.0104788 -0.01953 0.0119445 0.0158536 0.00480213 0.0261057 -0.00272452 -0.0174964 -0.0271752 -0.0258459
internal_weight=2732.3 2638.4 93.8992 2609.99 2588.61 106.703 2481.91 17.7509 28.4097 76.1483 61.3439 32.1079 29.236 14.8044 21.381 20.7701 15.6973
internal_count=8395 8106 289 8006 7934 307 7627 60 100 229 177 96 81 52 72 75 55
is_linear=0
shrinkage=0.05


Tree=161
num_leaves=29
num_cat=0
split_feature=23 32 37 65 63 55 37 42 42 62 5 61 55 17 31 2 5 31 49 48 20 42 25 41 5 6 41 17
split_gain=3.63063 2.92256 4.64588 4.51146 14.8594 5.01726 4.49514 4.36624 4.61282 4.24736 3.99553 3.59789 2.93256 3.42911 3.00811 2.8729 6.77938 7.20826 5.04846 4.35868 3.749 3.74877 3.43388 3.04877 2.91088 2.28543 2.27578 0.0854696
threshold=0.11547619047619047 31.825354797920003 2.7083333333333335 0.096786487018096015 -0.099999999999999825 2.8480769230769236 1.9000000000000001 2.5574338570359796 2.4703768228158478 0.49059829059829063 0.20227272727272733 7.5000000000000009 3.7947368421052636 0.19184149184149182 1493.6164176749248 -1.3222222222222217 -0.62361111111111089 1559.8069684720053 1.3484848484848486 2.354166666666667 0.033150183150183157 3.2050820881756139 1.1666666666666667 0.29446186432386956 0.36515151515151517 1.3205128205128207 0.3374434916580511 0.67948717948717963
decision_type=2 2 2 2 2 2 2 2 2 2 2 2 2 2 2 2 2 2 2 2 2 2 2 2 2 2 2 2
left_child=1 2 12 4 -4 -5 9 8 -8 10 -3 -11 13 -1 -14 18 17 22 26 24 -19 -21 -17 -20 -18 -9 27 -2
right_child=15 6 3 5 -6 -7 7 25 -10 11 -12 -13 14 -15 -16 16 19 20 23 21 -22 -23 -24 -25 -26 -27 -28 -29
leaf_value=-0.0014484409629199493 -0.03449018006880427 0.0029409744395561843 -0.025010317409990435 0.0065664082096846864 0.0063875230793994211 0.033921495392541849 -0.011820109629112327 -0.0022038575778198745 0.024471836578733062 -0.010711840740953722 -0.023224139164870261 0.021647053100415668 -0.0094636128353623519 0.010687805588729386 0.016112373245166643 0.011311688131116214 -0.0050853258825518206 0.059910504900463769 0.033460060098273896 -0.027905230184826286 0.006471637877238751 0.0065361457500652687 -0.0040387258134496756 -0.0091734807740465867 0.0137666510807789 -0.016233299430766845 0 -0.0089813099597827722
leaf_weight=987.14186500012875 21.491086877882484 52.778736971318722 39.174610897898674 52.543977692723274 421.59439739584923 26.10756778717041 13.570826902985575 47.169103816151619 16.9594916254282 8.414830304682253 17.45308880507946 38.997710540890694 12.131462946534155 59.57281382381916 48.287422016263008 60.70381935685873 347.15486984699965 7.0258936136960966 5.2616956532001478 34.129330843687057 7.8968484997749329 7.8673517033457747 82.340632528066635 7.0585132911801338 19.221161678433418 103.13520528376102 6.5221647992730132 5.02661508321762
leaf_count=2794 159 193 114 157 1127 75 59 167 65 43 59 181 41 197 132 264 1232 24 27 162 24 32 398 52 60 482 39 36
internal_value=-0.000115023 0.000931945 0.00176786 0.00556414 0.0035675 0.0165726 -0.00357725 -0.008533 0.00783653 0.00384673 -0.00367813 0.0151969 -6.59256e-05 -0.000714813 0.0104378 -0.00347701 -0.00242579 0.0062416 -0.0154174 -0.00585352 0.0372159 -0.0208812 0.00236932 0.00941876 -0.00395906 -0.0120814 -0.025401 -0.0315004
internal_weight=2556.73 1945.03 1646.55 539.421 460.769 78.6515 298.479 180.835 30.5303 117.644 70.2318 47.4125 1107.13 1046.71 60.4189 611.7 566.34 157.967 45.3601 408.373 14.9227 41.9967 143.044 12.3202 366.376 150.304 33.0399 26.5177
internal_count=8395 5886 4637 1473 1241 232 1249 773 124 476 252 224 3164 2991 173 2509 2196 710 313 1486 48 194 662 79 1292 649 234 195
is_linear=0
shrinkage=0.05


Tree=162
num_leaves=25
num_cat=0
split_feature=44 12 13 7 4 31 21 44 11 62 57 18 62 10 4 48 43 43 21 20 32 53 49 63
split_gain=3.4156 4.32002 3.30829 3.83961 4.33995 3.20884 2.56283 4.06429 5.31956 3.97679 6.44746 3.83088 3.60928 2.53466 2.64404 5.47704 3.28773 2.48228 2.36843 4.52584 2.94028 2.19481 1.99833 1.32466
threshold=1.0250000000000001 0.79166666666666685 0.10555555555555557 1.861904761904762 2.0954545454545461 1554.2680575696131 0.074175824175824162 1.1143790849673205 0.26401515151515148 1.0544117647058826 0.52786377708978338 0.43650793650793651 1.0052631578947371 0.32051282051282054 1.0871212121212122 2.2613636363636371 6.8839746192279376 6.3809692771529329 1.0000000180025095e-35 -0.038278388278388246 -1.0000000180025095e-35 1.9045454545454545 1.0954545454545457 -0.49999999999999989
decision_type=2 2 2 2 2 2 2 2 2 2 2 2 2 2 2 2 2 2 2 2 2 2 2 2
left_child=1 2 18 4 -4 6 7 8 -2 12 -11 -9 -8 14 16 -16 -7 23 20 -20 -1 -5 -19 -15
right_child=5 -3 3 21 -6 13 9 11 -10 10 -12 -13 -14 17 15 -17 -18 22 19 -21 -22 -23 -24 -25
leaf_value=-0.016856253822336388 0.036660754896885604 0.026677008633127282 -0.0051971556096224863 -0.02744265043876223 0.014570856857703915 -0.0064513760826284718 0.0021214089473311245 0.0034197317008874358 -0.009367830565975661 0.018175629477954418 -0.0074174803937144167 -0.011152405971822937 -0.018603572404637076 0 -0.00072891776824571958 0.026721403049549727 0.019802943264985828 -0.022596771907510926 0.028932152298937888 0 0.01649763819596671 -0.0070634435088023379 0.0024725556437524415 -0.026764987032274118
leaf_weight=18.909641057252887 11.741445645689966 9.4620827883481962 411.08202951401472 28.06339156627655 27.285360515117645 176.88774108886719 1248.7995678782463 67.297051310539246 9.1087170690298063 88.207034230232239 30.952118203043938 118.91946287453175 19.168443486094475 6.8662204593420055 77.065017446875572 21.121915310621262 10.458638846874235 7.9114458858966819 19.852835416793823 32.810639768838882 7.2068551778793326 34.839673936367035 33.605871707201004 24.984467074275017
leaf_count=70 43 33 1379 126 87 693 3826 208 35 349 100 370 56 21 284 70 39 21 83 118 23 164 112 85
internal_value=-0.000141112 -0.00347848 -0.00410332 -0.00562396 -0.00384937 0.000855965 0.00182806 -0.00328536 0.0163984 0.00261301 0.0113087 -0.00577296 0.00175961 -0.00337889 -0.00112034 0.00534219 -0.00466 -0.011574 0.00516256 0.0112982 -0.00624426 -0.017106 -0.00254908 -0.0217538
internal_weight=2542.61 589.513 580.05 501.27 438.367 1953.1 1594.19 207.067 20.8502 1387.13 119.159 186.217 1267.97 358.901 285.533 98.1869 187.346 73.368 78.78 52.6635 26.1165 62.9031 41.5173 31.8507
internal_count=8395 2083 2050 1756 1466 6312 4987 656 78 4331 449 578 3882 1325 1086 354 732 239 294 201 93 290 133 106
is_linear=0
shrinkage=0.05


Tree=163
num_leaves=24
num_cat=0
split_feature=37 30 55 51 37 55 49 30 46 13 30 30 36 30 30 32 42 40 44 13 50 54 20
split_gain=1.9687 5.10513 4.44956 4.42793 3.77125 3.55208 3.97178 3.43446 3.24039 3.16497 2.67864 6.45712 3.10036 3.09606 3.07258 2.48526 1.91037 1.63708 1.44105 1.35952 1.23065 1.01969 0.470561
threshold=4.5833333333333348 1529.0639605138385 3.1026315789473689 0.78888888888888908 4.416666666666667 2.6961538461538468 1.6833333333333336 1482.1675563211827 1.7029411764705884 0.25833333333333336 1661.9659781296491 1681.68693697604 0.45000000000000007 1636.4749251712319 1612.0874515778407 173.05643310703661 3.1243254326451781 0.28944127560280014 1.648529411764706 0.19090909090909094 1.1742424242424245 3.0250000000000004 -0.035714285714285643
decision_type=2 2 2 2 2 2 2 2 2 2 2 2 2 2 2 2 2 2 2 2 2 2 2
left_child=4 2 5 -3 10 7 -7 -2 20 19 13 15 -13 14 -1 -12 -15 22 -10 -6 -4 -11 -5
right_child=1 3 8 17 9 6 -8 -9 18 21 11 12 -14 16 -16 -17 -18 -19 -20 -21 -22 -23 -24
leaf_value=2.7473160021465431e-05 -0.015536687179738657 0.010467689012067058 -0.013387703736263266 -0.011116012458463546 0.012619206724954264 0.037307462815123836 0.0010068962600044841 0.017525331309744745 -0.031383394226809594 0.046700138459890739 0.037733980444468657 -0.019261619015709483 0.017428718231514383 -0.022528793856152172 0.011306127041455678 0.0054884239758087134 0.00051718375118975487 0 0 -0.012802198436412244 0.008776637585546563 0.011126585117234689 -0.034854815318747637
leaf_weight=2402.7906751483679 18.355434387922291 8.1880606710910779 6.9591217935085323 8.877179801464079 9.9858000427484566 15.520931646227838 16.021875217556953 10.505735293030737 15.345325291156771 6.8134852498769742 17.243929408490661 16.408127605915073 5.9567357450723639 22.201668441295624 60.072839871048927 12.773355051875113 10.912184044718741 5.1814771294593802 5.5971729457378379 7.1206284612417212 17.413834050297737 7.8737621232867241 23.362007796764374
leaf_count=7234 54 25 23 36 31 41 50 30 57 17 49 84 19 93 202 61 46 16 17 24 55 25 106
internal_value=0.000246119 -0.00524254 0.000640798 -0.018859 0.000581527 0.00961027 0.0207737 -0.00233591 -0.0106877 0.0171908 0.000351187 0.0113335 -0.00783483 0.000101808 0.000321669 0.0259932 -0.0146255 -0.0261158 -0.0242405 0.000496545 0.000964856 0.0327467 -0.0300795
internal_weight=2731.48 151.328 105.719 45.6087 2580.15 60.404 31.5428 28.8612 45.3155 31.7937 2548.36 52.3821 22.3649 2495.98 2462.86 30.0173 33.1139 37.4207 20.9425 17.1064 24.373 14.6872 32.2392
internal_count=8395 510 327 183 7885 175 91 84 152 97 7788 213 103 7575 7436 110 139 158 74 55 78 42 142
is_linear=0
shrinkage=0.05


Tree=164
num_leaves=29
num_cat=0
split_feature=19 47 30 30 26 50 5 54 2 26 50 40 49 40 47 51 40 63 63 55 47 30 2 30 16 10 39 23
split_gain=3.7546 5.22475 4.49335 4.28643 4.18915 4.61592 4.30628 4.08972 3.97256 5.32902 3.94197 3.81276 3.72319 3.99826 5.93988 3.68493 3.61985 5.88457 3.57424 3.43917 2.97919 2.95789 2.76293 2.90977 2.58398 2.41446 1.19577 1.16849
threshold=0.48333333333333339 1.7947368421052634 1421.2955323820768 1412.2851816452205 -0.49999999999999994 0.88194444444444453 0.25000000000000011 2.8973684210526325 -0.21748251748251737 -1.0000000180025095e-35 1.3166666666666669 0.2436590603772871 1.6833333333333336 0.26871411699091241 1.9750000000000003 1.6515151515151518 0.17766173484189149 1.2845238095238098 -0.049999999999999843 3.7735042735042739 2.3875000000000006 1380.7010426084803 0.46666666666666662 1533.3756969103235 0.27922077922077926 0.82575757575757591 0.443188911587788 -1.0000000180025095e-35
decision_type=2 2 2 2 2 2 2 2 2 2 2 2 2 2 2 2 2 2 2 2 2 2 2 2 2 2 2 2
left_child=1 4 3 7 5 6 -1 21 9 -6 -7 15 16 19 -15 27 25 -18 -10 -14 -17 -2 23 -13 -9 -4 -5 -3
right_child=2 11 12 26 8 10 -8 24 18 -11 -12 22 13 14 -16 20 17 -19 -20 -21 -22 -23 -24 -25 -26 -27 -28 -29
leaf_value=-0.0050158968813334261 -0.0063420688805746906 0 -0.029058142039044083 0.035540206439970384 0.0090340926324129003 0.017028794882679364 0.033193929984331176 0.0049018671653239723 0.011223181365993207 -0.014693883165581612 0.0032407956174910278 -0.027546689448785546 -0.0035620938234833623 0.0033516280437979606 0.0334401896844716 -0.023265535288337091 -0.0048291924661953223 0.023597548646665609 0.0007435110123204799 0.0078537907844663402 0.014747785818653117 0.027143948538515067 0.0033322596993104882 0.00010243342899970043 -0.022188691537317347 0.0016365727289110725 0.0095686730676421538 0.027014037857051559
leaf_weight=82.988409467041492 7.6922453045845058 6.036594524979594 22.571876570582393 13.559395730495455 30.696319095790386 136.8560549095273 6.0126984864473334 12.38287076354027 98.176748484373093 77.735174745321274 92.627526916563511 38.627575285732746 418.32665514200926 119.62724147737026 17.705494686961174 13.385996066033842 702.88146894052625 16.465028688311577 471.07913862168789 75.373070292174816 5.2786698490381232 16.27873682975769 11.558572158217428 10.082787171006201 18.101172894239426 6.3786694034934035 13.796789005398749 11.821207113564013
leaf_count=349 20 18 89 36 121 460 16 33 295 304 264 135 1274 342 55 59 2619 46 1310 234 21 43 33 65 48 25 39 42
internal_value=-0.000112941 0.00209098 -0.00177921 0.00940579 0.00319154 0.0079127 -0.00148702 0.000605303 0.000919251 -0.00770829 0.0116476 -0.00881814 -0.00247338 0.000319152 0.00783452 0.00328589 -0.00485618 -0.00408026 0.00262762 -0.00174414 -0.0109181 0.0157748 -0.0164245 -0.0215522 -0.0107904 -0.0218187 0.0248376 0.018995
internal_weight=2554.1 1092.96 1461.14 81.8112 996.172 318.485 89.0011 54.455 677.687 108.431 229.484 96.7914 1379.33 631.032 137.333 36.5225 748.297 719.346 569.256 493.7 18.6647 23.971 60.2689 48.7104 30.484 28.9505 27.3562 17.8578
internal_count=8395 3492 4903 219 3119 1089 365 144 2030 425 724 373 4684 1905 397 140 2779 2665 1605 1508 80 63 233 200 81 114 75 60
is_linear=0
shrinkage=0.05


Tree=165
num_leaves=27
num_cat=0
split_feature=35 2 14 30 42 14 24 41 7 57 64 24 53 46 30 42 42 51 5 41 23 46 9 22 38 38
split_gain=3.22242 5.10085 3.89411 3.17576 4.19954 5.20175 5.81753 4.77572 4.39825 3.32503 3.13068 4.76343 3.25366 2.61607 2.58436 3.47694 4.06758 3.08986 4.84135 3.49776 2.91647 2.43509 2.42995 2.38211 2.21317 0.72743
threshold=0.63333333333333341 -0.60714285714285698 0.066666666666666666 1543.8708350042207 2.5006426735218512 -0.032051282051281993 1.5000000000000002 0.3335440370838601 1.8257575757575759 0.45227272727272733 0.087499999999999953 1.5000000000000002 1.1055555555555558 0.74342105263157909 1563.7670537954466 2.7601642984755643 3.0718198683582725 1.4142857142857144 -0.80892857142857133 0.32874090477696932 0.13095238095238096 1.297058823529412 0.39230769230769236 1.0000000180025095e-35 0.70833333333333337 0.63333333333333341
decision_type=2 2 2 2 2 2 2 2 2 2 2 2 2 2 2 2 2 2 2 2 2 2 2 2 2 2
left_child=3 13 23 4 5 6 -1 8 -6 -9 12 -12 -4 -2 15 20 -17 18 -16 -19 -5 25 -7 -3 -25 -15
right_child=1 2 10 14 7 22 -8 9 -10 -11 11 -13 -14 21 17 16 -18 19 -20 -21 -22 -23 -24 24 -26 -27
leaf_value=0.005317641594902737 -0.0085576707916365218 0.016146430428814446 -0.013854293886185025 -0.0074731438917169839 -0.001489432269866518 0.0053476004521619703 0.036668428006746995 -0.012522131160577384 -0.010610728993818486 0.0074880849553108052 -0.0009105471491168797 0.04195349814340614 0.0034825074765390245 0.013734023746303316 0.025060675734127028 0.033955070140321723 0.0073627078415796649 -0.0086453975583160748 0.002571583628198097 0.013550808464737399 0.012657886702660695 0.0011866912802557085 -0.0095288693507396341 -0.0046841601003209899 -0.013403366358819941 0.04914479507359517
leaf_weight=42.928274720907211 6.4717411100864437 7.385213926434516 35.859262496232986 36.728679493069649 931.46339817345142 76.44732491672039 23.483961880207062 20.603204473853111 154.51862601935863 191.09121449291706 12.524879321455957 9.2657798081636411 90.10811535269022 7.7259790152311343 24.850339651107788 23.932047471404076 43.214832320809364 99.811500206589699 274.31003896892071 18.921861752867699 30.951453000307083 10.513035356998442 40.197879448533058 173.65952436625957 146.74988053739071 6.099724143743515
leaf_count=135 18 25 115 107 2944 232 84 63 585 630 39 35 394 25 93 85 142 319 845 70 95 33 130 621 508 23
internal_value=-0.00013967 -0.00370872 -0.00504523 0.00073957 -0.000453546 0.00656972 0.0175169 -0.00147211 -0.00282735 0.00532463 0.00154027 0.0182598 -0.00139681 0.0152082 0.00397109 0.00998413 0.0179101 0.00193323 0.00467672 -0.00473517 0.00147346 0.0226467 0 -0.00808087 -0.00881353 0.0351729
internal_weight=2539.82 506.363 475.553 2033.45 1480.73 183.057 66.4122 1297.68 1085.98 211.694 147.758 21.7907 125.967 30.8105 552.721 134.827 67.1469 417.894 299.16 118.733 67.6801 24.3387 116.645 327.795 320.409 13.8257
internal_count=8395 1836 1737 6559 4803 581 219 4222 3529 693 583 74 509 99 1756 429 227 1327 938 389 202 81 362 1154 1129 48
is_linear=0
shrinkage=0.05


Tree=166
num_leaves=13
num_cat=0
split_feature=43 43 65 55 37 64 40 41 55 42 30 39
split_gain=1.92754 4.47893 4.44734 2.26827 2.00314 3.25335 3.73803 2.12051 4.37088 4.19125 1.75908 1.15433
threshold=7.097135114554777 7.0770759345065919 -0.0089932712215319982 2.5857843137254908 5.1250000000000009 -0.012499999999999949 0.28944127560280014 0.26108686558404665 2.9750000000000005 2.4612348624329026 1457.8350087769015 0.45002472799208709
decision_type=2 2 2 2 2 2 2 2 2 2 2 2
left_child=1 4 10 -4 7 6 -6 8 -1 -9 -2 -7
right_child=2 -3 3 -5 5 11 -8 9 -10 -11 -12 -13
leaf_value=-0.0078566073924705646 -0.0018908310383545395 0.031214157062964432 -0.012068322456510258 0.018623617038220287 -0.0071306121444918939 -0.033694568608964207 0.033414950289124404 0.012430100172134665 0.0087243660631470266 0.00052742540204628124 -0.036715136984459114 -0.0043401488698790935
leaf_weight=175.84921091794968 7.2888009548187283 9.7674943357706052 7.9435302019119289 11.871951624751089 26.921577483415607 11.596834629774095 5.0530351102352133 74.737100079655647 48.140320159494877 2330.7808761522174 12.397610247135161 8.2467302083969098
leaf_count=543 21 24 24 33 110 45 13 213 138 7161 42 28
internal_value=0.00024178 0.000415328 -0.0104292 0.00519558 0.000270636 -0.00925642 0.000130929 0.000474773 -0.00413669 0.000917633 -0.0263379 -0.0241541
internal_weight=2730.6 2691.09 39.5019 19.8155 2681.33 51.8182 31.9746 2629.51 223.99 2405.52 19.6864 19.8436
internal_count=8395 8275 120 57 8251 196 123 8055 681 7374 63 73
is_linear=0
shrinkage=0.05


Tree=167
num_leaves=25
num_cat=0
split_feature=30 53 40 56 55 30 20 47 41 60 14 30 65 21 53 8 11 45 55 64 55 41 53 40
split_gain=3.5424 4.05378 5.01418 8.73552 7.1062 5.92357 4.73143 4.31478 4.2773 4.05884 4.65354 3.80804 3.7364 3.63623 2.69501 4.05582 4.84541 3.60659 2.82884 2.65669 2.33918 3.39213 1.21381 0.265038
threshold=1421.2955323820768 1.6125000000000003 0.26309792180116626 0.44722222222222224 3.4868421052631584 1505.3427458557937 0.086111111111111124 2.1622807017543866 0.25044169611307426 10.500000000000002 0.16538461538461538 1523.9484448388619 -0.13333333333333341 0.17424242424242423 1.9545454545454546 -0.33333333333333331 0.071428571428571466 1.297058823529412 3.6961538461538468 0.10440311418685116 2.8973684210526325 0.31126420168465446 1.2613636363636365 0.29685855263157901
decision_type=2 2 2 2 2 2 2 2 2 2 2 2 2 2 2 2 2 2 2 2 2 2 2 2
left_child=14 6 5 23 -5 12 7 8 -2 -8 -11 -7 -3 -9 15 20 19 -18 -16 -17 22 -22 -1 -4
right_child=1 2 3 4 -6 11 9 13 -10 10 -12 -13 -14 -15 18 16 17 -19 -20 -21 21 -23 -24 -25
leaf_value=0.013253643922843207 0.010981106790658177 0.0023463049899077795 0.048937880227472974 0.011008747741307669 -0.016965483643079423 -0.015595535580721812 0.037340477055247248 -0.0012040611395884148 -0.0023545019406350969 0.012640853681440779 -0.024073338397256009 -0.001064349600796041 0.018677680129880397 -0.025908127761371431 -0.023657955834329253 0.017523637302448401 -0.020600354476135205 0.011998053665596978 0.011083485993365123 -0.011459342079071275 -0.0097341139623270088 0.020809441062443253 0.04224229688662734 0.017506616819148491
leaf_weight=12.721992433071138 60.009816527366638 239.88971355557442 11.590791523456575 116.01839560270309 25.681882724165916 69.496034100651741 10.748153179883955 29.92214435338974 1565.2341413497925 36.791820533573627 8.8778176009654981 134.34070142358541 40.442269444465637 33.423183012753725 11.80073204636574 40.767463877797127 26.552664697170258 9.4917365312576276 7.4711406826972953 7.1460340917110434 12.445213407278059 20.423507958650589 12.81344600021839 7.4590166211128226
leaf_count=34 191 654 33 314 80 206 30 110 5400 121 34 461 123 189 32 106 71 25 21 20 32 53 35 20
internal_value=-0.000109915 -0.000606353 0.00275991 0.0103551 0.00559914 0.000154549 -0.0018665 -0.0023603 -0.00183385 0.01206 0.00426889 -0.00624346 0.00490653 -0.0150154 0.00699535 0.00946371 0.00196977 -0.0111795 -0.00923867 0.0124142 0.0194007 0.00863265 0.0307195 0.0406512
internal_weight=2551.56 2389.93 644.919 160.75 141.7 484.169 1745.01 1688.59 1625.24 56.4178 45.6696 203.837 280.332 63.3453 161.634 142.362 83.9579 36.0444 19.2719 47.9135 58.4042 32.8687 25.5354 19.0498
internal_count=8395 7966 1891 447 394 1444 6075 5890 5591 185 155 667 777 299 429 376 222 96 53 126 154 85 69 53
is_linear=0
shrinkage=0.05


Tree=168
num_leaves=25
num_cat=0
split_feature=44 12 13 42 8 47 22 3 31 0 32 11 63 39 51 43 33 3 23 43 40 12 23 43
split_gain=3.08006 4.07831 3.1273 3.90622 4.91979 3.71428 2.85936 3.33209 4.74338 4.36869 3.90704 4.96181 2.89946 2.88153 4.18625 3.25343 3.72633 2.53411 2.4367 2.25178 3.07112 2.11121 2.07586 1.98146
threshold=1.0250000000000001 0.79166666666666685 0.10555555555555557 2.5238910632746259 -0.70952380952380933 2.226495726495727 0.42261904761904762 1.7416666666666669 1616.1125188122635 1.8257575757575759 1.9419685767439889 -0.087301587301587186 -0.34285714285714269 0.41827858425621078 0.2678571428571429 6.4077043885644072 0.44830596373693848 0.87083333333333346 -0.19999999999999993 5.377587880612313 0.20207393079733502 0.27922077922077926 -0.25598290598290591 6.5286883779423883
decision_type=2 2 2 2 2 2 2 2 2 2 2 2 2 2 2 2 2 2 2 2 2 2 2 2
left_child=1 2 19 4 -4 -5 7 8 9 -2 11 -9 -12 15 22 17 -17 -8 -16 20 -1 -21 -15 -10
right_child=6 -3 3 5 -6 -7 13 10 23 -11 12 -13 -14 14 18 16 -18 -19 -20 21 -22 -23 -24 -25
leaf_value=0.011961770322257981 0.0026626098685573907 0.025933247475756784 -0.019501754442916627 -0.0083253506429657974 0.0107548557664308 0.014800477651872737 0.00043296458796463031 0.027520705980143285 -0.018086206694692436 0.021774840715632435 -0.027060533454929404 -0.0012741144804563436 -0.0061107150423330399 0.0040144847593594898 0 0.030584739666612466 -0.016779937150997064 -0.030244046611823949 -0.013173961440105346 0.024266753390310494 -0.012721306019439473 0 0.032052152060110077 0
leaf_weight=20.139749601483345 1354.6947719603777 9.5026234388351423 14.526817247271536 404.50369779020548 64.308298081159592 15.608664184808729 6.718391314148902 14.425271540880201 35.922883093357086 29.072816878557205 20.386973679065704 156.48369938135147 94.273106828331947 24.214741393923759 86.591282546520233 5.6035226434469205 6.742115318775177 25.946902178227901 56.178083226084709 19.880166590213776 26.5515206605196 12.176037013530729 9.2576405853033048 23.716661050915718
leaf_count=71 4266 33 53 1444 208 51 21 52 138 100 53 582 274 78 327 27 19 83 171 83 92 48 32 89
internal_value=-0.000131009 -0.00330779 -0.00391972 -0.00540543 0.00452568 -0.00734086 0.000815096 0.00151201 0.00249842 0.00311304 -0.0033696 0.00130189 -0.01045 -0.00448368 -0.00137678 -0.0155409 0.00424238 -0.0235525 -0.00525989 0.00508488 -0.00150709 0.0149451 0.0138437 -0.0109948
internal_weight=2537.43 587.198 577.695 498.947 78.8351 420.112 1950.23 1728.98 1443.41 1383.77 285.569 170.909 114.66 221.253 176.242 45.0109 12.3456 32.6653 142.769 78.7475 46.6913 32.0562 33.4724 59.6395
internal_count=8395 2083 2050 1756 261 1495 6312 5554 4593 4366 961 634 327 758 608 150 46 104 498 294 163 131 110 227
is_linear=0
shrinkage=0.05


Tree=169
num_leaves=22
num_cat=0
split_feature=45 12 12 25 62 37 49 40 33 51 40 2 52 37 11 49 58 2 24 19 45
split_gain=1.91259 3.47421 3.94612 3.87463 5.54841 3.86234 4.55678 4.46334 3.37892 5.60686 6.66131 5.79221 4.02804 3.99841 4.61603 4.4659 3.72872 6.12712 3.27195 2.62377 0.686293
threshold=1.151923076923077 0.53589743589743599 0.37980769230769235 0.50000000000000011 -1.2970588235294114 3.1000000000000005 1.1055555555555558 0.24196639818548751 0.42719939730891116 1.2792207792207795 0.17548525569242254 -0.74423076923076903 1.3875000000000002 3.3666666666666667 0.26401515151515148 0.88194444444444453 0.54195804195804198 0.59761904761904783 2.666666666666667 0.51666666666666672 1.0606617647058825
decision_type=2 2 2 2 2 2 2 2 2 2 2 2 2 2 2 2 2 2 2 2 2
left_child=8 2 5 4 -4 6 -2 -7 12 10 -10 -12 16 14 -11 -15 17 -1 -5 -3 -18
right_child=1 19 3 18 -6 7 -8 -9 9 13 11 -13 -14 15 -16 -17 20 -19 -20 -21 -22
leaf_value=0.016593560890617049 0.01116330527795892 0 -0.018653399145113349 0.001602072951075884 0.01457826144383011 -0.014026975495861564 -0.0010640009296927558 -0.0017589697034929427 0.033468852916001067 0.0012300372277170128 -0.018037272251327379 -0.0017757567341929186 -0.016142646953505646 -0.014229046066845726 0.028244789975765173 0.019108653717459689 0.014168727530164417 -0.010915532777615939 -0.024803776757337165 -0.034343159184822357 0.045896600881692666
leaf_weight=63.516479194164276 80.399811193346977 11.362618476152422 11.680497542023657 143.00708619505167 118.01781406998634 118.34515704214573 1002.8228285685182 209.79779256135225 9.6995971947908384 401.35706596076488 65.303773492574692 324.11888620257378 10.878064945340155 9.3050848767161352 14.647603526711462 70.088061414659023 8.9637861400842684 26.534756258130074 10.726265683770178 11.457975231111048 8.014704763889311
leaf_count=166 236 36 41 424 329 405 3077 674 28 1253 257 953 32 36 36 216 24 78 34 41 19
internal_value=0.000232308 -0.000773188 -0.000485495 0.00485621 0.0111578 -0.00158126 -0.000114519 -0.00631734 0.00196097 0.000871687 -0.00349398 -0.00464481 0.00986406 0.0044391 0.00237163 0.0146406 0.0129842 0.00815502 -0.000374663 -0.019371 0.0337215
internal_weight=2730.05 1717.62 1694.8 283.432 129.698 1411.37 1083.22 328.143 1012.43 894.52 399.122 389.423 117.908 495.398 416.005 79.3931 107.03 90.0512 153.733 22.8206 16.9785
internal_count=8395 5297 5220 828 370 4392 3313 1079 3098 2779 1238 1210 319 1541 1289 252 287 244 458 77 43
is_linear=0
shrinkage=0.05


Tree=170
num_leaves=30
num_cat=0
split_feature=19 30 30 43 26 64 54 4 26 30 32 5 5 50 2 30 26 55 42 3 30 64 16 43 12 35 57 41 48
split_gain=3.42389 4.01185 4.03819 3.88606 4.42955 4.24161 3.73914 3.73612 4.90672 3.7443 7.01012 3.69979 4.74503 4.46909 3.58523 3.27388 3.18923 3.13541 3.04832 3.11959 2.75985 2.5522 2.44267 2.18203 2.14013 2.05091 1.98078 1.12899 0.852626
threshold=0.48333333333333339 1421.2955323820768 1412.2851816452205 5.5471267646873921 1.8333333333333337 0.17308641975308639 2.8973684210526325 1.8090909090909093 -0.49999999999999994 1519.4036369036269 43.79609287457243 0.083333333333333356 -0.46666666666666634 1.5634920634920637 1.1961538461538466 1398.7023058973793 -0.49999999999999994 2.2330316742081453 3.1882224469835063 1.9309523809523812 1380.7010426084803 -0.16500000000000001 0.27922077922077926 5.0271592211193568 0.12916666666666668 0.29166666666666669 0.54772727272727284 0.31255252100840342 1.1055555555555558
decision_type=2 2 2 2 2 2 2 2 2 2 2 2 2 2 2 2 2 2 2 2 2 2 2 2 2 2 2 2 2
left_child=7 2 6 11 5 -5 20 8 9 10 -1 12 -3 -13 15 -10 24 -11 19 -18 -2 -6 -8 -20 -9 -26 -16 28 -4
right_child=1 3 27 4 21 -7 22 16 14 17 -12 13 -14 -15 26 -17 18 -19 23 -21 -22 -23 -24 -25 25 -27 -28 -29 -30
leaf_value=0.0089179816812032953 -0.0064163120199094217 0.0041832873279618295 0 -0.0067101600419493049 0.016884790356391528 0.0060924672692675595 0.0046742289519793121 0.0047002687968638124 0.01866385150940655 -0.014286054378312206 0.04098020148809401 0.010843231338995257 -0.0093381120238679154 -0.0016936119842867288 0.019015966140110668 -0.0011912995350548908 -0.00079552585489203005 0.0051486587199475213 0.0044222698914995117 0.025875644975051012 0.025887253532924301 -0.0018395917511784439 -0.02164945303833056 -0.028018170469581435 -0.031693197811326096 -9.5468746114077925e-05 -0.0037304977468950035 0.035264347232296038 0.020017744004800289
leaf_weight=175.05040396749973 7.6705421805381802 112.44487528130412 7.4766537547111529 709.49078312516212 33.936330422759056 67.573542207479477 12.359821408987047 5.804898537695407 19.433959752321243 23.804147034883499 17.962891921401024 148.37600915133953 143.6596417427063 128.31397867202759 36.108109503984451 602.64122912287712 41.188633758574724 100.34201746433973 5.5131187066435841 12.145771875977514 16.261380523443222 31.873117372393608 18.077400863170624 12.306586537510155 21.109122607856992 8.69658365100622 9.7352485209703428 12.327259957790373 7.5081626772880554
leaf_count=485 20 498 21 2479 91 225 33 22 51 122 59 435 498 356 96 1816 156 415 19 34 43 102 48 48 103 35 31 34 20
internal_value=-0.000108571 -0.00170296 0.00886972 -0.00236084 -0.00447508 -0.00555197 0.00032188 0.00199593 0.00297942 0.00808467 0.0124197 0.000941353 -0.00331815 0.00496918 0.00050098 -0.00047313 -0.00673641 0.00105659 -0.00014963 0.00554218 0.0148731 0.00766065 -0.0105602 -0.0172868 -0.018525 -0.0238455 0.013709 0.0238497 0.00994086
internal_weight=2549.19 1457.35 81.6812 1375.67 842.874 777.064 54.3691 1091.84 985.078 317.159 193.013 532.795 256.105 276.69 667.919 622.075 106.765 124.146 71.1541 53.3344 23.9319 65.8094 30.4372 17.8197 35.6106 29.8057 45.8434 27.3121 14.9848
internal_count=8395 4903 219 4684 2897 2704 144 3492 3075 1081 544 1787 996 791 1994 1867 417 537 257 190 63 193 81 67 160 138 127 75 41
is_linear=0
shrinkage=0.05


Tree=171
num_leaves=21
num_cat=0
split_feature=35 11 14 14 53 30 40 49 20 40 40 40 38 51 22 22 64 53 43 23
split_gain=2.92072 3.41299 3.05112 6.84236 3.38954 2.81246 3.84071 3.34893 3.33983 3.18621 3.22514 3.13495 2.79144 2.72018 2.64298 2.48023 2.32359 2.17289 1.80556 1.61994
threshold=0.63333333333333341 -0.26969696969696966 0.066666666666666666 0.13236763236763233 1.1055555555555558 1543.8708350042207 0.16585278977847229 2.477272727272728 -0.097008547008546928 0.28993355916432839 0.2587965708459482 0.17548525569242254 1.6333333333333335 1.3484848484848486 1.0000000180025095e-35 0.16025641025641021 0.052870370370370311 0.68333333333333346 5.678463205642676 0.33095238095238105
decision_type=2 2 2 2 2 2 2 2 2 2 2 2 2 2 2 2 2 2 2 2
left_child=5 19 14 -4 -5 7 -7 9 15 10 -1 18 -10 -13 -3 -9 -11 -16 -8 -2
right_child=1 2 3 4 -6 6 11 8 12 16 -12 13 -14 -15 17 -17 -18 -19 -20 -21
leaf_value=-0.00076859838635454938 0.031069528888174009 0.017921117460297665 0.047806900931136077 -0.012249210936373248 0.0040975330029817533 -0.02899833725528881 0.00034603872407748429 -0.014086378997385971 -0.01898772816007703 -0.0099699816640693995 0.0045811197591240516 0.0064059842827471061 0.0093226817870925363 -0.00082496217356091374 0.0057813950042903857 0.012375395650433113 0.00460686104299748 -0.0088579662269844175 0.038559434872791586 0
leaf_weight=800.10210460424423 8.1556635797023755 7.9785326123237601 5.5959898978471747 43.526250660419464 100.87673372030258 6.6500854939222327 6.3519563823938361 11.069660365581511 61.051217466592789 115.66040745377541 427.94165006279945 324.22836159169674 7.6067629605531684 206.31695578992367 24.133005291223526 23.632751509547234 31.68164350092411 308.38621181994677 8.5892894864082319 5.772758647799491
leaf_count=2549 29 27 21 139 430 17 20 36 245 369 1376 1018 32 670 78 94 102 1095 31 17
internal_value=-0.000128369 -0.00353404 -0.00429944 0.00149357 -0.000759 0.00070787 0.00375057 -0.000414867 -0.00901218 0.00022522 0.00107973 0.00429995 -0.0153222 0.00355455 -0.00691823 0.00294562 -0.00664853 -0.00769255 0.0257482 0.0190056
internal_weight=2535.31 504.425 490.497 149.999 144.403 2030.88 552.137 1478.75 103.36 1375.39 1228.04 545.487 68.658 530.545 340.498 34.7024 147.342 332.519 14.9412 13.9284
internal_count=8395 1836 1790 590 569 6559 1756 4803 407 4396 3925 1739 277 1688 1200 130 471 1173 51 46
is_linear=0
shrinkage=0.05


Tree=172
num_leaves=16
num_cat=0
split_feature=19 20 50 50 16 14 5 65 44 44 12 3 56 41 12
split_gain=1.90827 4.35999 2.94034 3.59846 4.87839 2.85279 2.57452 2.33809 2.40757 3.95406 5.15264 1.98558 3.11942 1.60498 1.42321
threshold=0.64583333333333337 -0.20512820512820504 2.7071428571428577 2.0954545454545461 0.36931818181818182 -0.46410256410256401 -0.99999999999999978 2.0657876943881002 1.0250000000000001 1.297058823529412 0.074175824175824162 2.6547619047619051 0.48684210526315791 0.28132690017110767 0.10555555555555557
decision_type=2 2 2 2 2 2 2 2 2 2 2 2 2 2 2
left_child=1 6 3 5 -5 -3 -1 8 11 -10 -11 12 -2 -8 -4
right_child=7 2 14 4 -6 -7 13 -9 9 10 -12 -13 -14 -15 -16
leaf_value=0.003903219854217706 -0.016460949538242585 -0.018961765083419693 -0.0012559436188254623 0.018871953646542525 -0.0027620050549540484 0.00013857578421343618 0 -0.015012998216508165 0.046737618723523527 0.025614606057018735 -0.0085528845413336725 0.019625677028291221 0.014940980317637102 -0.034884542067364785 -0.027804307058717084
leaf_weight=6.8783888518810299 20.997432708740238 17.704154565930367 11.643863841891291 57.52015332877636 42.388819649815559 2466.2792414948344 5.7929287552833584 8.0964748263359052 7.68951192498207 20.190783426165581 18.99645371735096 8.26888659596443 9.5386621505022031 15.355721339583395 11.758436173200606
leaf_count=22 70 64 39 152 133 7580 18 31 17 58 64 22 27 60 38
internal_value=0.000223437 -1.90571e-05 0.000189476 0.000365088 0.00957383 -2.64757e-06 -0.0189715 0.00715703 0.00983176 0.0172207 0.00883351 0 -0.00556799 -0.0271857 -0.0167182
internal_weight=2729.1 2635.32 2607.29 2583.89 99.909 2483.98 28.027 93.7782 85.6817 46.8767 39.1872 38.805 30.5361 21.1487 23.4023
internal_count=8395 8106 8006 7929 285 7644 100 289 258 139 122 119 97 78 77
is_linear=0
shrinkage=0.05


Tree=173
num_leaves=29
num_cat=0
split_feature=19 47 49 26 48 41 17 5 14 49 32 32 31 47 22 51 39 41 5 19 43 56 62 23 41 43 3 32
split_gain=3.17985 4.62791 3.84025 3.83331 4.05645 5.56687 3.92649 4.28774 3.66395 4.68744 5.13522 5.08171 3.54956 3.29383 3.11672 5.91088 4.94845 4.13966 5.41941 4.81604 3.86039 3.00644 3.11031 2.7537 2.33083 4.64171 2.33294 1.66256
threshold=0.48333333333333339 1.7100840336134455 1.6833333333333336 -0.49999999999999994 1.6125000000000003 0.30526976990214233 0.084090909090909063 -0.66190476190476177 0.21153846153846148 1.5634920634920637 86.095851287355131 71.802204014777445 1605.3313001907393 1.5590277777777779 0.25833333333333336 1.1055555555555558 0.43491820413719345 0.33140372629180354 -0.33589743589743576 0.54195804195804198 5.8096417414785728 0.52786377708978338 0.29705882352941165 -0.24343434343434336 0.31306379520520117 5.8957783509507964 1.8708333333333336 81.401594275330254
decision_type=2 2 2 2 2 2 2 2 2 2 2 2 2 2 2 2 2 2 2 2 2 2 2 2 2 2 2 2
left_child=1 3 8 4 5 -1 12 -8 9 10 -2 -11 -5 -6 17 20 -17 19 -19 -4 -16 24 -23 -10 26 -26 -3 -25
right_child=2 21 14 6 13 -7 7 -9 23 11 -12 -13 -14 -15 15 16 -18 18 -20 -21 -22 22 -24 27 25 -27 -28 -29
leaf_value=0.0056835085234406661 0.00032053773067044025 -0.022259846609784282 0.015240294295676207 0.0045948686967011831 -0.0013468448353317901 0.025616429162907031 0.015230080994857266 -0.01222364505166307 0.0068645260025708282 -0.018070472773827517 -0.013763882074448836 0.017445513479674424 -0.0059849857250276143 0.019200333916662635 0.0070948920996691013 0.01154227844240239 -0.02042896287344919 -0.026150878076136443 0.0049314174814503548 -0.0023373462094653241 -0.0031519985972091819 0.028897764750763107 -0.011329581931386667 -0.020970777648911702 -0.014486689926502483 0.0093116048928383547 0.00042166419012967078 0.0029582047083040125
leaf_weight=99.242934301495552 553.80094537138939 41.264858864247799 119.46585219353437 447.77293886244297 125.51617296785116 57.754717156291008 14.41160526126623 87.282377608120441 10.185683995485304 76.905721299350262 70.850367441773415 9.2237776070833188 92.642379641532898 20.766526132822037 158.47696466743946 12.639450736343859 58.923940382897854 18.895492903888226 38.653442025184631 53.314260736107826 210.10834936052561 9.6248829662799817 5.6457195840775958 58.201300889253616 39.912155356258154 37.238622203469276 12.388004943728445 5.7069975584745398
leaf_count=300 1856 172 383 1273 485 165 58 335 29 254 465 47 246 80 452 40 181 80 116 170 592 30 39 205 143 130 36 33
internal_value=-0.000101818 0.00192583 -0.00164019 0.00322497 0.00785015 0.0134035 0.000984007 -0.00787322 -0.00401668 -0.00284745 -0.00127591 -0.0136737 0.00271971 0.0016211 0.00110828 -0.00131322 -0.0142821 0.00581473 -0.00538979 0.00970869 0.00120081 -0.00624339 0.012988 -0.0145349 -0.00883858 -0.002739 -0.0167467 -0.0184297
internal_weight=2546.82 1091.46 1455.35 945.39 303.28 156.998 642.109 101.694 784.875 710.781 624.651 86.1295 540.415 146.283 670.478 440.149 71.5634 230.329 57.5489 172.78 368.585 146.074 15.2706 74.094 130.804 77.1508 53.6529 63.9083
internal_count=8395 3492 4903 2942 1030 465 1912 393 2889 2622 2321 301 1519 565 2014 1265 221 749 196 553 1044 550 69 267 481 273 208 238
is_linear=0
shrinkage=0.05


Tree=174
num_leaves=23
num_cat=0
split_feature=2 4 40 40 51 14 13 42 46 2 0 41 23 40 44 42 64 56 2 48 14 9
split_gain=2.88832 2.68715 2.78511 4.50006 3.86421 3.26031 2.72378 3.17459 4.83334 2.79911 4.30813 2.70632 2.68581 2.36652 3.52963 3.26385 2.26789 2.029 1.22747 0.955609 0.818557 0.922067
threshold=1.2359848484848488 2.0333333333333337 0.16585278977847229 0.17766173484189149 1.1909090909090911 0.31196581196581202 0.06904761904761901 3.1220394442103028 1.3038461538461541 -0.45000000000000001 1.1909090909090911 0.49074074074074076 -0.084090909090909036 0.24818179413942662 1.297058823529412 2.8849306431273649 -2.3423199445983376 0.54772727272727284 1.5166666666666671 2.1339285714285716 -0.21428571428571422 0.51666666666666672
decision_type=2 2 2 2 2 2 2 2 2 2 2 2 2 2 2 2 2 2 2 2 2 2
left_child=1 2 11 4 -4 -5 9 8 -8 10 -3 19 -9 14 15 -2 -17 20 -16 -1 -15 -22
right_child=13 6 3 5 -6 -7 7 12 -10 -11 -12 -13 -14 17 18 16 -18 -19 -20 -21 21 -23
leaf_value=-0.010530088653124397 0.016342230898452572 0.007165500255316164 0.0015901694806761436 -0.00072448686435979499 0.031885472422136379 0.0091156721128281808 0.00078378355630894382 -0.022543823571548167 0.033231627102431389 0.015883408376698629 -0.025042934021495985 0.0080319455342990585 0.0064870509550335577 0 0.032782470116954066 0.006398899197215935 -0.022703695179924595 0.0072795814578261349 0 -0.032769262680360373 -0.0044860606735470472 -0.026342070152991982
leaf_weight=23.431077718734741 8.0746380537748319 16.238467797636986 26.275325015187263 2082.1066625118256 18.283329337835312 85.541964709758759 21.837413132190704 6.710282936692237 27.031107053160667 11.084680706262587 20.573665261268616 9.4535485506057721 72.256559818983078 6.7166209816932669 6.7530125528573972 6.4240648224949828 23.763001807034019 5.9898248463869086 5.0474092364311218 9.8126755654811841 10.333882465958593 29.42948167771101
leaf_count=69 39 57 85 6750 64 309 72 19 90 36 54 29 237 29 33 31 117 27 21 27 48 152
internal_value=-0.000120325 0.000219472 -0.000236203 2.16874e-06 0.0153936 -0.000316597 0.00614398 0.00996475 0.0198243 -0.00354319 -0.010554 -0.0125934 0.00321543 -0.00826484 0 -0.0078578 -0.0157209 -0.0154824 0.0214306 -0.0192909 -0.0191107 -0.0217475
internal_weight=2533.17 2430.64 2254.9 2212.21 44.5587 2167.65 175.732 127.835 48.8685 47.8968 36.8121 42.6973 78.9668 102.532 50.0621 38.2617 30.1871 52.4698 11.8004 33.2438 46.48 39.7634
internal_count=8395 7898 7333 7208 149 7059 565 418 162 147 111 125 256 497 241 187 148 256 54 96 229 200
is_linear=0
shrinkage=0.05


Tree=175
num_leaves=13
num_cat=0
split_feature=43 65 43 55 54 56 65 40 22 30 30 39
split_gain=1.82855 4.25132 4.17024 2.11703 1.92366 3.81742 4.1663 2.99877 3.16157 2.57202 1.66156 1.01483
threshold=7.097135114554777 -0.0089932712215319982 7.0770759345065919 2.5857843137254908 2.3944444444444448 0.34848484848484851 2.0657876943881002 0.16311413454270593 0.25833333333333336 1490.0007018659323 1457.8350087769015 0.50539575327044772
decision_type=2 2 2 2 2 2 2 2 2 2 2 2
left_child=2 10 4 -3 5 9 -7 11 -9 -1 -2 -6
right_child=1 3 -4 -5 7 6 -8 8 -10 -11 -12 -13
leaf_value=0.0032633174612483433 -0.0019475827951620601 -0.011675108886625818 0.030009614944598834 0.017964752749676703 0.030038036545649762 0.0024876730613138612 0.025393793426287115 -0.0031181793432325396 0.00096486643503726911 -0.024350014272257969 -0.036047781605088251 0.0026357286372863577
leaf_weight=10.74530963599682 7.2812234908342388 7.8974851220846203 9.8416793048381788 11.924500390887259 8.4367785602808016 693.13130056858063 18.796311035752296 827.58210461586714 1092.0066170841455 19.708585433661938 12.233838915824888 8.9696428179740888
leaf_count=34 21 24 24 33 23 2014 57 2659 3366 72 42 26
internal_value=0.000216193 -0.0101986 0.000385293 0.00502227 0.000244853 0.00241186 0.0031969 -0.000574422 -0.000783839 -0.014236 -0.0258505 0.0189326
internal_weight=2728.56 39.337 2689.22 19.822 2679.38 742.382 711.928 1937 1919.59 30.4539 19.5151 17.4064
internal_count=8395 120 8275 57 8251 2177 2071 6074 6025 106 63 49
is_linear=0
shrinkage=0.05


Tree=176
num_leaves=23
num_cat=0
split_feature=47 15 17 15 33 64 3 14 14 20 20 2 11 7 6 44 26 17 43 50 50 18
split_gain=2.89892 2.80043 2.84825 3.7106 2.54362 3.57126 3.10084 2.37429 3.13443 2.72681 2.3557 5.87153 2.96384 2.06178 2.04184 4.15674 1.6001 1.14463 1.07682 0.763496 0.44576 0.321185
threshold=2.1622807017543866 0.19090909090909094 -0.090909090909090842 0.080128205128205107 0.24145865712754103 -0.4722222222222221 2.5166666666666671 0.25934065934065936 0.082875457875457872 -0.081060606060606041 -0.06111111111111104 0.75595238095238093 0.32517482517482521 1.2403846153846156 1.0333333333333337 1.341666666666667 1.0000000180025095e-35 0.16538461538461538 4.0342014792848504 1.3166666666666669 1.788888888888889 0.48333333333333339
decision_type=2 2 2 2 2 2 2 2 2 2 2 2 2 2 2 2 2 2 2 2 2 2
left_child=4 2 -2 21 5 14 7 8 -6 -9 12 -12 -8 18 19 -16 17 -15 -3 -1 -20 -4
right_child=1 13 3 -5 6 -7 10 9 -10 -11 11 -13 -14 16 15 -17 -18 -19 20 -21 -22 -23
leaf_value=0 -0.016679129137601039 0 0.0030487926423823086 0.038420026037735151 -0.00084021311520151979 0.029149792724207785 -0.022773151282395696 0.0081909221272429746 0.0038250349871100787 -0.0076405451587030649 0.052441890180215722 0.0044335467310034167 0.010370626789614713 0 -0.020372865958905619 0.017647787158181091 0.014410810126834976 -0.021964866361429827 -0.03260397189159988 0.02274234302622313 -0.0057264551007309289 -0.010160993744079312
leaf_weight=7.4693482518196133 9.1787167787551898 5.5434982031583813 5.8103332370519656 7.121311128139495 1674.4348346590996 15.924401879310606 7.6231926381588009 28.676235355436802 455.93591967225075 185.18459498137236 8.0227057039737719 22.48336161673069 20.490438237786293 9.11782811582089 17.38266479969025 9.0166297703981382 6.1585974246263495 9.3101068139076215 19.041067298501734 9.7535622417926771 5.3453641459345809 5.6916739046573639
leaf_count=20 31 24 19 24 5608 44 25 97 1431 564 20 61 55 33 45 27 24 58 115 29 20 21
internal_value=-0.000102204 -0.00922493 0.0028403 0.0143574 0.000199866 0.0102389 -4.68304e-05 -0.000345604 0.000149157 -0.00534569 0.0111061 0.020278 0 -0.015703 0.00181218 -0.00617837 -0.00329753 -0.0112709 -0.0242659 0.0147292 -0.0285406 -0.00217323
internal_weight=2544.72 82.3185 27.802 18.6233 2462.4 59.5466 2402.85 2344.23 2130.37 213.861 58.6197 30.5061 28.1136 54.5165 43.6222 26.3993 24.5865 18.4279 29.9299 17.2229 24.3864 11.502
internal_count=8395 369 95 64 8026 165 7861 7700 7039 661 161 81 80 274 121 72 115 91 159 49 135 40
is_linear=0
shrinkage=0.05


Tree=177
num_leaves=28
num_cat=0
split_feature=31 41 31 55 5 37 63 48 44 4 60 30 36 39 14 12 15 10 63 16 34 26 7 20 8 3 39
split_gain=2.83553 2.34749 3.25128 4.36085 5.90132 2.97644 2.71798 4.00889 2.21777 5.06758 4.31457 2.99826 2.45575 5.65774 2.74303 2.22581 5.09073 4.93374 3.8655 2.72159 5.53077 3.95598 2.1812 1.7467 1.50053 0.960948 0.856193
threshold=1559.8069684720053 0.32297600274622129 1567.774952268541 2.6485294117647062 -0.22640692640692631 5.1250000000000009 -0.36363636363636359 2.2792207792207795 1.0250000000000001 0.88194444444444453 15.500000000000002 1459.7498312968207 0.63333333333333341 0.43956498799214033 0.46060606060606063 0.20714285714285713 0.57738095238095244 0.37980769230769235 0.089204545454545356 0.46410256410256417 0.63333333333333341 1.0000000180025095e-35 1.4833333333333336 -0.0086247086247085488 -0.46666666666666634 0.74166666666666681 0.4421210653535857
decision_type=2 2 2 2 2 2 2 2 2 2 2 2 2 2 2 2 2 2 2 2 2 2 2 2 2 2 2
left_child=8 5 23 26 -5 6 25 -8 9 10 22 -12 14 -14 -11 19 18 -18 -17 20 -10 -21 -1 -3 -7 -2 -4
right_child=1 2 3 4 -6 24 7 -9 15 12 11 -13 13 -15 -16 16 17 -19 -20 21 -22 -23 -24 -25 -26 -27 -28
leaf_value=-0.0138305420308725 -0.0073373105852844837 0.0011427456968119679 0.035668763245418365 0.027628936325216187 -0.0058777130835130399 0.029960478178653539 -0.0077941385567932737 0.011771550051924332 0.0043034156526238236 -0.0058566916874686001 0.0016718159857576434 0.051417260120349639 -0.0086192613779364508 0.02144008746124092 0.016628134567397836 0.0051520149650956144 0.040022712774419711 0.0029261953098397224 -0.0022482329410329388 -0.010306096840972967 -0.0059838638671831585 0.0043916701823552024 0.015254385473617592 -0.02581675697511028 -0.00012644274106033971 -0.030099887164095968 0.0042845297683020518
leaf_weight=11.045291468501093 13.319553881883623 7.2601735591888454 10.861077651381494 14.364284485578535 64.01197300106287 6.1433713436126709 224.39445821195841 26.884289056062698 450.72428986430168 401.24340935051441 6.0495141744613639 8.2264343500137311 30.037420779466629 27.690167978405952 11.606478512287138 480.77666272222996 16.464016512036324 21.219541728496552 271.11380133032799 133.27274461090565 180.48359875380993 64.986992657184601 10.71029721200466 12.163838237524031 5.21976190805435 15.984310150146483 5.7396300435066214
leaf_count=38 39 27 42 50 267 30 947 92 1417 1332 23 33 95 98 37 1455 59 74 876 405 576 215 44 40 18 46 20
internal_value=-0.000116413 -0.0039409 0.0019411 0.0059914 0.000486815 -0.00632838 -0.00744302 -0.00552568 0.000605957 -0.00225569 0.015191 0.0346691 -0.0037031 0.00561585 -0.00508719 0.00151849 0.00341746 0.020964 0.00245161 -0.000262963 0.00131284 -0.00536778 0 -0.0154071 0.0163185 -0.021682 0.0277892
internal_weight=2532 406.347 114.401 94.977 78.3763 291.946 280.583 251.279 2125.65 506.609 36.0315 14.2759 470.577 57.7276 412.85 1619.04 789.574 37.6836 751.89 829.468 631.208 198.26 21.7556 19.424 11.3631 29.3039 16.6007
internal_count=8395 1618 446 379 317 1172 1124 1039 6777 1700 138 56 1562 193 1369 5077 2464 133 2331 2613 1993 620 82 67 48 85 62
is_linear=0
shrinkage=0.05


Tree=178
num_leaves=18
num_cat=0
split_feature=19 20 54 14 7 5 18 49 63 64 33 14 43 41 60 64 2
split_gain=1.83365 4.03635 2.78922 2.67504 2.62192 2.4846 2.3458 3.20806 2.03181 1.90474 2.91548 2.28615 1.84919 1.5494 1.32415 1.02675 0.459622
threshold=0.64583333333333337 -0.20512820512820504 2.0250000000000004 -0.46410256410256401 1.3205128205128207 -0.99999999999999978 0.57738095238095244 1.4772727272727275 1.4058823529411766 0.24000000000000007 0.51428122548997679 -0.19999999999999993 5.8622086995319824 0.28132690017110767 4.5000000000000009 -0.12499999999999993 0.47500000000000014
decision_type=2 2 2 2 2 2 2 2 2 2 2 2 2 2 2 2 2
left_child=1 5 4 12 -2 -1 8 -8 -5 11 -11 16 15 -7 -13 -3 -4
right_child=2 3 9 6 -6 13 7 -9 -10 10 -12 14 -14 -15 -16 -17 -18
leaf_value=0.0039992977207648729 0.0039526119530864552 -0.0018879127685689457 0.004367058296431664 0.00067321409651718107 -0.031042844181648422 0 -0.028418036356468303 9.8829497348565243e-05 -0.012965925847244554 -0.020679656650794468 0.019117470341656277 0.025851121453816392 0.00083492410907912693 -0.034254015249419227 0.0055404035140324132 -0.036253498365667741 -0.011394717348593677
leaf_weight=6.864447936415675 10.993410408496858 5.1151499897241601 6.6304611116647703 2526.3418696597219 6.4225672408938399 5.7764917314052608 14.691085696220396 19.933315113186836 25.463234089314938 8.9362841397523862 5.6454096585512152 32.235573396086686 7.0329207032918921 15.012708574533461 16.841061353683479 8.3796898275613785 6.0127541869878769
leaf_count=22 32 20 23 7728 28 18 53 62 90 31 17 88 23 60 53 30 17
internal_value=0.000207787 -2.97259e-05 0.00700709 0.000169293 -0.00953352 -0.0183807 0.000327947 -0.0122094 0.000517279 0.0112489 -0.00331677 0.0150785 -0.0169653 -0.0265698 0.0198606 -0.0267659 -0.00195403
internal_weight=2728.33 2634.61 93.7175 2606.96 17.416 27.6536 2586.43 34.6244 2551.81 76.3015 14.5817 61.7199 20.5278 20.7892 49.0766 13.4948 12.6432
internal_count=8395 8106 289 8006 60 100 7933 115 7818 229 48 181 73 78 141 50 40
is_linear=0
shrinkage=0.05


Tree=179
num_leaves=26
num_cat=0
split_feature=30 53 40 56 50 30 20 64 41 42 30 41 26 18 63 63 8 41 42 40 41 30 11 33 40
split_gain=2.9526 3.48173 4.81185 8.14312 5.77961 5.35082 4.39143 3.98127 3.83927 4.89716 3.63199 3.44327 3.31405 3.03871 3.00981 2.47173 2.94709 4.25217 4.87436 2.52805 3.18953 2.39525 1.94379 0.657149 0.225282
threshold=1421.2955323820768 1.6125000000000003 0.26309792180116626 0.44722222222222224 1.720779220779221 1505.3427458557937 0.086111111111111124 -0.029999999999999947 0.25044169611307426 2.4656552482514358 1523.9484448388619 0.30296762666079546 1.5000000000000007 0.51666666666666672 0.34999999999999992 0.95000000000000018 -0.33333333333333331 0.31713173985547527 2.6686985835343604 0.25081700218935227 0.31255252100840342 1412.2851816452205 0.071428571428571466 0.37437953271116148 0.29685855263157901
decision_type=2 2 2 2 2 2 2 2 2 2 2 2 2 2 2 2 2 2 2 2 2 2 2 2 2
left_child=15 6 5 24 -5 12 8 11 13 -10 -7 -8 -3 -2 -9 16 19 18 -18 20 -1 -17 -19 -21 -4
right_child=1 2 3 4 -6 10 7 14 9 -11 -12 -13 -14 -15 -16 21 17 22 -20 23 -22 -23 -24 -25 -26
leaf_value=-0.016471649152843489 0.015512467198994663 0.0027012910844839951 0.047239848658109693 0.0090111528545314436 -0.022393034274975725 -0.015235527978836351 0.0036855099340791075 -0.0074462166636068521 -0.012292598429245745 -0.0018806677402381502 -0.0010131529173871634 0.04415178764847217 0.021980768957886934 -0.0085088741771181236 0.026370988793540023 -0.01919624070031117 -0.002825814616060564 0 0.026455724051239811 0.036161089276757624 0.015888391315682506 0.0097035479249189972 -0.027255201828021394 0.0089841010766297229 0.016895453766942983
leaf_weight=8.0019786357879621 49.482220746576786 256.79791747033596 11.585494861006739 127.15022760629654 14.251070961356161 69.160848125815392 11.68904957175255 26.744378827512264 121.74514479190111 1496.2421015761793 134.05599633604288 11.522067010402678 23.24292865395546 14.77738233655691 6.5282123982906333 15.088037729263307 27.53115813434124 16.098918497562412 24.097257241606712 16.192588120698932 25.996541693806648 9.453838497400282 10.927189722657202 7.6302829086780539 7.4843303561210623
leaf_count=21 153 715 33 359 35 206 40 88 432 5250 461 37 62 55 20 39 72 42 66 45 69 26 29 20 20
internal_value=-9.71665e-05 -0.000551832 0.00256893 0.0100135 0.00540359 1.42787e-05 -0.00172321 0.0116842 -0.00220157 -0.00269375 -0.00607659 0.0266737 0.00453462 0.00952103 0 0.00640105 0.00910172 0.00230508 0.0108519 0.0175431 0.00708559 -0.00722945 -0.0127836 0.0297946 0.0392513
internal_weight=2543.48 2382.46 643.729 160.471 141.401 483.258 1738.73 56.4837 1682.25 1617.99 203.217 23.2111 280.041 64.2596 33.2726 161.018 136.476 78.6545 51.6284 57.8214 33.9985 24.5419 27.0261 23.8229 19.0698
internal_count=8395 7966 1891 447 394 1444 6075 185 5890 5682 667 77 777 208 108 429 364 209 138 155 90 65 71 65 53
is_linear=0
shrinkage=0.05


Tree=180
num_leaves=24
num_cat=0
split_feature=2 41 53 57 45 62 13 40 48 30 8 8 26 40 42 5 56 4 5 42 49 39 7
split_gain=2.59831 2.46424 3.16482 3.50438 4.76124 3.53378 3.12766 4.30141 5.28947 3.93096 3.84627 2.64929 2.4244 2.31734 2.80824 1.97435 1.92644 1.81322 1.81054 1.50417 1.26929 0.952322 1.30228
threshold=1.2359848484848488 0.33605888802717093 2.1909090909090914 0.51315789473684215 1.0540935672514622 1.0544117647058826 0.36038961038961043 0.21033562166285272 2.1055555555555561 1500.0025457063186 -0.42857142857142849 -1.7128205128205125 -0.83333333333333315 0.24818179413942662 2.713807383663589 1.6904761904761909 0.54772727272727284 1.1909090909090911 2.2071428571428577 2.9479411233519963 1.1055555555555558 0.46459255162241891 1.2792207792207795
decision_type=2 2 2 2 2 2 2 2 2 2 2 2 2 2 2 2 2 2 2 2 2 2 2
left_child=1 2 3 5 -5 -1 7 10 -9 20 -3 -4 -13 14 -2 17 21 -16 -17 -11 -8 22 -15
right_child=13 6 11 4 -6 -7 9 8 -10 19 -12 12 -14 16 15 18 -18 -19 -20 -21 -22 -23 -24
leaf_value=-0.0016237869171587119 0.029263451008493719 0.024575868235679425 0.018392949137944214 -0.0039113435160415709 0.0070987150071931647 0.0082434994202703459 0.053675001234921277 -0.011313143985015525 0.017948941953381797 0.015660785437638464 0.0033005245171372961 0.0074770602414718614 -0.015131155919489013 0 -0.018602298411941109 0.029591185767733615 0.0069857296736310585 0.0031696558995591238 -0.0049465579160667345 -0.0070950073711736165 0.013697597449129798 0 -0.025829768693243767
leaf_weight=1519.9939593151212 5.0758852064609519 27.037310689687729 5.5447375997900954 134.16575169563293 333.25349663943052 93.915117338299751 6.1521184444427481 76.921246498823166 16.809339374303818 11.601754963397982 97.181527599692345 11.186276376247404 74.545244038105011 6.6827374547719947 22.458817459642887 5.0559287667274457 6.013463854789733 12.037433624267576 5.0747098475694656 12.243636175990103 8.118790000677107 7.6505306065082541 31.377022810280323
leaf_count=4902 23 99 27 405 1075 350 23 236 59 38 302 41 276 25 117 24 27 56 21 37 28 32 172
internal_value=-0.000106587 0.000213751 -0.000323872 6.79491e-05 0.00388198 -0.00102464 0.00483928 0.00232203 -0.00553887 0.0177764 0.0084454 -0.00933628 -0.0117931 -0.00787464 0 -0.00454027 -0.0150736 -0.0105626 0.0122663 0.00336445 0.0369474 -0.0186709 -0.0217855
internal_weight=2530.1 2428.67 2172.6 2081.33 467.419 1613.91 256.066 217.949 93.7306 38.1163 124.219 91.2763 85.7315 101.427 49.7028 44.6269 51.7238 34.4963 10.1306 23.8454 14.2709 45.7103 38.0598
internal_count=8395 7898 7076 6732 1480 5252 822 696 295 126 401 344 317 497 241 218 256 173 45 75 51 229 197
is_linear=0
shrinkage=0.05


Tree=181
num_leaves=20
num_cat=0
split_feature=37 15 56 1 37 41 2 0 6 3 14 41 7 50 40 64 4 4 31
split_gain=1.7806 4.24832 3.69675 4.51086 3.5589 3.46567 3.24991 2.98958 2.58223 3.03934 3.43666 2.56256 3.68218 2.65213 2.46399 1.65892 0.387596 0.385089 0.080582
threshold=4.5833333333333348 0.65476190476190488 0.54772727272727284 1.7303030303030307 4.416666666666667 0.32392151652050677 -0.60714285714285698 1.3205128205128207 2.5166666666666671 0.88194444444444453 -0.13214285714285709 0.34179516685845801 1.1742424242424245 0.52272727272727282 0.19637379491673967 -0.14999999999999994 1.3923076923076925 1.1909090909090911 1524.1279553346747
decision_type=2 2 2 2 2 2 2 2 2 2 2 2 2 2 2 2 2 2 2
left_child=4 2 3 7 8 15 -5 -2 11 14 -11 13 -13 -1 -10 -6 -17 -3 -4
right_child=1 17 18 6 5 -7 -8 -9 9 10 -12 12 -14 -15 -16 16 -18 -19 -20
leaf_value=0.0061037009190723687 0.004162583397260485 -0.005598230036785729 0.027902390750699654 -0.010235409214848718 0.0033799316411434396 -0.0086656159072763528 0.02146320128201458 -0.016044520171524298 -0.0044045390954796553 0.018540440378947889 -0.011550502913918922 0.0012120234807982053 -0.014239677930016115 -6.1735890960535686e-05 0.027006836020386327 0.01382109837701186 0.044794648720840519 -0.03124693421757568 0.0076002205266020133
leaf_weight=187.19141639024019 21.878389865159988 5.6734492927789715 6.4522222429513914 9.6585096567869204 8.6057104915380513 7.7321711480617514 21.388057291507721 64.289651423692703 5.7372587919235256 13.218679450452326 23.186680257320404 73.911454893648624 72.343472301959991 2144.290603980422 25.801551505923271 7.3385681211948404 8.2216833680868131 13.285178638994692 7.6444898694753647
leaf_count=580 72 20 17 37 30 26 56 218 28 48 97 234 256 6440 105 20 21 67 23
internal_value=0.000195661 -0.00504349 -0.00148074 -0.00466836 0.000514462 0.0166221 0.0108227 -0.0106523 0.000289926 0.00976486 0 1.23578e-05 -0.00635136 0.000427372 0.0206254 0.0257125 0.0348484 -0.0260309 0.0207581
internal_weight=2727.85 150.27 131.311 117.215 2577.58 31.8981 31.0466 86.168 2545.68 67.9442 36.4054 2477.74 146.255 2331.48 31.5388 24.166 15.5603 18.9586 14.0967
internal_count=8395 510 423 383 7885 97 93 290 7788 278 145 7510 490 7020 133 71 41 87 40
is_linear=0
shrinkage=0.05


Tree=182
num_leaves=28
num_cat=0
split_feature=19 17 51 43 54 2 31 40 43 62 10 8 52 54 51 42 52 31 45 15 24 43 55 23 13 46 15
split_gain=2.93846 3.55797 4.01882 4.72168 4.77825 3.50711 3.494 9.48645 4.26535 5.75921 5.70667 4.52241 3.34884 4.08128 3.39019 3.34488 2.99988 2.90847 2.90526 2.88949 2.86213 2.59559 4.18399 4.15008 2.30203 2.96008 0.726387
threshold=0.48333333333333339 -0.066666666666666638 1.7071428571428573 5.9826752459708361 2.2565789473684217 -1.0000000180025095e-35 1613.21991353823 0.23164654716904443 5.678463205642676 0.19999999999999998 0.10555555555555557 0.16666666666666669 1.2792207792207795 2.7875939849624065 0.78888888888888908 3.1564168739148806 0.61250000000000016 1467.0002211170192 0.94281045751633996 0.46410256410256417 2.166666666666667 5.6646935841241897 2.1143790849673203 -0.11474358974358968 0.39230769230769236 1.7100840336134455 0.17424242424242423
decision_type=2 2 2 2 2 2 2 2 2 2 2 2 2 2 2 2 2 2 2 2 2 2 2 2 2 2 2
left_child=1 2 3 4 -1 -5 8 19 9 11 20 -2 14 -14 -9 -12 24 -4 -11 -8 -10 23 -23 -18 25 -3 -19
right_child=6 16 17 5 -6 -7 7 12 10 18 15 -13 13 -15 -16 -17 21 26 -20 -21 -22 22 -24 -25 -26 -27 -28
leaf_value=0.02872365086175659 0.0029630883139902023 -0.035324287598996758 0.0078864050183354972 0.025656925418577926 0.00794765926231027 0.00035597559365942817 -0.040906538993154523 0.008217846048772905 -0.029250875114303954 0.0021798224429889486 -0.0054435471312586827 0.028062330773701662 -0.02683844883615652 0.01040258154383472 0.032826381834716707 0.0029113061224320105 -0.023787825550283484 -0.0063612257708368942 -0.010900440043660576 0 0.00268124633982319 -0.0099687242700041631 0.004209946560852015 -0.0014891520600469482 0.0027778401025786142 0.00043363307347448209 -0.037806879654029374
leaf_weight=35.516835719347 384.31073147803545 14.622554481029516 6.5519891828298595 12.646682649850844 143.17002974450588 251.49916122853756 9.5785602927207965 38.223283678293228 31.729072481393814 59.711018934845924 570.83866177499294 17.249421760439873 8.3023327589035016 23.71205472946167 26.6722292304039 145.8672252073884 23.409674927592278 6.2907238900661451 120.58611268177629 7.7891922295093527 6.7138575017452231 57.589967899024487 378.33472156152129 136.72972336784005 9.4184821099042875 6.7449949234724036 7.403517097234726
leaf_count=95 1141 48 20 38 382 691 25 102 97 253 2024 55 21 66 70 499 73 18 512 20 18 206 1346 506 27 18 24
internal_value=-9.40686e-05 0.00185548 0.0051746 0.00623248 0.0124878 0.00184496 -0.00157594 0.0066875 -0.00230984 0.000870303 -0.00478906 0.00423693 0.0130192 0 0.0193848 -0.00370498 -0.000565392 -0.01532 -0.00645498 -0.0250478 -0.0231991 0.000202524 0.00224274 -0.00515625 -0.0153013 -0.0238959 -0.0276061
internal_weight=2541.21 1089.93 463.079 442.833 178.687 264.146 1451.28 114.278 1337.01 581.857 755.149 401.56 96.9099 32.0144 64.8955 716.706 626.85 20.2462 180.297 17.3678 38.4429 596.064 435.925 160.139 30.786 21.3675 13.6942
internal_count=8395 3492 1268 1206 477 729 4903 304 4599 1961 2638 1196 259 87 172 2523 2224 62 765 45 115 2131 1552 579 93 66 42
is_linear=0
shrinkage=0.05


Tree=183
num_leaves=25
num_cat=0
split_feature=31 49 49 43 14 35 14 58 49 35 60 32 41 7 43 64 41 31 8 30 63 5 34 13
split_gain=2.46556 2.61631 3.87286 6.07189 6.04755 5.604 3.90138 4.26824 3.66614 4.85049 4.81633 4.05498 3.48582 3.26346 3.22151 2.35497 2.16417 2.62929 2.87616 2.37541 2.04508 3.87562 2.26533 1.5673
threshold=1559.8069684720053 1.2792207792207795 0.9545454545454547 6.6751923067246377 -0.015476190476190399 0.70833333333333337 -0.39230769230769219 0.56696428571428581 1.6833333333333336 0.22500000000000003 11.500000000000002 134.81868180543464 0.33049731565023316 1.3603896103896107 6.9102520348033734 -1.2422222222222221 0.32874090477696932 1573.4080062852013 -0.87272727272727257 1522.999110965503 -0.36363636363636359 -0.19523809523809513 0.29166666666666669 0.55050505050505061
decision_type=2 2 2 2 2 2 2 2 2 2 2 2 2 2 2 2 2 2 2 2 2 2 2 2
left_child=1 2 6 4 -4 -5 23 -8 9 10 -3 -11 14 -14 -10 -2 20 19 -19 -18 22 -22 -17 -1
right_child=15 8 3 5 -6 -7 7 -9 12 11 -12 -13 13 -15 -16 16 17 18 -20 -21 21 -23 -24 -25
leaf_value=0.041591653058176671 -0.021233874914971796 -0.00014727482613236065 0.00010680520527505614 0.015080260397108051 -0.011223935606253515 -0.020828430681359617 -0.00045140312924120261 0.018606480381860916 -0.0038484134598914389 -0.0031357195557744754 0.010893319683210655 0.02466932702172088 0.024805761963757333 0.0025983688715571999 0.017342547851690975 -0.030003259718227898 0.0060959361577177934 -0.0048249813502768343 0.019359824872586476 -0.022932346159347389 0.012167481307868822 -0.0052760951352472029 -0.0026638572506200078 0.0022162053097990538
leaf_weight=6.9185479879379255 16.694140493869781 136.80079746246338 203.63553158938885 61.893242463469505 263.76363059878349 10.76773117482662 278.87437292933464 30.57020927965641 436.23691362887621 213.54756091535091 315.96635097265244 11.864408135414122 18.37668664753437 112.99449919164181 16.383174508810043 14.315896287560461 11.397158831357958 15.518981985747812 33.803741842508316 11.477002352476118 33.922143086791039 247.60936934500933 19.231496334075928 5.88015516102314
leaf_count=27 110 424 645 202 798 31 872 101 1438 662 1019 43 65 379 53 42 46 74 120 32 117 1019 58 18
internal_value=-9.54223e-05 0.000576176 -0.00152808 -0.00412935 -0.0062547 0.00900865 0.00275297 0.00145846 0.0020337 0.00453468 0.00751652 -0.0013582 -0.000833542 0.00621767 -0.00295347 -0.00367437 -0.00274801 0.0048012 0.0113717 -0.0081366 -0.00457605 -0.00301512 -0.0160655 0.027935
internal_weight=2528.44 2124.47 862.303 540.06 467.399 72.661 322.243 309.445 1262.17 678.179 452.767 225.412 583.991 131.371 452.62 403.97 387.276 72.1969 49.3227 22.8742 315.079 281.532 33.5474 12.7987
internal_count=8395 6777 2694 1676 1443 233 1018 973 4083 2148 1443 705 1935 444 1491 1618 1508 272 194 78 1236 1136 100 45
is_linear=0
shrinkage=0.05


Tree=184
num_leaves=15
num_cat=0
split_feature=30 30 30 32 19 30 39 49 53 38 13 54 44 31
split_gain=1.791 5.43019 3.36498 2.70416 4.63113 2.19166 7.14374 2.12264 1.94858 1.72143 1.68577 1.27342 0.473698 0.436212
threshold=1687.9201243651225 1661.9659781296491 1636.4749251712319 173.05643310703661 0.51666666666666672 1612.0874515778407 0.40955895273238452 0.41428571428571431 1.6833333333333336 0.90000000000000013 0.14835164835164832 2.948684210526316 2.3944444444444448 1565.3215877218993
decision_type=2 2 2 2 2 2 2 2 2 2 2 2 2 2
left_child=1 2 5 8 -5 7 -7 -1 12 -4 -2 -11 -3 -12
right_child=10 3 9 4 -6 6 -8 -9 -10 11 13 -13 -14 -15
leaf_value=-0.011361285285698599 0.0040383097557892154 0.047564663830751634 0.0016432674581241672 -0.027096386431455066 0.021495099741642747 0.040184837101140014 0 0.00019828134719103763 0.0013920527725993323 -0.0043099484232284758 -0.030279826782291311 -0.029801974604782878 0.015615380740370886 -0.0032547045048861136
leaf_weight=38.340980969369411 5.8467904925346401 8.6943136304616981 8.9374051466584188 6.2395635694265392 9.9747293889522535 12.551990881562231 50.644019722938538 2530.6575093269348 6.9901966303586951 11.526923626661302 8.265893451869486 15.406719930469988 8.012805335223673 5.0712461322545996
leaf_count=134 25 23 32 41 42 35 182 7641 21 44 50 79 28 18
internal_value=0.000192598 0.000314692 2.47683e-05 0.0181734 0.000501562 0.000246836 0.00930059 7.33308e-06 0.0283119 -0.0147628 -0.0142644 -0.0208081 0.0368857 -0.0233984
internal_weight=2727.16 2707.98 2668.07 39.9116 16.2143 2632.19 63.196 2569 23.6973 35.871 19.1839 26.9336 16.7071 13.3371
internal_count=8395 8302 8147 155 83 7992 217 7775 72 155 93 123 51 68
is_linear=0
shrinkage=0.05


Tree=185
num_leaves=25
num_cat=0
split_feature=19 30 46 30 4 43 61 62 42 30 52 45 39 10 21 55 40 8 21 31 16 39 63 42
split_gain=2.72992 3.46911 3.98463 3.43106 3.20364 3.06745 4.47412 4.27186 2.93131 3.5427 4.75526 4.35187 3.2231 4.45196 2.83187 4.78939 3.02901 2.99582 2.77218 2.60774 2.56221 2.2976 1.92964 1.3571
threshold=0.48333333333333339 1421.2955323820768 1.4472222222222224 1428.8875818464905 1.8090909090909093 5.5471267646873921 3.5000000000000004 0.19999999999999998 3.1901670050017796 1519.4036369036269 1.3875000000000002 2.1464285714285718 0.49825155587073738 0.51666666666666672 0.12916666666666668 3.6449579831932781 0.23738123070467282 0.39583333333333337 0.25833333333333336 1412.1352366660124 0.27922077922077926 0.44616584663386538 -0.051315789473684245 2.7544776518391791
decision_type=2 2 2 2 2 2 2 2 2 2 2 2 2 2 2 2 2 2 2 2 2 2 2 2
left_child=4 2 -2 22 8 7 -7 -5 9 10 -1 -11 13 -10 17 19 -17 21 20 -16 -4 -6 -3 -24
right_child=1 3 18 5 14 6 -8 -9 12 11 -12 -13 -14 -15 15 16 -18 -19 -20 -21 -22 -23 23 -25
leaf_value=0.0015489205218266972 0.032533867197960066 0 0.019845443670881504 0.0042622782545649295 0.03258915781482831 -0.027866701756771417 -0.0030645894574372217 -0.0053623459614766476 0.0011560579274552684 -0.0010659265263713055 0.012911804916300168 -0.023733267095463431 0.033325403778527579 0.027483560284362114 0 0.032373003472654475 -0.0035945859659405771 -0.017164532403126608 -0.018395016246852896 -0.023091552595323271 -0.00038525055320848094 0 -0.0051132711044575832 -0.036717780126497193
leaf_weight=509.31019468605518 12.310647577047346 7.9487240761518505 22.80104011297226 361.49853812903166 9.8017264604568535 16.964703753590584 795.67675910890102 165.51562511920929 83.295967094600201 226.41976664215326 112.71960146725178 21.775225296616554 11.967005491256712 18.680988438427448 13.688009139150379 6.6226083412766483 14.255947422236202 5.8644968420267096 10.234306216239927 47.931658234447241 36.009142771363258 7.4499008506536475 8.2128013670444506 11.899077638983725
leaf_count=1413 32 23 61 1075 28 71 2760 700 253 927 320 64 34 64 72 23 51 23 27 199 99 21 24 31
internal_value=-0.000102002 -0.00153224 0.00831473 -0.0021475 0.0017762 -0.00174932 -0.00368019 0.00118344 0.00268506 0.00165149 0.00368286 -0.00332837 0.0101985 0.00665527 -0.00635324 -0.0107725 0.00855414 0.00802517 0.00285025 -0.017777 0.00744192 0.0187803 -0.0189447 -0.0265723
internal_weight=2538.85 1449.07 81.3551 1367.72 1089.78 1339.66 812.641 527.014 984.169 870.225 622.03 248.195 113.944 101.977 105.614 82.4982 20.8786 23.1161 69.0445 61.6197 58.8102 17.2516 28.0606 20.1119
internal_count=8395 4903 219 4684 3492 4606 2831 1775 3075 2724 1733 991 351 317 417 345 74 72 187 271 160 49 78 55
is_linear=0
shrinkage=0.05


Tree=186
num_leaves=26
num_cat=0
split_feature=4 3 65 15 42 14 52 30 44 13 1 1 36 15 43 15 64 42 30 53 12 47 64 49 10
split_gain=2.37272 4.86669 4.36922 4.35119 4.72972 4.69342 3.5145 3.31725 2.67147 5.24779 4.52399 5.56739 3.75934 3.25326 2.93182 3.98308 3.91695 3.88434 2.67687 2.58355 6.99361 2.93865 2.33221 1.72811 1.11418
threshold=2.0333333333333337 1.7928571428571431 0.40461152882205514 0.24038461538461539 2.6232667798129889 0.29848484848484852 0.9545454545454547 1487.1972418514804 1.0250000000000001 0.10555555555555557 1.591666666666667 0.93095238095238109 0.63333333333333341 0.16025641025641021 6.6827347716080423 0.24038461538461539 0.022499999999999954 2.6133521196728315 1492.7253703163685 0.43650793650793651 0.14835164835164832 0.35147058823529415 0.017638888888888853 1.2111111111111115 0.69615384615384623
decision_type=2 2 2 2 2 2 2 2 2 2 2 2 2 2 2 2 2 2 2 2 2 2 2 2 2
left_child=8 3 6 24 -5 -6 23 -8 9 13 11 -11 -12 22 19 16 -16 -17 -15 20 -10 -21 -1 -3 -2
right_child=1 2 -4 4 5 -7 7 -9 14 10 12 -13 -14 18 15 17 -18 -19 -20 21 -22 -23 -24 -25 -26
leaf_value=-0.0079164780824762162 0.045782943561564655 0.00028453542399433095 -0.02695980989381342 -0.022260015901327583 0.014884760055807697 -0.023027858784212568 0.025521691187715717 -0.0083846118549378533 -0.011912945043050167 -0.014134717884351522 -0.014499693446199136 0.0025404983795022733 0.0036011814393298331 0.031248290524880984 0.035311736026477344 0 -0.0011684021741174399 0.016270611511526544 0 0.027856109527373992 0.0249834851808758 -0.0010554951832840076 0.022093985974067143 -0.023850045844471087 0.0091372644522053122
leaf_weight=27.694149069488049 9.3921122997999174 12.384703904390337 15.097316563129423 9.7727712392806989 78.85793898999691 6.8148900568485251 18.461914256215099 8.5158745944499952 18.663213461637497 63.079856783151627 160.53404712677002 210.6384087279439 31.446360394358635 19.135146662592891 17.891112580895427 213.24738661944866 9.4521479010581952 42.880000174045563 11.986079156398771 6.7903008460998526 30.414643883705139 1479.4437687695026 6.1810741275548926 11.210001736879347 6.4632634818553916
leaf_count=111 33 39 40 25 276 17 63 24 54 308 497 760 104 81 65 660 31 145 42 23 102 4820 22 33 20
internal_value=-9.24327e-05 0.00544525 -0.00499271 0.0118039 0.00706549 0.0111273 0.00186571 0.014116 -0.000524458 -0.00364303 -0.00553973 -0.00128638 -0.0113993 0.00933337 0.000374768 0.00503552 0.022629 0.00289967 0.0205193 -0.000474934 0.0105461 -0.000869348 -0.000817292 -0.0111729 0.0349416
internal_weight=2526.45 176.971 65.6698 111.301 95.4456 85.6728 50.5725 26.9778 2349.48 530.695 465.699 273.718 191.98 64.9964 1818.78 283.471 27.3433 256.127 31.1212 1535.31 49.0779 1486.23 33.8752 23.5947 15.8554
internal_count=8395 570 199 371 318 293 159 87 7825 1925 1669 1068 601 256 5900 901 96 805 123 4999 156 4843 133 72 53
is_linear=0
shrinkage=0.05


Tree=187
num_leaves=18
num_cat=0
split_feature=19 50 50 53 10 3 54 45 14 8 20 55 48 0 39 14 54
split_gain=1.75121 3.80425 3.48215 4.65238 4.82028 3.51068 2.60353 2.50583 2.3957 2.85628 2.51682 2.23155 3.40573 3.28311 1.92059 1.99826 1.346
threshold=0.64583333333333337 2.7071428571428577 2.0954545454545461 1.5857142857142861 0.48333333333333339 1.9309523809523812 2.0250000000000004 1.3245614035087721 -0.46410256410256401 -1.0000000180025095e-35 -0.20512820512820504 2.3245614035087723 2.2792207792207795 2.0333333333333337 0.47264225916370017 -0.19999999999999993 2.9750000000000005
decision_type=2 2 2 2 2 2 2 2 2 2 2 2 2 2 2 2 2
left_child=1 2 8 4 -4 -5 7 -2 9 -1 -10 16 13 -13 15 -3 -8
right_child=6 14 3 5 -6 -7 11 -9 10 -11 -12 12 -14 -15 -16 -17 -18
leaf_value=0.0066761720998273089 0.0038634354189545344 0 0.025772516491985677 0.014050479678038666 -0.00024015195256917835 -0.018928448686826038 -0.017456527336337464 -0.030499918831733669 -0.015858063005010369 -0.029485339227578039 8.5630424654196361e-05 0.031149054423575025 -0.0062212036604500035 0.0012789919114134507 0 -0.038398441715097847 0.0064393521480819718
leaf_weight=6.1353706270456341 11.000106424093248 5.6309866309165981 44.648906290531158 10.384974256157877 25.716008931398392 19.401167146861553 7.5794679224491146 6.2773707136511794 22.98920726031065 12.808473005890844 2465.2194427922368 29.92513208091259 11.331682115793226 15.710558593273161 8.9216457307338697 11.062310613691809 11.885628432035444
leaf_count=19 32 19 120 29 70 67 26 28 83 50 7580 80 39 46 28 41 38
internal_value=0.000188784 -4.32591e-05 0.000142642 0.00919743 0.0161764 -0.0064832 0.00683426 -0.00919384 -0.000216141 -0.0170608 -6.42562e-05 0.0109182 0.0158418 0.0218762 -0.018511 -0.0276234 -0.00246026
internal_weight=2726.63 2632.92 2607.3 100.151 70.3649 29.7861 93.7099 17.2775 2507.15 18.9438 2488.21 76.4325 56.9674 45.6357 25.6149 16.6933 19.4651
internal_count=8395 8106 8018 286 190 96 289 60 7732 69 7663 229 165 126 88 60 64
is_linear=0
shrinkage=0.05


Tree=188
num_leaves=31
num_cat=0
split_feature=19 8 50 8 21 8 42 35 2 16 38 45 16 12 50 2 22 42 44 32 42 42 63 50 16 38 8 8 5 45
split_gain=2.59018 4.43895 5.10814 4.54578 3.7852 3.65487 4.10818 3.92444 2.71853 2.71224 4.7219 2.70716 2.37175 3.83615 3.90962 5.08164 3.54235 3.53199 3.5103 3.47573 2.99095 4.46179 5.37614 3.62063 2.35201 2.28917 2.13056 2.54577 2.11672 1.80829
threshold=0.51666666666666672 0.40138888888888896 0.61250000000000016 0.57142857142857162 0.65476190476190488 0.267948717948718 2.9479411233519963 0.63333333333333341 0.65641025641025663 0.39230769230769236 0.29166666666666669 0.97500000000000009 0.37980769230769235 0.20714285714285713 1.3166666666666669 0.33636363636363648 0.57738095238095244 2.7354436689930215 1.0801282051282053 -104.48297600271154 2.4763334769495913 2.6037515943176324 -0.099242424242424188 0.89444444444444449 0.32051282051282054 2.3666666666666667 -0.090909090909090842 0.033333333333333257 -0.74772727272727246 0.94590643274853814
decision_type=2 2 2 2 2 2 2 2 2 2 2 2 2 2 2 2 2 2 2 2 2 2 2 2 2 2 2 2 2 2
left_child=12 2 4 11 8 6 -4 -7 -2 24 -11 29 20 16 18 -16 19 -18 -15 -14 26 23 -23 -22 -5 -13 -1 -28 -6 -3
right_child=1 3 5 9 28 7 -8 -9 -10 10 -12 25 13 14 15 -17 17 -19 -20 -21 21 22 -24 -25 -26 -27 27 -29 -30 -31
leaf_value=-0.029321720458677009 -0.02104321659829525 -0.014700900904685791 -0.0027690167663310178 -0.0041912969614436857 0.024004918121553299 0.017335977206519818 0.0043447182787203116 -0.010151428231314916 0.0018143441434137618 -0.013012461603484566 0.020870938065196958 -0.031957787805868394 -0.0045169837812996175 0.012851423353025873 -0.019546332567254531 0 0.039799551560859639 0 -0.00036254498630023004 0.0083821940811053056 -0.0057615046151138346 0.0040786927239193343 -0.0069486532736451959 0.014839990460399761 -0.025130244397940052 0 0.013784773097594426 -0.011862419522805812 -0.0074641862381483806 0.018550977603105527
leaf_weight=11.648471534252165 60.06682924926281 7.6545475870370847 569.75804014503956 89.247901696711779 8.4665163010358828 56.726508267223835 312.08818993717432 14.000752270221708 13.607385843992232 14.669235102832316 23.352996155619621 33.836357951164246 62.180888384580612 75.789644107222557 46.130681917071342 113.53235775232315 14.172356545925142 9.971020966768263 131.95181615650654 244.0276000648737 25.697643667459488 200.14331403002143 238.40178640186787 78.868897810578346 15.329415805637835 5.8932698592543593 10.327132374048231 36.686982981860638 7.7912023067474356 5.0733930617570877
leaf_count=36 231 33 1754 484 34 202 896 44 36 59 98 146 164 211 137 306 39 30 404 767 112 860 729 242 88 28 32 143 29 21
internal_value=-0.000100985 -0.00174583 -0.000418893 -0.0086347 -0.0116891 0.000641195 -0.000219023 0.0114215 -0.0165548 -0.00367018 0.00717684 -0.0210406 0.00144649 0.00343308 -2.0306e-05 -0.0059299 0.00732603 0.02534 0.00441565 0.00566937 -0.000819289 0.000310992 -0.00186357 0.00952938 -0.00790918 -0.0272015 -0.0113611 -0.00538609 0.00838903 0
internal_weight=2537.09 1237.56 1042.51 195.057 89.9319 952.573 881.846 70.7273 73.6742 142.6 38.0222 52.4576 1299.53 697.756 367.404 159.663 330.352 24.1434 207.741 306.208 601.774 543.112 438.545 104.567 104.577 39.7296 58.6626 47.0141 16.2577 12.7279
internal_count=8395 4183 3226 957 330 2896 2650 246 267 729 157 228 4212 2058 1058 443 1000 69 615 931 2154 1943 1589 354 572 174 211 175 63 54
is_linear=0
shrinkage=0.05


Tree=189
num_leaves=17
num_cat=0
split_feature=32 41 44 43 32 43 58 22 57 17 49 14 40 13 45 30
split_gain=2.30989 2.15598 2.62132 3.77231 3.31853 3.00268 3.65364 2.59878 2.58992 3.80606 3.13323 4.1566 3.03966 1.39149 0.810214 0.67017
threshold=-208.21603432093056 0.3335440370838601 0.65833333333333344 6.0556116797489983 -37.612953874396901 6.6827347716080423 0.52786377708978338 1.0000000180025095e-35 0.45227272727272733 0.24807692307692308 1.2928571428571431 -0.19999999999999993 0.16585278977847229 0.12916666666666668 1.5477272727272731 1454.68654835146
decision_type=2 2 2 2 2 2 2 2 2 2 2 2 2 2 2 2
left_child=15 2 3 4 -2 6 -4 -7 9 13 11 -10 -12 -3 -5 -1
right_child=1 8 5 14 -6 7 -8 -9 10 -11 12 -13 -14 -15 -16 -17
leaf_value=-0.021582972865602811 0.018493399570907905 0 -0.0023335108783822055 -0.028651714825615422 -0.01195002822160382 -0.020646463920171883 0.0029571371333058389 0.0049150346478600239 0.020133307420559951 0.018320643488820197 -0.0062418889850099357 -0.0055746628336527729 0.011447348817554631 -0.025616053180583298 -0.002747640410759207 0
leaf_weight=14.017686493694784 13.43684548139572 8.7237208187580126 1346.3383201435208 20.467392876744274 19.138461396098137 7.9744524061679831 425.38361213356256 325.21871522068977 16.621985226869583 7.2433599084615699 25.007742121815681 95.167524307966232 171.13257835805416 17.320807412266731 6.618087761104106 5.1253136098384848
leaf_count=97 63 29 4453 68 63 22 1397 1038 58 26 75 294 596 51 30 35
internal_value=-8.17109e-05 4.71665e-05 -0.000526042 -0.0106962 0.00022775 -0.000216039 -0.00104725 0.00410914 0.00373814 -0.00888638 0.00523207 -0.00124576 0.00902557 -0.0181114 -0.023806 -0.0165427
internal_weight=2524.94 2505.79 2164.58 59.6608 32.5753 2104.92 1771.72 333.193 341.218 33.2879 307.93 111.79 196.14 26.0445 27.0855 19.143
internal_count=8395 8263 7134 224 126 6910 5850 1060 1129 106 1023 352 671 80 98 132
is_linear=0
shrinkage=0.05


Tree=190
num_leaves=17
num_cat=0
split_feature=37 64 45 1 38 65 6 54 53 40 50 63 40 25 32 31
split_gain=1.68287 2.46323 3.35767 3.09844 2.06036 6.74189 2.18465 5.2753 3.67221 2.49011 2.26494 4.37743 3.48012 1.07147 0.515922 0.331472
threshold=5.5833333333333348 0.014999999999999953 1.297058823529412 0.46410256410256417 3.416666666666667 0.90880740880740885 2.5166666666666671 3.7029411764705888 1.6515151515151518 0.19637379491673967 1.2111111111111115 -0.58245614035087701 0.28230209100921505 1.8333333333333337 140.93494767385064 1529.9658221343968
decision_type=2 2 2 2 2 2 2 2 2 2 2 2 2 2 2 2
left_child=4 2 -2 -4 6 13 10 9 -9 -8 12 -12 -1 -6 -7 -5
right_child=1 -3 3 15 5 14 7 8 -10 -11 11 -13 -14 -15 -16 -17
leaf_value=-0.0026065859982585676 0.02015445763410191 -0.027856093254688977 0.013602427546768481 -0.0080461288537424548 0.040245890790984042 -0.023260286095623861 -0.0046029102803836009 -0.021410596861528144 0.010690562639925998 0.026305261271607185 -0.011951931186235904 0.0021297277630156412 0.0043807892721576874 0.010009247537129744 0 -0.031640041687550982
leaf_weight=1122.1785280928016 9.7589207440614718 11.005842700600622 5.7656763270497349 8.2097755670547503 10.731458082795148 6.1729530692100507 5.7694516628980628 16.259102329611782 14.57842196524143 32.262373596429825 55.466094009578228 1197.3022687733173 207.73168171942234 9.6501636505126935 5.0499976724386215 8.1191155314445478
leaf_count=3539 32 41 22 34 27 26 27 78 48 126 186 3492 624 28 30 35
internal_value=0.000178224 -0.00940682 -0.00102476 -0.0123134 0.000347534 0.0126617 0.000181904 0.00884463 -0.00574665 0.0209963 -4.60874e-05 0.00146828 -0.00149145 0.0292203 -0.0153905 -0.0233139
internal_weight=2726.01 42.8593 31.8535 22.0946 2683.15 31.6046 2651.55 68.8693 30.8375 38.0318 2582.68 1252.77 1329.91 20.3816 11.223 16.3289
internal_count=8395 164 123 91 8231 111 8120 279 126 153 7841 3678 4163 55 56 69
is_linear=0
shrinkage=0.05


Tree=191
num_leaves=22
num_cat=0
split_feature=47 0 52 63 47 47 5 65 33 47 52 40 5 0 50 26 48 6 17 45 49
split_gain=2.62127 2.78268 2.80071 3.11259 2.41432 2.20446 3.55671 3.37642 4.1781 2.59441 5.46869 4.34771 4.08719 2.9337 3.88155 3.7477 1.84655 2.37383 1.6388 1.63373 0.211231
threshold=2.1622807017543866 1.7735042735042736 0.89444444444444449 -0.53284313725490173 2.4058823529411768 2.0250000000000004 -1.0249999999999997 0.42981237210331291 0.5153702497184699 1.7875939849624063 1.9545454545454546 0.24926899959816348 0.33333333333333315 1.1055555555555558 0.23611111111111113 -0.83333333333333315 1.9500000000000002 2.0333333333333337 0.21944444444444441 1.5477272727272731 1.2928571428571431
decision_type=2 2 2 2 2 2 2 2 2 2 2 2 2 2 2 2 2 2 2 2 2
left_child=5 16 4 -4 -3 9 -7 8 -8 13 12 -12 -11 14 -1 -15 19 -18 -9 20 -2
right_child=1 2 3 -5 -6 6 7 18 -10 10 11 -13 -14 15 -16 -17 17 -19 -20 -21 -22
leaf_value=0.012813655189528523 -0.034671817693200629 -0.0035824827067778321 0.010372445849875211 -0.028246713515653294 0.030124516527229431 -0.019531531756248152 0.019445950103550429 0.056281200759323115 -0.016964058641834402 -0.01209609732064653 0 0.039581642750625298 0.012759717792669368 0.0073436032473515921 -0.0037240188844877816 0.00053493457974868074 0.016953233913992127 -0.016748025213915201 0.0087421100779739892 0 -0.013187323177954142
leaf_weight=35.493869453668594 14.95339228957892 6.910589054226878 6.8190757632255581 9.5952647030353528 9.6847748905420286 5.8190109580755225 19.113245829939846 5.0803657621145231 10.140184774994848 143.6341295093298 19.370118632912639 8.5570711567997915 16.057628259062767 236.15059155225754 535.94190798699856 1413.3680417090654 7.0612874999642399 9.9609778597950918 5.6202840954065323 5.8365351334214202 10.507227249443529
leaf_count=134 76 22 27 33 31 38 54 18 41 532 90 43 45 710 2177 4116 34 78 28 21 47
internal_value=-0.000100375 -0.00882799 0.00168592 -0.0114613 0.0158683 0.000185604 0.0108222 0.0165593 0.00574722 -1.49769e-05 -0.00563891 0.0137651 -0.00931522 0.000453514 -0.0026121 0.00153254 -0.016289 -0.00114101 0.0385893 -0.0232136 -0.0283221
internal_weight=2535.68 81.3291 33.0097 16.4143 16.5954 2454.35 45.7731 39.9541 29.2534 2408.57 187.619 27.9272 159.692 2220.95 571.436 1649.52 48.3194 17.0223 10.7006 31.2972 25.4606
internal_count=8395 369 113 60 53 8026 179 141 95 7847 710 133 577 7137 2311 4826 256 112 46 144 123
is_linear=0
shrinkage=0.05


Tree=192
num_leaves=23
num_cat=0
split_feature=2 12 44 40 42 41 13 40 48 55 30 20 55 40 63 32 44 42 20 39 5 8
split_gain=2.24671 2.33393 2.21631 3.86788 2.95472 2.09202 2.81471 3.92065 4.89135 3.89082 3.72461 2.44509 2.80285 4.57904 3.00718 2.03 1.60491 1.45076 1.3586 1.22984 1.17109 0.317592
threshold=1.2359848484848488 0.32051282051282054 1.2426470588235297 0.24244706097115734 3.1022997097880576 0.33605888802717093 0.36038961038961043 0.21033562166285272 2.1055555555555561 2.3944444444444448 1500.0025457063186 -0.48333333333333328 3.7182539682539684 0.25815040247151527 -1.1999999999999995 -120.46395292389546 1.4472222222222224 2.9479411233519963 -0.56349206349206338 0.42112414187643021 1.8166666666666669 -1.3944444444444442
decision_type=2 2 2 2 2 2 2 2 2 2 2 2 2 2 2 2 2 2 2 2 2 2
left_child=5 2 4 -4 15 11 7 9 -9 -7 19 18 14 -14 -13 -2 -5 -12 -1 -8 -6 -3
right_child=1 21 3 16 20 6 10 8 -10 -11 17 12 13 -15 -16 -17 -18 -19 -20 -21 -22 -23
leaf_value=0.0024905302462197585 -0.016415459746117102 -0.0054629167491505159 0.031255927949139908 0.0077883894137566649 -0.026451627716942445 -0.0065829920372211127 0.049014177808376296 -0.01102297848633624 0.017104174853472317 0.013037649941211588 0.014857633719409645 0.016800258089761287 -0.014151122639467495 0.013047035798289343 -0.00029052314101459973 0.008206544983954683 -0.023917776445262374 -0.0075594441728461456 0.031334823555925408 0.010547609482964989 0 -0.027675035832129793
leaf_weight=11.847523704171183 9.6936473399400693 6.7603991255164173 9.3605047166347521 5.1291352435946447 18.470773898065094 31.083010360598564 7.3401589393615705 76.607947811484337 16.820587277412415 93.376621395349503 11.586048275232317 24.055976666510105 76.544288001954556 16.675417184829712 2031.6351099386811 26.701156184077263 5.7490609735250473 12.235288396477698 7.3079549223184577 7.0997445434331894 5.5202807635068885 12.5409097969532
leaf_count=36 62 39 42 26 104 92 28 236 59 309 38 89 257 57 6611 115 25 37 26 23 24 60
internal_value=-8.56085e-05 -0.0073647 -0.00303028 0.0101295 -0.00802494 0.000209954 0.00447084 0.00207432 -0.00544474 0.00791321 0.0167165 -0.000285591 -0.000463014 -0.00885143 -6.22401e-05 0.000483939 -0.00813901 0.00268172 0.0165986 0.0352058 -0.0209389 -0.0223121
internal_weight=2524.14 99.9259 80.6246 20.2387 60.3859 2424.22 256.149 217.888 93.4285 124.46 38.2612 2168.07 2148.91 93.2197 2055.69 36.3948 10.8782 23.8213 19.1555 14.4399 23.9911 19.3013
internal_count=8395 497 398 93 305 7898 822 696 295 401 126 7076 7014 314 6700 177 51 75 62 51 128 99
is_linear=0
shrinkage=0.05


Tree=193
num_leaves=12
num_cat=0
split_feature=57 57 44 2 65 18 57 25 34 39 51
split_gain=1.67595 2.13326 5.29751 2.75652 2.48149 2.3179 2.19276 6.64059 2.15022 3.78355 2.02834
threshold=0.34848484848484851 0.44722222222222224 1.2182539682539686 -1.0000000180025095e-35 -0.056057588895610591 0.57738095238095244 0.45227272727272733 1.5000000000000002 0.29166666666666669 0.47068586560741482 0.43650793650793651
decision_type=2 2 2 2 2 2 2 2 2 2 2
left_child=-1 2 4 -4 -2 6 7 -3 9 -7 -8
right_child=1 5 3 -5 -6 8 10 -9 -10 -11 -12
leaf_value=-0.019365848215680541 0.00097153332354904759 -0.011786066758888639 -0.027238873601146837 0.012134453024927857 0.041122924280911133 -0.015673774734889314 0.0065901535108219486 0.0047252934363245548 -0.031036892136310387 0.020605849931977296 0.00036967592394269435
leaf_weight=8.9001715630292875 7.2848297357559213 131.22160517424345 7.6673228442668915 5.5951022654771787 11.915278732776642 19.833115220069889 138.1760535761714 107.9749291986227 9.0498394817113859 8.4514719843864423 2269.6853175237775
leaf_count=35 22 423 33 16 30 66 411 334 33 25 6967
internal_value=0.000171305 0.0002587 0.0126251 -0.00957676 0.0285969 9.05585e-05 0.000278618 -0.0042517 -0.0119437 -0.00336296 0.000742188
internal_weight=2725.76 2716.85 32.4625 13.2624 19.2001 2684.39 2647.06 239.197 37.3344 28.2846 2407.86
internal_count=8395 8360 101 49 52 8259 8135 757 124 91 7378
is_linear=0
shrinkage=0.05


Tree=194
num_leaves=21
num_cat=0
split_feature=47 9 52 30 53 55 54 53 30 65 41 7 42 39 45 5 51 59 38 30
split_gain=2.52279 2.84996 3.30725 2.5067 3.60063 2.55378 2.67273 2.45625 3.83335 4.335 3.71067 5.26931 3.98906 3.54304 2.20817 2.08565 1.89574 2.44442 1.78898 0.245899
threshold=2.1622807017543866 0.55050505050505061 0.89444444444444449 1417.7685124136353 1.9545454545454546 2.1464285714285718 3.3660287081339719 1.6125000000000003 1447.2686892081435 -0.62884615384615372 0.24765618154735827 1.3923076923076925 3.1564168739148806 0.41479377104377108 1.5477272727272731 -0.49999999999999983 2.2678571428571432 0.48684210526315791 0.70833333333333337 1501.854067009617
decision_type=2 2 2 2 2 2 2 2 2 2 2 2 2 2 2 2 2 2 2 2
left_child=3 14 -3 4 5 -1 -7 10 9 -9 11 -5 -12 -10 16 -4 -2 -18 -6 -16
right_child=1 2 15 7 18 6 -8 8 13 -11 12 -13 -14 -15 19 -17 17 -19 -20 -21
leaf_value=-0.013417621788901171 -0.030993584188935143 0.021771652467470634 0.0066204404061897607 0.021670848124623499 -0.027755653786000475 0.015074731013009574 -0.0080714943249633204 0.023018362131417721 0.013276810797350963 -0.0051424219880057027 -0.0027388751408920914 -0.013560429622796633 0.0037851649085168578 -7.0797878254243494e-05 -0.00076012016630220744 -0.028513449167150363 -0.029000614307017211 0.00083672329739512105 0.0013679648864908603 0.010285652391912141
leaf_weight=8.0715668946504575 19.821439351886511 12.409161329269411 5.4767738282680511 36.247194223105907 8.1561925411224347 96.057594493031502 11.529203265905378 41.38374026119709 52.526680901646614 17.140958115458488 1360.2446774877608 12.211398325860499 278.38406600058079 524.11631643772125 5.0383907705545408 6.4702237546443921 7.5505152158439186 18.8595858104527 7.4985336959362021 5.3129964843392372
leaf_count=22 111 37 22 113 22 251 32 112 152 46 4696 36 973 1549 16 22 46 90 22 25
internal_value=-8.91061e-05 -0.00867236 0.00461735 0.000190693 0.00686321 0.0100618 0.0122642 -0.000181433 0.00245129 0.0144601 -0.00118915 0.0121116 -0.00161202 0.00114352 -0.014782 -0.011975 -0.0194031 -0.00825471 -0.0138149 0.0036327
internal_weight=2534.51 80.9391 24.3562 2453.57 131.313 115.658 107.587 2322.26 635.168 58.5247 1687.09 48.4586 1638.63 576.643 56.5829 11.947 46.2315 26.4101 15.6547 10.3514
internal_count=8395 369 81 8026 349 305 283 7677 1859 158 5818 149 5669 1701 288 44 247 136 44 41
is_linear=0
shrinkage=0.05


Tree=195
num_leaves=17
num_cat=0
split_feature=32 41 32 45 23 57 65 12 37 57 17 8 24 8 13 30
split_gain=2.11562 1.90829 2.53942 4.19982 3.93124 3.10953 5.07158 3.61332 3.10945 2.44017 3.58178 3.00546 4.25964 3.99629 1.31889 0.650939
threshold=-208.21603432093056 0.3335440370838601 121.4079459185473 1.0250000000000001 0.19610389610389614 0.51315789473684215 -0.35580808080808085 0.2264957264957265 3.291666666666667 0.45227272727272733 0.24807692307692308 -0.42857142857142849 1.5000000000000002 -0.099999999999999881 0.12916666666666668 1454.68654835146
decision_type=2 2 2 2 2 2 2 2 2 2 2 2 2 2 2 2
left_child=15 2 5 4 -4 7 -7 -2 -5 10 14 12 -11 -13 -3 -1
right_child=1 9 3 8 -6 6 -8 -9 -10 11 -12 13 -14 -15 -16 -17
leaf_value=-0.021069429299792091 -0.0049203976796364374 0 0.028468911082887485 -0.0066505273708484941 0.0034035486708812166 -0.0050915313463940877 0.005800994485563038 1.2578246161204752e-06 0.010309440668083794 0.020797777474634932 0.017631671708525799 -0.010561358982889948 -0.0053261437804613824 0.0053863350741466575 -0.025117375248567761 0
leaf_weight=13.608424097299578 663.01245572417974 8.7139221727848071 28.348571911454201 75.506025850772858 39.083678752183914 151.47530422359705 340.10564216971397 826.03988867253065 39.230852402746677 53.985633783042431 7.204127922654151 46.887181997299194 18.771886318922043 188.57530808448792 17.168318048119545 5.083369366824626
leaf_count=97 2156 29 105 237 142 573 1038 2741 142 201 26 146 79 597 51 35
internal_value=-8.10912e-05 4.04886e-05 -0.000498671 0.00509549 0.0148176 -0.00103043 0.0023869 -0.00217704 -0.000560139 0.00351287 -0.00877657 0.00496077 0.0137611 0.00204322 -0.0177612 -0.0160067
internal_weight=2522.8 2504.11 2162.8 182.169 67.4323 1980.63 491.581 1489.05 114.737 341.306 33.0864 308.22 72.7575 235.462 25.8822 18.6918
internal_count=8395 8263 7134 626 247 6508 1611 4897 379 1129 106 1023 280 743 80 132
is_linear=0
shrinkage=0.05


Tree=196
num_leaves=15
num_cat=0
split_feature=30 30 30 33 19 30 39 39 53 38 13 52 44 33
split_gain=1.72246 5.05229 3.19483 2.52033 4.3972 2.04564 6.54612 2.04361 1.85802 1.64045 1.62067 1.4876 0.45089 0.332934
threshold=1687.9201243651225 1661.9659781296491 1636.4749251712319 0.7303092653777109 0.51666666666666672 1612.0874515778407 0.40955895273238452 0.4426331711704346 1.6833333333333336 0.90000000000000013 0.14835164835164832 1.788888888888889 2.3944444444444448 0.72315916201128683
decision_type=2 2 2 2 2 2 2 2 2 2 2 2 2 2
left_child=1 2 5 8 -5 7 -7 -1 12 -4 -2 -11 -3 -12
right_child=10 3 9 4 -6 6 -8 -9 -10 11 13 -13 -14 -15
leaf_value=-0.0016246640050653035 0.0037839315832086857 0.045829757013241532 0.0014730175457258769 -0.026806984285095023 0.020641071630371648 0.038309385000222129 0 0.0012231147486601276 0.0010187602429986915 -0.0050563123475014429 -0.004091812874181343 -0.03168423314725035 0.014892066343121013 -0.029778224480055668
leaf_weight=1101.9727509319782 5.8579298332333591 8.8008471727371269 8.9573115333914739 6.1304707080125835 10.094192214310167 12.724655836820601 50.610136307775974 1465.2646962106228 7.0156091898679724 13.444057777523996 5.2277695089578611 13.198917046189306 8.0550299882888776 7.9349018782377243
leaf_count=3400 25 23 32 41 42 35 182 4375 21 52 19 71 28 49
internal_value=0.000167871 0.000287459 6.71153e-06 0.0174745 0.000366739 0.000222757 0.00895962 0 0.0272085 -0.0144551 -0.0140664 -0.0204118 0.0355189 -0.0231106
internal_weight=2725.29 2706.27 2666.17 40.0961 16.2247 2630.57 63.3348 2567.24 23.8715 35.6003 19.0206 26.643 16.8559 13.1627
internal_count=8395 8302 8147 155 83 7992 217 7775 72 155 93 123 51 68
is_linear=0
shrinkage=0.05


Tree=197
num_leaves=23
num_cat=0
split_feature=47 9 17 30 63 43 63 43 19 42 31 41 26 30 12 43 43 61 42 42 47 50
split_gain=2.37544 2.7141 2.73212 2.30261 4.21832 2.85933 3.19663 2.93271 2.36539 3.58362 6.41608 3.91009 3.16 4.2328 3.33715 2.13906 3.14438 2.36703 1.88692 1.52818 1.18197 0.707215
threshold=2.1622807017543866 0.55050505050505061 0.12023809523809521 1417.7685124136353 1.0485294117647059 5.754157426206274 0.49999999999999989 6.3534997185584592 0.51666666666666672 3.0221001221001225 1608.3779013020571 0.30437440204103333 -1.0000000180025095e-35 1518.3338932828656 0.20714285714285713 6.3673288170409661 4.1026092131977068 3.5000000000000004 2.8661958697517131 3.2403330803027171 2.4472222222222229 1.6833333333333336
decision_type=2 2 2 2 2 2 2 2 2 2 2 2 2 2 2 2 2 2 2 2 2 2
left_child=3 15 19 4 5 6 -1 -7 12 10 -10 -11 13 -5 -14 16 17 -2 -6 20 -3 -18
right_child=1 2 -4 8 18 7 -8 -9 9 11 -12 -13 14 -15 -16 -17 21 -19 -20 -21 -22 -23
leaf_value=-0.02593607010306348 -0.015640380638894537 -0.0074594242782244791 0.029394343669929237 0.00885999592345218 -0.030071304226104673 0.02401077565965953 0.0091812028089410611 0.0051653419287961445 -0.0052235676992200561 0.014024430773584699 0.01000433014868856 0 0.0029727872581446135 -0.0012390051333753449 -0.0036292143114649983 0.0060247189950123061 -0.030773234178304212 0.020651278744746239 0 -0.022047711449524752 0.01865984473724799 -0.0067910925779866987
leaf_weight=8.7889317274093646 7.5651514232158661 6.2123961597681099 6.0280879884958258 256.06710006296635 7.8264052569866207 40.768775820732117 13.23413375020027 51.033992916345596 704.82834508270025 57.195237912237644 73.834395222365856 300.13498811423779 355.52634724974632 166.21857730671763 407.19139097630978 8.0666689835488778 25.742642290890217 6.3890756294131261 9.5887417793273908 6.1675708442926398 5.9599352180957794 8.2768213748931867
leaf_count=23 32 21 21 733 19 108 34 138 2477 176 198 997 1121 733 1242 41 158 25 27 19 20 32
internal_value=-8.999e-05 -0.00844641 0.00448178 0.000180489 0.00657761 0.0102386 -0.00478519 0.0141344 -0.000175827 -0.00181398 -0.00372567 0.00227977 0.00137393 0.00483884 -0.000519399 -0.0144594 -0.0185073 0 -0.0146529 -0.0045627 0.00439387 -0.0263336
internal_weight=2532.65 80.4083 24.368 2452.24 131.241 113.826 22.0231 91.8028 2321 1135.99 778.663 357.33 1185 422.286 762.718 56.0404 47.9737 13.9542 17.4151 18.3399 12.1723 34.0195
internal_count=8395 369 81 8026 349 303 57 246 7677 3848 2675 1173 3829 1466 2363 288 247 57 46 60 41 190
is_linear=0
shrinkage=0.05


Tree=198
num_leaves=24
num_cat=0
split_feature=4 3 65 15 42 14 45 55 18 51 62 24 49 12 34 11 50 38 62 38 11 10 41
split_gain=2.02681 4.40163 4.2346 4.09182 4.47997 4.42112 2.59232 2.2837 4.08818 2.71277 4.98551 4.19449 3.87077 3.3338 3.78967 2.64638 2.46671 2.20474 2.02099 1.94186 3.21349 1.01543 0.390773
threshold=2.0333333333333337 1.7928571428571431 0.40461152882205514 0.24038461538461539 2.6232667798129889 0.29848484848484852 0.86190476190476206 3.5590277777777781 0.51666666666666672 1.3484848484848486 0.34999999999999992 1.0000000180025095e-35 1.3166666666666669 0.45804195804195807 0.29166666666666669 -0.33030303030303015 0.35416666666666669 1.6333333333333335 -1.976470588235294 0.36666666666666675 0.13076923076923078 0.69615384615384623 0.32392151652050677
decision_type=2 2 2 2 2 2 2 2 2 2 2 2 2 2 2 2 2 2 2 2 2 2 2
left_child=7 3 6 21 -5 -6 -3 9 16 10 11 -1 -12 14 -11 -15 -9 -8 -18 20 -10 -2 -21
right_child=1 2 -4 4 5 -7 17 8 19 13 12 -13 -14 15 -16 -17 18 -19 -20 22 -22 -23 -24
leaf_value=-0.0062679325636633898 0.043801623476830538 0.025538063979438915 -0.026553612662085186 -0.022048050237559985 0.014150907202301095 -0.022660586884792888 0.002682002784474329 0.022811919629046409 -0.018703038031593198 0.0015223301714029532 0.0019691805560231325 0.0011043184676423189 0.012512231128780677 0.0017283601117723656 -0.0060150627122886767 -0.021579155068104233 0.016796939021925045 -0.02276138031340191 -0.0060998865873137529 -0.029962819026198365 0.022072835112841888 0.0086145600737187553 -0.0049967164016444235
leaf_weight=246.75062453001738 9.4631610959768278 7.6872720867395392 15.033267900347708 9.7559166848659498 78.429944016039371 6.7996376454830161 33.992611020803452 7.981392413377761 11.007161423563959 395.98430722951889 235.6483102440834 848.11131824553013 143.95965294539928 14.596659928560255 281.16497892141342 36.752895772457123 8.5527079701423627 8.8064179718494398 80.5514105707407 22.425701983273033 5.4677319079637519 6.4639378786087027 5.3834210634231559
leaf_count=817 33 26 40 25 276 17 108 28 33 1274 731 2971 461 44 871 113 43 25 304 86 30 20 19
internal_value=-7.99242e-05 0.00504526 -0.00487766 0.011111 0.00649125 0.0104753 0.00186634 -0.000480267 -0.00659695 -7.07795e-05 0.00115065 -0.000542783 0.00607758 -0.00257353 -0.00157902 -0.0146687 -0.000490549 -0.00277767 -0.00330722 -0.0188444 -0.00289254 0.0334699 -0.0266279
internal_weight=2520.77 176.432 65.5196 110.913 94.9855 85.2296 50.4863 2344.34 141.37 2202.97 1474.47 1094.86 379.608 728.499 677.149 51.3496 97.0855 42.799 89.1041 44.284 16.4749 15.9271 27.8091
internal_count=8395 570 199 371 318 293 159 7825 543 7282 4980 3788 1192 2302 2145 157 375 133 347 168 63 53 105
is_linear=0
shrinkage=0.05


Tree=199
num_leaves=13
num_cat=0
split_feature=43 65 43 19 65 65 2 32 53 23 46 35
split_gain=1.70519 4.07239 3.90606 1.88506 1.75098 6.01089 3.56615 4.99296 4.04077 3.46566 3.21625 1.21051
threshold=7.097135114554777 -0.0089932712215319982 7.0770759345065919 0.51666666666666672 -1.0010893246187365 -1.4792717086834732 0.73273809523809541 -9.4450561020882997 2.2928571428571431 -0.44603174603174595 1.205263157894737 0.45000000000000007
decision_type=2 2 2 2 2 2 2 2 2 2 2 2
left_child=2 11 4 -3 5 10 8 -8 -6 -7 -1 -2
right_child=1 3 -4 -5 6 9 7 -9 -10 -11 -12 -13
leaf_value=-0.012832775614423798 -0.0041981410065120121 -0.0093591586757695213 0.028913365695955054 0.018244347587384076 7.6763092552583676e-05 -0.016978813337894798 -0.0091179030215186394 0.0094536191737126726 0.016901969433158217 0.013069315230094553 0.0015682264967442708 -0.034865608363820293
leaf_weight=50.415156960487366 7.7143583148717907 8.9338918477296829 9.9123321473598462 10.874430596828461 2054.4856727346778 7.9013475924730292 207.99820032715797 40.771325632929802 34.384703680872917 139.60883788764477 139.86927056312561 11.61509086191654
leaf_count=159 25 27 24 30 6366 25 621 113 99 404 464 38
internal_value=0.000167396 -0.00991612 0.000330932 0.00493177 0.00019418 0.00355352 -0.000283191 -0.00592336 0.00038158 0.011087 -0.00221104 -0.0253396
internal_weight=2724.48 39.1378 2685.35 19.8083 2675.43 337.795 2337.64 248.77 2088.87 147.51 190.284 19.3294
internal_count=8395 120 8275 57 8251 1052 7199 734 6465 429 623 63
is_linear=0
shrinkage=0.05


Tree=200
num_leaves=30
num_cat=0
split_feature=23 5 31 2 10 16 64 4 8 20 25 32 49 50 51 53 32 41 64 37 50 20 23 25 22 54 31 43 10
split_gain=2.23105 3.27237 7.38669 4.84506 4.21271 5.0016 3.85551 3.61173 3.97172 3.36527 3.27815 3.27484 3.01163 2.68245 3.29624 2.76416 3.26285 2.70196 2.62994 2.52186 2.34417 4.65296 5.88916 3.70621 2.30091 4.59945 3.93966 2.24377 1.2742
threshold=0.11547619047619047 -0.62361111111111089 1559.8069684720053 -1.2696969696969693 0.39230769230769236 0.39230769230769236 0.13302469135802461 0.75961538461538469 -0.33333333333333331 0.033150183150183157 1.1666666666666667 -46.591260019642156 1.3875000000000002 0.61250000000000016 0.90454545454545465 1.4722222222222225 -54.66921307291409 0.29897655349901991 -0.029999999999999947 1.5500000000000003 1.1055555555555558 -0.019047619047618997 -0.099999999999999936 1.5000000000000002 0.25833333333333336 2.6282894736842111 1480.5929780137478 5.3008111373035574 0.20714285714285713
decision_type=2 2 2 2 2 2 2 2 2 2 2 2 2 2 2 2 2 2 2 2 2 2 2 2 2 2 2 2 2
left_child=13 2 3 12 7 11 -7 18 -9 -4 -5 -6 -2 14 17 27 -17 19 -3 -1 21 22 -15 -23 25 -22 -26 -16 -19
right_child=1 4 9 10 5 6 -8 8 -10 -11 -12 -13 -14 20 15 16 -18 28 -20 -21 24 23 -24 -25 26 -27 -28 -29 -30
leaf_value=0.0090427042444054476 -0.025250133517504093 0.027134702062212163 0.052517249581980036 0.012367201246839717 0.013069283052920206 0.023428164253013695 -0.0097507056450748027 -0.0048981774658088629 -0.021591639393369666 0.004354279198816903 -0.0027739689438867478 -0.0065431475614678219 0.0049671107167458643 0.0077209283506381836 0.0095772597505977622 -0.0050975001938662378 0.033127200147865909 -0.03625253344296403 -0.010450507549726186 -0.018499390871202569 -0.0042561436060157389 0.0042212207553424192 -0.0089537428253974437 0.016470397894802431 -0.0084937474078103144 0.0064634374332101221 0.00010495698979828155 -0.019561192962596671 -0.0063486806316994703
leaf_weight=14.811245962977411 25.587005998939276 8.3226502537727338 8.116180248558523 59.354549683630466 21.495732679963112 30.050497993826866 9.5323101282119733 76.000881910324097 77.436355344951153 8.2229672372341138 79.850311476737261 181.1447788476944 9.1516656354069692 90.100517585873604 8.22240909188986 7.566766411066058 10.358057022094725 14.955128476023676 5.7810952216386786 13.602522403001784 144.82994614541531 233.07288178056479 120.95363991707563 88.025156423449516 161.02672159671783 301.31257540732622 698.59852708131075 14.30333127081394 8.6719464957714063
leaf_count=47 203 28 29 261 56 107 32 226 324 25 398 732 65 270 32 20 33 47 23 45 423 731 447 310 524 930 1940 56 31
internal_value=-9.0731e-05 -0.00275715 0.00255529 -0.000479985 -0.00528524 -0.000932895 0.0147522 -0.011345 -0.0136532 0.0327598 0.00358864 -0.00423314 -0.0167721 0.000727155 -0.00745492 0.00269988 0.0168444 -0.0156185 0.0107916 -0.00366998 0.00116015 0.00395065 -0.00171221 0.00773773 0 0.00292432 -0.00149273 -0.00799201 -0.0276044
internal_weight=2530.46 600.047 190.283 173.944 409.764 242.223 39.5828 167.541 153.437 16.3391 139.205 202.641 34.7387 1930.41 92.4914 40.4506 17.9248 52.0408 14.1037 28.4138 1837.92 532.152 211.054 321.098 1305.77 446.143 859.625 22.5257 23.6271
internal_count=8395 2509 981 927 1528 927 139 601 550 54 659 788 268 5886 311 141 53 170 51 92 5575 1758 717 1041 3817 1353 2464 88 78
is_linear=0
shrinkage=0.05


end of trees

feature_importances:
Column_30=222
Column_32=221
Column_41=184
Column_43=169
Column_65=166
Column_64=165
Column_39=160
Column_40=157
Column_42=142
Column_31=120
Column_62=109
Column_5=106
Column_37=104
Column_53=98
Column_54=97
Column_33=94
Column_52=93
Column_2=91
Column_8=91
Column_23=91
Column_50=88
Column_55=83
Column_63=81
Column_14=80
Column_26=79
Column_17=78
Column_19=75
Column_51=74
Column_20=72
Column_45=69
Column_12=64
Column_3=62
Column_4=61
Column_13=60
Column_44=59
Column_46=56
Column_47=56
Column_49=56
Column_6=54
Column_11=52
Column_38=52
Column_7=51
Column_21=51
Column_48=49
Column_1=46
Column_56=42
Column_0=37
Column_10=37
Column_15=37
Column_57=37
Column_18=36
Column_16=34
Column_25=33
Column_35=28
Column_61=26
Column_22=25
Column_59=22
Column_9=21
Column_60=19
Column_34=18
Column_24=17
Column_36=17
Column_58=15

parameters:
[boosting: gbdt]
[objective: multiclass]
[metric: multi_logloss]
[tree_learner: serial]
[device_type: cpu]
[data_sample_strategy: bagging]
[data: ]
[valid: ]
[num_iterations: 400]
[learning_rate: 0.05]
[num_leaves: 31]
[num_threads: 4]
[seed: 42]
[deterministic: 0]
[force_col_wise: 0]
[force_row_wise: 0]
[histogram_pool_size: -1]
[max_depth: 5]
[min_data_in_leaf: 20]
[min_sum_hessian_in_leaf: 5]
[bagging_fraction: 0.8]
[pos_bagging_fraction: 1]
[neg_bagging_fraction: 1]
[bagging_freq: 0]
[bagging_seed: 400]
[bagging_by_query: 0]
[feature_fraction: 0.7]
[feature_fraction_bynode: 1]
[feature_fraction_seed: 30056]
[extra_trees: 0]
[extra_seed: 12879]
[early_stopping_round: 0]
[early_stopping_min_delta: 0]
[first_metric_only: 0]
[max_delta_step: 0]
[lambda_l1: 0.5]
[lambda_l2: 2]
[linear_lambda: 0]
[min_gain_to_split: 0]
[drop_rate: 0.1]
[max_drop: 50]
[skip_drop: 0.5]
[xgboost_dart_mode: 0]
[uniform_drop: 0]
[drop_seed: 17869]
[top_rate: 0.2]
[other_rate: 0.1]
[min_data_per_group: 100]
[max_cat_threshold: 32]
[cat_l2: 10]
[cat_smooth: 10]
[max_cat_to_onehot: 4]
[top_k: 20]
[monotone_constraints: ]
[monotone_constraints_method: basic]
[monotone_penalty: 0]
[feature_contri: ]
[forcedsplits_filename: ]
[refit_decay_rate: 0.9]
[cegb_tradeoff: 1]
[cegb_penalty_split: 0]
[cegb_penalty_feature_lazy: ]
[cegb_penalty_feature_coupled: ]
[path_smooth: 0]
[interaction_constraints: ]
[verbosity: -1]
[saved_feature_importance_type: 0]
[use_quantized_grad: 0]
[num_grad_quant_bins: 4]
[quant_train_renew_leaf: 0]
[stochastic_rounding: 1]
[linear_tree: 0]
[max_bin: 255]
[max_bin_by_feature: ]
[min_data_in_bin: 3]
[bin_construct_sample_cnt: 200000]
[data_random_seed: 175]
[is_enable_sparse: 1]
[enable_bundle: 1]
[use_missing: 1]
[zero_as_missing: 0]
[feature_pre_filter: 1]
[pre_partition: 0]
[two_round: 0]
[header: 0]
[label_column: ]
[weight_column: ]
[group_column: ]
[ignore_column: ]
[categorical_feature: ]
[forcedbins_filename: ]
[precise_float_parser: 0]
[parser_config_file: ]
[objective_seed: 16083]
[num_class: 3]
[is_unbalance: 0]
[scale_pos_weight: 1]
[sigmoid: 1]
[boost_from_average: 1]
[reg_sqrt: 0]
[alpha: 0.9]
[fair_c: 1]
[poisson_max_delta_step: 0.7]
[tweedie_variance_power: 1.5]
[lambdarank_truncation_level: 30]
[lambdarank_norm: 1]
[label_gain: ]
[lambdarank_position_bias_regularization: 0]
[eval_at: ]
[multi_error_top_k: 1]
[auc_mu_weights: ]
[num_machines: 1]
[local_listen_port: 12400]
[time_out: 120]
[machine_list_filename: ]
[machines: ]
[gpu_platform_id: -1]
[gpu_device_id: -1]
[gpu_device_id_list: ]
[gpu_use_dp: 0]
[num_gpu: 1]

end of parameters

pandas_categorical:null
